2025-01-27 15:26:23,800 - __main__ - INFO - Fetching data for date range: 2025-01-26 to 2025-01-27
2025-01-27 15:26:23,807 - __main__ - INFO - Fetched 0 existing UIDs from the database.
2025-01-27 15:26:24,041 - __main__ - WARNING - Error fetching page 1 for capi_checklist_id 400 (attempt 1): 404 Client Error: Not Found for url: https://api.axismyindia.in/v1/admin/surveyors/qc-service/surveyor-responses/400?page=1&size=200&startDate=2025-01-26&endDate=2025-01-27
2025-01-27 15:26:28,240 - __main__ - WARNING - Error fetching page 1 for capi_checklist_id 400 (attempt 2): 404 Client Error: Not Found for url: https://api.axismyindia.in/v1/admin/surveyors/qc-service/surveyor-responses/400?page=1&size=200&startDate=2025-01-26&endDate=2025-01-27
2025-01-27 15:26:36,249 - __main__ - ERROR - Failed to fetch page 1 for capi_checklist_id 400 after 3 attempts.
2025-01-27 15:26:36,282 - __main__ - ERROR - No UIDs found for capi_checklist_id 400. Exiting fetchdata2.
2025-01-27 15:26:36,498 - __main__ - INFO - Fetching data for date range: 2025-01-26 to 2025-01-27
2025-01-27 15:26:36,542 - __main__ - INFO - Fetched 8 existing UIDs from the database.
2025-01-27 15:26:37,022 - __main__ - INFO - Fetched page 1 successfully with 8 responses .
2025-01-27 15:26:37,196 - __main__ - WARNING - Error fetching page 2 for capi_checklist_id 354 (attempt 1): 404 Client Error: Not Found for url: https://api.axismyindia.in/v1/admin/surveyors/qc-service/surveyor-responses/354?page=2&size=200&startDate=2025-01-26&endDate=2025-01-27
2025-01-27 15:26:41,365 - __main__ - WARNING - Error fetching page 2 for capi_checklist_id 354 (attempt 2): 404 Client Error: Not Found for url: https://api.axismyindia.in/v1/admin/surveyors/qc-service/surveyor-responses/354?page=2&size=200&startDate=2025-01-26&endDate=2025-01-27
2025-01-27 15:26:49,373 - __main__ - ERROR - Failed to fetch page 2 for capi_checklist_id 354 after 3 attempts.
2025-01-27 15:26:49,417 - __main__ - ERROR - No UIDs found for capi_checklist_id 354. Exiting fetchdata2.
2025-01-27 15:26:49,500 - __main__ - INFO - Fetching data for date range: 2025-01-26 to 2025-01-27
2025-01-27 15:26:49,511 - __main__ - INFO - Fetched 6 existing UIDs from the database.
2025-01-27 15:26:50,219 - __main__ - INFO - Fetched page 1 successfully with 7 responses .
2025-01-27 15:26:51,652 - __main__ - WARNING - Error fetching page 2 for capi_checklist_id 329 (attempt 1): 404 Client Error: Not Found for url: https://api.axismyindia.in/v1/admin/surveyors/qc-service/surveyor-responses/329?page=2&size=200&startDate=2025-01-26&endDate=2025-01-27
2025-01-27 15:26:55,823 - __main__ - WARNING - Error fetching page 2 for capi_checklist_id 329 (attempt 2): 404 Client Error: Not Found for url: https://api.axismyindia.in/v1/admin/surveyors/qc-service/surveyor-responses/329?page=2&size=200&startDate=2025-01-26&endDate=2025-01-27
2025-01-27 15:27:03,837 - __main__ - ERROR - Failed to fetch page 2 for capi_checklist_id 329 after 3 attempts.
2025-01-27 15:27:03,873 - __main__ - INFO - Fetched UIDs: defaultdict(<class 'list'>, {329: [15317]})
2025-01-27 15:27:04,277 - __main__ - INFO - Fetched data for UID 15317
2025-01-27 15:27:07,364 - __main__ - INFO - Fetching data for date range: 2025-01-26 to 2025-01-27
2025-01-27 15:27:07,364 - __main__ - INFO - Fetched 2 existing UIDs from the database.
2025-01-27 15:27:07,529 - __main__ - WARNING - Error fetching page 1 for capi_checklist_id 346 (attempt 1): 404 Client Error: Not Found for url: https://api.axismyindia.in/v1/admin/surveyors/qc-service/surveyor-responses/346?page=1&size=200&startDate=2025-01-26&endDate=2025-01-27
2025-01-27 15:27:11,690 - __main__ - WARNING - Error fetching page 1 for capi_checklist_id 346 (attempt 2): 404 Client Error: Not Found for url: https://api.axismyindia.in/v1/admin/surveyors/qc-service/surveyor-responses/346?page=1&size=200&startDate=2025-01-26&endDate=2025-01-27
2025-01-27 15:27:19,712 - __main__ - ERROR - Failed to fetch page 1 for capi_checklist_id 346 after 3 attempts.
2025-01-27 15:27:19,738 - __main__ - ERROR - No UIDs found for capi_checklist_id 346. Exiting fetchdata2.
2025-01-27 15:27:19,786 - __main__ - INFO - Fetching data for date range: 2025-01-26 to 2025-01-27
2025-01-27 15:27:19,790 - __main__ - INFO - Fetched 1 existing UIDs from the database.
2025-01-27 15:27:19,963 - __main__ - WARNING - Error fetching page 1 for capi_checklist_id 331 (attempt 1): 404 Client Error: Not Found for url: https://api.axismyindia.in/v1/admin/surveyors/qc-service/surveyor-responses/331?page=1&size=200&startDate=2025-01-26&endDate=2025-01-27
2025-01-27 15:27:24,172 - __main__ - WARNING - Error fetching page 1 for capi_checklist_id 331 (attempt 2): 404 Client Error: Not Found for url: https://api.axismyindia.in/v1/admin/surveyors/qc-service/surveyor-responses/331?page=1&size=200&startDate=2025-01-26&endDate=2025-01-27
2025-01-27 15:27:32,200 - __main__ - ERROR - Failed to fetch page 1 for capi_checklist_id 331 after 3 attempts.
2025-01-27 15:27:32,339 - __main__ - ERROR - No UIDs found for capi_checklist_id 331. Exiting fetchdata2.
2025-01-27 15:27:32,782 - __main__ - INFO - Fetching data for date range: 2025-01-26 to 2025-01-27
2025-01-27 15:27:32,804 - __main__ - INFO - Fetched 4 existing UIDs from the database.
2025-01-27 15:27:33,058 - __main__ - WARNING - Error fetching page 1 for capi_checklist_id 337 (attempt 1): 404 Client Error: Not Found for url: https://api.axismyindia.in/v1/admin/surveyors/qc-service/surveyor-responses/337?page=1&size=200&startDate=2025-01-26&endDate=2025-01-27
2025-01-27 15:27:37,229 - __main__ - WARNING - Error fetching page 1 for capi_checklist_id 337 (attempt 2): 404 Client Error: Not Found for url: https://api.axismyindia.in/v1/admin/surveyors/qc-service/surveyor-responses/337?page=1&size=200&startDate=2025-01-26&endDate=2025-01-27
2025-01-27 15:27:45,242 - __main__ - ERROR - Failed to fetch page 1 for capi_checklist_id 337 after 3 attempts.
2025-01-27 15:27:45,279 - __main__ - ERROR - No UIDs found for capi_checklist_id 337. Exiting fetchdata2.
2025-01-27 15:27:45,324 - __main__ - INFO - Fetching data for date range: 2025-01-26 to 2025-01-27
2025-01-27 15:27:45,340 - __main__ - INFO - Fetched 39 existing UIDs from the database.
2025-01-27 15:27:45,561 - __main__ - INFO - Fetched page 1 successfully with 32 responses .
2025-01-27 15:27:45,735 - __main__ - WARNING - Error fetching page 2 for capi_checklist_id 349 (attempt 1): 404 Client Error: Not Found for url: https://api.axismyindia.in/v1/admin/surveyors/qc-service/surveyor-responses/349?page=2&size=200&startDate=2025-01-26&endDate=2025-01-27
2025-01-27 15:27:50,173 - __main__ - WARNING - Error fetching page 2 for capi_checklist_id 349 (attempt 2): 404 Client Error: Not Found for url: https://api.axismyindia.in/v1/admin/surveyors/qc-service/surveyor-responses/349?page=2&size=200&startDate=2025-01-26&endDate=2025-01-27
2025-01-27 15:27:58,192 - __main__ - ERROR - Failed to fetch page 2 for capi_checklist_id 349 after 3 attempts.
2025-01-27 15:27:58,219 - __main__ - INFO - Fetched UIDs: defaultdict(<class 'list'>, {349: [15319, 15312, 15310, 15305, 15304]})
2025-01-27 15:27:59,381 - __main__ - INFO - Fetched data for UID 15319
2025-01-27 15:28:03,744 - __main__ - INFO - Fetched data for UID 15312
2025-01-27 15:28:07,557 - __main__ - INFO - Fetched data for UID 15310
2025-01-27 15:28:10,815 - __main__ - INFO - Fetched data for UID 15305
2025-01-27 15:28:14,591 - __main__ - INFO - Fetched data for UID 15304
2025-01-27 15:28:19,305 - __main__ - INFO - Fetching data for date range: 2025-01-26 to 2025-01-27
2025-01-27 15:28:19,320 - __main__ - INFO - Fetched 42 existing UIDs from the database.
2025-01-27 15:28:19,478 - __main__ - INFO - Fetched page 1 successfully with 18 responses .
2025-01-27 15:28:19,653 - __main__ - WARNING - Error fetching page 2 for capi_checklist_id 343 (attempt 1): 404 Client Error: Not Found for url: https://api.axismyindia.in/v1/admin/surveyors/qc-service/surveyor-responses/343?page=2&size=200&startDate=2025-01-26&endDate=2025-01-27
2025-01-27 15:28:23,810 - __main__ - WARNING - Error fetching page 2 for capi_checklist_id 343 (attempt 2): 404 Client Error: Not Found for url: https://api.axismyindia.in/v1/admin/surveyors/qc-service/surveyor-responses/343?page=2&size=200&startDate=2025-01-26&endDate=2025-01-27
2025-01-27 15:28:31,819 - __main__ - ERROR - Failed to fetch page 2 for capi_checklist_id 343 after 3 attempts.
2025-01-27 15:28:31,874 - __main__ - ERROR - No UIDs found for capi_checklist_id 343. Exiting fetchdata2.
2025-01-27 15:28:32,000 - __main__ - INFO - Fetching data for date range: 2025-01-26 to 2025-01-27
2025-01-27 15:28:32,047 - __main__ - INFO - Fetched 69 existing UIDs from the database.
2025-01-27 15:28:32,382 - __main__ - INFO - Fetched page 1 successfully with 25 responses .
2025-01-27 15:28:32,567 - __main__ - WARNING - Error fetching page 2 for capi_checklist_id 340 (attempt 1): 404 Client Error: Not Found for url: https://api.axismyindia.in/v1/admin/surveyors/qc-service/surveyor-responses/340?page=2&size=200&startDate=2025-01-26&endDate=2025-01-27
2025-01-27 15:28:36,736 - __main__ - WARNING - Error fetching page 2 for capi_checklist_id 340 (attempt 2): 404 Client Error: Not Found for url: https://api.axismyindia.in/v1/admin/surveyors/qc-service/surveyor-responses/340?page=2&size=200&startDate=2025-01-26&endDate=2025-01-27
2025-01-27 15:28:44,749 - __main__ - ERROR - Failed to fetch page 2 for capi_checklist_id 340 after 3 attempts.
2025-01-27 15:28:44,794 - __main__ - ERROR - No UIDs found for capi_checklist_id 340. Exiting fetchdata2.
2025-01-27 15:28:44,873 - __main__ - INFO - Fetching data for date range: 2025-01-26 to 2025-01-27
2025-01-27 15:28:44,902 - __main__ - INFO - Fetched 90 existing UIDs from the database.
2025-01-27 15:28:45,159 - __main__ - INFO - Fetched page 1 successfully with 17 responses .
2025-01-27 15:28:45,379 - __main__ - WARNING - Error fetching page 2 for capi_checklist_id 341 (attempt 1): 404 Client Error: Not Found for url: https://api.axismyindia.in/v1/admin/surveyors/qc-service/surveyor-responses/341?page=2&size=200&startDate=2025-01-26&endDate=2025-01-27
2025-01-27 15:28:49,567 - __main__ - WARNING - Error fetching page 2 for capi_checklist_id 341 (attempt 2): 404 Client Error: Not Found for url: https://api.axismyindia.in/v1/admin/surveyors/qc-service/surveyor-responses/341?page=2&size=200&startDate=2025-01-26&endDate=2025-01-27
2025-01-27 15:28:57,570 - __main__ - ERROR - Failed to fetch page 2 for capi_checklist_id 341 after 3 attempts.
2025-01-27 15:28:57,645 - __main__ - INFO - Fetched UIDs: defaultdict(<class 'list'>, {341: [15320, 15316]})
2025-01-27 15:28:58,893 - __main__ - INFO - Fetched data for UID 15320
2025-01-27 15:29:03,064 - __main__ - INFO - Fetched data for UID 15316
2025-01-27 15:29:07,448 - __main__ - INFO - Fetching data for date range: 2025-01-26 to 2025-01-27
2025-01-27 15:29:07,464 - __main__ - INFO - Fetched 140 existing UIDs from the database.
2025-01-27 15:29:07,669 - __main__ - INFO - Fetched page 1 successfully with 31 responses .
2025-01-27 15:29:07,858 - __main__ - WARNING - Error fetching page 2 for capi_checklist_id 355 (attempt 1): 404 Client Error: Not Found for url: https://api.axismyindia.in/v1/admin/surveyors/qc-service/surveyor-responses/355?page=2&size=200&startDate=2025-01-26&endDate=2025-01-27
2025-01-27 15:29:12,041 - __main__ - WARNING - Error fetching page 2 for capi_checklist_id 355 (attempt 2): 404 Client Error: Not Found for url: https://api.axismyindia.in/v1/admin/surveyors/qc-service/surveyor-responses/355?page=2&size=200&startDate=2025-01-26&endDate=2025-01-27
2025-01-27 15:29:20,066 - __main__ - ERROR - Failed to fetch page 2 for capi_checklist_id 355 after 3 attempts.
2025-01-27 15:29:20,206 - __main__ - INFO - Fetched UIDs: defaultdict(<class 'list'>, {355: [15322, 15314, 15313]})
2025-01-27 15:29:20,984 - __main__ - INFO - Fetched data for UID 15322
2025-01-27 15:29:24,790 - __main__ - INFO - Fetched data for UID 15314
2025-01-27 15:29:28,672 - __main__ - INFO - Fetched data for UID 15313
2025-01-27 15:29:31,708 - __main__ - INFO - Fetching data for date range: 2025-01-26 to 2025-01-27
2025-01-27 15:29:31,715 - __main__ - INFO - Fetched 22 existing UIDs from the database.
2025-01-27 15:29:31,885 - __main__ - WARNING - Error fetching page 1 for capi_checklist_id 403 (attempt 1): 404 Client Error: Not Found for url: https://api.axismyindia.in/v1/admin/surveyors/qc-service/surveyor-responses/403?page=1&size=200&startDate=2025-01-26&endDate=2025-01-27
2025-01-27 15:29:36,083 - __main__ - WARNING - Error fetching page 1 for capi_checklist_id 403 (attempt 2): 404 Client Error: Not Found for url: https://api.axismyindia.in/v1/admin/surveyors/qc-service/surveyor-responses/403?page=1&size=200&startDate=2025-01-26&endDate=2025-01-27
2025-01-27 15:29:44,115 - __main__ - ERROR - Failed to fetch page 1 for capi_checklist_id 403 after 3 attempts.
2025-01-27 15:29:44,292 - __main__ - ERROR - No UIDs found for capi_checklist_id 403. Exiting fetchdata2.
2025-01-27 15:29:44,895 - __main__ - INFO - Fetching data for date range: 2025-01-26 to 2025-01-27
2025-01-27 15:29:45,048 - __main__ - INFO - Fetched 53 existing UIDs from the database.
2025-01-27 15:29:45,495 - __main__ - WARNING - Error fetching page 1 for capi_checklist_id 404 (attempt 1): 404 Client Error: Not Found for url: https://api.axismyindia.in/v1/admin/surveyors/qc-service/surveyor-responses/404?page=1&size=200&startDate=2025-01-26&endDate=2025-01-27
2025-01-27 15:29:49,970 - __main__ - WARNING - Error fetching page 1 for capi_checklist_id 404 (attempt 2): 404 Client Error: Not Found for url: https://api.axismyindia.in/v1/admin/surveyors/qc-service/surveyor-responses/404?page=1&size=200&startDate=2025-01-26&endDate=2025-01-27
2025-01-27 15:29:57,988 - __main__ - ERROR - Failed to fetch page 1 for capi_checklist_id 404 after 3 attempts.
2025-01-27 15:29:58,049 - __main__ - ERROR - No UIDs found for capi_checklist_id 404. Exiting fetchdata2.
2025-01-27 15:29:58,317 - __main__ - INFO - Fetching data for date range: 2025-01-26 to 2025-01-27
2025-01-27 15:29:58,369 - __main__ - INFO - Fetched 3 existing UIDs from the database.
2025-01-27 15:29:58,724 - __main__ - WARNING - Error fetching page 1 for capi_checklist_id 363 (attempt 1): 404 Client Error: Not Found for url: https://api.axismyindia.in/v1/admin/surveyors/qc-service/surveyor-responses/363?page=1&size=200&startDate=2025-01-26&endDate=2025-01-27
2025-01-27 15:30:02,918 - __main__ - WARNING - Error fetching page 1 for capi_checklist_id 363 (attempt 2): 404 Client Error: Not Found for url: https://api.axismyindia.in/v1/admin/surveyors/qc-service/surveyor-responses/363?page=1&size=200&startDate=2025-01-26&endDate=2025-01-27
2025-01-27 15:30:10,931 - __main__ - ERROR - Failed to fetch page 1 for capi_checklist_id 363 after 3 attempts.
2025-01-27 15:30:11,001 - __main__ - ERROR - No UIDs found for capi_checklist_id 363. Exiting fetchdata2.
2025-01-27 15:30:11,142 - __main__ - INFO - Fetching data for date range: 2025-01-26 to 2025-01-27
2025-01-27 15:30:11,151 - __main__ - INFO - Fetched 6 existing UIDs from the database.
2025-01-27 15:30:11,360 - __main__ - WARNING - Error fetching page 1 for capi_checklist_id 352 (attempt 1): 404 Client Error: Not Found for url: https://api.axismyindia.in/v1/admin/surveyors/qc-service/surveyor-responses/352?page=1&size=200&startDate=2025-01-26&endDate=2025-01-27
2025-01-27 15:30:15,528 - __main__ - WARNING - Error fetching page 1 for capi_checklist_id 352 (attempt 2): 404 Client Error: Not Found for url: https://api.axismyindia.in/v1/admin/surveyors/qc-service/surveyor-responses/352?page=1&size=200&startDate=2025-01-26&endDate=2025-01-27
2025-01-27 15:30:23,592 - __main__ - ERROR - Failed to fetch page 1 for capi_checklist_id 352 after 3 attempts.
2025-01-27 15:30:23,721 - __main__ - ERROR - No UIDs found for capi_checklist_id 352. Exiting fetchdata2.
2025-01-27 15:30:24,060 - __main__ - INFO - Fetching data for date range: 2025-01-26 to 2025-01-27
2025-01-27 15:30:24,090 - __main__ - INFO - Fetched 7 existing UIDs from the database.
2025-01-27 15:30:24,333 - __main__ - INFO - Fetched page 1 successfully with 4 responses .
2025-01-27 15:30:24,484 - __main__ - WARNING - Error fetching page 2 for capi_checklist_id 330 (attempt 1): 404 Client Error: Not Found for url: https://api.axismyindia.in/v1/admin/surveyors/qc-service/surveyor-responses/330?page=2&size=200&startDate=2025-01-26&endDate=2025-01-27
2025-01-27 15:30:28,732 - __main__ - WARNING - Error fetching page 2 for capi_checklist_id 330 (attempt 2): 404 Client Error: Not Found for url: https://api.axismyindia.in/v1/admin/surveyors/qc-service/surveyor-responses/330?page=2&size=200&startDate=2025-01-26&endDate=2025-01-27
2025-01-27 15:30:36,746 - __main__ - ERROR - Failed to fetch page 2 for capi_checklist_id 330 after 3 attempts.
2025-01-27 15:30:36,809 - __main__ - ERROR - No UIDs found for capi_checklist_id 330. Exiting fetchdata2.
2025-01-27 15:30:36,924 - __main__ - INFO - Fetching data for date range: 2025-01-26 to 2025-01-27
2025-01-27 15:30:36,947 - __main__ - INFO - Fetched 13 existing UIDs from the database.
2025-01-27 15:30:37,323 - __main__ - WARNING - Error fetching page 1 for capi_checklist_id 348 (attempt 1): 404 Client Error: Not Found for url: https://api.axismyindia.in/v1/admin/surveyors/qc-service/surveyor-responses/348?page=1&size=200&startDate=2025-01-26&endDate=2025-01-27
2025-01-27 15:30:41,654 - __main__ - WARNING - Error fetching page 1 for capi_checklist_id 348 (attempt 2): 404 Client Error: Not Found for url: https://api.axismyindia.in/v1/admin/surveyors/qc-service/surveyor-responses/348?page=1&size=200&startDate=2025-01-26&endDate=2025-01-27
2025-01-27 15:30:49,664 - __main__ - ERROR - Failed to fetch page 1 for capi_checklist_id 348 after 3 attempts.
2025-01-27 15:30:49,734 - __main__ - ERROR - No UIDs found for capi_checklist_id 348. Exiting fetchdata2.
2025-01-27 15:30:49,883 - __main__ - INFO - Fetching data for date range: 2025-01-26 to 2025-01-27
2025-01-27 15:30:49,901 - __main__ - INFO - Fetched 0 existing UIDs from the database.
2025-01-27 15:30:50,156 - __main__ - INFO - Fetched page 1 successfully with 7 responses .
2025-01-27 15:30:50,400 - __main__ - WARNING - Error fetching page 2 for capi_checklist_id 290 (attempt 1): 404 Client Error: Not Found for url: https://api.axismyindia.in/v1/admin/surveyors/qc-service/surveyor-responses/290?page=2&size=200&startDate=2025-01-26&endDate=2025-01-27
2025-01-27 15:30:54,624 - __main__ - WARNING - Error fetching page 2 for capi_checklist_id 290 (attempt 2): 404 Client Error: Not Found for url: https://api.axismyindia.in/v1/admin/surveyors/qc-service/surveyor-responses/290?page=2&size=200&startDate=2025-01-26&endDate=2025-01-27
2025-01-27 15:31:02,633 - __main__ - ERROR - Failed to fetch page 2 for capi_checklist_id 290 after 3 attempts.
2025-01-27 15:31:02,680 - __main__ - INFO - Fetched UIDs: defaultdict(<class 'list'>, {290: [15027, 15026, 15025, 15024, 15023, 15022, 15021]})
2025-01-27 15:31:02,967 - __main__ - INFO - Fetched data for UID 15027
2025-01-27 15:31:04,934 - __main__ - INFO - Fetched data for UID 15026
2025-01-27 15:31:06,511 - __main__ - INFO - Fetched data for UID 15025
2025-01-27 15:31:09,449 - __main__ - INFO - Fetched data for UID 15024
2025-01-27 15:31:11,534 - __main__ - INFO - Fetched data for UID 15023
2025-01-27 15:31:13,010 - __main__ - INFO - Fetched data for UID 15022
2025-01-27 15:31:14,464 - __main__ - INFO - Fetched data for UID 15021
2025-01-27 15:31:16,033 - __main__ - INFO - Fetching data for date range: 2025-01-26 to 2025-01-27
2025-01-27 15:31:16,050 - __main__ - INFO - Fetched 20 existing UIDs from the database.
2025-01-27 15:31:16,230 - __main__ - WARNING - Error fetching page 1 for capi_checklist_id 291 (attempt 1): 404 Client Error: Not Found for url: https://api.axismyindia.in/v1/admin/surveyors/qc-service/surveyor-responses/291?page=1&size=200&startDate=2025-01-26&endDate=2025-01-27
2025-01-27 15:31:20,410 - __main__ - WARNING - Error fetching page 1 for capi_checklist_id 291 (attempt 2): 404 Client Error: Not Found for url: https://api.axismyindia.in/v1/admin/surveyors/qc-service/surveyor-responses/291?page=1&size=200&startDate=2025-01-26&endDate=2025-01-27
2025-01-27 15:31:28,413 - __main__ - ERROR - Failed to fetch page 1 for capi_checklist_id 291 after 3 attempts.
2025-01-27 15:31:28,456 - __main__ - ERROR - No UIDs found for capi_checklist_id 291. Exiting fetchdata2.
2025-01-27 15:31:28,541 - __main__ - INFO - Fetching data for date range: 2025-01-26 to 2025-01-27
2025-01-27 15:31:28,562 - __main__ - INFO - Fetched 41 existing UIDs from the database.
2025-01-27 15:31:28,756 - __main__ - INFO - Fetched page 1 successfully with 7 responses .
2025-01-27 15:31:28,926 - __main__ - WARNING - Error fetching page 2 for capi_checklist_id 326 (attempt 1): 404 Client Error: Not Found for url: https://api.axismyindia.in/v1/admin/surveyors/qc-service/surveyor-responses/326?page=2&size=200&startDate=2025-01-26&endDate=2025-01-27
2025-01-27 15:31:33,079 - __main__ - WARNING - Error fetching page 2 for capi_checklist_id 326 (attempt 2): 404 Client Error: Not Found for url: https://api.axismyindia.in/v1/admin/surveyors/qc-service/surveyor-responses/326?page=2&size=200&startDate=2025-01-26&endDate=2025-01-27
2025-01-27 15:31:41,096 - __main__ - ERROR - Failed to fetch page 2 for capi_checklist_id 326 after 3 attempts.
2025-01-27 15:31:41,155 - __main__ - INFO - Fetched UIDs: defaultdict(<class 'list'>, {326: [15315, 15306]})
2025-01-27 15:31:41,644 - __main__ - INFO - Fetched data for UID 15315
2025-01-27 15:31:46,682 - __main__ - INFO - Fetched data for UID 15306
2025-01-27 15:31:50,638 - __main__ - INFO - Fetching data for date range: 2025-01-26 to 2025-01-27
2025-01-27 15:31:50,640 - __main__ - INFO - Fetched 13 existing UIDs from the database.
2025-01-27 15:31:50,875 - __main__ - INFO - Fetched page 1 successfully with 1 responses .
2025-01-27 15:31:51,058 - __main__ - WARNING - Error fetching page 2 for capi_checklist_id 350 (attempt 1): 404 Client Error: Not Found for url: https://api.axismyindia.in/v1/admin/surveyors/qc-service/surveyor-responses/350?page=2&size=200&startDate=2025-01-26&endDate=2025-01-27
2025-01-27 15:31:55,234 - __main__ - WARNING - Error fetching page 2 for capi_checklist_id 350 (attempt 2): 404 Client Error: Not Found for url: https://api.axismyindia.in/v1/admin/surveyors/qc-service/surveyor-responses/350?page=2&size=200&startDate=2025-01-26&endDate=2025-01-27
2025-01-27 15:32:03,256 - __main__ - ERROR - Failed to fetch page 2 for capi_checklist_id 350 after 3 attempts.
2025-01-27 15:32:03,590 - __main__ - ERROR - No UIDs found for capi_checklist_id 350. Exiting fetchdata2.
2025-01-27 15:32:03,725 - __main__ - INFO - Fetching data for date range: 2025-01-26 to 2025-01-27
2025-01-27 15:32:03,817 - __main__ - INFO - Fetched 214 existing UIDs from the database.
2025-01-27 15:32:04,629 - __main__ - INFO - Fetched page 1 successfully with 38 responses .
2025-01-27 15:32:04,815 - __main__ - WARNING - Error fetching page 2 for capi_checklist_id 342 (attempt 1): 404 Client Error: Not Found for url: https://api.axismyindia.in/v1/admin/surveyors/qc-service/surveyor-responses/342?page=2&size=200&startDate=2025-01-26&endDate=2025-01-27
2025-01-27 15:32:09,612 - __main__ - WARNING - Error fetching page 2 for capi_checklist_id 342 (attempt 2): 404 Client Error: Not Found for url: https://api.axismyindia.in/v1/admin/surveyors/qc-service/surveyor-responses/342?page=2&size=200&startDate=2025-01-26&endDate=2025-01-27
2025-01-27 15:32:17,634 - __main__ - ERROR - Failed to fetch page 2 for capi_checklist_id 342 after 3 attempts.
2025-01-27 15:32:17,735 - __main__ - ERROR - No UIDs found for capi_checklist_id 342. Exiting fetchdata2.
2025-01-27 15:32:17,902 - __main__ - INFO - Fetching data for date range: 2025-01-26 to 2025-01-27
2025-01-27 15:32:17,943 - __main__ - INFO - Fetched 4 existing UIDs from the database.
2025-01-27 15:32:18,467 - __main__ - WARNING - Error fetching page 1 for capi_checklist_id 319 (attempt 1): 404 Client Error: Not Found for url: https://api.axismyindia.in/v1/admin/surveyors/qc-service/surveyor-responses/319?page=1&size=200&startDate=2025-01-26&endDate=2025-01-27
2025-01-27 15:32:22,725 - __main__ - WARNING - Error fetching page 1 for capi_checklist_id 319 (attempt 2): 404 Client Error: Not Found for url: https://api.axismyindia.in/v1/admin/surveyors/qc-service/surveyor-responses/319?page=1&size=200&startDate=2025-01-26&endDate=2025-01-27
2025-01-27 15:32:30,729 - __main__ - ERROR - Failed to fetch page 1 for capi_checklist_id 319 after 3 attempts.
2025-01-27 15:32:30,775 - __main__ - ERROR - No UIDs found for capi_checklist_id 319. Exiting fetchdata2.
2025-01-27 15:32:30,884 - __main__ - INFO - Fetching data for date range: 2025-01-26 to 2025-01-27
2025-01-27 15:32:30,903 - __main__ - INFO - Fetched 5 existing UIDs from the database.
2025-01-27 15:32:31,134 - __main__ - WARNING - Error fetching page 1 for capi_checklist_id 320 (attempt 1): 404 Client Error: Not Found for url: https://api.axismyindia.in/v1/admin/surveyors/qc-service/surveyor-responses/320?page=1&size=200&startDate=2025-01-26&endDate=2025-01-27
2025-01-27 15:32:35,346 - __main__ - WARNING - Error fetching page 1 for capi_checklist_id 320 (attempt 2): 404 Client Error: Not Found for url: https://api.axismyindia.in/v1/admin/surveyors/qc-service/surveyor-responses/320?page=1&size=200&startDate=2025-01-26&endDate=2025-01-27
2025-01-27 15:32:43,354 - __main__ - ERROR - Failed to fetch page 1 for capi_checklist_id 320 after 3 attempts.
2025-01-27 15:32:43,394 - __main__ - ERROR - No UIDs found for capi_checklist_id 320. Exiting fetchdata2.
2025-01-27 15:32:43,474 - __main__ - INFO - Fetching data for date range: 2025-01-26 to 2025-01-27
2025-01-27 15:32:43,499 - __main__ - INFO - Fetched 96 existing UIDs from the database.
2025-01-27 15:32:43,728 - __main__ - INFO - Fetched page 1 successfully with 8 responses .
2025-01-27 15:32:43,908 - __main__ - WARNING - Error fetching page 2 for capi_checklist_id 344 (attempt 1): 404 Client Error: Not Found for url: https://api.axismyindia.in/v1/admin/surveyors/qc-service/surveyor-responses/344?page=2&size=200&startDate=2025-01-26&endDate=2025-01-27
2025-01-27 15:32:48,396 - __main__ - WARNING - Error fetching page 2 for capi_checklist_id 344 (attempt 2): 404 Client Error: Not Found for url: https://api.axismyindia.in/v1/admin/surveyors/qc-service/surveyor-responses/344?page=2&size=200&startDate=2025-01-26&endDate=2025-01-27
2025-01-27 15:32:56,420 - __main__ - ERROR - Failed to fetch page 2 for capi_checklist_id 344 after 3 attempts.
2025-01-27 15:32:56,486 - __main__ - ERROR - No UIDs found for capi_checklist_id 344. Exiting fetchdata2.
2025-01-27 15:32:56,635 - __main__ - INFO - Fetching data for date range: 2025-01-26 to 2025-01-27
2025-01-27 15:32:56,669 - __main__ - INFO - Fetched 81 existing UIDs from the database.
2025-01-27 15:32:56,884 - __main__ - INFO - Fetched page 1 successfully with 12 responses .
2025-01-27 15:32:57,038 - __main__ - WARNING - Error fetching page 2 for capi_checklist_id 332 (attempt 1): 404 Client Error: Not Found for url: https://api.axismyindia.in/v1/admin/surveyors/qc-service/surveyor-responses/332?page=2&size=200&startDate=2025-01-26&endDate=2025-01-27
2025-01-27 15:33:01,247 - __main__ - WARNING - Error fetching page 2 for capi_checklist_id 332 (attempt 2): 404 Client Error: Not Found for url: https://api.axismyindia.in/v1/admin/surveyors/qc-service/surveyor-responses/332?page=2&size=200&startDate=2025-01-26&endDate=2025-01-27
2025-01-27 15:33:09,255 - __main__ - ERROR - Failed to fetch page 2 for capi_checklist_id 332 after 3 attempts.
2025-01-27 15:33:09,279 - __main__ - ERROR - No UIDs found for capi_checklist_id 332. Exiting fetchdata2.
2025-01-27 15:33:09,344 - __main__ - INFO - Fetching data for date range: 2025-01-26 to 2025-01-27
2025-01-27 15:33:09,405 - __main__ - INFO - Fetched 10 existing UIDs from the database.
2025-01-27 15:33:09,628 - __main__ - WARNING - Error fetching page 1 for capi_checklist_id 335 (attempt 1): 404 Client Error: Not Found for url: https://api.axismyindia.in/v1/admin/surveyors/qc-service/surveyor-responses/335?page=1&size=200&startDate=2025-01-26&endDate=2025-01-27
2025-01-27 15:33:13,850 - __main__ - WARNING - Error fetching page 1 for capi_checklist_id 335 (attempt 2): 404 Client Error: Not Found for url: https://api.axismyindia.in/v1/admin/surveyors/qc-service/surveyor-responses/335?page=1&size=200&startDate=2025-01-26&endDate=2025-01-27
2025-01-27 15:33:21,857 - __main__ - ERROR - Failed to fetch page 1 for capi_checklist_id 335 after 3 attempts.
2025-01-27 15:33:21,886 - __main__ - ERROR - No UIDs found for capi_checklist_id 335. Exiting fetchdata2.
2025-01-27 15:33:21,956 - __main__ - INFO - Fetching data for date range: 2025-01-26 to 2025-01-27
2025-01-27 15:33:21,968 - __main__ - INFO - Fetched 26 existing UIDs from the database.
2025-01-27 15:33:22,156 - __main__ - INFO - Fetched page 1 successfully with 7 responses .
2025-01-27 15:33:22,338 - __main__ - WARNING - Error fetching page 2 for capi_checklist_id 325 (attempt 1): 404 Client Error: Not Found for url: https://api.axismyindia.in/v1/admin/surveyors/qc-service/surveyor-responses/325?page=2&size=200&startDate=2025-01-26&endDate=2025-01-27
2025-01-27 15:33:26,506 - __main__ - WARNING - Error fetching page 2 for capi_checklist_id 325 (attempt 2): 404 Client Error: Not Found for url: https://api.axismyindia.in/v1/admin/surveyors/qc-service/surveyor-responses/325?page=2&size=200&startDate=2025-01-26&endDate=2025-01-27
2025-01-27 15:33:34,509 - __main__ - ERROR - Failed to fetch page 2 for capi_checklist_id 325 after 3 attempts.
2025-01-27 15:33:34,557 - __main__ - INFO - Fetched UIDs: defaultdict(<class 'list'>, {325: [15311]})
2025-01-27 15:33:34,964 - __main__ - INFO - Fetched data for UID 15311
2025-01-27 15:33:39,403 - __main__ - INFO - Fetching data for date range: 2025-01-26 to 2025-01-27
2025-01-27 15:33:39,445 - __main__ - INFO - Fetched 208 existing UIDs from the database.
2025-01-27 15:33:39,636 - __main__ - INFO - Fetched page 1 successfully with 32 responses .
2025-01-27 15:33:39,817 - __main__ - WARNING - Error fetching page 2 for capi_checklist_id 347 (attempt 1): 404 Client Error: Not Found for url: https://api.axismyindia.in/v1/admin/surveyors/qc-service/surveyor-responses/347?page=2&size=200&startDate=2025-01-26&endDate=2025-01-27
2025-01-27 15:33:44,004 - __main__ - WARNING - Error fetching page 2 for capi_checklist_id 347 (attempt 2): 404 Client Error: Not Found for url: https://api.axismyindia.in/v1/admin/surveyors/qc-service/surveyor-responses/347?page=2&size=200&startDate=2025-01-26&endDate=2025-01-27
2025-01-27 15:33:52,019 - __main__ - ERROR - Failed to fetch page 2 for capi_checklist_id 347 after 3 attempts.
2025-01-27 15:33:52,122 - __main__ - INFO - Fetched UIDs: defaultdict(<class 'list'>, {347: [15318]})
2025-01-27 15:33:53,563 - __main__ - INFO - Fetched data for UID 15318
2025-01-27 15:33:57,552 - __main__ - INFO - Fetching data for date range: 2025-01-26 to 2025-01-27
2025-01-27 15:33:57,552 - __main__ - INFO - Fetched 11 existing UIDs from the database.
2025-01-27 15:33:57,832 - __main__ - INFO - Fetched page 1 successfully with 1 responses .
2025-01-27 15:33:58,033 - __main__ - WARNING - Error fetching page 2 for capi_checklist_id 382 (attempt 1): 404 Client Error: Not Found for url: https://api.axismyindia.in/v1/admin/surveyors/qc-service/surveyor-responses/382?page=2&size=200&startDate=2025-01-26&endDate=2025-01-27
2025-01-27 15:34:02,225 - __main__ - WARNING - Error fetching page 2 for capi_checklist_id 382 (attempt 2): 404 Client Error: Not Found for url: https://api.axismyindia.in/v1/admin/surveyors/qc-service/surveyor-responses/382?page=2&size=200&startDate=2025-01-26&endDate=2025-01-27
2025-01-27 15:34:10,228 - __main__ - ERROR - Failed to fetch page 2 for capi_checklist_id 382 after 3 attempts.
2025-01-27 15:34:10,269 - __main__ - ERROR - No UIDs found for capi_checklist_id 382. Exiting fetchdata2.
2025-01-27 15:34:10,386 - __main__ - INFO - Fetching data for date range: 2025-01-26 to 2025-01-27
2025-01-27 15:34:10,404 - __main__ - INFO - Fetched 38 existing UIDs from the database.
2025-01-27 15:34:10,716 - __main__ - WARNING - Error fetching page 1 for capi_checklist_id 339 (attempt 1): 404 Client Error: Not Found for url: https://api.axismyindia.in/v1/admin/surveyors/qc-service/surveyor-responses/339?page=1&size=200&startDate=2025-01-26&endDate=2025-01-27
2025-01-27 15:34:28,125 - __main__ - INFO - Fetching data for date range: 2025-01-26 to 2025-01-27
2025-01-27 15:34:28,139 - __main__ - INFO - Fetched 0 existing UIDs from the database.
2025-01-27 15:34:28,478 - __main__ - WARNING - Error fetching page 1 for capi_checklist_id 400 (attempt 1): 404 Client Error: Not Found for url: https://api.axismyindia.in/v1/admin/surveyors/qc-service/surveyor-responses/400?page=1&size=200&startDate=2025-01-26&endDate=2025-01-27
2025-01-27 15:34:32,816 - __main__ - WARNING - Error fetching page 1 for capi_checklist_id 400 (attempt 2): 404 Client Error: Not Found for url: https://api.axismyindia.in/v1/admin/surveyors/qc-service/surveyor-responses/400?page=1&size=200&startDate=2025-01-26&endDate=2025-01-27
2025-01-27 15:34:40,850 - __main__ - ERROR - Failed to fetch page 1 for capi_checklist_id 400 after 3 attempts.
2025-01-27 15:34:40,860 - __main__ - ERROR - No UIDs found for capi_checklist_id 400. Exiting fetchdata2.
2025-01-27 15:34:40,954 - __main__ - INFO - Fetching data for date range: 2025-01-26 to 2025-01-27
2025-01-27 15:34:40,964 - __main__ - INFO - Fetched 8 existing UIDs from the database.
2025-01-27 15:34:41,150 - __main__ - INFO - Fetched page 1 successfully with 8 responses .
2025-01-27 15:34:41,317 - __main__ - WARNING - Error fetching page 2 for capi_checklist_id 354 (attempt 1): 404 Client Error: Not Found for url: https://api.axismyindia.in/v1/admin/surveyors/qc-service/surveyor-responses/354?page=2&size=200&startDate=2025-01-26&endDate=2025-01-27
2025-01-27 15:34:45,501 - __main__ - WARNING - Error fetching page 2 for capi_checklist_id 354 (attempt 2): 404 Client Error: Not Found for url: https://api.axismyindia.in/v1/admin/surveyors/qc-service/surveyor-responses/354?page=2&size=200&startDate=2025-01-26&endDate=2025-01-27
2025-01-27 15:34:53,505 - __main__ - ERROR - Failed to fetch page 2 for capi_checklist_id 354 after 3 attempts.
2025-01-27 15:34:53,716 - __main__ - ERROR - No UIDs found for capi_checklist_id 354. Exiting fetchdata2.
2025-01-27 15:34:54,407 - __main__ - INFO - Fetching data for date range: 2025-01-26 to 2025-01-27
2025-01-27 15:34:54,420 - __main__ - INFO - Fetched 7 existing UIDs from the database.
2025-01-27 15:34:54,615 - __main__ - INFO - Fetched page 1 successfully with 7 responses .
2025-01-27 15:34:54,785 - __main__ - WARNING - Error fetching page 2 for capi_checklist_id 329 (attempt 1): 404 Client Error: Not Found for url: https://api.axismyindia.in/v1/admin/surveyors/qc-service/surveyor-responses/329?page=2&size=200&startDate=2025-01-26&endDate=2025-01-27
2025-01-27 15:34:58,961 - __main__ - WARNING - Error fetching page 2 for capi_checklist_id 329 (attempt 2): 404 Client Error: Not Found for url: https://api.axismyindia.in/v1/admin/surveyors/qc-service/surveyor-responses/329?page=2&size=200&startDate=2025-01-26&endDate=2025-01-27
2025-01-27 15:35:06,994 - __main__ - ERROR - Failed to fetch page 2 for capi_checklist_id 329 after 3 attempts.
2025-01-27 15:35:07,211 - __main__ - ERROR - No UIDs found for capi_checklist_id 329. Exiting fetchdata2.
2025-01-27 15:35:07,302 - __main__ - INFO - Fetching data for date range: 2025-01-26 to 2025-01-27
2025-01-27 15:35:07,311 - __main__ - INFO - Fetched 2 existing UIDs from the database.
2025-01-27 15:35:07,524 - __main__ - WARNING - Error fetching page 1 for capi_checklist_id 346 (attempt 1): 404 Client Error: Not Found for url: https://api.axismyindia.in/v1/admin/surveyors/qc-service/surveyor-responses/346?page=1&size=200&startDate=2025-01-26&endDate=2025-01-27
2025-01-27 15:35:11,728 - __main__ - WARNING - Error fetching page 1 for capi_checklist_id 346 (attempt 2): 404 Client Error: Not Found for url: https://api.axismyindia.in/v1/admin/surveyors/qc-service/surveyor-responses/346?page=1&size=200&startDate=2025-01-26&endDate=2025-01-27
2025-01-27 15:35:19,815 - __main__ - ERROR - Failed to fetch page 1 for capi_checklist_id 346 after 3 attempts.
2025-01-27 15:35:19,892 - __main__ - ERROR - No UIDs found for capi_checklist_id 346. Exiting fetchdata2.
2025-01-27 15:35:19,981 - __main__ - INFO - Fetching data for date range: 2025-01-26 to 2025-01-27
2025-01-27 15:35:19,989 - __main__ - INFO - Fetched 1 existing UIDs from the database.
2025-01-27 15:35:20,198 - __main__ - WARNING - Error fetching page 1 for capi_checklist_id 331 (attempt 1): 404 Client Error: Not Found for url: https://api.axismyindia.in/v1/admin/surveyors/qc-service/surveyor-responses/331?page=1&size=200&startDate=2025-01-26&endDate=2025-01-27
2025-01-27 15:35:24,381 - __main__ - WARNING - Error fetching page 1 for capi_checklist_id 331 (attempt 2): 404 Client Error: Not Found for url: https://api.axismyindia.in/v1/admin/surveyors/qc-service/surveyor-responses/331?page=1&size=200&startDate=2025-01-26&endDate=2025-01-27
2025-01-27 15:35:32,399 - __main__ - ERROR - Failed to fetch page 1 for capi_checklist_id 331 after 3 attempts.
2025-01-27 15:35:32,432 - __main__ - ERROR - No UIDs found for capi_checklist_id 331. Exiting fetchdata2.
2025-01-27 15:35:32,500 - __main__ - INFO - Fetching data for date range: 2025-01-26 to 2025-01-27
2025-01-27 15:35:32,513 - __main__ - INFO - Fetched 4 existing UIDs from the database.
2025-01-27 15:35:32,749 - __main__ - WARNING - Error fetching page 1 for capi_checklist_id 337 (attempt 1): 404 Client Error: Not Found for url: https://api.axismyindia.in/v1/admin/surveyors/qc-service/surveyor-responses/337?page=1&size=200&startDate=2025-01-26&endDate=2025-01-27
2025-01-27 15:35:36,941 - __main__ - WARNING - Error fetching page 1 for capi_checklist_id 337 (attempt 2): 404 Client Error: Not Found for url: https://api.axismyindia.in/v1/admin/surveyors/qc-service/surveyor-responses/337?page=1&size=200&startDate=2025-01-26&endDate=2025-01-27
2025-01-27 15:35:44,953 - __main__ - ERROR - Failed to fetch page 1 for capi_checklist_id 337 after 3 attempts.
2025-01-27 15:35:45,018 - __main__ - ERROR - No UIDs found for capi_checklist_id 337. Exiting fetchdata2.
2025-01-27 15:35:45,072 - __main__ - INFO - Fetching data for date range: 2025-01-26 to 2025-01-27
2025-01-27 15:35:45,108 - __main__ - INFO - Fetched 44 existing UIDs from the database.
2025-01-27 15:35:45,338 - __main__ - INFO - Fetched page 1 successfully with 32 responses .
2025-01-27 15:35:45,502 - __main__ - WARNING - Error fetching page 2 for capi_checklist_id 349 (attempt 1): 404 Client Error: Not Found for url: https://api.axismyindia.in/v1/admin/surveyors/qc-service/surveyor-responses/349?page=2&size=200&startDate=2025-01-26&endDate=2025-01-27
2025-01-27 15:35:49,703 - __main__ - WARNING - Error fetching page 2 for capi_checklist_id 349 (attempt 2): 404 Client Error: Not Found for url: https://api.axismyindia.in/v1/admin/surveyors/qc-service/surveyor-responses/349?page=2&size=200&startDate=2025-01-26&endDate=2025-01-27
2025-01-27 15:35:57,706 - __main__ - ERROR - Failed to fetch page 2 for capi_checklist_id 349 after 3 attempts.
2025-01-27 15:35:57,733 - __main__ - ERROR - No UIDs found for capi_checklist_id 349. Exiting fetchdata2.
2025-01-27 15:35:57,811 - __main__ - INFO - Fetching data for date range: 2025-01-26 to 2025-01-27
2025-01-27 15:35:57,834 - __main__ - INFO - Fetched 42 existing UIDs from the database.
2025-01-27 15:35:58,031 - __main__ - INFO - Fetched page 1 successfully with 18 responses .
2025-01-27 15:35:58,200 - __main__ - WARNING - Error fetching page 2 for capi_checklist_id 343 (attempt 1): 404 Client Error: Not Found for url: https://api.axismyindia.in/v1/admin/surveyors/qc-service/surveyor-responses/343?page=2&size=200&startDate=2025-01-26&endDate=2025-01-27
2025-01-27 15:36:02,389 - __main__ - WARNING - Error fetching page 2 for capi_checklist_id 343 (attempt 2): 404 Client Error: Not Found for url: https://api.axismyindia.in/v1/admin/surveyors/qc-service/surveyor-responses/343?page=2&size=200&startDate=2025-01-26&endDate=2025-01-27
2025-01-27 15:36:10,452 - __main__ - ERROR - Failed to fetch page 2 for capi_checklist_id 343 after 3 attempts.
2025-01-27 15:36:10,530 - __main__ - ERROR - No UIDs found for capi_checklist_id 343. Exiting fetchdata2.
2025-01-27 15:36:10,653 - __main__ - INFO - Fetching data for date range: 2025-01-26 to 2025-01-27
2025-01-27 15:36:10,693 - __main__ - INFO - Fetched 69 existing UIDs from the database.
2025-01-27 15:36:10,931 - __main__ - INFO - Fetched page 1 successfully with 25 responses .
2025-01-27 15:36:11,103 - __main__ - WARNING - Error fetching page 2 for capi_checklist_id 340 (attempt 1): 404 Client Error: Not Found for url: https://api.axismyindia.in/v1/admin/surveyors/qc-service/surveyor-responses/340?page=2&size=200&startDate=2025-01-26&endDate=2025-01-27
2025-01-27 15:36:15,269 - __main__ - WARNING - Error fetching page 2 for capi_checklist_id 340 (attempt 2): 404 Client Error: Not Found for url: https://api.axismyindia.in/v1/admin/surveyors/qc-service/surveyor-responses/340?page=2&size=200&startDate=2025-01-26&endDate=2025-01-27
2025-01-27 15:36:23,278 - __main__ - ERROR - Failed to fetch page 2 for capi_checklist_id 340 after 3 attempts.
2025-01-27 15:36:23,292 - __main__ - ERROR - No UIDs found for capi_checklist_id 340. Exiting fetchdata2.
2025-01-27 15:36:23,361 - __main__ - INFO - Fetching data for date range: 2025-01-26 to 2025-01-27
2025-01-27 15:36:23,379 - __main__ - INFO - Fetched 92 existing UIDs from the database.
2025-01-27 15:36:23,600 - __main__ - INFO - Fetched page 1 successfully with 17 responses .
2025-01-27 15:36:23,776 - __main__ - WARNING - Error fetching page 2 for capi_checklist_id 341 (attempt 1): 404 Client Error: Not Found for url: https://api.axismyindia.in/v1/admin/surveyors/qc-service/surveyor-responses/341?page=2&size=200&startDate=2025-01-26&endDate=2025-01-27
2025-01-27 15:36:27,966 - __main__ - WARNING - Error fetching page 2 for capi_checklist_id 341 (attempt 2): 404 Client Error: Not Found for url: https://api.axismyindia.in/v1/admin/surveyors/qc-service/surveyor-responses/341?page=2&size=200&startDate=2025-01-26&endDate=2025-01-27
2025-01-27 15:36:35,967 - __main__ - ERROR - Failed to fetch page 2 for capi_checklist_id 341 after 3 attempts.
2025-01-27 15:36:35,978 - __main__ - ERROR - No UIDs found for capi_checklist_id 341. Exiting fetchdata2.
2025-01-27 15:36:36,020 - __main__ - INFO - Fetching data for date range: 2025-01-26 to 2025-01-27
2025-01-27 15:36:36,064 - __main__ - INFO - Fetched 143 existing UIDs from the database.
2025-01-27 15:36:36,250 - __main__ - INFO - Fetched page 1 successfully with 32 responses .
2025-01-27 15:36:36,431 - __main__ - WARNING - Error fetching page 2 for capi_checklist_id 355 (attempt 1): 404 Client Error: Not Found for url: https://api.axismyindia.in/v1/admin/surveyors/qc-service/surveyor-responses/355?page=2&size=200&startDate=2025-01-26&endDate=2025-01-27
2025-01-27 15:36:40,604 - __main__ - WARNING - Error fetching page 2 for capi_checklist_id 355 (attempt 2): 404 Client Error: Not Found for url: https://api.axismyindia.in/v1/admin/surveyors/qc-service/surveyor-responses/355?page=2&size=200&startDate=2025-01-26&endDate=2025-01-27
2025-01-27 15:36:48,608 - __main__ - ERROR - Failed to fetch page 2 for capi_checklist_id 355 after 3 attempts.
2025-01-27 15:36:48,647 - __main__ - INFO - Fetched UIDs: defaultdict(<class 'list'>, {355: [15323]})
2025-01-27 15:36:50,058 - __main__ - INFO - Fetched data for UID 15323
2025-01-27 15:36:53,579 - __main__ - INFO - Fetching data for date range: 2025-01-26 to 2025-01-27
2025-01-27 15:36:53,590 - __main__ - INFO - Fetched 22 existing UIDs from the database.
2025-01-27 15:36:53,736 - __main__ - WARNING - Error fetching page 1 for capi_checklist_id 403 (attempt 1): 404 Client Error: Not Found for url: https://api.axismyindia.in/v1/admin/surveyors/qc-service/surveyor-responses/403?page=1&size=200&startDate=2025-01-26&endDate=2025-01-27
2025-01-27 15:36:57,914 - __main__ - WARNING - Error fetching page 1 for capi_checklist_id 403 (attempt 2): 404 Client Error: Not Found for url: https://api.axismyindia.in/v1/admin/surveyors/qc-service/surveyor-responses/403?page=1&size=200&startDate=2025-01-26&endDate=2025-01-27
2025-01-27 15:37:05,928 - __main__ - ERROR - Failed to fetch page 1 for capi_checklist_id 403 after 3 attempts.
2025-01-27 15:37:06,022 - __main__ - ERROR - No UIDs found for capi_checklist_id 403. Exiting fetchdata2.
2025-01-27 15:37:06,186 - __main__ - INFO - Fetching data for date range: 2025-01-26 to 2025-01-27
2025-01-27 15:37:06,235 - __main__ - INFO - Fetched 53 existing UIDs from the database.
2025-01-27 15:37:07,154 - __main__ - WARNING - Error fetching page 1 for capi_checklist_id 404 (attempt 1): 404 Client Error: Not Found for url: https://api.axismyindia.in/v1/admin/surveyors/qc-service/surveyor-responses/404?page=1&size=200&startDate=2025-01-26&endDate=2025-01-27
2025-01-27 15:37:11,337 - __main__ - WARNING - Error fetching page 1 for capi_checklist_id 404 (attempt 2): 404 Client Error: Not Found for url: https://api.axismyindia.in/v1/admin/surveyors/qc-service/surveyor-responses/404?page=1&size=200&startDate=2025-01-26&endDate=2025-01-27
2025-01-27 15:37:19,360 - __main__ - ERROR - Failed to fetch page 1 for capi_checklist_id 404 after 3 attempts.
2025-01-27 15:37:19,412 - __main__ - ERROR - No UIDs found for capi_checklist_id 404. Exiting fetchdata2.
2025-01-27 15:37:19,459 - __main__ - INFO - Fetching data for date range: 2025-01-26 to 2025-01-27
2025-01-27 15:37:19,467 - __main__ - INFO - Fetched 3 existing UIDs from the database.
2025-01-27 15:37:19,671 - __main__ - WARNING - Error fetching page 1 for capi_checklist_id 363 (attempt 1): 404 Client Error: Not Found for url: https://api.axismyindia.in/v1/admin/surveyors/qc-service/surveyor-responses/363?page=1&size=200&startDate=2025-01-26&endDate=2025-01-27
2025-01-27 15:37:23,913 - __main__ - WARNING - Error fetching page 1 for capi_checklist_id 363 (attempt 2): 404 Client Error: Not Found for url: https://api.axismyindia.in/v1/admin/surveyors/qc-service/surveyor-responses/363?page=1&size=200&startDate=2025-01-26&endDate=2025-01-27
2025-01-27 15:37:31,920 - __main__ - ERROR - Failed to fetch page 1 for capi_checklist_id 363 after 3 attempts.
2025-01-27 15:37:32,009 - __main__ - ERROR - No UIDs found for capi_checklist_id 363. Exiting fetchdata2.
2025-01-27 15:37:32,176 - __main__ - INFO - Fetching data for date range: 2025-01-26 to 2025-01-27
2025-01-27 15:37:32,189 - __main__ - INFO - Fetched 6 existing UIDs from the database.
2025-01-27 15:37:32,448 - __main__ - WARNING - Error fetching page 1 for capi_checklist_id 352 (attempt 1): 404 Client Error: Not Found for url: https://api.axismyindia.in/v1/admin/surveyors/qc-service/surveyor-responses/352?page=1&size=200&startDate=2025-01-26&endDate=2025-01-27
2025-01-27 15:37:36,661 - __main__ - WARNING - Error fetching page 1 for capi_checklist_id 352 (attempt 2): 404 Client Error: Not Found for url: https://api.axismyindia.in/v1/admin/surveyors/qc-service/surveyor-responses/352?page=1&size=200&startDate=2025-01-26&endDate=2025-01-27
2025-01-27 15:37:44,664 - __main__ - ERROR - Failed to fetch page 1 for capi_checklist_id 352 after 3 attempts.
2025-01-27 15:37:44,706 - __main__ - ERROR - No UIDs found for capi_checklist_id 352. Exiting fetchdata2.
2025-01-27 15:37:44,795 - __main__ - INFO - Fetching data for date range: 2025-01-26 to 2025-01-27
2025-01-27 15:37:44,806 - __main__ - INFO - Fetched 7 existing UIDs from the database.
2025-01-27 15:37:45,003 - __main__ - INFO - Fetched page 1 successfully with 4 responses .
2025-01-27 15:37:45,183 - __main__ - WARNING - Error fetching page 2 for capi_checklist_id 330 (attempt 1): 404 Client Error: Not Found for url: https://api.axismyindia.in/v1/admin/surveyors/qc-service/surveyor-responses/330?page=2&size=200&startDate=2025-01-26&endDate=2025-01-27
2025-01-27 15:37:49,647 - __main__ - WARNING - Error fetching page 2 for capi_checklist_id 330 (attempt 2): 404 Client Error: Not Found for url: https://api.axismyindia.in/v1/admin/surveyors/qc-service/surveyor-responses/330?page=2&size=200&startDate=2025-01-26&endDate=2025-01-27
2025-01-27 15:37:57,652 - __main__ - ERROR - Failed to fetch page 2 for capi_checklist_id 330 after 3 attempts.
2025-01-27 15:37:57,685 - __main__ - ERROR - No UIDs found for capi_checklist_id 330. Exiting fetchdata2.
2025-01-27 15:37:57,826 - __main__ - INFO - Fetching data for date range: 2025-01-26 to 2025-01-27
2025-01-27 15:37:57,840 - __main__ - INFO - Fetched 13 existing UIDs from the database.
2025-01-27 15:37:58,073 - __main__ - WARNING - Error fetching page 1 for capi_checklist_id 348 (attempt 1): 404 Client Error: Not Found for url: https://api.axismyindia.in/v1/admin/surveyors/qc-service/surveyor-responses/348?page=1&size=200&startDate=2025-01-26&endDate=2025-01-27
2025-01-27 15:38:03,051 - __main__ - WARNING - Error fetching page 1 for capi_checklist_id 348 (attempt 2): 404 Client Error: Not Found for url: https://api.axismyindia.in/v1/admin/surveyors/qc-service/surveyor-responses/348?page=1&size=200&startDate=2025-01-26&endDate=2025-01-27
2025-01-27 15:38:11,070 - __main__ - ERROR - Failed to fetch page 1 for capi_checklist_id 348 after 3 attempts.
2025-01-27 15:38:11,143 - __main__ - ERROR - No UIDs found for capi_checklist_id 348. Exiting fetchdata2.
2025-01-27 15:38:11,290 - __main__ - INFO - Fetching data for date range: 2025-01-26 to 2025-01-27
2025-01-27 15:38:11,304 - __main__ - INFO - Fetched 0 existing UIDs from the database.
2025-01-27 15:38:11,544 - __main__ - INFO - Fetched page 1 successfully with 7 responses .
2025-01-27 15:38:11,864 - __main__ - WARNING - Error fetching page 2 for capi_checklist_id 290 (attempt 1): 404 Client Error: Not Found for url: https://api.axismyindia.in/v1/admin/surveyors/qc-service/surveyor-responses/290?page=2&size=200&startDate=2025-01-26&endDate=2025-01-27
2025-01-27 15:38:16,036 - __main__ - WARNING - Error fetching page 2 for capi_checklist_id 290 (attempt 2): 404 Client Error: Not Found for url: https://api.axismyindia.in/v1/admin/surveyors/qc-service/surveyor-responses/290?page=2&size=200&startDate=2025-01-26&endDate=2025-01-27
2025-01-27 15:38:24,040 - __main__ - ERROR - Failed to fetch page 2 for capi_checklist_id 290 after 3 attempts.
2025-01-27 15:38:24,047 - __main__ - INFO - Fetched UIDs: defaultdict(<class 'list'>, {290: [15027, 15026, 15025, 15024, 15023, 15022, 15021]})
2025-01-27 15:38:24,251 - __main__ - INFO - Fetched data for UID 15027
2025-01-27 15:38:25,856 - __main__ - INFO - Fetched data for UID 15026
2025-01-27 15:38:27,352 - __main__ - INFO - Fetched data for UID 15025
2025-01-27 15:38:29,034 - __main__ - INFO - Fetched data for UID 15024
2025-01-27 15:38:30,693 - __main__ - INFO - Fetched data for UID 15023
2025-01-27 15:38:33,645 - __main__ - INFO - Fetched data for UID 15022
2025-01-27 15:38:36,238 - __main__ - INFO - Fetched data for UID 15021
2025-01-27 15:38:39,033 - __main__ - INFO - Fetching data for date range: 2025-01-26 to 2025-01-27
2025-01-27 15:38:39,072 - __main__ - INFO - Fetched 20 existing UIDs from the database.
2025-01-27 15:38:39,366 - __main__ - WARNING - Error fetching page 1 for capi_checklist_id 291 (attempt 1): 404 Client Error: Not Found for url: https://api.axismyindia.in/v1/admin/surveyors/qc-service/surveyor-responses/291?page=1&size=200&startDate=2025-01-26&endDate=2025-01-27
2025-01-27 15:38:43,955 - __main__ - WARNING - Error fetching page 1 for capi_checklist_id 291 (attempt 2): 404 Client Error: Not Found for url: https://api.axismyindia.in/v1/admin/surveyors/qc-service/surveyor-responses/291?page=1&size=200&startDate=2025-01-26&endDate=2025-01-27
2025-01-27 15:38:51,968 - __main__ - ERROR - Failed to fetch page 1 for capi_checklist_id 291 after 3 attempts.
2025-01-27 15:38:52,063 - __main__ - ERROR - No UIDs found for capi_checklist_id 291. Exiting fetchdata2.
2025-01-27 15:38:52,189 - __main__ - INFO - Fetching data for date range: 2025-01-26 to 2025-01-27
2025-01-27 15:38:52,207 - __main__ - INFO - Fetched 43 existing UIDs from the database.
2025-01-27 15:38:52,668 - __main__ - INFO - Fetched page 1 successfully with 7 responses .
2025-01-27 15:38:52,937 - __main__ - WARNING - Error fetching page 2 for capi_checklist_id 326 (attempt 1): 404 Client Error: Not Found for url: https://api.axismyindia.in/v1/admin/surveyors/qc-service/surveyor-responses/326?page=2&size=200&startDate=2025-01-26&endDate=2025-01-27
2025-01-27 15:38:57,200 - __main__ - WARNING - Error fetching page 2 for capi_checklist_id 326 (attempt 2): 404 Client Error: Not Found for url: https://api.axismyindia.in/v1/admin/surveyors/qc-service/surveyor-responses/326?page=2&size=200&startDate=2025-01-26&endDate=2025-01-27
2025-01-27 15:39:05,275 - __main__ - ERROR - Failed to fetch page 2 for capi_checklist_id 326 after 3 attempts.
2025-01-27 15:39:05,392 - __main__ - ERROR - No UIDs found for capi_checklist_id 326. Exiting fetchdata2.
2025-01-27 15:39:05,549 - __main__ - INFO - Fetching data for date range: 2025-01-26 to 2025-01-27
2025-01-27 15:39:05,572 - __main__ - INFO - Fetched 13 existing UIDs from the database.
2025-01-27 15:39:06,394 - __main__ - INFO - Fetched page 1 successfully with 1 responses .
2025-01-27 15:39:06,596 - __main__ - WARNING - Error fetching page 2 for capi_checklist_id 350 (attempt 1): 404 Client Error: Not Found for url: https://api.axismyindia.in/v1/admin/surveyors/qc-service/surveyor-responses/350?page=2&size=200&startDate=2025-01-26&endDate=2025-01-27
2025-01-27 15:39:11,136 - __main__ - WARNING - Error fetching page 2 for capi_checklist_id 350 (attempt 2): 404 Client Error: Not Found for url: https://api.axismyindia.in/v1/admin/surveyors/qc-service/surveyor-responses/350?page=2&size=200&startDate=2025-01-26&endDate=2025-01-27
2025-01-27 15:39:19,152 - __main__ - ERROR - Failed to fetch page 2 for capi_checklist_id 350 after 3 attempts.
2025-01-27 15:39:19,214 - __main__ - ERROR - No UIDs found for capi_checklist_id 350. Exiting fetchdata2.
2025-01-27 15:39:19,290 - __main__ - INFO - Fetching data for date range: 2025-01-26 to 2025-01-27
2025-01-27 15:39:19,360 - __main__ - INFO - Fetched 214 existing UIDs from the database.
2025-01-27 15:39:19,593 - __main__ - INFO - Fetched page 1 successfully with 38 responses .
2025-01-27 15:39:19,767 - __main__ - WARNING - Error fetching page 2 for capi_checklist_id 342 (attempt 1): 404 Client Error: Not Found for url: https://api.axismyindia.in/v1/admin/surveyors/qc-service/surveyor-responses/342?page=2&size=200&startDate=2025-01-26&endDate=2025-01-27
2025-01-27 15:39:23,939 - __main__ - WARNING - Error fetching page 2 for capi_checklist_id 342 (attempt 2): 404 Client Error: Not Found for url: https://api.axismyindia.in/v1/admin/surveyors/qc-service/surveyor-responses/342?page=2&size=200&startDate=2025-01-26&endDate=2025-01-27
2025-01-27 15:39:31,944 - __main__ - ERROR - Failed to fetch page 2 for capi_checklist_id 342 after 3 attempts.
2025-01-27 15:39:31,959 - __main__ - ERROR - No UIDs found for capi_checklist_id 342. Exiting fetchdata2.
2025-01-27 15:39:31,990 - __main__ - INFO - Fetching data for date range: 2025-01-26 to 2025-01-27
2025-01-27 15:39:31,990 - __main__ - INFO - Fetched 4 existing UIDs from the database.
2025-01-27 15:39:32,164 - __main__ - WARNING - Error fetching page 1 for capi_checklist_id 319 (attempt 1): 404 Client Error: Not Found for url: https://api.axismyindia.in/v1/admin/surveyors/qc-service/surveyor-responses/319?page=1&size=200&startDate=2025-01-26&endDate=2025-01-27
2025-01-27 15:39:36,337 - __main__ - WARNING - Error fetching page 1 for capi_checklist_id 319 (attempt 2): 404 Client Error: Not Found for url: https://api.axismyindia.in/v1/admin/surveyors/qc-service/surveyor-responses/319?page=1&size=200&startDate=2025-01-26&endDate=2025-01-27
2025-01-27 15:39:44,339 - __main__ - ERROR - Failed to fetch page 1 for capi_checklist_id 319 after 3 attempts.
2025-01-27 15:39:44,342 - __main__ - ERROR - No UIDs found for capi_checklist_id 319. Exiting fetchdata2.
2025-01-27 15:39:44,373 - __main__ - INFO - Fetching data for date range: 2025-01-26 to 2025-01-27
2025-01-27 15:39:44,373 - __main__ - INFO - Fetched 5 existing UIDs from the database.
2025-01-27 15:39:44,546 - __main__ - WARNING - Error fetching page 1 for capi_checklist_id 320 (attempt 1): 404 Client Error: Not Found for url: https://api.axismyindia.in/v1/admin/surveyors/qc-service/surveyor-responses/320?page=1&size=200&startDate=2025-01-26&endDate=2025-01-27
2025-01-27 15:39:48,788 - __main__ - WARNING - Error fetching page 1 for capi_checklist_id 320 (attempt 2): 404 Client Error: Not Found for url: https://api.axismyindia.in/v1/admin/surveyors/qc-service/surveyor-responses/320?page=1&size=200&startDate=2025-01-26&endDate=2025-01-27
2025-01-27 15:39:56,789 - __main__ - ERROR - Failed to fetch page 1 for capi_checklist_id 320 after 3 attempts.
2025-01-27 15:39:56,822 - __main__ - ERROR - No UIDs found for capi_checklist_id 320. Exiting fetchdata2.
2025-01-27 15:39:56,903 - __main__ - INFO - Fetching data for date range: 2025-01-26 to 2025-01-27
2025-01-27 15:39:56,986 - __main__ - INFO - Fetched 96 existing UIDs from the database.
2025-01-27 15:39:57,192 - __main__ - INFO - Fetched page 1 successfully with 8 responses .
2025-01-27 15:39:57,366 - __main__ - WARNING - Error fetching page 2 for capi_checklist_id 344 (attempt 1): 404 Client Error: Not Found for url: https://api.axismyindia.in/v1/admin/surveyors/qc-service/surveyor-responses/344?page=2&size=200&startDate=2025-01-26&endDate=2025-01-27
2025-01-27 15:40:01,525 - __main__ - WARNING - Error fetching page 2 for capi_checklist_id 344 (attempt 2): 404 Client Error: Not Found for url: https://api.axismyindia.in/v1/admin/surveyors/qc-service/surveyor-responses/344?page=2&size=200&startDate=2025-01-26&endDate=2025-01-27
2025-01-27 15:40:09,531 - __main__ - ERROR - Failed to fetch page 2 for capi_checklist_id 344 after 3 attempts.
2025-01-27 15:40:09,563 - __main__ - ERROR - No UIDs found for capi_checklist_id 344. Exiting fetchdata2.
2025-01-27 15:40:09,630 - __main__ - INFO - Fetching data for date range: 2025-01-26 to 2025-01-27
2025-01-27 15:40:09,659 - __main__ - INFO - Fetched 81 existing UIDs from the database.
2025-01-27 15:40:09,895 - __main__ - INFO - Fetched page 1 successfully with 12 responses .
2025-01-27 15:40:10,090 - __main__ - WARNING - Error fetching page 2 for capi_checklist_id 332 (attempt 1): 404 Client Error: Not Found for url: https://api.axismyindia.in/v1/admin/surveyors/qc-service/surveyor-responses/332?page=2&size=200&startDate=2025-01-26&endDate=2025-01-27
2025-01-27 15:40:14,431 - __main__ - WARNING - Error fetching page 2 for capi_checklist_id 332 (attempt 2): 503 Server Error: Service Unavailable for url: https://api.axismyindia.in/v1/admin/surveyors/qc-service/surveyor-responses/332?page=2&size=200&startDate=2025-01-26&endDate=2025-01-27
2025-01-27 15:40:22,437 - __main__ - ERROR - Failed to fetch page 2 for capi_checklist_id 332 after 3 attempts.
2025-01-27 15:40:22,458 - __main__ - ERROR - No UIDs found for capi_checklist_id 332. Exiting fetchdata2.
2025-01-27 15:40:22,489 - __main__ - INFO - Fetching data for date range: 2025-01-26 to 2025-01-27
2025-01-27 15:40:22,489 - __main__ - INFO - Fetched 10 existing UIDs from the database.
2025-01-27 15:40:22,728 - __main__ - WARNING - Error fetching page 1 for capi_checklist_id 335 (attempt 1): 503 Server Error: Service Unavailable for url: https://api.axismyindia.in/v1/admin/surveyors/qc-service/surveyor-responses/335?page=1&size=200&startDate=2025-01-26&endDate=2025-01-27
2025-01-27 15:40:26,913 - __main__ - WARNING - Error fetching page 1 for capi_checklist_id 335 (attempt 2): 503 Server Error: Service Unavailable for url: https://api.axismyindia.in/v1/admin/surveyors/qc-service/surveyor-responses/335?page=1&size=200&startDate=2025-01-26&endDate=2025-01-27
2025-01-27 15:40:34,919 - __main__ - ERROR - Failed to fetch page 1 for capi_checklist_id 335 after 3 attempts.
2025-01-27 15:40:34,945 - __main__ - ERROR - No UIDs found for capi_checklist_id 335. Exiting fetchdata2.
2025-01-27 15:40:35,010 - __main__ - INFO - Fetching data for date range: 2025-01-26 to 2025-01-27
2025-01-27 15:40:35,023 - __main__ - INFO - Fetched 27 existing UIDs from the database.
2025-01-27 15:40:35,466 - __main__ - INFO - Fetched page 1 successfully with 7 responses .
2025-01-27 15:40:35,640 - __main__ - WARNING - Error fetching page 2 for capi_checklist_id 325 (attempt 1): 404 Client Error: Not Found for url: https://api.axismyindia.in/v1/admin/surveyors/qc-service/surveyor-responses/325?page=2&size=200&startDate=2025-01-26&endDate=2025-01-27
2025-01-27 15:40:39,876 - __main__ - WARNING - Error fetching page 2 for capi_checklist_id 325 (attempt 2): 404 Client Error: Not Found for url: https://api.axismyindia.in/v1/admin/surveyors/qc-service/surveyor-responses/325?page=2&size=200&startDate=2025-01-26&endDate=2025-01-27
2025-01-27 15:40:47,888 - __main__ - ERROR - Failed to fetch page 2 for capi_checklist_id 325 after 3 attempts.
2025-01-27 15:40:47,918 - __main__ - ERROR - No UIDs found for capi_checklist_id 325. Exiting fetchdata2.
2025-01-27 15:40:48,028 - __main__ - INFO - Fetching data for date range: 2025-01-26 to 2025-01-27
2025-01-27 15:40:48,060 - __main__ - INFO - Fetched 209 existing UIDs from the database.
2025-01-27 15:40:48,296 - __main__ - INFO - Fetched page 1 successfully with 32 responses .
2025-01-27 15:40:48,486 - __main__ - WARNING - Error fetching page 2 for capi_checklist_id 347 (attempt 1): 404 Client Error: Not Found for url: https://api.axismyindia.in/v1/admin/surveyors/qc-service/surveyor-responses/347?page=2&size=200&startDate=2025-01-26&endDate=2025-01-27
2025-01-27 15:40:52,656 - __main__ - WARNING - Error fetching page 2 for capi_checklist_id 347 (attempt 2): 404 Client Error: Not Found for url: https://api.axismyindia.in/v1/admin/surveyors/qc-service/surveyor-responses/347?page=2&size=200&startDate=2025-01-26&endDate=2025-01-27
2025-01-27 15:41:00,670 - __main__ - ERROR - Failed to fetch page 2 for capi_checklist_id 347 after 3 attempts.
2025-01-27 15:41:00,706 - __main__ - ERROR - No UIDs found for capi_checklist_id 347. Exiting fetchdata2.
2025-01-27 15:41:00,778 - __main__ - INFO - Fetching data for date range: 2025-01-26 to 2025-01-27
2025-01-27 15:41:00,778 - __main__ - INFO - Fetched 11 existing UIDs from the database.
2025-01-27 15:41:01,046 - __main__ - INFO - Fetched page 1 successfully with 1 responses .
2025-01-27 15:41:01,220 - __main__ - WARNING - Error fetching page 2 for capi_checklist_id 382 (attempt 1): 404 Client Error: Not Found for url: https://api.axismyindia.in/v1/admin/surveyors/qc-service/surveyor-responses/382?page=2&size=200&startDate=2025-01-26&endDate=2025-01-27
2025-01-27 15:41:05,425 - __main__ - WARNING - Error fetching page 2 for capi_checklist_id 382 (attempt 2): 404 Client Error: Not Found for url: https://api.axismyindia.in/v1/admin/surveyors/qc-service/surveyor-responses/382?page=2&size=200&startDate=2025-01-26&endDate=2025-01-27
2025-01-27 15:41:13,427 - __main__ - ERROR - Failed to fetch page 2 for capi_checklist_id 382 after 3 attempts.
2025-01-27 15:41:13,490 - __main__ - ERROR - No UIDs found for capi_checklist_id 382. Exiting fetchdata2.
2025-01-27 15:41:13,604 - __main__ - INFO - Fetching data for date range: 2025-01-26 to 2025-01-27
2025-01-27 15:41:13,704 - __main__ - INFO - Fetched 38 existing UIDs from the database.
2025-01-27 15:41:13,980 - __main__ - WARNING - Error fetching page 1 for capi_checklist_id 339 (attempt 1): 404 Client Error: Not Found for url: https://api.axismyindia.in/v1/admin/surveyors/qc-service/surveyor-responses/339?page=1&size=200&startDate=2025-01-26&endDate=2025-01-27
2025-01-27 15:41:18,186 - __main__ - WARNING - Error fetching page 1 for capi_checklist_id 339 (attempt 2): 404 Client Error: Not Found for url: https://api.axismyindia.in/v1/admin/surveyors/qc-service/surveyor-responses/339?page=1&size=200&startDate=2025-01-26&endDate=2025-01-27
2025-01-27 15:41:26,190 - __main__ - ERROR - Failed to fetch page 1 for capi_checklist_id 339 after 3 attempts.
2025-01-27 15:41:26,205 - __main__ - ERROR - No UIDs found for capi_checklist_id 339. Exiting fetchdata2.
2025-01-27 15:41:26,268 - __main__ - INFO - Fetching data for date range: 2025-01-26 to 2025-01-27
2025-01-27 15:41:26,274 - __main__ - INFO - Fetched 1 existing UIDs from the database.
2025-01-27 15:41:26,456 - __main__ - WARNING - Error fetching page 1 for capi_checklist_id 334 (attempt 1): 404 Client Error: Not Found for url: https://api.axismyindia.in/v1/admin/surveyors/qc-service/surveyor-responses/334?page=1&size=200&startDate=2025-01-26&endDate=2025-01-27
2025-01-27 15:41:30,738 - __main__ - WARNING - Error fetching page 1 for capi_checklist_id 334 (attempt 2): 404 Client Error: Not Found for url: https://api.axismyindia.in/v1/admin/surveyors/qc-service/surveyor-responses/334?page=1&size=200&startDate=2025-01-26&endDate=2025-01-27
2025-01-27 15:41:38,781 - __main__ - ERROR - Failed to fetch page 1 for capi_checklist_id 334 after 3 attempts.
2025-01-27 15:41:39,167 - __main__ - ERROR - No UIDs found for capi_checklist_id 334. Exiting fetchdata2.
2025-01-27 15:41:39,342 - __main__ - INFO - Fetching data for date range: 2025-01-26 to 2025-01-27
2025-01-27 15:41:39,502 - __main__ - INFO - Fetched 6033 existing UIDs from the database.
2025-01-27 15:41:40,043 - __main__ - INFO - Fetched page 1 successfully with 80 responses .
2025-01-27 15:41:40,209 - __main__ - WARNING - Error fetching page 2 for capi_checklist_id 321 (attempt 1): 404 Client Error: Not Found for url: https://api.axismyindia.in/v1/admin/surveyors/qc-service/surveyor-responses/321?page=2&size=200&startDate=2025-01-26&endDate=2025-01-27
2025-01-27 15:41:44,381 - __main__ - WARNING - Error fetching page 2 for capi_checklist_id 321 (attempt 2): 404 Client Error: Not Found for url: https://api.axismyindia.in/v1/admin/surveyors/qc-service/surveyor-responses/321?page=2&size=200&startDate=2025-01-26&endDate=2025-01-27
2025-01-27 15:41:52,393 - __main__ - ERROR - Failed to fetch page 2 for capi_checklist_id 321 after 3 attempts.
2025-01-27 15:41:52,428 - __main__ - INFO - Fetched UIDs: defaultdict(<class 'list'>, {321: [15324, 15321, 15308, 15307]})
2025-01-27 15:41:52,726 - __main__ - INFO - Fetched data for UID 15324
2025-01-27 15:41:58,184 - __main__ - INFO - Fetched data for UID 15321
2025-01-27 15:42:01,423 - __main__ - INFO - Fetched data for UID 15308
2025-01-27 15:42:04,978 - __main__ - INFO - Fetched data for UID 15307
2025-01-28 12:04:55,573 - __main__ - INFO - Fetching data for date range: 2025-01-27 to 2025-01-28
2025-01-28 12:04:55,587 - __main__ - INFO - Fetched 0 existing UIDs from the database.
2025-01-28 12:04:55,753 - __main__ - WARNING - Error fetching page 1 for capi_checklist_id 400 (attempt 1): 404 Client Error: Not Found for url: https://api.axismyindia.in/v1/admin/surveyors/qc-service/surveyor-responses/400?page=1&size=500&startDate=2025-01-27&endDate=2025-01-28
2025-01-28 12:04:59,922 - __main__ - WARNING - Error fetching page 1 for capi_checklist_id 400 (attempt 2): 404 Client Error: Not Found for url: https://api.axismyindia.in/v1/admin/surveyors/qc-service/surveyor-responses/400?page=1&size=500&startDate=2025-01-27&endDate=2025-01-28
2025-01-28 12:05:07,930 - __main__ - ERROR - Failed to fetch page 1 for capi_checklist_id 400 after 3 attempts.
2025-01-28 12:05:07,943 - __main__ - ERROR - No UIDs found for capi_checklist_id 400. Exiting fetchdata2.
2025-01-28 12:05:07,963 - __main__ - INFO - Fetching data for date range: 2025-01-27 to 2025-01-28
2025-01-28 12:05:07,970 - __main__ - INFO - Fetched 11 existing UIDs from the database.
2025-01-28 12:05:08,141 - __main__ - INFO - Fetched page 1 successfully with 11 responses .
2025-01-28 12:05:08,291 - __main__ - WARNING - Error fetching page 2 for capi_checklist_id 354 (attempt 1): 404 Client Error: Not Found for url: https://api.axismyindia.in/v1/admin/surveyors/qc-service/surveyor-responses/354?page=2&size=500&startDate=2025-01-27&endDate=2025-01-28
2025-01-28 12:05:12,469 - __main__ - WARNING - Error fetching page 2 for capi_checklist_id 354 (attempt 2): 404 Client Error: Not Found for url: https://api.axismyindia.in/v1/admin/surveyors/qc-service/surveyor-responses/354?page=2&size=500&startDate=2025-01-27&endDate=2025-01-28
2025-01-28 12:05:20,474 - __main__ - ERROR - Failed to fetch page 2 for capi_checklist_id 354 after 3 attempts.
2025-01-28 12:05:20,476 - __main__ - INFO - Fetched UIDs: defaultdict(<class 'list'>, {354: [15553]})
2025-01-28 12:05:20,753 - __main__ - INFO - Fetched data for UID 15553
2025-01-28 12:05:24,205 - __main__ - INFO - Fetching data for date range: 2025-01-27 to 2025-01-28
2025-01-28 12:05:24,205 - __main__ - INFO - Fetched 7 existing UIDs from the database.
2025-01-28 12:05:24,370 - __main__ - INFO - Fetched page 1 successfully with 1 responses .
2025-01-28 12:05:24,551 - __main__ - WARNING - Error fetching page 2 for capi_checklist_id 329 (attempt 1): 404 Client Error: Not Found for url: https://api.axismyindia.in/v1/admin/surveyors/qc-service/surveyor-responses/329?page=2&size=500&startDate=2025-01-27&endDate=2025-01-28
2025-01-28 12:05:28,717 - __main__ - WARNING - Error fetching page 2 for capi_checklist_id 329 (attempt 2): 404 Client Error: Not Found for url: https://api.axismyindia.in/v1/admin/surveyors/qc-service/surveyor-responses/329?page=2&size=500&startDate=2025-01-27&endDate=2025-01-28
2025-01-28 12:05:36,719 - __main__ - ERROR - Failed to fetch page 2 for capi_checklist_id 329 after 3 attempts.
2025-01-28 12:05:36,719 - __main__ - ERROR - No UIDs found for capi_checklist_id 329. Exiting fetchdata2.
2025-01-28 12:05:36,719 - __main__ - INFO - Fetching data for date range: 2025-01-27 to 2025-01-28
2025-01-28 12:05:36,719 - __main__ - INFO - Fetched 2 existing UIDs from the database.
2025-01-28 12:05:37,105 - __main__ - WARNING - Error fetching page 1 for capi_checklist_id 346 (attempt 1): 404 Client Error: Not Found for url: https://api.axismyindia.in/v1/admin/surveyors/qc-service/surveyor-responses/346?page=1&size=500&startDate=2025-01-27&endDate=2025-01-28
2025-01-28 12:05:41,276 - __main__ - WARNING - Error fetching page 1 for capi_checklist_id 346 (attempt 2): 404 Client Error: Not Found for url: https://api.axismyindia.in/v1/admin/surveyors/qc-service/surveyor-responses/346?page=1&size=500&startDate=2025-01-27&endDate=2025-01-28
2025-01-28 12:05:49,279 - __main__ - ERROR - Failed to fetch page 1 for capi_checklist_id 346 after 3 attempts.
2025-01-28 12:05:49,279 - __main__ - ERROR - No UIDs found for capi_checklist_id 346. Exiting fetchdata2.
2025-01-28 12:05:49,279 - __main__ - INFO - Fetching data for date range: 2025-01-27 to 2025-01-28
2025-01-28 12:05:49,279 - __main__ - INFO - Fetched 1 existing UIDs from the database.
2025-01-28 12:05:49,436 - __main__ - WARNING - Error fetching page 1 for capi_checklist_id 331 (attempt 1): 404 Client Error: Not Found for url: https://api.axismyindia.in/v1/admin/surveyors/qc-service/surveyor-responses/331?page=1&size=500&startDate=2025-01-27&endDate=2025-01-28
2025-01-28 12:05:53,605 - __main__ - WARNING - Error fetching page 1 for capi_checklist_id 331 (attempt 2): 404 Client Error: Not Found for url: https://api.axismyindia.in/v1/admin/surveyors/qc-service/surveyor-responses/331?page=1&size=500&startDate=2025-01-27&endDate=2025-01-28
2025-01-28 12:06:01,615 - __main__ - ERROR - Failed to fetch page 1 for capi_checklist_id 331 after 3 attempts.
2025-01-28 12:06:01,616 - __main__ - ERROR - No UIDs found for capi_checklist_id 331. Exiting fetchdata2.
2025-01-28 12:06:01,618 - __main__ - INFO - Fetching data for date range: 2025-01-27 to 2025-01-28
2025-01-28 12:06:01,620 - __main__ - INFO - Fetched 4 existing UIDs from the database.
2025-01-28 12:06:01,800 - __main__ - WARNING - Error fetching page 1 for capi_checklist_id 337 (attempt 1): 404 Client Error: Not Found for url: https://api.axismyindia.in/v1/admin/surveyors/qc-service/surveyor-responses/337?page=1&size=500&startDate=2025-01-27&endDate=2025-01-28
2025-01-28 12:06:05,966 - __main__ - WARNING - Error fetching page 1 for capi_checklist_id 337 (attempt 2): 404 Client Error: Not Found for url: https://api.axismyindia.in/v1/admin/surveyors/qc-service/surveyor-responses/337?page=1&size=500&startDate=2025-01-27&endDate=2025-01-28
2025-01-28 12:06:13,968 - __main__ - ERROR - Failed to fetch page 1 for capi_checklist_id 337 after 3 attempts.
2025-01-28 12:06:13,973 - __main__ - ERROR - No UIDs found for capi_checklist_id 337. Exiting fetchdata2.
2025-01-28 12:06:13,989 - __main__ - INFO - Fetching data for date range: 2025-01-27 to 2025-01-28
2025-01-28 12:06:13,997 - __main__ - INFO - Fetched 44 existing UIDs from the database.
2025-01-28 12:06:14,171 - __main__ - INFO - Fetched page 1 successfully with 32 responses .
2025-01-28 12:06:14,337 - __main__ - WARNING - Error fetching page 2 for capi_checklist_id 349 (attempt 1): 404 Client Error: Not Found for url: https://api.axismyindia.in/v1/admin/surveyors/qc-service/surveyor-responses/349?page=2&size=500&startDate=2025-01-27&endDate=2025-01-28
2025-01-28 12:06:18,499 - __main__ - WARNING - Error fetching page 2 for capi_checklist_id 349 (attempt 2): 404 Client Error: Not Found for url: https://api.axismyindia.in/v1/admin/surveyors/qc-service/surveyor-responses/349?page=2&size=500&startDate=2025-01-27&endDate=2025-01-28
2025-01-28 12:06:26,514 - __main__ - ERROR - Failed to fetch page 2 for capi_checklist_id 349 after 3 attempts.
2025-01-28 12:06:26,517 - __main__ - ERROR - No UIDs found for capi_checklist_id 349. Exiting fetchdata2.
2025-01-28 12:06:26,519 - __main__ - INFO - Fetching data for date range: 2025-01-27 to 2025-01-28
2025-01-28 12:06:26,529 - __main__ - INFO - Fetched 54 existing UIDs from the database.
2025-01-28 12:06:26,707 - __main__ - INFO - Fetched page 1 successfully with 30 responses .
2025-01-28 12:06:26,870 - __main__ - WARNING - Error fetching page 2 for capi_checklist_id 343 (attempt 1): 404 Client Error: Not Found for url: https://api.axismyindia.in/v1/admin/surveyors/qc-service/surveyor-responses/343?page=2&size=500&startDate=2025-01-27&endDate=2025-01-28
2025-01-28 12:06:31,045 - __main__ - WARNING - Error fetching page 2 for capi_checklist_id 343 (attempt 2): 404 Client Error: Not Found for url: https://api.axismyindia.in/v1/admin/surveyors/qc-service/surveyor-responses/343?page=2&size=500&startDate=2025-01-27&endDate=2025-01-28
2025-01-28 12:06:39,050 - __main__ - ERROR - Failed to fetch page 2 for capi_checklist_id 343 after 3 attempts.
2025-01-28 12:06:39,054 - __main__ - ERROR - No UIDs found for capi_checklist_id 343. Exiting fetchdata2.
2025-01-28 12:06:39,070 - __main__ - INFO - Fetching data for date range: 2025-01-27 to 2025-01-28
2025-01-28 12:06:39,074 - __main__ - INFO - Fetched 73 existing UIDs from the database.
2025-01-28 12:06:39,254 - __main__ - INFO - Fetched page 1 successfully with 24 responses .
2025-01-28 12:06:39,767 - __main__ - WARNING - Error fetching page 2 for capi_checklist_id 340 (attempt 1): 404 Client Error: Not Found for url: https://api.axismyindia.in/v1/admin/surveyors/qc-service/surveyor-responses/340?page=2&size=500&startDate=2025-01-27&endDate=2025-01-28
2025-01-28 12:06:43,950 - __main__ - WARNING - Error fetching page 2 for capi_checklist_id 340 (attempt 2): 404 Client Error: Not Found for url: https://api.axismyindia.in/v1/admin/surveyors/qc-service/surveyor-responses/340?page=2&size=500&startDate=2025-01-27&endDate=2025-01-28
2025-01-28 12:06:51,952 - __main__ - ERROR - Failed to fetch page 2 for capi_checklist_id 340 after 3 attempts.
2025-01-28 12:06:51,952 - __main__ - ERROR - No UIDs found for capi_checklist_id 340. Exiting fetchdata2.
2025-01-28 12:06:51,955 - __main__ - INFO - Fetching data for date range: 2025-01-27 to 2025-01-28
2025-01-28 12:06:51,959 - __main__ - INFO - Fetched 107 existing UIDs from the database.
2025-01-28 12:06:52,138 - __main__ - INFO - Fetched page 1 successfully with 34 responses .
2025-01-28 12:06:52,289 - __main__ - WARNING - Error fetching page 2 for capi_checklist_id 341 (attempt 1): 404 Client Error: Not Found for url: https://api.axismyindia.in/v1/admin/surveyors/qc-service/surveyor-responses/341?page=2&size=500&startDate=2025-01-27&endDate=2025-01-28
2025-01-28 12:06:56,454 - __main__ - WARNING - Error fetching page 2 for capi_checklist_id 341 (attempt 2): 404 Client Error: Not Found for url: https://api.axismyindia.in/v1/admin/surveyors/qc-service/surveyor-responses/341?page=2&size=500&startDate=2025-01-27&endDate=2025-01-28
2025-01-28 12:07:04,460 - __main__ - ERROR - Failed to fetch page 2 for capi_checklist_id 341 after 3 attempts.
2025-01-28 12:07:04,469 - __main__ - INFO - Fetched UIDs: defaultdict(<class 'list'>, {341: [15545, 15540]})
2025-01-28 12:07:05,777 - __main__ - INFO - Fetched data for UID 15545
2025-01-28 12:07:10,256 - __main__ - INFO - Fetched data for UID 15540
2025-01-28 12:07:12,977 - __main__ - INFO - Fetching data for date range: 2025-01-27 to 2025-01-28
2025-01-28 12:07:12,983 - __main__ - INFO - Fetched 158 existing UIDs from the database.
2025-01-28 12:07:13,183 - __main__ - INFO - Fetched page 1 successfully with 47 responses .
2025-01-28 12:07:13,352 - __main__ - WARNING - Error fetching page 2 for capi_checklist_id 355 (attempt 1): 404 Client Error: Not Found for url: https://api.axismyindia.in/v1/admin/surveyors/qc-service/surveyor-responses/355?page=2&size=500&startDate=2025-01-27&endDate=2025-01-28
2025-01-28 12:07:17,523 - __main__ - WARNING - Error fetching page 2 for capi_checklist_id 355 (attempt 2): 404 Client Error: Not Found for url: https://api.axismyindia.in/v1/admin/surveyors/qc-service/surveyor-responses/355?page=2&size=500&startDate=2025-01-27&endDate=2025-01-28
2025-01-28 12:07:25,533 - __main__ - ERROR - Failed to fetch page 2 for capi_checklist_id 355 after 3 attempts.
2025-01-28 12:07:25,533 - __main__ - INFO - Fetched UIDs: defaultdict(<class 'list'>, {355: [15541]})
2025-01-28 12:07:26,672 - __main__ - INFO - Fetched data for UID 15541
2025-01-28 12:07:29,515 - __main__ - INFO - Fetching data for date range: 2025-01-27 to 2025-01-28
2025-01-28 12:07:29,519 - __main__ - INFO - Fetched 22 existing UIDs from the database.
2025-01-28 12:07:29,665 - __main__ - WARNING - Error fetching page 1 for capi_checklist_id 403 (attempt 1): 404 Client Error: Not Found for url: https://api.axismyindia.in/v1/admin/surveyors/qc-service/surveyor-responses/403?page=1&size=500&startDate=2025-01-27&endDate=2025-01-28
2025-01-28 12:07:33,837 - __main__ - WARNING - Error fetching page 1 for capi_checklist_id 403 (attempt 2): 404 Client Error: Not Found for url: https://api.axismyindia.in/v1/admin/surveyors/qc-service/surveyor-responses/403?page=1&size=500&startDate=2025-01-27&endDate=2025-01-28
2025-01-28 12:07:41,848 - __main__ - ERROR - Failed to fetch page 1 for capi_checklist_id 403 after 3 attempts.
2025-01-28 12:07:41,848 - __main__ - ERROR - No UIDs found for capi_checklist_id 403. Exiting fetchdata2.
2025-01-28 12:07:41,854 - __main__ - INFO - Fetching data for date range: 2025-01-27 to 2025-01-28
2025-01-28 12:07:41,854 - __main__ - INFO - Fetched 53 existing UIDs from the database.
2025-01-28 12:07:42,026 - __main__ - WARNING - Error fetching page 1 for capi_checklist_id 404 (attempt 1): 404 Client Error: Not Found for url: https://api.axismyindia.in/v1/admin/surveyors/qc-service/surveyor-responses/404?page=1&size=500&startDate=2025-01-27&endDate=2025-01-28
2025-01-28 12:07:46,221 - __main__ - WARNING - Error fetching page 1 for capi_checklist_id 404 (attempt 2): 404 Client Error: Not Found for url: https://api.axismyindia.in/v1/admin/surveyors/qc-service/surveyor-responses/404?page=1&size=500&startDate=2025-01-27&endDate=2025-01-28
2025-01-28 12:07:54,227 - __main__ - ERROR - Failed to fetch page 1 for capi_checklist_id 404 after 3 attempts.
2025-01-28 12:07:54,227 - __main__ - ERROR - No UIDs found for capi_checklist_id 404. Exiting fetchdata2.
2025-01-28 12:07:54,232 - __main__ - INFO - Fetching data for date range: 2025-01-27 to 2025-01-28
2025-01-28 12:07:54,232 - __main__ - INFO - Fetched 3 existing UIDs from the database.
2025-01-28 12:07:54,404 - __main__ - WARNING - Error fetching page 1 for capi_checklist_id 363 (attempt 1): 404 Client Error: Not Found for url: https://api.axismyindia.in/v1/admin/surveyors/qc-service/surveyor-responses/363?page=1&size=500&startDate=2025-01-27&endDate=2025-01-28
2025-01-28 12:07:58,554 - __main__ - WARNING - Error fetching page 1 for capi_checklist_id 363 (attempt 2): 404 Client Error: Not Found for url: https://api.axismyindia.in/v1/admin/surveyors/qc-service/surveyor-responses/363?page=1&size=500&startDate=2025-01-27&endDate=2025-01-28
2025-01-28 12:08:06,570 - __main__ - ERROR - Failed to fetch page 1 for capi_checklist_id 363 after 3 attempts.
2025-01-28 12:08:06,573 - __main__ - ERROR - No UIDs found for capi_checklist_id 363. Exiting fetchdata2.
2025-01-28 12:08:06,581 - __main__ - INFO - Fetching data for date range: 2025-01-27 to 2025-01-28
2025-01-28 12:08:06,581 - __main__ - INFO - Fetched 7 existing UIDs from the database.
2025-01-28 12:08:06,744 - __main__ - INFO - Fetched page 1 successfully with 1 responses .
2025-01-28 12:08:06,890 - __main__ - WARNING - Error fetching page 2 for capi_checklist_id 352 (attempt 1): 404 Client Error: Not Found for url: https://api.axismyindia.in/v1/admin/surveyors/qc-service/surveyor-responses/352?page=2&size=500&startDate=2025-01-27&endDate=2025-01-28
2025-01-28 12:08:11,069 - __main__ - WARNING - Error fetching page 2 for capi_checklist_id 352 (attempt 2): 404 Client Error: Not Found for url: https://api.axismyindia.in/v1/admin/surveyors/qc-service/surveyor-responses/352?page=2&size=500&startDate=2025-01-27&endDate=2025-01-28
2025-01-28 12:08:19,080 - __main__ - ERROR - Failed to fetch page 2 for capi_checklist_id 352 after 3 attempts.
2025-01-28 12:08:19,080 - __main__ - ERROR - No UIDs found for capi_checklist_id 352. Exiting fetchdata2.
2025-01-28 12:08:19,083 - __main__ - INFO - Fetching data for date range: 2025-01-27 to 2025-01-28
2025-01-28 12:08:19,083 - __main__ - INFO - Fetched 10 existing UIDs from the database.
2025-01-28 12:08:19,252 - __main__ - INFO - Fetched page 1 successfully with 8 responses .
2025-01-28 12:08:19,404 - __main__ - WARNING - Error fetching page 2 for capi_checklist_id 330 (attempt 1): 404 Client Error: Not Found for url: https://api.axismyindia.in/v1/admin/surveyors/qc-service/surveyor-responses/330?page=2&size=500&startDate=2025-01-27&endDate=2025-01-28
2025-01-28 12:08:23,589 - __main__ - WARNING - Error fetching page 2 for capi_checklist_id 330 (attempt 2): 404 Client Error: Not Found for url: https://api.axismyindia.in/v1/admin/surveyors/qc-service/surveyor-responses/330?page=2&size=500&startDate=2025-01-27&endDate=2025-01-28
2025-01-28 12:08:31,595 - __main__ - ERROR - Failed to fetch page 2 for capi_checklist_id 330 after 3 attempts.
2025-01-28 12:08:31,595 - __main__ - INFO - Fetched UIDs: defaultdict(<class 'list'>, {330: [15554]})
2025-01-28 12:08:31,961 - __main__ - INFO - Fetched data for UID 15554
2025-01-28 12:08:34,728 - __main__ - INFO - Fetching data for date range: 2025-01-27 to 2025-01-28
2025-01-28 12:08:34,732 - __main__ - INFO - Fetched 13 existing UIDs from the database.
2025-01-28 12:08:34,890 - __main__ - WARNING - Error fetching page 1 for capi_checklist_id 348 (attempt 1): 404 Client Error: Not Found for url: https://api.axismyindia.in/v1/admin/surveyors/qc-service/surveyor-responses/348?page=1&size=500&startDate=2025-01-27&endDate=2025-01-28
2025-01-28 12:08:39,045 - __main__ - WARNING - Error fetching page 1 for capi_checklist_id 348 (attempt 2): 404 Client Error: Not Found for url: https://api.axismyindia.in/v1/admin/surveyors/qc-service/surveyor-responses/348?page=1&size=500&startDate=2025-01-27&endDate=2025-01-28
2025-01-28 12:08:47,059 - __main__ - ERROR - Failed to fetch page 1 for capi_checklist_id 348 after 3 attempts.
2025-01-28 12:08:47,059 - __main__ - ERROR - No UIDs found for capi_checklist_id 348. Exiting fetchdata2.
2025-01-28 12:08:47,061 - __main__ - INFO - Fetching data for date range: 2025-01-27 to 2025-01-28
2025-01-28 12:08:47,061 - __main__ - INFO - Fetched 0 existing UIDs from the database.
2025-01-28 12:08:47,223 - __main__ - WARNING - Error fetching page 1 for capi_checklist_id 290 (attempt 1): 404 Client Error: Not Found for url: https://api.axismyindia.in/v1/admin/surveyors/qc-service/surveyor-responses/290?page=1&size=500&startDate=2025-01-27&endDate=2025-01-28
2025-01-28 12:08:51,384 - __main__ - WARNING - Error fetching page 1 for capi_checklist_id 290 (attempt 2): 404 Client Error: Not Found for url: https://api.axismyindia.in/v1/admin/surveyors/qc-service/surveyor-responses/290?page=1&size=500&startDate=2025-01-27&endDate=2025-01-28
2025-01-28 12:08:59,398 - __main__ - ERROR - Failed to fetch page 1 for capi_checklist_id 290 after 3 attempts.
2025-01-28 12:08:59,402 - __main__ - ERROR - No UIDs found for capi_checklist_id 290. Exiting fetchdata2.
2025-01-28 12:08:59,405 - __main__ - INFO - Fetching data for date range: 2025-01-27 to 2025-01-28
2025-01-28 12:08:59,414 - __main__ - INFO - Fetched 20 existing UIDs from the database.
2025-01-28 12:08:59,560 - __main__ - WARNING - Error fetching page 1 for capi_checklist_id 291 (attempt 1): 404 Client Error: Not Found for url: https://api.axismyindia.in/v1/admin/surveyors/qc-service/surveyor-responses/291?page=1&size=500&startDate=2025-01-27&endDate=2025-01-28
2025-01-28 12:09:03,748 - __main__ - WARNING - Error fetching page 1 for capi_checklist_id 291 (attempt 2): 404 Client Error: Not Found for url: https://api.axismyindia.in/v1/admin/surveyors/qc-service/surveyor-responses/291?page=1&size=500&startDate=2025-01-27&endDate=2025-01-28
2025-01-28 12:09:11,754 - __main__ - ERROR - Failed to fetch page 1 for capi_checklist_id 291 after 3 attempts.
2025-01-28 12:09:11,759 - __main__ - ERROR - No UIDs found for capi_checklist_id 291. Exiting fetchdata2.
2025-01-28 12:09:11,774 - __main__ - INFO - Fetching data for date range: 2025-01-27 to 2025-01-28
2025-01-28 12:09:11,791 - __main__ - INFO - Fetched 47 existing UIDs from the database.
2025-01-28 12:09:11,960 - __main__ - INFO - Fetched page 1 successfully with 12 responses .
2025-01-28 12:09:12,121 - __main__ - WARNING - Error fetching page 2 for capi_checklist_id 326 (attempt 1): 404 Client Error: Not Found for url: https://api.axismyindia.in/v1/admin/surveyors/qc-service/surveyor-responses/326?page=2&size=500&startDate=2025-01-27&endDate=2025-01-28
2025-01-28 12:09:16,285 - __main__ - WARNING - Error fetching page 2 for capi_checklist_id 326 (attempt 2): 404 Client Error: Not Found for url: https://api.axismyindia.in/v1/admin/surveyors/qc-service/surveyor-responses/326?page=2&size=500&startDate=2025-01-27&endDate=2025-01-28
2025-01-28 12:09:24,288 - __main__ - ERROR - Failed to fetch page 2 for capi_checklist_id 326 after 3 attempts.
2025-01-28 12:09:24,289 - __main__ - INFO - Fetched UIDs: defaultdict(<class 'list'>, {326: [15547]})
2025-01-28 12:09:24,585 - __main__ - INFO - Fetched data for UID 15547
2025-01-28 12:09:27,691 - __main__ - INFO - Fetching data for date range: 2025-01-27 to 2025-01-28
2025-01-28 12:09:27,691 - __main__ - INFO - Fetched 14 existing UIDs from the database.
2025-01-28 12:09:29,072 - __main__ - INFO - Fetched page 1 successfully with 2 responses .
2025-01-28 12:09:29,253 - __main__ - WARNING - Error fetching page 2 for capi_checklist_id 350 (attempt 1): 404 Client Error: Not Found for url: https://api.axismyindia.in/v1/admin/surveyors/qc-service/surveyor-responses/350?page=2&size=500&startDate=2025-01-27&endDate=2025-01-28
2025-01-28 12:09:33,425 - __main__ - WARNING - Error fetching page 2 for capi_checklist_id 350 (attempt 2): 404 Client Error: Not Found for url: https://api.axismyindia.in/v1/admin/surveyors/qc-service/surveyor-responses/350?page=2&size=500&startDate=2025-01-27&endDate=2025-01-28
2025-01-28 12:09:41,439 - __main__ - ERROR - Failed to fetch page 2 for capi_checklist_id 350 after 3 attempts.
2025-01-28 12:09:41,441 - __main__ - ERROR - No UIDs found for capi_checklist_id 350. Exiting fetchdata2.
2025-01-28 12:09:41,442 - __main__ - INFO - Fetching data for date range: 2025-01-27 to 2025-01-28
2025-01-28 12:09:41,460 - __main__ - INFO - Fetched 245 existing UIDs from the database.
2025-01-28 12:09:41,650 - __main__ - INFO - Fetched page 1 successfully with 67 responses .
2025-01-28 12:09:41,804 - __main__ - WARNING - Error fetching page 2 for capi_checklist_id 342 (attempt 1): 404 Client Error: Not Found for url: https://api.axismyindia.in/v1/admin/surveyors/qc-service/surveyor-responses/342?page=2&size=500&startDate=2025-01-27&endDate=2025-01-28
2025-01-28 12:09:45,975 - __main__ - WARNING - Error fetching page 2 for capi_checklist_id 342 (attempt 2): 404 Client Error: Not Found for url: https://api.axismyindia.in/v1/admin/surveyors/qc-service/surveyor-responses/342?page=2&size=500&startDate=2025-01-27&endDate=2025-01-28
2025-01-28 12:09:53,983 - __main__ - ERROR - Failed to fetch page 2 for capi_checklist_id 342 after 3 attempts.
2025-01-28 12:09:53,983 - __main__ - INFO - Fetched UIDs: defaultdict(<class 'list'>, {342: [15551]})
2025-01-28 12:09:54,767 - __main__ - INFO - Fetched data for UID 15551
2025-01-28 12:09:58,201 - __main__ - INFO - Fetching data for date range: 2025-01-27 to 2025-01-28
2025-01-28 12:09:58,204 - __main__ - INFO - Fetched 4 existing UIDs from the database.
2025-01-28 12:09:58,386 - __main__ - WARNING - Error fetching page 1 for capi_checklist_id 319 (attempt 1): 404 Client Error: Not Found for url: https://api.axismyindia.in/v1/admin/surveyors/qc-service/surveyor-responses/319?page=1&size=500&startDate=2025-01-27&endDate=2025-01-28
2025-01-28 12:10:02,541 - __main__ - WARNING - Error fetching page 1 for capi_checklist_id 319 (attempt 2): 404 Client Error: Not Found for url: https://api.axismyindia.in/v1/admin/surveyors/qc-service/surveyor-responses/319?page=1&size=500&startDate=2025-01-27&endDate=2025-01-28
2025-01-28 12:10:10,546 - __main__ - ERROR - Failed to fetch page 1 for capi_checklist_id 319 after 3 attempts.
2025-01-28 12:10:10,555 - __main__ - ERROR - No UIDs found for capi_checklist_id 319. Exiting fetchdata2.
2025-01-28 12:10:10,555 - __main__ - INFO - Fetching data for date range: 2025-01-27 to 2025-01-28
2025-01-28 12:10:10,555 - __main__ - INFO - Fetched 5 existing UIDs from the database.
2025-01-28 12:10:10,721 - __main__ - WARNING - Error fetching page 1 for capi_checklist_id 320 (attempt 1): 404 Client Error: Not Found for url: https://api.axismyindia.in/v1/admin/surveyors/qc-service/surveyor-responses/320?page=1&size=500&startDate=2025-01-27&endDate=2025-01-28
2025-01-28 12:10:14,901 - __main__ - WARNING - Error fetching page 1 for capi_checklist_id 320 (attempt 2): 404 Client Error: Not Found for url: https://api.axismyindia.in/v1/admin/surveyors/qc-service/surveyor-responses/320?page=1&size=500&startDate=2025-01-27&endDate=2025-01-28
2025-01-28 12:10:22,909 - __main__ - ERROR - Failed to fetch page 1 for capi_checklist_id 320 after 3 attempts.
2025-01-28 12:10:22,909 - __main__ - ERROR - No UIDs found for capi_checklist_id 320. Exiting fetchdata2.
2025-01-28 12:10:22,915 - __main__ - INFO - Fetching data for date range: 2025-01-27 to 2025-01-28
2025-01-28 12:10:22,936 - __main__ - INFO - Fetched 121 existing UIDs from the database.
2025-01-28 12:10:23,150 - __main__ - INFO - Fetched page 1 successfully with 34 responses .
2025-01-28 12:10:23,320 - __main__ - WARNING - Error fetching page 2 for capi_checklist_id 344 (attempt 1): 404 Client Error: Not Found for url: https://api.axismyindia.in/v1/admin/surveyors/qc-service/surveyor-responses/344?page=2&size=500&startDate=2025-01-27&endDate=2025-01-28
2025-01-28 12:10:27,513 - __main__ - WARNING - Error fetching page 2 for capi_checklist_id 344 (attempt 2): 404 Client Error: Not Found for url: https://api.axismyindia.in/v1/admin/surveyors/qc-service/surveyor-responses/344?page=2&size=500&startDate=2025-01-27&endDate=2025-01-28
2025-01-28 12:10:35,515 - __main__ - ERROR - Failed to fetch page 2 for capi_checklist_id 344 after 3 attempts.
2025-01-28 12:10:35,515 - __main__ - INFO - Fetched UIDs: defaultdict(<class 'list'>, {344: [15550]})
2025-01-28 12:10:36,677 - __main__ - INFO - Fetched data for UID 15550
2025-01-28 12:10:40,502 - __main__ - INFO - Fetching data for date range: 2025-01-27 to 2025-01-28
2025-01-28 12:10:40,511 - __main__ - INFO - Fetched 90 existing UIDs from the database.
2025-01-28 12:10:40,685 - __main__ - INFO - Fetched page 1 successfully with 15 responses .
2025-01-28 12:10:40,855 - __main__ - WARNING - Error fetching page 2 for capi_checklist_id 332 (attempt 1): 404 Client Error: Not Found for url: https://api.axismyindia.in/v1/admin/surveyors/qc-service/surveyor-responses/332?page=2&size=500&startDate=2025-01-27&endDate=2025-01-28
2025-01-28 12:10:45,011 - __main__ - WARNING - Error fetching page 2 for capi_checklist_id 332 (attempt 2): 404 Client Error: Not Found for url: https://api.axismyindia.in/v1/admin/surveyors/qc-service/surveyor-responses/332?page=2&size=500&startDate=2025-01-27&endDate=2025-01-28
2025-01-28 12:10:53,021 - __main__ - ERROR - Failed to fetch page 2 for capi_checklist_id 332 after 3 attempts.
2025-01-28 12:10:53,022 - __main__ - ERROR - No UIDs found for capi_checklist_id 332. Exiting fetchdata2.
2025-01-28 12:10:53,027 - __main__ - INFO - Fetching data for date range: 2025-01-27 to 2025-01-28
2025-01-28 12:10:53,027 - __main__ - INFO - Fetched 10 existing UIDs from the database.
2025-01-28 12:10:53,215 - __main__ - WARNING - Error fetching page 1 for capi_checklist_id 335 (attempt 1): 404 Client Error: Not Found for url: https://api.axismyindia.in/v1/admin/surveyors/qc-service/surveyor-responses/335?page=1&size=500&startDate=2025-01-27&endDate=2025-01-28
2025-01-28 12:10:57,373 - __main__ - WARNING - Error fetching page 1 for capi_checklist_id 335 (attempt 2): 404 Client Error: Not Found for url: https://api.axismyindia.in/v1/admin/surveyors/qc-service/surveyor-responses/335?page=1&size=500&startDate=2025-01-27&endDate=2025-01-28
2025-01-28 12:11:05,388 - __main__ - ERROR - Failed to fetch page 1 for capi_checklist_id 335 after 3 attempts.
2025-01-28 12:11:05,388 - __main__ - ERROR - No UIDs found for capi_checklist_id 335. Exiting fetchdata2.
2025-01-28 12:11:05,418 - __main__ - INFO - Fetching data for date range: 2025-01-27 to 2025-01-28
2025-01-28 12:11:05,434 - __main__ - INFO - Fetched 33 existing UIDs from the database.
2025-01-28 12:11:05,623 - __main__ - INFO - Fetched page 1 successfully with 13 responses .
2025-01-28 12:11:05,772 - __main__ - WARNING - Error fetching page 2 for capi_checklist_id 325 (attempt 1): 404 Client Error: Not Found for url: https://api.axismyindia.in/v1/admin/surveyors/qc-service/surveyor-responses/325?page=2&size=500&startDate=2025-01-27&endDate=2025-01-28
2025-01-28 12:11:09,955 - __main__ - WARNING - Error fetching page 2 for capi_checklist_id 325 (attempt 2): 404 Client Error: Not Found for url: https://api.axismyindia.in/v1/admin/surveyors/qc-service/surveyor-responses/325?page=2&size=500&startDate=2025-01-27&endDate=2025-01-28
2025-01-28 12:11:17,968 - __main__ - ERROR - Failed to fetch page 2 for capi_checklist_id 325 after 3 attempts.
2025-01-28 12:11:17,970 - __main__ - ERROR - No UIDs found for capi_checklist_id 325. Exiting fetchdata2.
2025-01-28 12:11:17,975 - __main__ - INFO - Fetching data for date range: 2025-01-27 to 2025-01-28
2025-01-28 12:11:17,984 - __main__ - INFO - Fetched 232 existing UIDs from the database.
2025-01-28 12:11:18,154 - __main__ - INFO - Fetched page 1 successfully with 55 responses .
2025-01-28 12:11:18,309 - __main__ - WARNING - Error fetching page 2 for capi_checklist_id 347 (attempt 1): 404 Client Error: Not Found for url: https://api.axismyindia.in/v1/admin/surveyors/qc-service/surveyor-responses/347?page=2&size=500&startDate=2025-01-27&endDate=2025-01-28
2025-01-28 12:11:22,477 - __main__ - WARNING - Error fetching page 2 for capi_checklist_id 347 (attempt 2): 404 Client Error: Not Found for url: https://api.axismyindia.in/v1/admin/surveyors/qc-service/surveyor-responses/347?page=2&size=500&startDate=2025-01-27&endDate=2025-01-28
2025-01-28 12:11:30,482 - __main__ - ERROR - Failed to fetch page 2 for capi_checklist_id 347 after 3 attempts.
2025-01-28 12:11:30,488 - __main__ - ERROR - No UIDs found for capi_checklist_id 347. Exiting fetchdata2.
2025-01-28 12:11:30,492 - __main__ - INFO - Fetching data for date range: 2025-01-27 to 2025-01-28
2025-01-28 12:11:30,495 - __main__ - INFO - Fetched 11 existing UIDs from the database.
2025-01-28 12:11:30,655 - __main__ - INFO - Fetched page 1 successfully with 1 responses .
2025-01-28 12:11:30,821 - __main__ - WARNING - Error fetching page 2 for capi_checklist_id 382 (attempt 1): 404 Client Error: Not Found for url: https://api.axismyindia.in/v1/admin/surveyors/qc-service/surveyor-responses/382?page=2&size=500&startDate=2025-01-27&endDate=2025-01-28
2025-01-28 12:11:34,996 - __main__ - WARNING - Error fetching page 2 for capi_checklist_id 382 (attempt 2): 404 Client Error: Not Found for url: https://api.axismyindia.in/v1/admin/surveyors/qc-service/surveyor-responses/382?page=2&size=500&startDate=2025-01-27&endDate=2025-01-28
2025-01-28 12:11:43,005 - __main__ - ERROR - Failed to fetch page 2 for capi_checklist_id 382 after 3 attempts.
2025-01-28 12:11:43,007 - __main__ - ERROR - No UIDs found for capi_checklist_id 382. Exiting fetchdata2.
2025-01-28 12:11:43,008 - __main__ - INFO - Fetching data for date range: 2025-01-27 to 2025-01-28
2025-01-28 12:11:43,017 - __main__ - INFO - Fetched 38 existing UIDs from the database.
2025-01-28 12:11:43,172 - __main__ - WARNING - Error fetching page 1 for capi_checklist_id 339 (attempt 1): 404 Client Error: Not Found for url: https://api.axismyindia.in/v1/admin/surveyors/qc-service/surveyor-responses/339?page=1&size=500&startDate=2025-01-27&endDate=2025-01-28
2025-01-28 12:11:47,339 - __main__ - WARNING - Error fetching page 1 for capi_checklist_id 339 (attempt 2): 404 Client Error: Not Found for url: https://api.axismyindia.in/v1/admin/surveyors/qc-service/surveyor-responses/339?page=1&size=500&startDate=2025-01-27&endDate=2025-01-28
2025-01-28 12:11:55,340 - __main__ - ERROR - Failed to fetch page 1 for capi_checklist_id 339 after 3 attempts.
2025-01-28 12:11:55,340 - __main__ - ERROR - No UIDs found for capi_checklist_id 339. Exiting fetchdata2.
2025-01-28 12:11:55,342 - __main__ - INFO - Fetching data for date range: 2025-01-27 to 2025-01-28
2025-01-28 12:11:55,342 - __main__ - INFO - Fetched 1 existing UIDs from the database.
2025-01-28 12:11:55,504 - __main__ - WARNING - Error fetching page 1 for capi_checklist_id 334 (attempt 1): 404 Client Error: Not Found for url: https://api.axismyindia.in/v1/admin/surveyors/qc-service/surveyor-responses/334?page=1&size=500&startDate=2025-01-27&endDate=2025-01-28
2025-01-28 12:11:59,676 - __main__ - WARNING - Error fetching page 1 for capi_checklist_id 334 (attempt 2): 404 Client Error: Not Found for url: https://api.axismyindia.in/v1/admin/surveyors/qc-service/surveyor-responses/334?page=1&size=500&startDate=2025-01-27&endDate=2025-01-28
2025-01-28 12:12:07,691 - __main__ - ERROR - Failed to fetch page 1 for capi_checklist_id 334 after 3 attempts.
2025-01-28 12:12:07,693 - __main__ - ERROR - No UIDs found for capi_checklist_id 334. Exiting fetchdata2.
2025-01-28 12:12:07,695 - __main__ - INFO - Fetching data for date range: 2025-01-27 to 2025-01-28
2025-01-28 12:12:07,762 - __main__ - INFO - Fetched 6071 existing UIDs from the database.
2025-01-28 12:12:07,996 - __main__ - INFO - Fetched page 1 successfully with 86 responses .
2025-01-28 12:12:08,380 - __main__ - WARNING - Error fetching page 2 for capi_checklist_id 321 (attempt 1): 404 Client Error: Not Found for url: https://api.axismyindia.in/v1/admin/surveyors/qc-service/surveyor-responses/321?page=2&size=500&startDate=2025-01-27&endDate=2025-01-28
2025-01-28 12:12:12,553 - __main__ - WARNING - Error fetching page 2 for capi_checklist_id 321 (attempt 2): 404 Client Error: Not Found for url: https://api.axismyindia.in/v1/admin/surveyors/qc-service/surveyor-responses/321?page=2&size=500&startDate=2025-01-27&endDate=2025-01-28
2025-01-28 12:12:20,554 - __main__ - ERROR - Failed to fetch page 2 for capi_checklist_id 321 after 3 attempts.
2025-01-28 12:12:20,554 - __main__ - INFO - Fetched UIDs: defaultdict(<class 'list'>, {321: [15552]})
2025-01-28 12:12:21,573 - __main__ - INFO - Fetched data for UID 15552
2025-01-28 13:04:55,272 - __main__ - INFO - Fetching data for date range: 2025-01-27 to 2025-01-28
2025-01-28 13:04:55,272 - __main__ - INFO - Fetched 0 existing UIDs from the database.
2025-01-28 13:04:55,445 - __main__ - WARNING - Error fetching page 1 for capi_checklist_id 400 (attempt 1): 404 Client Error: Not Found for url: https://api.axismyindia.in/v1/admin/surveyors/qc-service/surveyor-responses/400?page=1&size=500&startDate=2025-01-27&endDate=2025-01-28
2025-01-28 13:05:00,239 - __main__ - WARNING - Error fetching page 1 for capi_checklist_id 400 (attempt 2): 404 Client Error: Not Found for url: https://api.axismyindia.in/v1/admin/surveyors/qc-service/surveyor-responses/400?page=1&size=500&startDate=2025-01-27&endDate=2025-01-28
2025-01-28 13:05:08,256 - __main__ - ERROR - Failed to fetch page 1 for capi_checklist_id 400 after 3 attempts.
2025-01-28 13:05:08,266 - __main__ - ERROR - No UIDs found for capi_checklist_id 400. Exiting fetchdata2.
2025-01-28 13:05:08,293 - __main__ - INFO - Fetching data for date range: 2025-01-27 to 2025-01-28
2025-01-28 13:05:08,293 - __main__ - INFO - Fetched 21 existing UIDs from the database.
2025-01-28 13:05:08,483 - __main__ - INFO - Fetched page 1 successfully with 21 responses .
2025-01-28 13:05:08,671 - __main__ - WARNING - Error fetching page 2 for capi_checklist_id 354 (attempt 1): 404 Client Error: Not Found for url: https://api.axismyindia.in/v1/admin/surveyors/qc-service/surveyor-responses/354?page=2&size=500&startDate=2025-01-27&endDate=2025-01-28
2025-01-28 13:05:12,839 - __main__ - WARNING - Error fetching page 2 for capi_checklist_id 354 (attempt 2): 404 Client Error: Not Found for url: https://api.axismyindia.in/v1/admin/surveyors/qc-service/surveyor-responses/354?page=2&size=500&startDate=2025-01-27&endDate=2025-01-28
2025-01-28 13:05:20,843 - __main__ - ERROR - Failed to fetch page 2 for capi_checklist_id 354 after 3 attempts.
2025-01-28 13:05:20,846 - __main__ - INFO - Fetched UIDs: defaultdict(<class 'list'>, {354: [15644]})
2025-01-28 13:05:21,239 - __main__ - INFO - Fetched data for UID 15644
2025-01-28 13:05:23,442 - __main__ - INFO - Fetching data for date range: 2025-01-27 to 2025-01-28
2025-01-28 13:05:23,442 - __main__ - INFO - Fetched 7 existing UIDs from the database.
2025-01-28 13:05:23,615 - __main__ - INFO - Fetched page 1 successfully with 1 responses .
2025-01-28 13:05:23,818 - __main__ - WARNING - Error fetching page 2 for capi_checklist_id 329 (attempt 1): 404 Client Error: Not Found for url: https://api.axismyindia.in/v1/admin/surveyors/qc-service/surveyor-responses/329?page=2&size=500&startDate=2025-01-27&endDate=2025-01-28
2025-01-28 13:05:28,154 - __main__ - WARNING - Error fetching page 2 for capi_checklist_id 329 (attempt 2): 404 Client Error: Not Found for url: https://api.axismyindia.in/v1/admin/surveyors/qc-service/surveyor-responses/329?page=2&size=500&startDate=2025-01-27&endDate=2025-01-28
2025-01-28 13:05:36,155 - __main__ - ERROR - Failed to fetch page 2 for capi_checklist_id 329 after 3 attempts.
2025-01-28 13:05:36,155 - __main__ - ERROR - No UIDs found for capi_checklist_id 329. Exiting fetchdata2.
2025-01-28 13:05:36,158 - __main__ - INFO - Fetching data for date range: 2025-01-27 to 2025-01-28
2025-01-28 13:05:36,158 - __main__ - INFO - Fetched 2 existing UIDs from the database.
2025-01-28 13:05:36,322 - __main__ - WARNING - Error fetching page 1 for capi_checklist_id 346 (attempt 1): 404 Client Error: Not Found for url: https://api.axismyindia.in/v1/admin/surveyors/qc-service/surveyor-responses/346?page=1&size=500&startDate=2025-01-27&endDate=2025-01-28
2025-01-28 13:05:40,515 - __main__ - WARNING - Error fetching page 1 for capi_checklist_id 346 (attempt 2): 404 Client Error: Not Found for url: https://api.axismyindia.in/v1/admin/surveyors/qc-service/surveyor-responses/346?page=1&size=500&startDate=2025-01-27&endDate=2025-01-28
2025-01-28 13:05:48,518 - __main__ - ERROR - Failed to fetch page 1 for capi_checklist_id 346 after 3 attempts.
2025-01-28 13:05:48,543 - __main__ - ERROR - No UIDs found for capi_checklist_id 346. Exiting fetchdata2.
2025-01-28 13:05:48,597 - __main__ - INFO - Fetching data for date range: 2025-01-27 to 2025-01-28
2025-01-28 13:05:48,597 - __main__ - INFO - Fetched 1 existing UIDs from the database.
2025-01-28 13:05:48,818 - __main__ - WARNING - Error fetching page 1 for capi_checklist_id 331 (attempt 1): 404 Client Error: Not Found for url: https://api.axismyindia.in/v1/admin/surveyors/qc-service/surveyor-responses/331?page=1&size=500&startDate=2025-01-27&endDate=2025-01-28
2025-01-28 13:05:53,233 - __main__ - WARNING - Error fetching page 1 for capi_checklist_id 331 (attempt 2): 404 Client Error: Not Found for url: https://api.axismyindia.in/v1/admin/surveyors/qc-service/surveyor-responses/331?page=1&size=500&startDate=2025-01-27&endDate=2025-01-28
2025-01-28 13:06:01,243 - __main__ - ERROR - Failed to fetch page 1 for capi_checklist_id 331 after 3 attempts.
2025-01-28 13:06:01,245 - __main__ - ERROR - No UIDs found for capi_checklist_id 331. Exiting fetchdata2.
2025-01-28 13:06:01,246 - __main__ - INFO - Fetching data for date range: 2025-01-27 to 2025-01-28
2025-01-28 13:06:01,246 - __main__ - INFO - Fetched 4 existing UIDs from the database.
2025-01-28 13:06:01,785 - __main__ - WARNING - Error fetching page 1 for capi_checklist_id 337 (attempt 1): 404 Client Error: Not Found for url: https://api.axismyindia.in/v1/admin/surveyors/qc-service/surveyor-responses/337?page=1&size=500&startDate=2025-01-27&endDate=2025-01-28
2025-01-28 13:06:05,942 - __main__ - WARNING - Error fetching page 1 for capi_checklist_id 337 (attempt 2): 404 Client Error: Not Found for url: https://api.axismyindia.in/v1/admin/surveyors/qc-service/surveyor-responses/337?page=1&size=500&startDate=2025-01-27&endDate=2025-01-28
2025-01-28 13:06:13,951 - __main__ - ERROR - Failed to fetch page 1 for capi_checklist_id 337 after 3 attempts.
2025-01-28 13:06:13,955 - __main__ - ERROR - No UIDs found for capi_checklist_id 337. Exiting fetchdata2.
2025-01-28 13:06:13,955 - __main__ - INFO - Fetching data for date range: 2025-01-27 to 2025-01-28
2025-01-28 13:06:13,955 - __main__ - INFO - Fetched 44 existing UIDs from the database.
2025-01-28 13:06:14,144 - __main__ - INFO - Fetched page 1 successfully with 32 responses .
2025-01-28 13:06:14,317 - __main__ - WARNING - Error fetching page 2 for capi_checklist_id 349 (attempt 1): 404 Client Error: Not Found for url: https://api.axismyindia.in/v1/admin/surveyors/qc-service/surveyor-responses/349?page=2&size=500&startDate=2025-01-27&endDate=2025-01-28
2025-01-28 13:06:18,509 - __main__ - WARNING - Error fetching page 2 for capi_checklist_id 349 (attempt 2): 404 Client Error: Not Found for url: https://api.axismyindia.in/v1/admin/surveyors/qc-service/surveyor-responses/349?page=2&size=500&startDate=2025-01-27&endDate=2025-01-28
2025-01-28 13:06:26,511 - __main__ - ERROR - Failed to fetch page 2 for capi_checklist_id 349 after 3 attempts.
2025-01-28 13:06:26,511 - __main__ - ERROR - No UIDs found for capi_checklist_id 349. Exiting fetchdata2.
2025-01-28 13:06:26,516 - __main__ - INFO - Fetching data for date range: 2025-01-27 to 2025-01-28
2025-01-28 13:06:26,516 - __main__ - INFO - Fetched 56 existing UIDs from the database.
2025-01-28 13:06:26,694 - __main__ - INFO - Fetched page 1 successfully with 33 responses .
2025-01-28 13:06:26,851 - __main__ - WARNING - Error fetching page 2 for capi_checklist_id 343 (attempt 1): 404 Client Error: Not Found for url: https://api.axismyindia.in/v1/admin/surveyors/qc-service/surveyor-responses/343?page=2&size=500&startDate=2025-01-27&endDate=2025-01-28
2025-01-28 13:06:31,032 - __main__ - WARNING - Error fetching page 2 for capi_checklist_id 343 (attempt 2): 404 Client Error: Not Found for url: https://api.axismyindia.in/v1/admin/surveyors/qc-service/surveyor-responses/343?page=2&size=500&startDate=2025-01-27&endDate=2025-01-28
2025-01-28 13:06:39,046 - __main__ - ERROR - Failed to fetch page 2 for capi_checklist_id 343 after 3 attempts.
2025-01-28 13:06:39,046 - __main__ - INFO - Fetched UIDs: defaultdict(<class 'list'>, {343: [15642]})
2025-01-28 13:06:40,346 - __main__ - INFO - Fetched data for UID 15642
2025-01-28 13:06:43,771 - __main__ - INFO - Fetching data for date range: 2025-01-27 to 2025-01-28
2025-01-28 13:06:43,771 - __main__ - INFO - Fetched 79 existing UIDs from the database.
2025-01-28 13:06:43,960 - __main__ - INFO - Fetched page 1 successfully with 30 responses .
2025-01-28 13:06:44,133 - __main__ - WARNING - Error fetching page 2 for capi_checklist_id 340 (attempt 1): 404 Client Error: Not Found for url: https://api.axismyindia.in/v1/admin/surveyors/qc-service/surveyor-responses/340?page=2&size=500&startDate=2025-01-27&endDate=2025-01-28
2025-01-28 13:06:48,296 - __main__ - WARNING - Error fetching page 2 for capi_checklist_id 340 (attempt 2): 404 Client Error: Not Found for url: https://api.axismyindia.in/v1/admin/surveyors/qc-service/surveyor-responses/340?page=2&size=500&startDate=2025-01-27&endDate=2025-01-28
2025-01-28 13:06:56,300 - __main__ - ERROR - Failed to fetch page 2 for capi_checklist_id 340 after 3 attempts.
2025-01-28 13:06:56,300 - __main__ - ERROR - No UIDs found for capi_checklist_id 340. Exiting fetchdata2.
2025-01-28 13:06:56,306 - __main__ - INFO - Fetching data for date range: 2025-01-27 to 2025-01-28
2025-01-28 13:06:56,306 - __main__ - INFO - Fetched 118 existing UIDs from the database.
2025-01-28 13:06:56,494 - __main__ - INFO - Fetched page 1 successfully with 43 responses .
2025-01-28 13:06:56,667 - __main__ - WARNING - Error fetching page 2 for capi_checklist_id 341 (attempt 1): 404 Client Error: Not Found for url: https://api.axismyindia.in/v1/admin/surveyors/qc-service/surveyor-responses/341?page=2&size=500&startDate=2025-01-27&endDate=2025-01-28
2025-01-28 13:07:00,816 - __main__ - WARNING - Error fetching page 2 for capi_checklist_id 341 (attempt 2): 404 Client Error: Not Found for url: https://api.axismyindia.in/v1/admin/surveyors/qc-service/surveyor-responses/341?page=2&size=500&startDate=2025-01-27&endDate=2025-01-28
2025-01-28 13:07:08,828 - __main__ - ERROR - Failed to fetch page 2 for capi_checklist_id 341 after 3 attempts.
2025-01-28 13:07:08,843 - __main__ - ERROR - No UIDs found for capi_checklist_id 341. Exiting fetchdata2.
2025-01-28 13:07:08,859 - __main__ - INFO - Fetching data for date range: 2025-01-27 to 2025-01-28
2025-01-28 13:07:08,859 - __main__ - INFO - Fetched 163 existing UIDs from the database.
2025-01-28 13:07:09,088 - __main__ - INFO - Fetched page 1 successfully with 52 responses .
2025-01-28 13:07:09,254 - __main__ - WARNING - Error fetching page 2 for capi_checklist_id 355 (attempt 1): 404 Client Error: Not Found for url: https://api.axismyindia.in/v1/admin/surveyors/qc-service/surveyor-responses/355?page=2&size=500&startDate=2025-01-27&endDate=2025-01-28
2025-01-28 13:07:13,434 - __main__ - WARNING - Error fetching page 2 for capi_checklist_id 355 (attempt 2): 404 Client Error: Not Found for url: https://api.axismyindia.in/v1/admin/surveyors/qc-service/surveyor-responses/355?page=2&size=500&startDate=2025-01-27&endDate=2025-01-28
2025-01-28 13:07:21,442 - __main__ - ERROR - Failed to fetch page 2 for capi_checklist_id 355 after 3 attempts.
2025-01-28 13:07:21,442 - __main__ - INFO - Fetched UIDs: defaultdict(<class 'list'>, {355: [15643]})
2025-01-28 13:07:22,242 - __main__ - INFO - Fetched data for UID 15643
2025-01-28 13:07:24,574 - __main__ - INFO - Fetching data for date range: 2025-01-27 to 2025-01-28
2025-01-28 13:07:24,574 - __main__ - INFO - Fetched 22 existing UIDs from the database.
2025-01-28 13:07:24,731 - __main__ - WARNING - Error fetching page 1 for capi_checklist_id 403 (attempt 1): 404 Client Error: Not Found for url: https://api.axismyindia.in/v1/admin/surveyors/qc-service/surveyor-responses/403?page=1&size=500&startDate=2025-01-27&endDate=2025-01-28
2025-01-28 13:07:28,905 - __main__ - WARNING - Error fetching page 1 for capi_checklist_id 403 (attempt 2): 404 Client Error: Not Found for url: https://api.axismyindia.in/v1/admin/surveyors/qc-service/surveyor-responses/403?page=1&size=500&startDate=2025-01-27&endDate=2025-01-28
2025-01-28 13:07:36,907 - __main__ - ERROR - Failed to fetch page 1 for capi_checklist_id 403 after 3 attempts.
2025-01-28 13:07:36,909 - __main__ - ERROR - No UIDs found for capi_checklist_id 403. Exiting fetchdata2.
2025-01-28 13:07:36,909 - __main__ - INFO - Fetching data for date range: 2025-01-27 to 2025-01-28
2025-01-28 13:07:36,909 - __main__ - INFO - Fetched 53 existing UIDs from the database.
2025-01-28 13:07:37,440 - __main__ - WARNING - Error fetching page 1 for capi_checklist_id 404 (attempt 1): 404 Client Error: Not Found for url: https://api.axismyindia.in/v1/admin/surveyors/qc-service/surveyor-responses/404?page=1&size=500&startDate=2025-01-27&endDate=2025-01-28
2025-01-28 13:07:41,604 - __main__ - WARNING - Error fetching page 1 for capi_checklist_id 404 (attempt 2): 404 Client Error: Not Found for url: https://api.axismyindia.in/v1/admin/surveyors/qc-service/surveyor-responses/404?page=1&size=500&startDate=2025-01-27&endDate=2025-01-28
2025-01-28 13:07:49,619 - __main__ - ERROR - Failed to fetch page 1 for capi_checklist_id 404 after 3 attempts.
2025-01-28 13:07:49,624 - __main__ - ERROR - No UIDs found for capi_checklist_id 404. Exiting fetchdata2.
2025-01-28 13:07:49,624 - __main__ - INFO - Fetching data for date range: 2025-01-27 to 2025-01-28
2025-01-28 13:07:49,624 - __main__ - INFO - Fetched 3 existing UIDs from the database.
2025-01-28 13:07:49,793 - __main__ - WARNING - Error fetching page 1 for capi_checklist_id 363 (attempt 1): 404 Client Error: Not Found for url: https://api.axismyindia.in/v1/admin/surveyors/qc-service/surveyor-responses/363?page=1&size=500&startDate=2025-01-27&endDate=2025-01-28
2025-01-28 13:07:53,959 - __main__ - WARNING - Error fetching page 1 for capi_checklist_id 363 (attempt 2): 404 Client Error: Not Found for url: https://api.axismyindia.in/v1/admin/surveyors/qc-service/surveyor-responses/363?page=1&size=500&startDate=2025-01-27&endDate=2025-01-28
2025-01-28 13:08:01,970 - __main__ - ERROR - Failed to fetch page 1 for capi_checklist_id 363 after 3 attempts.
2025-01-28 13:08:01,977 - __main__ - ERROR - No UIDs found for capi_checklist_id 363. Exiting fetchdata2.
2025-01-28 13:08:01,986 - __main__ - INFO - Fetching data for date range: 2025-01-27 to 2025-01-28
2025-01-28 13:08:01,986 - __main__ - INFO - Fetched 7 existing UIDs from the database.
2025-01-28 13:08:02,174 - __main__ - INFO - Fetched page 1 successfully with 1 responses .
2025-01-28 13:08:02,316 - __main__ - WARNING - Error fetching page 2 for capi_checklist_id 352 (attempt 1): 404 Client Error: Not Found for url: https://api.axismyindia.in/v1/admin/surveyors/qc-service/surveyor-responses/352?page=2&size=500&startDate=2025-01-27&endDate=2025-01-28
2025-01-28 13:08:06,558 - __main__ - WARNING - Error fetching page 2 for capi_checklist_id 352 (attempt 2): 404 Client Error: Not Found for url: https://api.axismyindia.in/v1/admin/surveyors/qc-service/surveyor-responses/352?page=2&size=500&startDate=2025-01-27&endDate=2025-01-28
2025-01-28 13:08:14,568 - __main__ - ERROR - Failed to fetch page 2 for capi_checklist_id 352 after 3 attempts.
2025-01-28 13:08:14,576 - __main__ - ERROR - No UIDs found for capi_checklist_id 352. Exiting fetchdata2.
2025-01-28 13:08:14,576 - __main__ - INFO - Fetching data for date range: 2025-01-27 to 2025-01-28
2025-01-28 13:08:14,576 - __main__ - INFO - Fetched 12 existing UIDs from the database.
2025-01-28 13:08:14,760 - __main__ - INFO - Fetched page 1 successfully with 9 responses .
2025-01-28 13:08:14,917 - __main__ - WARNING - Error fetching page 2 for capi_checklist_id 330 (attempt 1): 404 Client Error: Not Found for url: https://api.axismyindia.in/v1/admin/surveyors/qc-service/surveyor-responses/330?page=2&size=500&startDate=2025-01-27&endDate=2025-01-28
2025-01-28 13:08:19,105 - __main__ - WARNING - Error fetching page 2 for capi_checklist_id 330 (attempt 2): 404 Client Error: Not Found for url: https://api.axismyindia.in/v1/admin/surveyors/qc-service/surveyor-responses/330?page=2&size=500&startDate=2025-01-27&endDate=2025-01-28
2025-01-28 13:08:27,108 - __main__ - ERROR - Failed to fetch page 2 for capi_checklist_id 330 after 3 attempts.
2025-01-28 13:08:27,108 - __main__ - ERROR - No UIDs found for capi_checklist_id 330. Exiting fetchdata2.
2025-01-28 13:08:27,111 - __main__ - INFO - Fetching data for date range: 2025-01-27 to 2025-01-28
2025-01-28 13:08:27,111 - __main__ - INFO - Fetched 13 existing UIDs from the database.
2025-01-28 13:08:27,281 - __main__ - WARNING - Error fetching page 1 for capi_checklist_id 348 (attempt 1): 404 Client Error: Not Found for url: https://api.axismyindia.in/v1/admin/surveyors/qc-service/surveyor-responses/348?page=1&size=500&startDate=2025-01-27&endDate=2025-01-28
2025-01-28 13:08:32,347 - __main__ - WARNING - Error fetching page 1 for capi_checklist_id 348 (attempt 2): 404 Client Error: Not Found for url: https://api.axismyindia.in/v1/admin/surveyors/qc-service/surveyor-responses/348?page=1&size=500&startDate=2025-01-27&endDate=2025-01-28
2025-01-28 13:08:40,358 - __main__ - ERROR - Failed to fetch page 1 for capi_checklist_id 348 after 3 attempts.
2025-01-28 13:08:40,358 - __main__ - ERROR - No UIDs found for capi_checklist_id 348. Exiting fetchdata2.
2025-01-28 13:08:40,367 - __main__ - INFO - Fetching data for date range: 2025-01-27 to 2025-01-28
2025-01-28 13:08:40,367 - __main__ - INFO - Fetched 0 existing UIDs from the database.
2025-01-28 13:08:40,539 - __main__ - WARNING - Error fetching page 1 for capi_checklist_id 290 (attempt 1): 404 Client Error: Not Found for url: https://api.axismyindia.in/v1/admin/surveyors/qc-service/surveyor-responses/290?page=1&size=500&startDate=2025-01-27&endDate=2025-01-28
2025-01-28 13:08:44,705 - __main__ - WARNING - Error fetching page 1 for capi_checklist_id 290 (attempt 2): 404 Client Error: Not Found for url: https://api.axismyindia.in/v1/admin/surveyors/qc-service/surveyor-responses/290?page=1&size=500&startDate=2025-01-27&endDate=2025-01-28
2025-01-28 13:08:52,718 - __main__ - ERROR - Failed to fetch page 1 for capi_checklist_id 290 after 3 attempts.
2025-01-28 13:08:52,724 - __main__ - ERROR - No UIDs found for capi_checklist_id 290. Exiting fetchdata2.
2025-01-28 13:08:52,737 - __main__ - INFO - Fetching data for date range: 2025-01-27 to 2025-01-28
2025-01-28 13:08:52,740 - __main__ - INFO - Fetched 20 existing UIDs from the database.
2025-01-28 13:08:53,841 - __main__ - WARNING - Error fetching page 1 for capi_checklist_id 291 (attempt 1): 404 Client Error: Not Found for url: https://api.axismyindia.in/v1/admin/surveyors/qc-service/surveyor-responses/291?page=1&size=500&startDate=2025-01-27&endDate=2025-01-28
2025-01-28 13:08:58,013 - __main__ - WARNING - Error fetching page 1 for capi_checklist_id 291 (attempt 2): 404 Client Error: Not Found for url: https://api.axismyindia.in/v1/admin/surveyors/qc-service/surveyor-responses/291?page=1&size=500&startDate=2025-01-27&endDate=2025-01-28
2025-01-28 13:09:06,018 - __main__ - ERROR - Failed to fetch page 1 for capi_checklist_id 291 after 3 attempts.
2025-01-28 13:09:06,024 - __main__ - ERROR - No UIDs found for capi_checklist_id 291. Exiting fetchdata2.
2025-01-28 13:09:06,030 - __main__ - INFO - Fetching data for date range: 2025-01-27 to 2025-01-28
2025-01-28 13:09:06,046 - __main__ - INFO - Fetched 49 existing UIDs from the database.
2025-01-28 13:09:06,235 - __main__ - INFO - Fetched page 1 successfully with 13 responses .
2025-01-28 13:09:06,408 - __main__ - WARNING - Error fetching page 2 for capi_checklist_id 326 (attempt 1): 404 Client Error: Not Found for url: https://api.axismyindia.in/v1/admin/surveyors/qc-service/surveyor-responses/326?page=2&size=500&startDate=2025-01-27&endDate=2025-01-28
2025-01-28 13:09:10,587 - __main__ - WARNING - Error fetching page 2 for capi_checklist_id 326 (attempt 2): 404 Client Error: Not Found for url: https://api.axismyindia.in/v1/admin/surveyors/qc-service/surveyor-responses/326?page=2&size=500&startDate=2025-01-27&endDate=2025-01-28
2025-01-28 13:09:18,600 - __main__ - ERROR - Failed to fetch page 2 for capi_checklist_id 326 after 3 attempts.
2025-01-28 13:09:18,625 - __main__ - ERROR - No UIDs found for capi_checklist_id 326. Exiting fetchdata2.
2025-01-28 13:09:18,663 - __main__ - INFO - Fetching data for date range: 2025-01-27 to 2025-01-28
2025-01-28 13:09:18,663 - __main__ - INFO - Fetched 14 existing UIDs from the database.
2025-01-28 13:09:19,952 - __main__ - INFO - Fetched page 1 successfully with 2 responses .
2025-01-28 13:09:20,156 - __main__ - WARNING - Error fetching page 2 for capi_checklist_id 350 (attempt 1): 404 Client Error: Not Found for url: https://api.axismyindia.in/v1/admin/surveyors/qc-service/surveyor-responses/350?page=2&size=500&startDate=2025-01-27&endDate=2025-01-28
2025-01-28 13:09:24,342 - __main__ - WARNING - Error fetching page 2 for capi_checklist_id 350 (attempt 2): 404 Client Error: Not Found for url: https://api.axismyindia.in/v1/admin/surveyors/qc-service/surveyor-responses/350?page=2&size=500&startDate=2025-01-27&endDate=2025-01-28
2025-01-28 13:09:32,343 - __main__ - ERROR - Failed to fetch page 2 for capi_checklist_id 350 after 3 attempts.
2025-01-28 13:09:32,343 - __main__ - ERROR - No UIDs found for capi_checklist_id 350. Exiting fetchdata2.
2025-01-28 13:09:32,346 - __main__ - INFO - Fetching data for date range: 2025-01-27 to 2025-01-28
2025-01-28 13:09:32,354 - __main__ - INFO - Fetched 261 existing UIDs from the database.
2025-01-28 13:09:32,550 - __main__ - INFO - Fetched page 1 successfully with 82 responses .
2025-01-28 13:09:32,715 - __main__ - WARNING - Error fetching page 2 for capi_checklist_id 342 (attempt 1): 404 Client Error: Not Found for url: https://api.axismyindia.in/v1/admin/surveyors/qc-service/surveyor-responses/342?page=2&size=500&startDate=2025-01-27&endDate=2025-01-28
2025-01-28 13:09:37,257 - __main__ - WARNING - Error fetching page 2 for capi_checklist_id 342 (attempt 2): 404 Client Error: Not Found for url: https://api.axismyindia.in/v1/admin/surveyors/qc-service/surveyor-responses/342?page=2&size=500&startDate=2025-01-27&endDate=2025-01-28
2025-01-28 13:09:45,263 - __main__ - ERROR - Failed to fetch page 2 for capi_checklist_id 342 after 3 attempts.
2025-01-28 13:09:45,263 - __main__ - ERROR - No UIDs found for capi_checklist_id 342. Exiting fetchdata2.
2025-01-28 13:09:45,267 - __main__ - INFO - Fetching data for date range: 2025-01-27 to 2025-01-28
2025-01-28 13:09:45,269 - __main__ - INFO - Fetched 4 existing UIDs from the database.
2025-01-28 13:09:45,426 - __main__ - WARNING - Error fetching page 1 for capi_checklist_id 319 (attempt 1): 404 Client Error: Not Found for url: https://api.axismyindia.in/v1/admin/surveyors/qc-service/surveyor-responses/319?page=1&size=500&startDate=2025-01-27&endDate=2025-01-28
2025-01-28 13:09:49,596 - __main__ - WARNING - Error fetching page 1 for capi_checklist_id 319 (attempt 2): 404 Client Error: Not Found for url: https://api.axismyindia.in/v1/admin/surveyors/qc-service/surveyor-responses/319?page=1&size=500&startDate=2025-01-27&endDate=2025-01-28
2025-01-28 13:09:57,601 - __main__ - ERROR - Failed to fetch page 1 for capi_checklist_id 319 after 3 attempts.
2025-01-28 13:09:57,601 - __main__ - ERROR - No UIDs found for capi_checklist_id 319. Exiting fetchdata2.
2025-01-28 13:09:57,601 - __main__ - INFO - Fetching data for date range: 2025-01-27 to 2025-01-28
2025-01-28 13:09:57,601 - __main__ - INFO - Fetched 5 existing UIDs from the database.
2025-01-28 13:09:57,786 - __main__ - WARNING - Error fetching page 1 for capi_checklist_id 320 (attempt 1): 404 Client Error: Not Found for url: https://api.axismyindia.in/v1/admin/surveyors/qc-service/surveyor-responses/320?page=1&size=500&startDate=2025-01-27&endDate=2025-01-28
2025-01-28 13:10:01,987 - __main__ - WARNING - Error fetching page 1 for capi_checklist_id 320 (attempt 2): 404 Client Error: Not Found for url: https://api.axismyindia.in/v1/admin/surveyors/qc-service/surveyor-responses/320?page=1&size=500&startDate=2025-01-27&endDate=2025-01-28
2025-01-28 13:10:09,991 - __main__ - ERROR - Failed to fetch page 1 for capi_checklist_id 320 after 3 attempts.
2025-01-28 13:10:09,998 - __main__ - ERROR - No UIDs found for capi_checklist_id 320. Exiting fetchdata2.
2025-01-28 13:10:10,021 - __main__ - INFO - Fetching data for date range: 2025-01-27 to 2025-01-28
2025-01-28 13:10:10,038 - __main__ - INFO - Fetched 126 existing UIDs from the database.
2025-01-28 13:10:10,231 - __main__ - INFO - Fetched page 1 successfully with 41 responses .
2025-01-28 13:10:10,416 - __main__ - WARNING - Error fetching page 2 for capi_checklist_id 344 (attempt 1): 404 Client Error: Not Found for url: https://api.axismyindia.in/v1/admin/surveyors/qc-service/surveyor-responses/344?page=2&size=500&startDate=2025-01-27&endDate=2025-01-28
2025-01-28 13:10:14,603 - __main__ - WARNING - Error fetching page 2 for capi_checklist_id 344 (attempt 2): 404 Client Error: Not Found for url: https://api.axismyindia.in/v1/admin/surveyors/qc-service/surveyor-responses/344?page=2&size=500&startDate=2025-01-27&endDate=2025-01-28
2025-01-28 13:10:22,609 - __main__ - ERROR - Failed to fetch page 2 for capi_checklist_id 344 after 3 attempts.
2025-01-28 13:10:22,609 - __main__ - INFO - Fetched UIDs: defaultdict(<class 'list'>, {344: [15648, 15646, 15645]})
2025-01-28 13:10:23,652 - __main__ - INFO - Fetched data for UID 15648
2025-01-28 13:10:28,132 - __main__ - INFO - Fetched data for UID 15646
2025-01-28 13:10:32,325 - __main__ - INFO - Fetched data for UID 15645
2025-01-28 13:10:35,225 - __main__ - INFO - Fetching data for date range: 2025-01-27 to 2025-01-28
2025-01-28 13:10:35,225 - __main__ - INFO - Fetched 93 existing UIDs from the database.
2025-01-28 13:10:35,414 - __main__ - INFO - Fetched page 1 successfully with 18 responses .
2025-01-28 13:10:35,574 - __main__ - WARNING - Error fetching page 2 for capi_checklist_id 332 (attempt 1): 404 Client Error: Not Found for url: https://api.axismyindia.in/v1/admin/surveyors/qc-service/surveyor-responses/332?page=2&size=500&startDate=2025-01-27&endDate=2025-01-28
2025-01-28 13:10:39,750 - __main__ - WARNING - Error fetching page 2 for capi_checklist_id 332 (attempt 2): 404 Client Error: Not Found for url: https://api.axismyindia.in/v1/admin/surveyors/qc-service/surveyor-responses/332?page=2&size=500&startDate=2025-01-27&endDate=2025-01-28
2025-01-28 13:10:47,757 - __main__ - ERROR - Failed to fetch page 2 for capi_checklist_id 332 after 3 attempts.
2025-01-28 13:10:47,782 - __main__ - ERROR - No UIDs found for capi_checklist_id 332. Exiting fetchdata2.
2025-01-28 13:10:47,827 - __main__ - INFO - Fetching data for date range: 2025-01-27 to 2025-01-28
2025-01-28 13:10:47,827 - __main__ - INFO - Fetched 10 existing UIDs from the database.
2025-01-28 13:10:48,016 - __main__ - WARNING - Error fetching page 1 for capi_checklist_id 335 (attempt 1): 404 Client Error: Not Found for url: https://api.axismyindia.in/v1/admin/surveyors/qc-service/surveyor-responses/335?page=1&size=500&startDate=2025-01-27&endDate=2025-01-28
2025-01-28 13:10:52,187 - __main__ - WARNING - Error fetching page 1 for capi_checklist_id 335 (attempt 2): 404 Client Error: Not Found for url: https://api.axismyindia.in/v1/admin/surveyors/qc-service/surveyor-responses/335?page=1&size=500&startDate=2025-01-27&endDate=2025-01-28
2025-01-28 13:11:00,194 - __main__ - ERROR - Failed to fetch page 1 for capi_checklist_id 335 after 3 attempts.
2025-01-28 13:11:00,194 - __main__ - ERROR - No UIDs found for capi_checklist_id 335. Exiting fetchdata2.
2025-01-28 13:11:00,198 - __main__ - INFO - Fetching data for date range: 2025-01-27 to 2025-01-28
2025-01-28 13:11:00,202 - __main__ - INFO - Fetched 33 existing UIDs from the database.
2025-01-28 13:11:00,406 - __main__ - INFO - Fetched page 1 successfully with 13 responses .
2025-01-28 13:11:00,578 - __main__ - WARNING - Error fetching page 2 for capi_checklist_id 325 (attempt 1): 404 Client Error: Not Found for url: https://api.axismyindia.in/v1/admin/surveyors/qc-service/surveyor-responses/325?page=2&size=500&startDate=2025-01-27&endDate=2025-01-28
2025-01-28 13:11:04,763 - __main__ - WARNING - Error fetching page 2 for capi_checklist_id 325 (attempt 2): 404 Client Error: Not Found for url: https://api.axismyindia.in/v1/admin/surveyors/qc-service/surveyor-responses/325?page=2&size=500&startDate=2025-01-27&endDate=2025-01-28
2025-01-28 13:11:12,767 - __main__ - ERROR - Failed to fetch page 2 for capi_checklist_id 325 after 3 attempts.
2025-01-28 13:11:12,767 - __main__ - ERROR - No UIDs found for capi_checklist_id 325. Exiting fetchdata2.
2025-01-28 13:11:12,780 - __main__ - INFO - Fetching data for date range: 2025-01-27 to 2025-01-28
2025-01-28 13:11:12,794 - __main__ - INFO - Fetched 238 existing UIDs from the database.
2025-01-28 13:11:12,983 - __main__ - INFO - Fetched page 1 successfully with 61 responses .
2025-01-28 13:11:13,140 - __main__ - WARNING - Error fetching page 2 for capi_checklist_id 347 (attempt 1): 404 Client Error: Not Found for url: https://api.axismyindia.in/v1/admin/surveyors/qc-service/surveyor-responses/347?page=2&size=500&startDate=2025-01-27&endDate=2025-01-28
2025-01-28 13:11:17,311 - __main__ - WARNING - Error fetching page 2 for capi_checklist_id 347 (attempt 2): 404 Client Error: Not Found for url: https://api.axismyindia.in/v1/admin/surveyors/qc-service/surveyor-responses/347?page=2&size=500&startDate=2025-01-27&endDate=2025-01-28
2025-01-28 13:11:25,317 - __main__ - ERROR - Failed to fetch page 2 for capi_checklist_id 347 after 3 attempts.
2025-01-28 13:11:25,317 - __main__ - ERROR - No UIDs found for capi_checklist_id 347. Exiting fetchdata2.
2025-01-28 13:11:25,317 - __main__ - INFO - Fetching data for date range: 2025-01-27 to 2025-01-28
2025-01-28 13:11:25,317 - __main__ - INFO - Fetched 11 existing UIDs from the database.
2025-01-28 13:11:25,486 - __main__ - INFO - Fetched page 1 successfully with 1 responses .
2025-01-28 13:11:25,645 - __main__ - WARNING - Error fetching page 2 for capi_checklist_id 382 (attempt 1): 404 Client Error: Not Found for url: https://api.axismyindia.in/v1/admin/surveyors/qc-service/surveyor-responses/382?page=2&size=500&startDate=2025-01-27&endDate=2025-01-28
2025-01-28 13:11:29,825 - __main__ - WARNING - Error fetching page 2 for capi_checklist_id 382 (attempt 2): 404 Client Error: Not Found for url: https://api.axismyindia.in/v1/admin/surveyors/qc-service/surveyor-responses/382?page=2&size=500&startDate=2025-01-27&endDate=2025-01-28
2025-01-28 13:11:37,828 - __main__ - ERROR - Failed to fetch page 2 for capi_checklist_id 382 after 3 attempts.
2025-01-28 13:11:37,828 - __main__ - ERROR - No UIDs found for capi_checklist_id 382. Exiting fetchdata2.
2025-01-28 13:11:37,828 - __main__ - INFO - Fetching data for date range: 2025-01-27 to 2025-01-28
2025-01-28 13:11:37,828 - __main__ - INFO - Fetched 38 existing UIDs from the database.
2025-01-28 13:11:38,028 - __main__ - WARNING - Error fetching page 1 for capi_checklist_id 339 (attempt 1): 404 Client Error: Not Found for url: https://api.axismyindia.in/v1/admin/surveyors/qc-service/surveyor-responses/339?page=1&size=500&startDate=2025-01-27&endDate=2025-01-28
2025-01-28 13:11:42,217 - __main__ - WARNING - Error fetching page 1 for capi_checklist_id 339 (attempt 2): 404 Client Error: Not Found for url: https://api.axismyindia.in/v1/admin/surveyors/qc-service/surveyor-responses/339?page=1&size=500&startDate=2025-01-27&endDate=2025-01-28
2025-01-28 13:11:50,220 - __main__ - ERROR - Failed to fetch page 1 for capi_checklist_id 339 after 3 attempts.
2025-01-28 13:11:50,227 - __main__ - ERROR - No UIDs found for capi_checklist_id 339. Exiting fetchdata2.
2025-01-28 13:11:50,227 - __main__ - INFO - Fetching data for date range: 2025-01-27 to 2025-01-28
2025-01-28 13:11:50,229 - __main__ - INFO - Fetched 1 existing UIDs from the database.
2025-01-28 13:11:50,400 - __main__ - WARNING - Error fetching page 1 for capi_checklist_id 334 (attempt 1): 404 Client Error: Not Found for url: https://api.axismyindia.in/v1/admin/surveyors/qc-service/surveyor-responses/334?page=1&size=500&startDate=2025-01-27&endDate=2025-01-28
2025-01-28 13:11:54,561 - __main__ - WARNING - Error fetching page 1 for capi_checklist_id 334 (attempt 2): 404 Client Error: Not Found for url: https://api.axismyindia.in/v1/admin/surveyors/qc-service/surveyor-responses/334?page=1&size=500&startDate=2025-01-27&endDate=2025-01-28
2025-01-28 13:12:02,574 - __main__ - ERROR - Failed to fetch page 1 for capi_checklist_id 334 after 3 attempts.
2025-01-28 13:12:02,574 - __main__ - ERROR - No UIDs found for capi_checklist_id 334. Exiting fetchdata2.
2025-01-28 13:12:02,622 - __main__ - INFO - Fetching data for date range: 2025-01-27 to 2025-01-28
2025-01-28 13:12:02,672 - __main__ - INFO - Fetched 6078 existing UIDs from the database.
2025-01-28 13:12:02,906 - __main__ - INFO - Fetched page 1 successfully with 92 responses .
2025-01-28 13:12:03,064 - __main__ - WARNING - Error fetching page 2 for capi_checklist_id 321 (attempt 1): 404 Client Error: Not Found for url: https://api.axismyindia.in/v1/admin/surveyors/qc-service/surveyor-responses/321?page=2&size=500&startDate=2025-01-27&endDate=2025-01-28
2025-01-28 13:12:07,243 - __main__ - WARNING - Error fetching page 2 for capi_checklist_id 321 (attempt 2): 404 Client Error: Not Found for url: https://api.axismyindia.in/v1/admin/surveyors/qc-service/surveyor-responses/321?page=2&size=500&startDate=2025-01-27&endDate=2025-01-28
2025-01-28 13:12:15,259 - __main__ - ERROR - Failed to fetch page 2 for capi_checklist_id 321 after 3 attempts.
2025-01-28 13:12:15,259 - __main__ - ERROR - No UIDs found for capi_checklist_id 321. Exiting fetchdata2.
2025-01-28 14:04:55,362 - __main__ - INFO - Fetching data for date range: 2025-01-27 to 2025-01-28
2025-01-28 14:04:55,378 - __main__ - INFO - Fetched 0 existing UIDs from the database.
2025-01-28 14:04:55,568 - __main__ - WARNING - Error fetching page 1 for capi_checklist_id 400 (attempt 1): 404 Client Error: Not Found for url: https://api.axismyindia.in/v1/admin/surveyors/qc-service/surveyor-responses/400?page=1&size=500&startDate=2025-01-27&endDate=2025-01-28
2025-01-28 14:05:00,128 - __main__ - WARNING - Error fetching page 1 for capi_checklist_id 400 (attempt 2): 404 Client Error: Not Found for url: https://api.axismyindia.in/v1/admin/surveyors/qc-service/surveyor-responses/400?page=1&size=500&startDate=2025-01-27&endDate=2025-01-28
2025-01-28 14:05:08,131 - __main__ - ERROR - Failed to fetch page 1 for capi_checklist_id 400 after 3 attempts.
2025-01-28 14:05:08,186 - __main__ - ERROR - No UIDs found for capi_checklist_id 400. Exiting fetchdata2.
2025-01-28 14:05:08,312 - __main__ - INFO - Fetching data for date range: 2025-01-27 to 2025-01-28
2025-01-28 14:05:08,327 - __main__ - INFO - Fetched 23 existing UIDs from the database.
2025-01-28 14:05:08,531 - __main__ - INFO - Fetched page 1 successfully with 22 responses .
2025-01-28 14:05:08,703 - __main__ - WARNING - Error fetching page 2 for capi_checklist_id 354 (attempt 1): 404 Client Error: Not Found for url: https://api.axismyindia.in/v1/admin/surveyors/qc-service/surveyor-responses/354?page=2&size=500&startDate=2025-01-27&endDate=2025-01-28
2025-01-28 14:05:13,527 - __main__ - WARNING - Error fetching page 2 for capi_checklist_id 354 (attempt 2): 404 Client Error: Not Found for url: https://api.axismyindia.in/v1/admin/surveyors/qc-service/surveyor-responses/354?page=2&size=500&startDate=2025-01-27&endDate=2025-01-28
2025-01-28 14:05:21,528 - __main__ - ERROR - Failed to fetch page 2 for capi_checklist_id 354 after 3 attempts.
2025-01-28 14:05:21,541 - __main__ - ERROR - No UIDs found for capi_checklist_id 354. Exiting fetchdata2.
2025-01-28 14:05:21,574 - __main__ - INFO - Fetching data for date range: 2025-01-27 to 2025-01-28
2025-01-28 14:05:21,574 - __main__ - INFO - Fetched 7 existing UIDs from the database.
2025-01-28 14:05:21,761 - __main__ - INFO - Fetched page 1 successfully with 1 responses .
2025-01-28 14:05:21,918 - __main__ - WARNING - Error fetching page 2 for capi_checklist_id 329 (attempt 1): 404 Client Error: Not Found for url: https://api.axismyindia.in/v1/admin/surveyors/qc-service/surveyor-responses/329?page=2&size=500&startDate=2025-01-27&endDate=2025-01-28
2025-01-28 14:05:26,087 - __main__ - WARNING - Error fetching page 2 for capi_checklist_id 329 (attempt 2): 404 Client Error: Not Found for url: https://api.axismyindia.in/v1/admin/surveyors/qc-service/surveyor-responses/329?page=2&size=500&startDate=2025-01-27&endDate=2025-01-28
2025-01-28 14:05:34,094 - __main__ - ERROR - Failed to fetch page 2 for capi_checklist_id 329 after 3 attempts.
2025-01-28 14:05:34,115 - __main__ - ERROR - No UIDs found for capi_checklist_id 329. Exiting fetchdata2.
2025-01-28 14:05:34,146 - __main__ - INFO - Fetching data for date range: 2025-01-27 to 2025-01-28
2025-01-28 14:05:34,157 - __main__ - INFO - Fetched 2 existing UIDs from the database.
2025-01-28 14:05:34,345 - __main__ - WARNING - Error fetching page 1 for capi_checklist_id 346 (attempt 1): 404 Client Error: Not Found for url: https://api.axismyindia.in/v1/admin/surveyors/qc-service/surveyor-responses/346?page=1&size=500&startDate=2025-01-27&endDate=2025-01-28
2025-01-28 14:05:38,517 - __main__ - WARNING - Error fetching page 1 for capi_checklist_id 346 (attempt 2): 404 Client Error: Not Found for url: https://api.axismyindia.in/v1/admin/surveyors/qc-service/surveyor-responses/346?page=1&size=500&startDate=2025-01-27&endDate=2025-01-28
2025-01-28 14:05:46,529 - __main__ - ERROR - Failed to fetch page 1 for capi_checklist_id 346 after 3 attempts.
2025-01-28 14:05:46,561 - __main__ - ERROR - No UIDs found for capi_checklist_id 346. Exiting fetchdata2.
2025-01-28 14:05:46,623 - __main__ - INFO - Fetching data for date range: 2025-01-27 to 2025-01-28
2025-01-28 14:05:46,623 - __main__ - INFO - Fetched 1 existing UIDs from the database.
2025-01-28 14:05:46,874 - __main__ - WARNING - Error fetching page 1 for capi_checklist_id 331 (attempt 1): 404 Client Error: Not Found for url: https://api.axismyindia.in/v1/admin/surveyors/qc-service/surveyor-responses/331?page=1&size=500&startDate=2025-01-27&endDate=2025-01-28
2025-01-28 14:05:51,068 - __main__ - WARNING - Error fetching page 1 for capi_checklist_id 331 (attempt 2): 404 Client Error: Not Found for url: https://api.axismyindia.in/v1/admin/surveyors/qc-service/surveyor-responses/331?page=1&size=500&startDate=2025-01-27&endDate=2025-01-28
2025-01-28 14:05:59,074 - __main__ - ERROR - Failed to fetch page 1 for capi_checklist_id 331 after 3 attempts.
2025-01-28 14:05:59,074 - __main__ - ERROR - No UIDs found for capi_checklist_id 331. Exiting fetchdata2.
2025-01-28 14:05:59,080 - __main__ - INFO - Fetching data for date range: 2025-01-27 to 2025-01-28
2025-01-28 14:05:59,096 - __main__ - INFO - Fetched 4 existing UIDs from the database.
2025-01-28 14:05:59,269 - __main__ - WARNING - Error fetching page 1 for capi_checklist_id 337 (attempt 1): 404 Client Error: Not Found for url: https://api.axismyindia.in/v1/admin/surveyors/qc-service/surveyor-responses/337?page=1&size=500&startDate=2025-01-27&endDate=2025-01-28
2025-01-28 14:06:03,453 - __main__ - WARNING - Error fetching page 1 for capi_checklist_id 337 (attempt 2): 404 Client Error: Not Found for url: https://api.axismyindia.in/v1/admin/surveyors/qc-service/surveyor-responses/337?page=1&size=500&startDate=2025-01-27&endDate=2025-01-28
2025-01-28 14:06:11,455 - __main__ - ERROR - Failed to fetch page 1 for capi_checklist_id 337 after 3 attempts.
2025-01-28 14:06:11,486 - __main__ - ERROR - No UIDs found for capi_checklist_id 337. Exiting fetchdata2.
2025-01-28 14:06:11,533 - __main__ - INFO - Fetching data for date range: 2025-01-27 to 2025-01-28
2025-01-28 14:06:11,549 - __main__ - INFO - Fetched 44 existing UIDs from the database.
2025-01-28 14:06:11,743 - __main__ - INFO - Fetched page 1 successfully with 32 responses .
2025-01-28 14:06:11,912 - __main__ - WARNING - Error fetching page 2 for capi_checklist_id 349 (attempt 1): 404 Client Error: Not Found for url: https://api.axismyindia.in/v1/admin/surveyors/qc-service/surveyor-responses/349?page=2&size=500&startDate=2025-01-27&endDate=2025-01-28
2025-01-28 14:06:16,089 - __main__ - WARNING - Error fetching page 2 for capi_checklist_id 349 (attempt 2): 404 Client Error: Not Found for url: https://api.axismyindia.in/v1/admin/surveyors/qc-service/surveyor-responses/349?page=2&size=500&startDate=2025-01-27&endDate=2025-01-28
2025-01-28 14:06:24,092 - __main__ - ERROR - Failed to fetch page 2 for capi_checklist_id 349 after 3 attempts.
2025-01-28 14:06:24,099 - __main__ - ERROR - No UIDs found for capi_checklist_id 349. Exiting fetchdata2.
2025-01-28 14:06:24,115 - __main__ - INFO - Fetching data for date range: 2025-01-27 to 2025-01-28
2025-01-28 14:06:24,130 - __main__ - INFO - Fetched 61 existing UIDs from the database.
2025-01-28 14:06:24,325 - __main__ - INFO - Fetched page 1 successfully with 37 responses .
2025-01-28 14:06:24,728 - __main__ - WARNING - Error fetching page 2 for capi_checklist_id 343 (attempt 1): 404 Client Error: Not Found for url: https://api.axismyindia.in/v1/admin/surveyors/qc-service/surveyor-responses/343?page=2&size=500&startDate=2025-01-27&endDate=2025-01-28
2025-01-28 14:06:29,196 - __main__ - WARNING - Error fetching page 2 for capi_checklist_id 343 (attempt 2): 404 Client Error: Not Found for url: https://api.axismyindia.in/v1/admin/surveyors/qc-service/surveyor-responses/343?page=2&size=500&startDate=2025-01-27&endDate=2025-01-28
2025-01-28 14:06:37,209 - __main__ - ERROR - Failed to fetch page 2 for capi_checklist_id 343 after 3 attempts.
2025-01-28 14:06:37,242 - __main__ - ERROR - No UIDs found for capi_checklist_id 343. Exiting fetchdata2.
2025-01-28 14:06:37,302 - __main__ - INFO - Fetching data for date range: 2025-01-27 to 2025-01-28
2025-01-28 14:06:37,335 - __main__ - INFO - Fetched 79 existing UIDs from the database.
2025-01-28 14:06:37,585 - __main__ - INFO - Fetched page 1 successfully with 32 responses .
2025-01-28 14:06:37,773 - __main__ - WARNING - Error fetching page 2 for capi_checklist_id 340 (attempt 1): 404 Client Error: Not Found for url: https://api.axismyindia.in/v1/admin/surveyors/qc-service/surveyor-responses/340?page=2&size=500&startDate=2025-01-27&endDate=2025-01-28
2025-01-28 14:06:41,947 - __main__ - WARNING - Error fetching page 2 for capi_checklist_id 340 (attempt 2): 404 Client Error: Not Found for url: https://api.axismyindia.in/v1/admin/surveyors/qc-service/surveyor-responses/340?page=2&size=500&startDate=2025-01-27&endDate=2025-01-28
2025-01-28 14:06:49,949 - __main__ - ERROR - Failed to fetch page 2 for capi_checklist_id 340 after 3 attempts.
2025-01-28 14:06:49,949 - __main__ - INFO - Fetched UIDs: defaultdict(<class 'list'>, {340: [15657, 15647]})
2025-01-28 14:06:51,229 - __main__ - INFO - Fetched data for UID 15657
2025-01-28 14:06:53,109 - __main__ - INFO - Fetched data for UID 15647
2025-01-28 14:06:55,661 - __main__ - INFO - Fetching data for date range: 2025-01-27 to 2025-01-28
2025-01-28 14:06:55,677 - __main__ - INFO - Fetched 118 existing UIDs from the database.
2025-01-28 14:06:55,864 - __main__ - INFO - Fetched page 1 successfully with 43 responses .
2025-01-28 14:06:56,021 - __main__ - WARNING - Error fetching page 2 for capi_checklist_id 341 (attempt 1): 404 Client Error: Not Found for url: https://api.axismyindia.in/v1/admin/surveyors/qc-service/surveyor-responses/341?page=2&size=500&startDate=2025-01-27&endDate=2025-01-28
2025-01-28 14:07:00,178 - __main__ - WARNING - Error fetching page 2 for capi_checklist_id 341 (attempt 2): 404 Client Error: Not Found for url: https://api.axismyindia.in/v1/admin/surveyors/qc-service/surveyor-responses/341?page=2&size=500&startDate=2025-01-27&endDate=2025-01-28
2025-01-28 14:07:08,193 - __main__ - ERROR - Failed to fetch page 2 for capi_checklist_id 341 after 3 attempts.
2025-01-28 14:07:08,209 - __main__ - ERROR - No UIDs found for capi_checklist_id 341. Exiting fetchdata2.
2025-01-28 14:07:08,241 - __main__ - INFO - Fetching data for date range: 2025-01-27 to 2025-01-28
2025-01-28 14:07:08,248 - __main__ - INFO - Fetched 164 existing UIDs from the database.
2025-01-28 14:07:08,468 - __main__ - INFO - Fetched page 1 successfully with 62 responses .
2025-01-28 14:07:08,626 - __main__ - WARNING - Error fetching page 2 for capi_checklist_id 355 (attempt 1): 404 Client Error: Not Found for url: https://api.axismyindia.in/v1/admin/surveyors/qc-service/surveyor-responses/355?page=2&size=500&startDate=2025-01-27&endDate=2025-01-28
2025-01-28 14:07:12,800 - __main__ - WARNING - Error fetching page 2 for capi_checklist_id 355 (attempt 2): 404 Client Error: Not Found for url: https://api.axismyindia.in/v1/admin/surveyors/qc-service/surveyor-responses/355?page=2&size=500&startDate=2025-01-27&endDate=2025-01-28
2025-01-28 14:07:20,825 - __main__ - ERROR - Failed to fetch page 2 for capi_checklist_id 355 after 3 attempts.
2025-01-28 14:07:20,856 - __main__ - INFO - Fetched UIDs: defaultdict(<class 'list'>, {355: [15677, 15675, 15673, 15664, 15663, 15662, 15660, 15654, 15653, 15649]})
2025-01-28 14:07:22,132 - __main__ - INFO - Fetched data for UID 15677
2025-01-28 14:07:27,421 - __main__ - INFO - Fetched data for UID 15675
2025-01-28 14:07:30,213 - __main__ - INFO - Fetched data for UID 15673
2025-01-28 14:07:34,428 - __main__ - INFO - Fetched data for UID 15664
2025-01-28 14:07:37,536 - __main__ - INFO - Fetched data for UID 15663
2025-01-28 14:07:41,638 - __main__ - INFO - Fetched data for UID 15662
2025-01-28 14:07:44,916 - __main__ - INFO - Fetched data for UID 15660
2025-01-28 14:07:48,115 - __main__ - INFO - Fetched data for UID 15654
2025-01-28 14:07:51,208 - __main__ - INFO - Fetched data for UID 15653
2025-01-28 14:07:54,312 - __main__ - INFO - Fetched data for UID 15649
2025-01-28 14:07:57,444 - __main__ - INFO - Fetching data for date range: 2025-01-27 to 2025-01-28
2025-01-28 14:07:57,460 - __main__ - INFO - Fetched 22 existing UIDs from the database.
2025-01-28 14:07:57,617 - __main__ - WARNING - Error fetching page 1 for capi_checklist_id 403 (attempt 1): 404 Client Error: Not Found for url: https://api.axismyindia.in/v1/admin/surveyors/qc-service/surveyor-responses/403?page=1&size=500&startDate=2025-01-27&endDate=2025-01-28
2025-01-28 14:08:01,774 - __main__ - WARNING - Error fetching page 1 for capi_checklist_id 403 (attempt 2): 404 Client Error: Not Found for url: https://api.axismyindia.in/v1/admin/surveyors/qc-service/surveyor-responses/403?page=1&size=500&startDate=2025-01-27&endDate=2025-01-28
2025-01-28 14:08:09,798 - __main__ - ERROR - Failed to fetch page 1 for capi_checklist_id 403 after 3 attempts.
2025-01-28 14:08:09,849 - __main__ - ERROR - No UIDs found for capi_checklist_id 403. Exiting fetchdata2.
2025-01-28 14:08:09,987 - __main__ - INFO - Fetching data for date range: 2025-01-27 to 2025-01-28
2025-01-28 14:08:10,002 - __main__ - INFO - Fetched 53 existing UIDs from the database.
2025-01-28 14:08:10,179 - __main__ - WARNING - Error fetching page 1 for capi_checklist_id 404 (attempt 1): 404 Client Error: Not Found for url: https://api.axismyindia.in/v1/admin/surveyors/qc-service/surveyor-responses/404?page=1&size=500&startDate=2025-01-27&endDate=2025-01-28
2025-01-28 14:08:14,344 - __main__ - WARNING - Error fetching page 1 for capi_checklist_id 404 (attempt 2): 404 Client Error: Not Found for url: https://api.axismyindia.in/v1/admin/surveyors/qc-service/surveyor-responses/404?page=1&size=500&startDate=2025-01-27&endDate=2025-01-28
2025-01-28 14:08:22,358 - __main__ - ERROR - Failed to fetch page 1 for capi_checklist_id 404 after 3 attempts.
2025-01-28 14:08:22,405 - __main__ - ERROR - No UIDs found for capi_checklist_id 404. Exiting fetchdata2.
2025-01-28 14:08:22,467 - __main__ - INFO - Fetching data for date range: 2025-01-27 to 2025-01-28
2025-01-28 14:08:22,483 - __main__ - INFO - Fetched 3 existing UIDs from the database.
2025-01-28 14:08:22,686 - __main__ - WARNING - Error fetching page 1 for capi_checklist_id 363 (attempt 1): 404 Client Error: Not Found for url: https://api.axismyindia.in/v1/admin/surveyors/qc-service/surveyor-responses/363?page=1&size=500&startDate=2025-01-27&endDate=2025-01-28
2025-01-28 14:08:26,874 - __main__ - WARNING - Error fetching page 1 for capi_checklist_id 363 (attempt 2): 404 Client Error: Not Found for url: https://api.axismyindia.in/v1/admin/surveyors/qc-service/surveyor-responses/363?page=1&size=500&startDate=2025-01-27&endDate=2025-01-28
2025-01-28 14:08:34,879 - __main__ - ERROR - Failed to fetch page 1 for capi_checklist_id 363 after 3 attempts.
2025-01-28 14:08:34,909 - __main__ - ERROR - No UIDs found for capi_checklist_id 363. Exiting fetchdata2.
2025-01-28 14:08:34,959 - __main__ - INFO - Fetching data for date range: 2025-01-27 to 2025-01-28
2025-01-28 14:08:34,969 - __main__ - INFO - Fetched 7 existing UIDs from the database.
2025-01-28 14:08:35,178 - __main__ - INFO - Fetched page 1 successfully with 1 responses .
2025-01-28 14:08:35,339 - __main__ - WARNING - Error fetching page 2 for capi_checklist_id 352 (attempt 1): 404 Client Error: Not Found for url: https://api.axismyindia.in/v1/admin/surveyors/qc-service/surveyor-responses/352?page=2&size=500&startDate=2025-01-27&endDate=2025-01-28
2025-01-28 14:08:39,532 - __main__ - WARNING - Error fetching page 2 for capi_checklist_id 352 (attempt 2): 404 Client Error: Not Found for url: https://api.axismyindia.in/v1/admin/surveyors/qc-service/surveyor-responses/352?page=2&size=500&startDate=2025-01-27&endDate=2025-01-28
2025-01-28 14:08:47,534 - __main__ - ERROR - Failed to fetch page 2 for capi_checklist_id 352 after 3 attempts.
2025-01-28 14:08:47,565 - __main__ - ERROR - No UIDs found for capi_checklist_id 352. Exiting fetchdata2.
2025-01-28 14:08:47,609 - __main__ - INFO - Fetching data for date range: 2025-01-27 to 2025-01-28
2025-01-28 14:08:47,625 - __main__ - INFO - Fetched 12 existing UIDs from the database.
2025-01-28 14:08:47,819 - __main__ - INFO - Fetched page 1 successfully with 9 responses .
2025-01-28 14:08:47,992 - __main__ - WARNING - Error fetching page 2 for capi_checklist_id 330 (attempt 1): 404 Client Error: Not Found for url: https://api.axismyindia.in/v1/admin/surveyors/qc-service/surveyor-responses/330?page=2&size=500&startDate=2025-01-27&endDate=2025-01-28
2025-01-28 14:08:52,155 - __main__ - WARNING - Error fetching page 2 for capi_checklist_id 330 (attempt 2): 404 Client Error: Not Found for url: https://api.axismyindia.in/v1/admin/surveyors/qc-service/surveyor-responses/330?page=2&size=500&startDate=2025-01-27&endDate=2025-01-28
2025-01-28 14:09:00,162 - __main__ - ERROR - Failed to fetch page 2 for capi_checklist_id 330 after 3 attempts.
2025-01-28 14:09:00,165 - __main__ - ERROR - No UIDs found for capi_checklist_id 330. Exiting fetchdata2.
2025-01-28 14:09:00,175 - __main__ - INFO - Fetching data for date range: 2025-01-27 to 2025-01-28
2025-01-28 14:09:00,188 - __main__ - INFO - Fetched 13 existing UIDs from the database.
2025-01-28 14:09:00,342 - __main__ - WARNING - Error fetching page 1 for capi_checklist_id 348 (attempt 1): 404 Client Error: Not Found for url: https://api.axismyindia.in/v1/admin/surveyors/qc-service/surveyor-responses/348?page=1&size=500&startDate=2025-01-27&endDate=2025-01-28
2025-01-28 14:09:04,514 - __main__ - WARNING - Error fetching page 1 for capi_checklist_id 348 (attempt 2): 404 Client Error: Not Found for url: https://api.axismyindia.in/v1/admin/surveyors/qc-service/surveyor-responses/348?page=1&size=500&startDate=2025-01-27&endDate=2025-01-28
2025-01-28 14:09:12,533 - __main__ - ERROR - Failed to fetch page 1 for capi_checklist_id 348 after 3 attempts.
2025-01-28 14:09:12,548 - __main__ - ERROR - No UIDs found for capi_checklist_id 348. Exiting fetchdata2.
2025-01-28 14:09:12,596 - __main__ - INFO - Fetching data for date range: 2025-01-27 to 2025-01-28
2025-01-28 14:09:12,611 - __main__ - INFO - Fetched 0 existing UIDs from the database.
2025-01-28 14:09:12,799 - __main__ - WARNING - Error fetching page 1 for capi_checklist_id 290 (attempt 1): 404 Client Error: Not Found for url: https://api.axismyindia.in/v1/admin/surveyors/qc-service/surveyor-responses/290?page=1&size=500&startDate=2025-01-27&endDate=2025-01-28
2025-01-28 14:09:16,962 - __main__ - WARNING - Error fetching page 1 for capi_checklist_id 290 (attempt 2): 404 Client Error: Not Found for url: https://api.axismyindia.in/v1/admin/surveyors/qc-service/surveyor-responses/290?page=1&size=500&startDate=2025-01-27&endDate=2025-01-28
2025-01-28 14:09:24,990 - __main__ - ERROR - Failed to fetch page 1 for capi_checklist_id 290 after 3 attempts.
2025-01-28 14:09:25,100 - __main__ - ERROR - No UIDs found for capi_checklist_id 290. Exiting fetchdata2.
2025-01-28 14:09:25,225 - __main__ - INFO - Fetching data for date range: 2025-01-27 to 2025-01-28
2025-01-28 14:09:25,258 - __main__ - INFO - Fetched 20 existing UIDs from the database.
2025-01-28 14:09:25,510 - __main__ - WARNING - Error fetching page 1 for capi_checklist_id 291 (attempt 1): 404 Client Error: Not Found for url: https://api.axismyindia.in/v1/admin/surveyors/qc-service/surveyor-responses/291?page=1&size=500&startDate=2025-01-27&endDate=2025-01-28
2025-01-28 14:09:29,694 - __main__ - WARNING - Error fetching page 1 for capi_checklist_id 291 (attempt 2): 404 Client Error: Not Found for url: https://api.axismyindia.in/v1/admin/surveyors/qc-service/surveyor-responses/291?page=1&size=500&startDate=2025-01-27&endDate=2025-01-28
2025-01-28 14:09:37,704 - __main__ - ERROR - Failed to fetch page 1 for capi_checklist_id 291 after 3 attempts.
2025-01-28 14:09:37,735 - __main__ - ERROR - No UIDs found for capi_checklist_id 291. Exiting fetchdata2.
2025-01-28 14:09:37,814 - __main__ - INFO - Fetching data for date range: 2025-01-27 to 2025-01-28
2025-01-28 14:09:37,829 - __main__ - INFO - Fetched 49 existing UIDs from the database.
2025-01-28 14:09:38,018 - __main__ - INFO - Fetched page 1 successfully with 13 responses .
2025-01-28 14:09:38,206 - __main__ - WARNING - Error fetching page 2 for capi_checklist_id 326 (attempt 1): 404 Client Error: Not Found for url: https://api.axismyindia.in/v1/admin/surveyors/qc-service/surveyor-responses/326?page=2&size=500&startDate=2025-01-27&endDate=2025-01-28
2025-01-28 14:09:42,368 - __main__ - WARNING - Error fetching page 2 for capi_checklist_id 326 (attempt 2): 404 Client Error: Not Found for url: https://api.axismyindia.in/v1/admin/surveyors/qc-service/surveyor-responses/326?page=2&size=500&startDate=2025-01-27&endDate=2025-01-28
2025-01-28 14:09:50,399 - __main__ - ERROR - Failed to fetch page 2 for capi_checklist_id 326 after 3 attempts.
2025-01-28 14:09:50,509 - __main__ - ERROR - No UIDs found for capi_checklist_id 326. Exiting fetchdata2.
2025-01-28 14:09:50,634 - __main__ - INFO - Fetching data for date range: 2025-01-27 to 2025-01-28
2025-01-28 14:09:50,650 - __main__ - INFO - Fetched 14 existing UIDs from the database.
2025-01-28 14:09:50,838 - __main__ - INFO - Fetched page 1 successfully with 2 responses .
2025-01-28 14:09:51,011 - __main__ - WARNING - Error fetching page 2 for capi_checklist_id 350 (attempt 1): 404 Client Error: Not Found for url: https://api.axismyindia.in/v1/admin/surveyors/qc-service/surveyor-responses/350?page=2&size=500&startDate=2025-01-27&endDate=2025-01-28
2025-01-28 14:09:55,192 - __main__ - WARNING - Error fetching page 2 for capi_checklist_id 350 (attempt 2): 404 Client Error: Not Found for url: https://api.axismyindia.in/v1/admin/surveyors/qc-service/surveyor-responses/350?page=2&size=500&startDate=2025-01-27&endDate=2025-01-28
2025-01-28 14:10:03,197 - __main__ - ERROR - Failed to fetch page 2 for capi_checklist_id 350 after 3 attempts.
2025-01-28 14:10:03,211 - __main__ - ERROR - No UIDs found for capi_checklist_id 350. Exiting fetchdata2.
2025-01-28 14:10:03,225 - __main__ - INFO - Fetching data for date range: 2025-01-27 to 2025-01-28
2025-01-28 14:10:03,256 - __main__ - INFO - Fetched 261 existing UIDs from the database.
2025-01-28 14:10:03,481 - __main__ - INFO - Fetched page 1 successfully with 84 responses .
2025-01-28 14:10:03,668 - __main__ - WARNING - Error fetching page 2 for capi_checklist_id 342 (attempt 1): 404 Client Error: Not Found for url: https://api.axismyindia.in/v1/admin/surveyors/qc-service/surveyor-responses/342?page=2&size=500&startDate=2025-01-27&endDate=2025-01-28
2025-01-28 14:10:07,836 - __main__ - WARNING - Error fetching page 2 for capi_checklist_id 342 (attempt 2): 404 Client Error: Not Found for url: https://api.axismyindia.in/v1/admin/surveyors/qc-service/surveyor-responses/342?page=2&size=500&startDate=2025-01-27&endDate=2025-01-28
2025-01-28 14:10:15,845 - __main__ - ERROR - Failed to fetch page 2 for capi_checklist_id 342 after 3 attempts.
2025-01-28 14:10:15,857 - __main__ - INFO - Fetched UIDs: defaultdict(<class 'list'>, {342: [15670, 15666]})
2025-01-28 14:10:17,027 - __main__ - INFO - Fetched data for UID 15670
2025-01-28 14:10:20,422 - __main__ - INFO - Fetched data for UID 15666
2025-01-28 14:10:22,860 - __main__ - INFO - Fetching data for date range: 2025-01-27 to 2025-01-28
2025-01-28 14:10:22,860 - __main__ - INFO - Fetched 4 existing UIDs from the database.
2025-01-28 14:10:23,033 - __main__ - INFO - Fetched page 1 successfully with 1 responses .
2025-01-28 14:10:23,192 - __main__ - WARNING - Error fetching page 2 for capi_checklist_id 319 (attempt 1): 404 Client Error: Not Found for url: https://api.axismyindia.in/v1/admin/surveyors/qc-service/surveyor-responses/319?page=2&size=500&startDate=2025-01-27&endDate=2025-01-28
2025-01-28 14:10:27,380 - __main__ - WARNING - Error fetching page 2 for capi_checklist_id 319 (attempt 2): 404 Client Error: Not Found for url: https://api.axismyindia.in/v1/admin/surveyors/qc-service/surveyor-responses/319?page=2&size=500&startDate=2025-01-27&endDate=2025-01-28
2025-01-28 14:10:35,383 - __main__ - ERROR - Failed to fetch page 2 for capi_checklist_id 319 after 3 attempts.
2025-01-28 14:10:35,389 - __main__ - INFO - Fetched UIDs: defaultdict(<class 'list'>, {319: [15668]})
2025-01-28 14:10:35,925 - __main__ - INFO - Fetched data for UID 15668
2025-01-28 14:10:42,916 - __main__ - INFO - Fetching data for date range: 2025-01-27 to 2025-01-28
2025-01-28 14:10:42,931 - __main__ - INFO - Fetched 5 existing UIDs from the database.
2025-01-28 14:10:43,103 - __main__ - WARNING - Error fetching page 1 for capi_checklist_id 320 (attempt 1): 404 Client Error: Not Found for url: https://api.axismyindia.in/v1/admin/surveyors/qc-service/surveyor-responses/320?page=1&size=500&startDate=2025-01-27&endDate=2025-01-28
2025-01-28 14:10:47,280 - __main__ - WARNING - Error fetching page 1 for capi_checklist_id 320 (attempt 2): 404 Client Error: Not Found for url: https://api.axismyindia.in/v1/admin/surveyors/qc-service/surveyor-responses/320?page=1&size=500&startDate=2025-01-27&endDate=2025-01-28
2025-01-28 14:10:55,296 - __main__ - ERROR - Failed to fetch page 1 for capi_checklist_id 320 after 3 attempts.
2025-01-28 14:10:55,315 - __main__ - ERROR - No UIDs found for capi_checklist_id 320. Exiting fetchdata2.
2025-01-28 14:10:55,337 - __main__ - INFO - Fetching data for date range: 2025-01-27 to 2025-01-28
2025-01-28 14:10:55,348 - __main__ - INFO - Fetched 129 existing UIDs from the database.
2025-01-28 14:10:55,553 - __main__ - INFO - Fetched page 1 successfully with 43 responses .
2025-01-28 14:10:55,725 - __main__ - WARNING - Error fetching page 2 for capi_checklist_id 344 (attempt 1): 404 Client Error: Not Found for url: https://api.axismyindia.in/v1/admin/surveyors/qc-service/surveyor-responses/344?page=2&size=500&startDate=2025-01-27&endDate=2025-01-28
2025-01-28 14:10:59,893 - __main__ - WARNING - Error fetching page 2 for capi_checklist_id 344 (attempt 2): 404 Client Error: Not Found for url: https://api.axismyindia.in/v1/admin/surveyors/qc-service/surveyor-responses/344?page=2&size=500&startDate=2025-01-27&endDate=2025-01-28
2025-01-28 14:11:07,903 - __main__ - ERROR - Failed to fetch page 2 for capi_checklist_id 344 after 3 attempts.
2025-01-28 14:11:07,965 - __main__ - INFO - Fetched UIDs: defaultdict(<class 'list'>, {344: [15661, 15658]})
2025-01-28 14:11:09,267 - __main__ - INFO - Fetched data for UID 15661
2025-01-28 14:11:13,612 - __main__ - INFO - Fetched data for UID 15658
2025-01-28 14:11:16,753 - __main__ - INFO - Fetching data for date range: 2025-01-27 to 2025-01-28
2025-01-28 14:11:16,764 - __main__ - INFO - Fetched 93 existing UIDs from the database.
2025-01-28 14:11:16,951 - __main__ - INFO - Fetched page 1 successfully with 18 responses .
2025-01-28 14:11:17,110 - __main__ - WARNING - Error fetching page 2 for capi_checklist_id 332 (attempt 1): 404 Client Error: Not Found for url: https://api.axismyindia.in/v1/admin/surveyors/qc-service/surveyor-responses/332?page=2&size=500&startDate=2025-01-27&endDate=2025-01-28
2025-01-28 14:11:21,284 - __main__ - WARNING - Error fetching page 2 for capi_checklist_id 332 (attempt 2): 404 Client Error: Not Found for url: https://api.axismyindia.in/v1/admin/surveyors/qc-service/surveyor-responses/332?page=2&size=500&startDate=2025-01-27&endDate=2025-01-28
2025-01-28 14:11:29,295 - __main__ - ERROR - Failed to fetch page 2 for capi_checklist_id 332 after 3 attempts.
2025-01-28 14:11:29,328 - __main__ - ERROR - No UIDs found for capi_checklist_id 332. Exiting fetchdata2.
2025-01-28 14:11:29,390 - __main__ - INFO - Fetching data for date range: 2025-01-27 to 2025-01-28
2025-01-28 14:11:29,390 - __main__ - INFO - Fetched 10 existing UIDs from the database.
2025-01-28 14:11:29,594 - __main__ - WARNING - Error fetching page 1 for capi_checklist_id 335 (attempt 1): 404 Client Error: Not Found for url: https://api.axismyindia.in/v1/admin/surveyors/qc-service/surveyor-responses/335?page=1&size=500&startDate=2025-01-27&endDate=2025-01-28
2025-01-28 14:11:33,758 - __main__ - WARNING - Error fetching page 1 for capi_checklist_id 335 (attempt 2): 404 Client Error: Not Found for url: https://api.axismyindia.in/v1/admin/surveyors/qc-service/surveyor-responses/335?page=1&size=500&startDate=2025-01-27&endDate=2025-01-28
2025-01-28 14:11:41,781 - __main__ - ERROR - Failed to fetch page 1 for capi_checklist_id 335 after 3 attempts.
2025-01-28 14:11:41,924 - __main__ - ERROR - No UIDs found for capi_checklist_id 335. Exiting fetchdata2.
2025-01-28 14:11:42,019 - __main__ - INFO - Fetching data for date range: 2025-01-27 to 2025-01-28
2025-01-28 14:11:42,057 - __main__ - INFO - Fetched 33 existing UIDs from the database.
2025-01-28 14:11:42,336 - __main__ - INFO - Fetched page 1 successfully with 17 responses .
2025-01-28 14:11:42,509 - __main__ - WARNING - Error fetching page 2 for capi_checklist_id 325 (attempt 1): 404 Client Error: Not Found for url: https://api.axismyindia.in/v1/admin/surveyors/qc-service/surveyor-responses/325?page=2&size=500&startDate=2025-01-27&endDate=2025-01-28
2025-01-28 14:11:46,842 - __main__ - WARNING - Error fetching page 2 for capi_checklist_id 325 (attempt 2): 404 Client Error: Not Found for url: https://api.axismyindia.in/v1/admin/surveyors/qc-service/surveyor-responses/325?page=2&size=500&startDate=2025-01-27&endDate=2025-01-28
2025-01-28 14:11:54,854 - __main__ - ERROR - Failed to fetch page 2 for capi_checklist_id 325 after 3 attempts.
2025-01-28 14:11:54,884 - __main__ - INFO - Fetched UIDs: defaultdict(<class 'list'>, {325: [15676, 15674, 15672, 15671]})
2025-01-28 14:11:55,229 - __main__ - INFO - Fetched data for UID 15676
2025-01-28 14:12:00,245 - __main__ - INFO - Fetched data for UID 15674
2025-01-28 14:12:03,145 - __main__ - INFO - Fetched data for UID 15672
2025-01-28 14:12:06,339 - __main__ - INFO - Fetched data for UID 15671
2025-01-28 14:12:09,013 - __main__ - INFO - Fetching data for date range: 2025-01-27 to 2025-01-28
2025-01-28 14:12:09,062 - __main__ - INFO - Fetched 238 existing UIDs from the database.
2025-01-28 14:12:09,234 - __main__ - INFO - Fetched page 1 successfully with 63 responses .
2025-01-28 14:12:09,391 - __main__ - WARNING - Error fetching page 2 for capi_checklist_id 347 (attempt 1): 404 Client Error: Not Found for url: https://api.axismyindia.in/v1/admin/surveyors/qc-service/surveyor-responses/347?page=2&size=500&startDate=2025-01-27&endDate=2025-01-28
2025-01-28 14:12:13,570 - __main__ - WARNING - Error fetching page 2 for capi_checklist_id 347 (attempt 2): 404 Client Error: Not Found for url: https://api.axismyindia.in/v1/admin/surveyors/qc-service/surveyor-responses/347?page=2&size=500&startDate=2025-01-27&endDate=2025-01-28
2025-01-28 14:12:21,610 - __main__ - ERROR - Failed to fetch page 2 for capi_checklist_id 347 after 3 attempts.
2025-01-28 14:12:21,723 - __main__ - INFO - Fetched UIDs: defaultdict(<class 'list'>, {347: [15679, 15667]})
2025-01-28 14:12:23,059 - __main__ - INFO - Fetched data for UID 15679
2025-01-28 14:12:27,235 - __main__ - INFO - Fetched data for UID 15667
2025-01-28 14:12:30,506 - __main__ - INFO - Fetching data for date range: 2025-01-27 to 2025-01-28
2025-01-28 14:12:30,523 - __main__ - INFO - Fetched 11 existing UIDs from the database.
2025-01-28 14:12:30,680 - __main__ - INFO - Fetched page 1 successfully with 1 responses .
2025-01-28 14:12:30,853 - __main__ - WARNING - Error fetching page 2 for capi_checklist_id 382 (attempt 1): 404 Client Error: Not Found for url: https://api.axismyindia.in/v1/admin/surveyors/qc-service/surveyor-responses/382?page=2&size=500&startDate=2025-01-27&endDate=2025-01-28
2025-01-28 14:12:35,016 - __main__ - WARNING - Error fetching page 2 for capi_checklist_id 382 (attempt 2): 404 Client Error: Not Found for url: https://api.axismyindia.in/v1/admin/surveyors/qc-service/surveyor-responses/382?page=2&size=500&startDate=2025-01-27&endDate=2025-01-28
2025-01-28 14:12:43,017 - __main__ - ERROR - Failed to fetch page 2 for capi_checklist_id 382 after 3 attempts.
2025-01-28 14:12:43,061 - __main__ - ERROR - No UIDs found for capi_checklist_id 382. Exiting fetchdata2.
2025-01-28 14:12:43,094 - __main__ - INFO - Fetching data for date range: 2025-01-27 to 2025-01-28
2025-01-28 14:12:43,108 - __main__ - INFO - Fetched 38 existing UIDs from the database.
2025-01-28 14:12:43,312 - __main__ - WARNING - Error fetching page 1 for capi_checklist_id 339 (attempt 1): 404 Client Error: Not Found for url: https://api.axismyindia.in/v1/admin/surveyors/qc-service/surveyor-responses/339?page=1&size=500&startDate=2025-01-27&endDate=2025-01-28
2025-01-28 14:12:47,500 - __main__ - WARNING - Error fetching page 1 for capi_checklist_id 339 (attempt 2): 404 Client Error: Not Found for url: https://api.axismyindia.in/v1/admin/surveyors/qc-service/surveyor-responses/339?page=1&size=500&startDate=2025-01-27&endDate=2025-01-28
2025-01-28 14:12:55,502 - __main__ - ERROR - Failed to fetch page 1 for capi_checklist_id 339 after 3 attempts.
2025-01-28 14:12:55,502 - __main__ - ERROR - No UIDs found for capi_checklist_id 339. Exiting fetchdata2.
2025-01-28 14:12:55,515 - __main__ - INFO - Fetching data for date range: 2025-01-27 to 2025-01-28
2025-01-28 14:12:55,515 - __main__ - INFO - Fetched 1 existing UIDs from the database.
2025-01-28 14:12:55,687 - __main__ - WARNING - Error fetching page 1 for capi_checklist_id 334 (attempt 1): 404 Client Error: Not Found for url: https://api.axismyindia.in/v1/admin/surveyors/qc-service/surveyor-responses/334?page=1&size=500&startDate=2025-01-27&endDate=2025-01-28
2025-01-28 14:12:59,847 - __main__ - WARNING - Error fetching page 1 for capi_checklist_id 334 (attempt 2): 404 Client Error: Not Found for url: https://api.axismyindia.in/v1/admin/surveyors/qc-service/surveyor-responses/334?page=1&size=500&startDate=2025-01-27&endDate=2025-01-28
2025-01-28 14:13:07,872 - __main__ - ERROR - Failed to fetch page 1 for capi_checklist_id 334 after 3 attempts.
2025-01-28 14:13:07,969 - __main__ - ERROR - No UIDs found for capi_checklist_id 334. Exiting fetchdata2.
2025-01-28 14:13:08,077 - __main__ - INFO - Fetching data for date range: 2025-01-27 to 2025-01-28
2025-01-28 14:13:08,345 - __main__ - INFO - Fetched 6078 existing UIDs from the database.
2025-01-28 14:13:08,768 - __main__ - INFO - Fetched page 1 successfully with 94 responses .
2025-01-28 14:13:08,966 - __main__ - WARNING - Error fetching page 2 for capi_checklist_id 321 (attempt 1): 404 Client Error: Not Found for url: https://api.axismyindia.in/v1/admin/surveyors/qc-service/surveyor-responses/321?page=2&size=500&startDate=2025-01-27&endDate=2025-01-28
2025-01-28 14:13:13,461 - __main__ - WARNING - Error fetching page 2 for capi_checklist_id 321 (attempt 2): 404 Client Error: Not Found for url: https://api.axismyindia.in/v1/admin/surveyors/qc-service/surveyor-responses/321?page=2&size=500&startDate=2025-01-27&endDate=2025-01-28
2025-01-28 14:13:21,499 - __main__ - ERROR - Failed to fetch page 2 for capi_checklist_id 321 after 3 attempts.
2025-01-28 14:13:21,543 - __main__ - INFO - Fetched UIDs: defaultdict(<class 'list'>, {321: [15678, 15669]})
2025-01-28 14:13:21,825 - __main__ - INFO - Fetched data for UID 15678
2025-01-28 14:13:24,837 - __main__ - INFO - Fetched data for UID 15669
2025-01-28 15:04:56,071 - __main__ - INFO - Fetching data for date range: 2025-01-27 to 2025-01-28
2025-01-28 15:04:56,092 - __main__ - INFO - Fetched 0 existing UIDs from the database.
2025-01-28 15:04:56,338 - __main__ - WARNING - Error fetching page 1 for capi_checklist_id 400 (attempt 1): 404 Client Error: Not Found for url: https://api.axismyindia.in/v1/admin/surveyors/qc-service/surveyor-responses/400?page=1&size=500&startDate=2025-01-27&endDate=2025-01-28
2025-01-28 15:05:01,135 - __main__ - WARNING - Error fetching page 1 for capi_checklist_id 400 (attempt 2): 404 Client Error: Not Found for url: https://api.axismyindia.in/v1/admin/surveyors/qc-service/surveyor-responses/400?page=1&size=500&startDate=2025-01-27&endDate=2025-01-28
2025-01-28 15:05:09,196 - __main__ - ERROR - Failed to fetch page 1 for capi_checklist_id 400 after 3 attempts.
2025-01-28 15:05:09,212 - __main__ - ERROR - No UIDs found for capi_checklist_id 400. Exiting fetchdata2.
2025-01-28 15:05:09,244 - __main__ - INFO - Fetching data for date range: 2025-01-27 to 2025-01-28
2025-01-28 15:05:09,259 - __main__ - INFO - Fetched 23 existing UIDs from the database.
2025-01-28 15:05:09,453 - __main__ - INFO - Fetched page 1 successfully with 22 responses .
2025-01-28 15:05:09,606 - __main__ - WARNING - Error fetching page 2 for capi_checklist_id 354 (attempt 1): 404 Client Error: Not Found for url: https://api.axismyindia.in/v1/admin/surveyors/qc-service/surveyor-responses/354?page=2&size=500&startDate=2025-01-27&endDate=2025-01-28
2025-01-28 15:05:13,794 - __main__ - WARNING - Error fetching page 2 for capi_checklist_id 354 (attempt 2): 404 Client Error: Not Found for url: https://api.axismyindia.in/v1/admin/surveyors/qc-service/surveyor-responses/354?page=2&size=500&startDate=2025-01-27&endDate=2025-01-28
2025-01-28 15:05:21,795 - __main__ - ERROR - Failed to fetch page 2 for capi_checklist_id 354 after 3 attempts.
2025-01-28 15:05:21,797 - __main__ - ERROR - No UIDs found for capi_checklist_id 354. Exiting fetchdata2.
2025-01-28 15:05:21,797 - __main__ - INFO - Fetching data for date range: 2025-01-27 to 2025-01-28
2025-01-28 15:05:21,797 - __main__ - INFO - Fetched 7 existing UIDs from the database.
2025-01-28 15:05:21,954 - __main__ - INFO - Fetched page 1 successfully with 1 responses .
2025-01-28 15:05:22,127 - __main__ - WARNING - Error fetching page 2 for capi_checklist_id 329 (attempt 1): 404 Client Error: Not Found for url: https://api.axismyindia.in/v1/admin/surveyors/qc-service/surveyor-responses/329?page=2&size=500&startDate=2025-01-27&endDate=2025-01-28
2025-01-28 15:05:26,292 - __main__ - WARNING - Error fetching page 2 for capi_checklist_id 329 (attempt 2): 404 Client Error: Not Found for url: https://api.axismyindia.in/v1/admin/surveyors/qc-service/surveyor-responses/329?page=2&size=500&startDate=2025-01-27&endDate=2025-01-28
2025-01-28 15:05:34,299 - __main__ - ERROR - Failed to fetch page 2 for capi_checklist_id 329 after 3 attempts.
2025-01-28 15:05:34,315 - __main__ - ERROR - No UIDs found for capi_checklist_id 329. Exiting fetchdata2.
2025-01-28 15:05:34,354 - __main__ - INFO - Fetching data for date range: 2025-01-27 to 2025-01-28
2025-01-28 15:05:34,354 - __main__ - INFO - Fetched 2 existing UIDs from the database.
2025-01-28 15:05:34,536 - __main__ - WARNING - Error fetching page 1 for capi_checklist_id 346 (attempt 1): 404 Client Error: Not Found for url: https://api.axismyindia.in/v1/admin/surveyors/qc-service/surveyor-responses/346?page=1&size=500&startDate=2025-01-27&endDate=2025-01-28
2025-01-28 15:05:38,708 - __main__ - WARNING - Error fetching page 1 for capi_checklist_id 346 (attempt 2): 404 Client Error: Not Found for url: https://api.axismyindia.in/v1/admin/surveyors/qc-service/surveyor-responses/346?page=1&size=500&startDate=2025-01-27&endDate=2025-01-28
2025-01-28 15:05:46,723 - __main__ - ERROR - Failed to fetch page 1 for capi_checklist_id 346 after 3 attempts.
2025-01-28 15:05:46,729 - __main__ - ERROR - No UIDs found for capi_checklist_id 346. Exiting fetchdata2.
2025-01-28 15:05:46,745 - __main__ - INFO - Fetching data for date range: 2025-01-27 to 2025-01-28
2025-01-28 15:05:46,745 - __main__ - INFO - Fetched 1 existing UIDs from the database.
2025-01-28 15:05:46,917 - __main__ - WARNING - Error fetching page 1 for capi_checklist_id 331 (attempt 1): 404 Client Error: Not Found for url: https://api.axismyindia.in/v1/admin/surveyors/qc-service/surveyor-responses/331?page=1&size=500&startDate=2025-01-27&endDate=2025-01-28
2025-01-28 15:05:51,112 - __main__ - WARNING - Error fetching page 1 for capi_checklist_id 331 (attempt 2): 404 Client Error: Not Found for url: https://api.axismyindia.in/v1/admin/surveyors/qc-service/surveyor-responses/331?page=1&size=500&startDate=2025-01-27&endDate=2025-01-28
2025-01-28 15:05:59,121 - __main__ - ERROR - Failed to fetch page 1 for capi_checklist_id 331 after 3 attempts.
2025-01-28 15:05:59,128 - __main__ - ERROR - No UIDs found for capi_checklist_id 331. Exiting fetchdata2.
2025-01-28 15:05:59,137 - __main__ - INFO - Fetching data for date range: 2025-01-27 to 2025-01-28
2025-01-28 15:05:59,139 - __main__ - INFO - Fetched 4 existing UIDs from the database.
2025-01-28 15:05:59,296 - __main__ - WARNING - Error fetching page 1 for capi_checklist_id 337 (attempt 1): 404 Client Error: Not Found for url: https://api.axismyindia.in/v1/admin/surveyors/qc-service/surveyor-responses/337?page=1&size=500&startDate=2025-01-27&endDate=2025-01-28
2025-01-28 15:06:03,461 - __main__ - WARNING - Error fetching page 1 for capi_checklist_id 337 (attempt 2): 404 Client Error: Not Found for url: https://api.axismyindia.in/v1/admin/surveyors/qc-service/surveyor-responses/337?page=1&size=500&startDate=2025-01-27&endDate=2025-01-28
2025-01-28 15:06:11,489 - __main__ - ERROR - Failed to fetch page 1 for capi_checklist_id 337 after 3 attempts.
2025-01-28 15:06:11,587 - __main__ - ERROR - No UIDs found for capi_checklist_id 337. Exiting fetchdata2.
2025-01-28 15:06:11,727 - __main__ - INFO - Fetching data for date range: 2025-01-27 to 2025-01-28
2025-01-28 15:06:11,742 - __main__ - INFO - Fetched 44 existing UIDs from the database.
2025-01-28 15:06:12,217 - __main__ - INFO - Fetched page 1 successfully with 32 responses .
2025-01-28 15:06:12,387 - __main__ - WARNING - Error fetching page 2 for capi_checklist_id 349 (attempt 1): 404 Client Error: Not Found for url: https://api.axismyindia.in/v1/admin/surveyors/qc-service/surveyor-responses/349?page=2&size=500&startDate=2025-01-27&endDate=2025-01-28
2025-01-28 15:06:16,645 - __main__ - WARNING - Error fetching page 2 for capi_checklist_id 349 (attempt 2): 404 Client Error: Not Found for url: https://api.axismyindia.in/v1/admin/surveyors/qc-service/surveyor-responses/349?page=2&size=500&startDate=2025-01-27&endDate=2025-01-28
2025-01-28 15:06:24,675 - __main__ - ERROR - Failed to fetch page 2 for capi_checklist_id 349 after 3 attempts.
2025-01-28 15:06:24,766 - __main__ - ERROR - No UIDs found for capi_checklist_id 349. Exiting fetchdata2.
2025-01-28 15:06:24,827 - __main__ - INFO - Fetching data for date range: 2025-01-27 to 2025-01-28
2025-01-28 15:06:24,843 - __main__ - INFO - Fetched 61 existing UIDs from the database.
2025-01-28 15:06:25,094 - __main__ - INFO - Fetched page 1 successfully with 37 responses .
2025-01-28 15:06:25,286 - __main__ - WARNING - Error fetching page 2 for capi_checklist_id 343 (attempt 1): 404 Client Error: Not Found for url: https://api.axismyindia.in/v1/admin/surveyors/qc-service/surveyor-responses/343?page=2&size=500&startDate=2025-01-27&endDate=2025-01-28
2025-01-28 15:06:29,915 - __main__ - WARNING - Error fetching page 2 for capi_checklist_id 343 (attempt 2): 404 Client Error: Not Found for url: https://api.axismyindia.in/v1/admin/surveyors/qc-service/surveyor-responses/343?page=2&size=500&startDate=2025-01-27&endDate=2025-01-28
2025-01-28 15:06:37,927 - __main__ - ERROR - Failed to fetch page 2 for capi_checklist_id 343 after 3 attempts.
2025-01-28 15:06:37,927 - __main__ - ERROR - No UIDs found for capi_checklist_id 343. Exiting fetchdata2.
2025-01-28 15:06:37,935 - __main__ - INFO - Fetching data for date range: 2025-01-27 to 2025-01-28
2025-01-28 15:06:37,950 - __main__ - INFO - Fetched 83 existing UIDs from the database.
2025-01-28 15:06:38,122 - __main__ - INFO - Fetched page 1 successfully with 35 responses .
2025-01-28 15:06:38,310 - __main__ - WARNING - Error fetching page 2 for capi_checklist_id 340 (attempt 1): 404 Client Error: Not Found for url: https://api.axismyindia.in/v1/admin/surveyors/qc-service/surveyor-responses/340?page=2&size=500&startDate=2025-01-27&endDate=2025-01-28
2025-01-28 15:06:42,491 - __main__ - WARNING - Error fetching page 2 for capi_checklist_id 340 (attempt 2): 404 Client Error: Not Found for url: https://api.axismyindia.in/v1/admin/surveyors/qc-service/surveyor-responses/340?page=2&size=500&startDate=2025-01-27&endDate=2025-01-28
2025-01-28 15:06:50,495 - __main__ - ERROR - Failed to fetch page 2 for capi_checklist_id 340 after 3 attempts.
2025-01-28 15:06:50,495 - __main__ - INFO - Fetched UIDs: defaultdict(<class 'list'>, {340: [15718]})
2025-01-28 15:06:51,811 - __main__ - INFO - Fetched data for UID 15718
2025-01-28 15:06:55,091 - __main__ - INFO - Fetching data for date range: 2025-01-27 to 2025-01-28
2025-01-28 15:06:55,091 - __main__ - INFO - Fetched 120 existing UIDs from the database.
2025-01-28 15:06:55,265 - __main__ - INFO - Fetched page 1 successfully with 45 responses .
2025-01-28 15:06:55,437 - __main__ - WARNING - Error fetching page 2 for capi_checklist_id 341 (attempt 1): 404 Client Error: Not Found for url: https://api.axismyindia.in/v1/admin/surveyors/qc-service/surveyor-responses/341?page=2&size=500&startDate=2025-01-27&endDate=2025-01-28
2025-01-28 15:06:59,628 - __main__ - WARNING - Error fetching page 2 for capi_checklist_id 341 (attempt 2): 404 Client Error: Not Found for url: https://api.axismyindia.in/v1/admin/surveyors/qc-service/surveyor-responses/341?page=2&size=500&startDate=2025-01-27&endDate=2025-01-28
2025-01-28 15:07:07,630 - __main__ - ERROR - Failed to fetch page 2 for capi_checklist_id 341 after 3 attempts.
2025-01-28 15:07:07,630 - __main__ - ERROR - No UIDs found for capi_checklist_id 341. Exiting fetchdata2.
2025-01-28 15:07:07,630 - __main__ - INFO - Fetching data for date range: 2025-01-27 to 2025-01-28
2025-01-28 15:07:07,642 - __main__ - INFO - Fetched 181 existing UIDs from the database.
2025-01-28 15:07:09,113 - __main__ - INFO - Fetched page 1 successfully with 69 responses .
2025-01-28 15:07:09,285 - __main__ - WARNING - Error fetching page 2 for capi_checklist_id 355 (attempt 1): 404 Client Error: Not Found for url: https://api.axismyindia.in/v1/admin/surveyors/qc-service/surveyor-responses/355?page=2&size=500&startDate=2025-01-27&endDate=2025-01-28
2025-01-28 15:07:13,477 - __main__ - WARNING - Error fetching page 2 for capi_checklist_id 355 (attempt 2): 404 Client Error: Not Found for url: https://api.axismyindia.in/v1/admin/surveyors/qc-service/surveyor-responses/355?page=2&size=500&startDate=2025-01-27&endDate=2025-01-28
2025-01-28 15:07:21,480 - __main__ - ERROR - Failed to fetch page 2 for capi_checklist_id 355 after 3 attempts.
2025-01-28 15:07:21,480 - __main__ - ERROR - No UIDs found for capi_checklist_id 355. Exiting fetchdata2.
2025-01-28 15:07:21,487 - __main__ - INFO - Fetching data for date range: 2025-01-27 to 2025-01-28
2025-01-28 15:07:21,487 - __main__ - INFO - Fetched 22 existing UIDs from the database.
2025-01-28 15:07:21,659 - __main__ - WARNING - Error fetching page 1 for capi_checklist_id 403 (attempt 1): 404 Client Error: Not Found for url: https://api.axismyindia.in/v1/admin/surveyors/qc-service/surveyor-responses/403?page=1&size=500&startDate=2025-01-27&endDate=2025-01-28
2025-01-28 15:07:25,842 - __main__ - WARNING - Error fetching page 1 for capi_checklist_id 403 (attempt 2): 404 Client Error: Not Found for url: https://api.axismyindia.in/v1/admin/surveyors/qc-service/surveyor-responses/403?page=1&size=500&startDate=2025-01-27&endDate=2025-01-28
2025-01-28 15:07:33,846 - __main__ - ERROR - Failed to fetch page 1 for capi_checklist_id 403 after 3 attempts.
2025-01-28 15:07:33,846 - __main__ - ERROR - No UIDs found for capi_checklist_id 403. Exiting fetchdata2.
2025-01-28 15:07:33,851 - __main__ - INFO - Fetching data for date range: 2025-01-27 to 2025-01-28
2025-01-28 15:07:33,851 - __main__ - INFO - Fetched 53 existing UIDs from the database.
2025-01-28 15:07:34,032 - __main__ - WARNING - Error fetching page 1 for capi_checklist_id 404 (attempt 1): 404 Client Error: Not Found for url: https://api.axismyindia.in/v1/admin/surveyors/qc-service/surveyor-responses/404?page=1&size=500&startDate=2025-01-27&endDate=2025-01-28
2025-01-28 15:07:38,213 - __main__ - WARNING - Error fetching page 1 for capi_checklist_id 404 (attempt 2): 404 Client Error: Not Found for url: https://api.axismyindia.in/v1/admin/surveyors/qc-service/surveyor-responses/404?page=1&size=500&startDate=2025-01-27&endDate=2025-01-28
2025-01-28 15:07:46,220 - __main__ - ERROR - Failed to fetch page 1 for capi_checklist_id 404 after 3 attempts.
2025-01-28 15:07:46,220 - __main__ - ERROR - No UIDs found for capi_checklist_id 404. Exiting fetchdata2.
2025-01-28 15:07:46,220 - __main__ - INFO - Fetching data for date range: 2025-01-27 to 2025-01-28
2025-01-28 15:07:46,220 - __main__ - INFO - Fetched 3 existing UIDs from the database.
2025-01-28 15:07:46,392 - __main__ - WARNING - Error fetching page 1 for capi_checklist_id 363 (attempt 1): 404 Client Error: Not Found for url: https://api.axismyindia.in/v1/admin/surveyors/qc-service/surveyor-responses/363?page=1&size=500&startDate=2025-01-27&endDate=2025-01-28
2025-01-28 15:07:50,550 - __main__ - WARNING - Error fetching page 1 for capi_checklist_id 363 (attempt 2): 404 Client Error: Not Found for url: https://api.axismyindia.in/v1/admin/surveyors/qc-service/surveyor-responses/363?page=1&size=500&startDate=2025-01-27&endDate=2025-01-28
2025-01-28 15:07:58,566 - __main__ - ERROR - Failed to fetch page 1 for capi_checklist_id 363 after 3 attempts.
2025-01-28 15:07:58,566 - __main__ - ERROR - No UIDs found for capi_checklist_id 363. Exiting fetchdata2.
2025-01-28 15:07:58,593 - __main__ - INFO - Fetching data for date range: 2025-01-27 to 2025-01-28
2025-01-28 15:07:58,593 - __main__ - INFO - Fetched 7 existing UIDs from the database.
2025-01-28 15:07:58,766 - __main__ - INFO - Fetched page 1 successfully with 1 responses .
2025-01-28 15:07:58,954 - __main__ - WARNING - Error fetching page 2 for capi_checklist_id 352 (attempt 1): 404 Client Error: Not Found for url: https://api.axismyindia.in/v1/admin/surveyors/qc-service/surveyor-responses/352?page=2&size=500&startDate=2025-01-27&endDate=2025-01-28
2025-01-28 15:08:03,115 - __main__ - WARNING - Error fetching page 2 for capi_checklist_id 352 (attempt 2): 404 Client Error: Not Found for url: https://api.axismyindia.in/v1/admin/surveyors/qc-service/surveyor-responses/352?page=2&size=500&startDate=2025-01-27&endDate=2025-01-28
2025-01-28 15:08:11,153 - __main__ - ERROR - Failed to fetch page 2 for capi_checklist_id 352 after 3 attempts.
2025-01-28 15:08:11,262 - __main__ - ERROR - No UIDs found for capi_checklist_id 352. Exiting fetchdata2.
2025-01-28 15:08:11,416 - __main__ - INFO - Fetching data for date range: 2025-01-27 to 2025-01-28
2025-01-28 15:08:11,457 - __main__ - INFO - Fetched 12 existing UIDs from the database.
2025-01-28 15:08:11,727 - __main__ - INFO - Fetched page 1 successfully with 9 responses .
2025-01-28 15:08:11,890 - __main__ - WARNING - Error fetching page 2 for capi_checklist_id 330 (attempt 1): 404 Client Error: Not Found for url: https://api.axismyindia.in/v1/admin/surveyors/qc-service/surveyor-responses/330?page=2&size=500&startDate=2025-01-27&endDate=2025-01-28
2025-01-28 15:08:16,151 - __main__ - WARNING - Error fetching page 2 for capi_checklist_id 330 (attempt 2): 404 Client Error: Not Found for url: https://api.axismyindia.in/v1/admin/surveyors/qc-service/surveyor-responses/330?page=2&size=500&startDate=2025-01-27&endDate=2025-01-28
2025-01-28 15:08:24,183 - __main__ - ERROR - Failed to fetch page 2 for capi_checklist_id 330 after 3 attempts.
2025-01-28 15:08:24,215 - __main__ - ERROR - No UIDs found for capi_checklist_id 330. Exiting fetchdata2.
2025-01-28 15:08:24,290 - __main__ - INFO - Fetching data for date range: 2025-01-27 to 2025-01-28
2025-01-28 15:08:24,294 - __main__ - INFO - Fetched 13 existing UIDs from the database.
2025-01-28 15:08:24,467 - __main__ - WARNING - Error fetching page 1 for capi_checklist_id 348 (attempt 1): 404 Client Error: Not Found for url: https://api.axismyindia.in/v1/admin/surveyors/qc-service/surveyor-responses/348?page=1&size=500&startDate=2025-01-27&endDate=2025-01-28
2025-01-28 15:08:28,790 - __main__ - WARNING - Error fetching page 1 for capi_checklist_id 348 (attempt 2): 404 Client Error: Not Found for url: https://api.axismyindia.in/v1/admin/surveyors/qc-service/surveyor-responses/348?page=1&size=500&startDate=2025-01-27&endDate=2025-01-28
2025-01-28 15:08:36,792 - __main__ - ERROR - Failed to fetch page 1 for capi_checklist_id 348 after 3 attempts.
2025-01-28 15:08:36,799 - __main__ - ERROR - No UIDs found for capi_checklist_id 348. Exiting fetchdata2.
2025-01-28 15:08:36,799 - __main__ - INFO - Fetching data for date range: 2025-01-27 to 2025-01-28
2025-01-28 15:08:36,799 - __main__ - INFO - Fetched 0 existing UIDs from the database.
2025-01-28 15:08:37,081 - __main__ - WARNING - Error fetching page 1 for capi_checklist_id 290 (attempt 1): 404 Client Error: Not Found for url: https://api.axismyindia.in/v1/admin/surveyors/qc-service/surveyor-responses/290?page=1&size=500&startDate=2025-01-27&endDate=2025-01-28
2025-01-28 15:08:41,257 - __main__ - WARNING - Error fetching page 1 for capi_checklist_id 290 (attempt 2): 404 Client Error: Not Found for url: https://api.axismyindia.in/v1/admin/surveyors/qc-service/surveyor-responses/290?page=1&size=500&startDate=2025-01-27&endDate=2025-01-28
2025-01-28 15:08:49,270 - __main__ - ERROR - Failed to fetch page 1 for capi_checklist_id 290 after 3 attempts.
2025-01-28 15:08:49,270 - __main__ - ERROR - No UIDs found for capi_checklist_id 290. Exiting fetchdata2.
2025-01-28 15:08:49,280 - __main__ - INFO - Fetching data for date range: 2025-01-27 to 2025-01-28
2025-01-28 15:08:49,280 - __main__ - INFO - Fetched 20 existing UIDs from the database.
2025-01-28 15:08:49,442 - __main__ - WARNING - Error fetching page 1 for capi_checklist_id 291 (attempt 1): 404 Client Error: Not Found for url: https://api.axismyindia.in/v1/admin/surveyors/qc-service/surveyor-responses/291?page=1&size=500&startDate=2025-01-27&endDate=2025-01-28
2025-01-28 15:08:53,618 - __main__ - WARNING - Error fetching page 1 for capi_checklist_id 291 (attempt 2): 404 Client Error: Not Found for url: https://api.axismyindia.in/v1/admin/surveyors/qc-service/surveyor-responses/291?page=1&size=500&startDate=2025-01-27&endDate=2025-01-28
2025-01-28 15:09:01,632 - __main__ - ERROR - Failed to fetch page 1 for capi_checklist_id 291 after 3 attempts.
2025-01-28 15:09:01,635 - __main__ - ERROR - No UIDs found for capi_checklist_id 291. Exiting fetchdata2.
2025-01-28 15:09:01,635 - __main__ - INFO - Fetching data for date range: 2025-01-27 to 2025-01-28
2025-01-28 15:09:01,635 - __main__ - INFO - Fetched 49 existing UIDs from the database.
2025-01-28 15:09:01,808 - __main__ - INFO - Fetched page 1 successfully with 15 responses .
2025-01-28 15:09:01,980 - __main__ - WARNING - Error fetching page 2 for capi_checklist_id 326 (attempt 1): 404 Client Error: Not Found for url: https://api.axismyindia.in/v1/admin/surveyors/qc-service/surveyor-responses/326?page=2&size=500&startDate=2025-01-27&endDate=2025-01-28
2025-01-28 15:09:06,162 - __main__ - WARNING - Error fetching page 2 for capi_checklist_id 326 (attempt 2): 404 Client Error: Not Found for url: https://api.axismyindia.in/v1/admin/surveyors/qc-service/surveyor-responses/326?page=2&size=500&startDate=2025-01-27&endDate=2025-01-28
2025-01-28 15:09:14,164 - __main__ - ERROR - Failed to fetch page 2 for capi_checklist_id 326 after 3 attempts.
2025-01-28 15:09:14,164 - __main__ - INFO - Fetched UIDs: defaultdict(<class 'list'>, {326: [15736, 15724]})
2025-01-28 15:09:14,513 - __main__ - INFO - Fetched data for UID 15736
2025-01-28 15:09:19,318 - __main__ - INFO - Fetched data for UID 15724
2025-01-28 15:09:22,665 - __main__ - INFO - Fetching data for date range: 2025-01-27 to 2025-01-28
2025-01-28 15:09:22,665 - __main__ - INFO - Fetched 14 existing UIDs from the database.
2025-01-28 15:09:22,837 - __main__ - INFO - Fetched page 1 successfully with 2 responses .
2025-01-28 15:09:23,009 - __main__ - WARNING - Error fetching page 2 for capi_checklist_id 350 (attempt 1): 404 Client Error: Not Found for url: https://api.axismyindia.in/v1/admin/surveyors/qc-service/surveyor-responses/350?page=2&size=500&startDate=2025-01-27&endDate=2025-01-28
2025-01-28 15:09:27,177 - __main__ - WARNING - Error fetching page 2 for capi_checklist_id 350 (attempt 2): 404 Client Error: Not Found for url: https://api.axismyindia.in/v1/admin/surveyors/qc-service/surveyor-responses/350?page=2&size=500&startDate=2025-01-27&endDate=2025-01-28
2025-01-28 15:09:35,185 - __main__ - ERROR - Failed to fetch page 2 for capi_checklist_id 350 after 3 attempts.
2025-01-28 15:09:35,185 - __main__ - ERROR - No UIDs found for capi_checklist_id 350. Exiting fetchdata2.
2025-01-28 15:09:35,185 - __main__ - INFO - Fetching data for date range: 2025-01-27 to 2025-01-28
2025-01-28 15:09:35,200 - __main__ - INFO - Fetched 278 existing UIDs from the database.
2025-01-28 15:09:35,404 - __main__ - INFO - Fetched page 1 successfully with 103 responses .
2025-01-28 15:09:35,559 - __main__ - WARNING - Error fetching page 2 for capi_checklist_id 342 (attempt 1): 404 Client Error: Not Found for url: https://api.axismyindia.in/v1/admin/surveyors/qc-service/surveyor-responses/342?page=2&size=500&startDate=2025-01-27&endDate=2025-01-28
2025-01-28 15:09:39,726 - __main__ - WARNING - Error fetching page 2 for capi_checklist_id 342 (attempt 2): 404 Client Error: Not Found for url: https://api.axismyindia.in/v1/admin/surveyors/qc-service/surveyor-responses/342?page=2&size=500&startDate=2025-01-27&endDate=2025-01-28
2025-01-28 15:09:47,737 - __main__ - ERROR - Failed to fetch page 2 for capi_checklist_id 342 after 3 attempts.
2025-01-28 15:09:47,737 - __main__ - INFO - Fetched UIDs: defaultdict(<class 'list'>, {342: [15737, 15735, 15731, 15726]})
2025-01-28 15:09:48,802 - __main__ - INFO - Fetched data for UID 15737
2025-01-28 15:09:52,103 - __main__ - INFO - Fetched data for UID 15735
2025-01-28 15:09:56,007 - __main__ - INFO - Fetched data for UID 15731
2025-01-28 15:10:01,813 - __main__ - INFO - Fetched data for UID 15726
2025-01-28 15:10:05,135 - __main__ - INFO - Fetching data for date range: 2025-01-27 to 2025-01-28
2025-01-28 15:10:05,152 - __main__ - INFO - Fetched 5 existing UIDs from the database.
2025-01-28 15:10:05,495 - __main__ - INFO - Fetched page 1 successfully with 1 responses .
2025-01-28 15:10:05,682 - __main__ - WARNING - Error fetching page 2 for capi_checklist_id 319 (attempt 1): 404 Client Error: Not Found for url: https://api.axismyindia.in/v1/admin/surveyors/qc-service/surveyor-responses/319?page=2&size=500&startDate=2025-01-27&endDate=2025-01-28
2025-01-28 15:10:09,863 - __main__ - WARNING - Error fetching page 2 for capi_checklist_id 319 (attempt 2): 404 Client Error: Not Found for url: https://api.axismyindia.in/v1/admin/surveyors/qc-service/surveyor-responses/319?page=2&size=500&startDate=2025-01-27&endDate=2025-01-28
2025-01-28 15:10:17,867 - __main__ - ERROR - Failed to fetch page 2 for capi_checklist_id 319 after 3 attempts.
2025-01-28 15:10:17,867 - __main__ - ERROR - No UIDs found for capi_checklist_id 319. Exiting fetchdata2.
2025-01-28 15:10:17,876 - __main__ - INFO - Fetching data for date range: 2025-01-27 to 2025-01-28
2025-01-28 15:10:17,876 - __main__ - INFO - Fetched 5 existing UIDs from the database.
2025-01-28 15:10:18,033 - __main__ - WARNING - Error fetching page 1 for capi_checklist_id 320 (attempt 1): 404 Client Error: Not Found for url: https://api.axismyindia.in/v1/admin/surveyors/qc-service/surveyor-responses/320?page=1&size=500&startDate=2025-01-27&endDate=2025-01-28
2025-01-28 15:10:22,210 - __main__ - WARNING - Error fetching page 1 for capi_checklist_id 320 (attempt 2): 404 Client Error: Not Found for url: https://api.axismyindia.in/v1/admin/surveyors/qc-service/surveyor-responses/320?page=1&size=500&startDate=2025-01-27&endDate=2025-01-28
2025-01-28 15:10:30,216 - __main__ - ERROR - Failed to fetch page 1 for capi_checklist_id 320 after 3 attempts.
2025-01-28 15:10:30,216 - __main__ - ERROR - No UIDs found for capi_checklist_id 320. Exiting fetchdata2.
2025-01-28 15:10:30,216 - __main__ - INFO - Fetching data for date range: 2025-01-27 to 2025-01-28
2025-01-28 15:10:30,216 - __main__ - INFO - Fetched 134 existing UIDs from the database.
2025-01-28 15:10:30,413 - __main__ - INFO - Fetched page 1 successfully with 49 responses .
2025-01-28 15:10:30,582 - __main__ - WARNING - Error fetching page 2 for capi_checklist_id 344 (attempt 1): 404 Client Error: Not Found for url: https://api.axismyindia.in/v1/admin/surveyors/qc-service/surveyor-responses/344?page=2&size=500&startDate=2025-01-27&endDate=2025-01-28
2025-01-28 15:10:34,752 - __main__ - WARNING - Error fetching page 2 for capi_checklist_id 344 (attempt 2): 404 Client Error: Not Found for url: https://api.axismyindia.in/v1/admin/surveyors/qc-service/surveyor-responses/344?page=2&size=500&startDate=2025-01-27&endDate=2025-01-28
2025-01-28 15:10:42,764 - __main__ - ERROR - Failed to fetch page 2 for capi_checklist_id 344 after 3 attempts.
2025-01-28 15:10:42,764 - __main__ - INFO - Fetched UIDs: defaultdict(<class 'list'>, {344: [15734, 15728, 15727]})
2025-01-28 15:10:43,896 - __main__ - INFO - Fetched data for UID 15734
2025-01-28 15:10:49,214 - __main__ - INFO - Fetched data for UID 15728
2025-01-28 15:10:53,988 - __main__ - INFO - Fetched data for UID 15727
2025-01-28 15:10:58,103 - __main__ - INFO - Fetching data for date range: 2025-01-27 to 2025-01-28
2025-01-28 15:10:58,103 - __main__ - INFO - Fetched 93 existing UIDs from the database.
2025-01-28 15:10:58,284 - __main__ - INFO - Fetched page 1 successfully with 18 responses .
2025-01-28 15:10:58,451 - __main__ - WARNING - Error fetching page 2 for capi_checklist_id 332 (attempt 1): 404 Client Error: Not Found for url: https://api.axismyindia.in/v1/admin/surveyors/qc-service/surveyor-responses/332?page=2&size=500&startDate=2025-01-27&endDate=2025-01-28
2025-01-28 15:11:02,613 - __main__ - WARNING - Error fetching page 2 for capi_checklist_id 332 (attempt 2): 404 Client Error: Not Found for url: https://api.axismyindia.in/v1/admin/surveyors/qc-service/surveyor-responses/332?page=2&size=500&startDate=2025-01-27&endDate=2025-01-28
2025-01-28 15:11:10,618 - __main__ - ERROR - Failed to fetch page 2 for capi_checklist_id 332 after 3 attempts.
2025-01-28 15:11:10,622 - __main__ - ERROR - No UIDs found for capi_checklist_id 332. Exiting fetchdata2.
2025-01-28 15:11:10,622 - __main__ - INFO - Fetching data for date range: 2025-01-27 to 2025-01-28
2025-01-28 15:11:10,622 - __main__ - INFO - Fetched 10 existing UIDs from the database.
2025-01-28 15:11:10,794 - __main__ - WARNING - Error fetching page 1 for capi_checklist_id 335 (attempt 1): 404 Client Error: Not Found for url: https://api.axismyindia.in/v1/admin/surveyors/qc-service/surveyor-responses/335?page=1&size=500&startDate=2025-01-27&endDate=2025-01-28
2025-01-28 15:11:15,219 - __main__ - WARNING - Error fetching page 1 for capi_checklist_id 335 (attempt 2): 404 Client Error: Not Found for url: https://api.axismyindia.in/v1/admin/surveyors/qc-service/surveyor-responses/335?page=1&size=500&startDate=2025-01-27&endDate=2025-01-28
2025-01-28 15:11:23,225 - __main__ - ERROR - Failed to fetch page 1 for capi_checklist_id 335 after 3 attempts.
2025-01-28 15:11:23,225 - __main__ - ERROR - No UIDs found for capi_checklist_id 335. Exiting fetchdata2.
2025-01-28 15:11:23,225 - __main__ - INFO - Fetching data for date range: 2025-01-27 to 2025-01-28
2025-01-28 15:11:23,236 - __main__ - INFO - Fetched 40 existing UIDs from the database.
2025-01-28 15:11:23,408 - __main__ - INFO - Fetched page 1 successfully with 20 responses .
2025-01-28 15:11:23,596 - __main__ - WARNING - Error fetching page 2 for capi_checklist_id 325 (attempt 1): 404 Client Error: Not Found for url: https://api.axismyindia.in/v1/admin/surveyors/qc-service/surveyor-responses/325?page=2&size=500&startDate=2025-01-27&endDate=2025-01-28
2025-01-28 15:11:27,773 - __main__ - WARNING - Error fetching page 2 for capi_checklist_id 325 (attempt 2): 404 Client Error: Not Found for url: https://api.axismyindia.in/v1/admin/surveyors/qc-service/surveyor-responses/325?page=2&size=500&startDate=2025-01-27&endDate=2025-01-28
2025-01-28 15:11:35,784 - __main__ - ERROR - Failed to fetch page 2 for capi_checklist_id 325 after 3 attempts.
2025-01-28 15:11:35,784 - __main__ - ERROR - No UIDs found for capi_checklist_id 325. Exiting fetchdata2.
2025-01-28 15:11:35,792 - __main__ - INFO - Fetching data for date range: 2025-01-27 to 2025-01-28
2025-01-28 15:11:35,806 - __main__ - INFO - Fetched 246 existing UIDs from the database.
2025-01-28 15:11:35,991 - __main__ - INFO - Fetched page 1 successfully with 71 responses .
2025-01-28 15:11:36,146 - __main__ - WARNING - Error fetching page 2 for capi_checklist_id 347 (attempt 1): 404 Client Error: Not Found for url: https://api.axismyindia.in/v1/admin/surveyors/qc-service/surveyor-responses/347?page=2&size=500&startDate=2025-01-27&endDate=2025-01-28
2025-01-28 15:11:40,321 - __main__ - WARNING - Error fetching page 2 for capi_checklist_id 347 (attempt 2): 404 Client Error: Not Found for url: https://api.axismyindia.in/v1/admin/surveyors/qc-service/surveyor-responses/347?page=2&size=500&startDate=2025-01-27&endDate=2025-01-28
2025-01-28 15:11:48,322 - __main__ - ERROR - Failed to fetch page 2 for capi_checklist_id 347 after 3 attempts.
2025-01-28 15:11:48,324 - __main__ - INFO - Fetched UIDs: defaultdict(<class 'list'>, {347: [15739, 15732]})
2025-01-28 15:11:49,502 - __main__ - INFO - Fetched data for UID 15739
2025-01-28 15:11:53,927 - __main__ - INFO - Fetched data for UID 15732
2025-01-28 15:11:56,902 - __main__ - INFO - Fetching data for date range: 2025-01-27 to 2025-01-28
2025-01-28 15:11:56,902 - __main__ - INFO - Fetched 11 existing UIDs from the database.
2025-01-28 15:11:57,074 - __main__ - INFO - Fetched page 1 successfully with 1 responses .
2025-01-28 15:11:58,192 - __main__ - WARNING - Error fetching page 2 for capi_checklist_id 382 (attempt 1): 404 Client Error: Not Found for url: https://api.axismyindia.in/v1/admin/surveyors/qc-service/surveyor-responses/382?page=2&size=500&startDate=2025-01-27&endDate=2025-01-28
2025-01-28 15:12:02,366 - __main__ - WARNING - Error fetching page 2 for capi_checklist_id 382 (attempt 2): 404 Client Error: Not Found for url: https://api.axismyindia.in/v1/admin/surveyors/qc-service/surveyor-responses/382?page=2&size=500&startDate=2025-01-27&endDate=2025-01-28
2025-01-28 15:12:10,381 - __main__ - ERROR - Failed to fetch page 2 for capi_checklist_id 382 after 3 attempts.
2025-01-28 15:12:10,381 - __main__ - ERROR - No UIDs found for capi_checklist_id 382. Exiting fetchdata2.
2025-01-28 15:12:10,391 - __main__ - INFO - Fetching data for date range: 2025-01-27 to 2025-01-28
2025-01-28 15:12:10,391 - __main__ - INFO - Fetched 38 existing UIDs from the database.
2025-01-28 15:12:10,547 - __main__ - WARNING - Error fetching page 1 for capi_checklist_id 339 (attempt 1): 404 Client Error: Not Found for url: https://api.axismyindia.in/v1/admin/surveyors/qc-service/surveyor-responses/339?page=1&size=500&startDate=2025-01-27&endDate=2025-01-28
2025-01-28 15:12:14,723 - __main__ - WARNING - Error fetching page 1 for capi_checklist_id 339 (attempt 2): 404 Client Error: Not Found for url: https://api.axismyindia.in/v1/admin/surveyors/qc-service/surveyor-responses/339?page=1&size=500&startDate=2025-01-27&endDate=2025-01-28
2025-01-28 15:12:22,726 - __main__ - ERROR - Failed to fetch page 1 for capi_checklist_id 339 after 3 attempts.
2025-01-28 15:12:22,726 - __main__ - ERROR - No UIDs found for capi_checklist_id 339. Exiting fetchdata2.
2025-01-28 15:12:22,734 - __main__ - INFO - Fetching data for date range: 2025-01-27 to 2025-01-28
2025-01-28 15:12:22,735 - __main__ - INFO - Fetched 1 existing UIDs from the database.
2025-01-28 15:12:22,890 - __main__ - WARNING - Error fetching page 1 for capi_checklist_id 334 (attempt 1): 404 Client Error: Not Found for url: https://api.axismyindia.in/v1/admin/surveyors/qc-service/surveyor-responses/334?page=1&size=500&startDate=2025-01-27&endDate=2025-01-28
2025-01-28 15:12:27,063 - __main__ - WARNING - Error fetching page 1 for capi_checklist_id 334 (attempt 2): 404 Client Error: Not Found for url: https://api.axismyindia.in/v1/admin/surveyors/qc-service/surveyor-responses/334?page=1&size=500&startDate=2025-01-27&endDate=2025-01-28
2025-01-28 15:12:35,069 - __main__ - ERROR - Failed to fetch page 1 for capi_checklist_id 334 after 3 attempts.
2025-01-28 15:12:35,069 - __main__ - ERROR - No UIDs found for capi_checklist_id 334. Exiting fetchdata2.
2025-01-28 15:12:35,069 - __main__ - INFO - Fetching data for date range: 2025-01-27 to 2025-01-28
2025-01-28 15:12:35,116 - __main__ - INFO - Fetched 6083 existing UIDs from the database.
2025-01-28 15:12:35,333 - __main__ - INFO - Fetched page 1 successfully with 97 responses .
2025-01-28 15:12:35,508 - __main__ - WARNING - Error fetching page 2 for capi_checklist_id 321 (attempt 1): 404 Client Error: Not Found for url: https://api.axismyindia.in/v1/admin/surveyors/qc-service/surveyor-responses/321?page=2&size=500&startDate=2025-01-27&endDate=2025-01-28
2025-01-28 15:12:39,672 - __main__ - WARNING - Error fetching page 2 for capi_checklist_id 321 (attempt 2): 404 Client Error: Not Found for url: https://api.axismyindia.in/v1/admin/surveyors/qc-service/surveyor-responses/321?page=2&size=500&startDate=2025-01-27&endDate=2025-01-28
2025-01-28 15:12:47,678 - __main__ - ERROR - Failed to fetch page 2 for capi_checklist_id 321 after 3 attempts.
2025-01-28 15:12:47,678 - __main__ - ERROR - No UIDs found for capi_checklist_id 321. Exiting fetchdata2.
2025-01-28 16:04:55,436 - __main__ - INFO - Fetching data for date range: 2025-01-27 to 2025-01-28
2025-01-28 16:04:55,436 - __main__ - INFO - Fetched 0 existing UIDs from the database.
2025-01-28 16:04:55,687 - __main__ - WARNING - Error fetching page 1 for capi_checklist_id 400 (attempt 1): 404 Client Error: Not Found for url: https://api.axismyindia.in/v1/admin/surveyors/qc-service/surveyor-responses/400?page=1&size=500&startDate=2025-01-27&endDate=2025-01-28
2025-01-28 16:04:59,871 - __main__ - WARNING - Error fetching page 1 for capi_checklist_id 400 (attempt 2): 404 Client Error: Not Found for url: https://api.axismyindia.in/v1/admin/surveyors/qc-service/surveyor-responses/400?page=1&size=500&startDate=2025-01-27&endDate=2025-01-28
2025-01-28 16:05:07,885 - __main__ - ERROR - Failed to fetch page 1 for capi_checklist_id 400 after 3 attempts.
2025-01-28 16:05:07,901 - __main__ - ERROR - No UIDs found for capi_checklist_id 400. Exiting fetchdata2.
2025-01-28 16:05:07,948 - __main__ - INFO - Fetching data for date range: 2025-01-27 to 2025-01-28
2025-01-28 16:05:07,964 - __main__ - INFO - Fetched 25 existing UIDs from the database.
2025-01-28 16:05:08,154 - __main__ - INFO - Fetched page 1 successfully with 24 responses .
2025-01-28 16:05:08,299 - __main__ - WARNING - Error fetching page 2 for capi_checklist_id 354 (attempt 1): 404 Client Error: Not Found for url: https://api.axismyindia.in/v1/admin/surveyors/qc-service/surveyor-responses/354?page=2&size=500&startDate=2025-01-27&endDate=2025-01-28
2025-01-28 16:05:12,552 - __main__ - WARNING - Error fetching page 2 for capi_checklist_id 354 (attempt 2): 404 Client Error: Not Found for url: https://api.axismyindia.in/v1/admin/surveyors/qc-service/surveyor-responses/354?page=2&size=500&startDate=2025-01-27&endDate=2025-01-28
2025-01-28 16:05:20,569 - __main__ - ERROR - Failed to fetch page 2 for capi_checklist_id 354 after 3 attempts.
2025-01-28 16:05:20,669 - __main__ - ERROR - No UIDs found for capi_checklist_id 354. Exiting fetchdata2.
2025-01-28 16:05:20,790 - __main__ - INFO - Fetching data for date range: 2025-01-27 to 2025-01-28
2025-01-28 16:05:20,806 - __main__ - INFO - Fetched 7 existing UIDs from the database.
2025-01-28 16:05:21,292 - __main__ - INFO - Fetched page 1 successfully with 1 responses .
2025-01-28 16:05:21,562 - __main__ - WARNING - Error fetching page 2 for capi_checklist_id 329 (attempt 1): 404 Client Error: Not Found for url: https://api.axismyindia.in/v1/admin/surveyors/qc-service/surveyor-responses/329?page=2&size=500&startDate=2025-01-27&endDate=2025-01-28
2025-01-28 16:05:25,808 - __main__ - WARNING - Error fetching page 2 for capi_checklist_id 329 (attempt 2): 404 Client Error: Not Found for url: https://api.axismyindia.in/v1/admin/surveyors/qc-service/surveyor-responses/329?page=2&size=500&startDate=2025-01-27&endDate=2025-01-28
2025-01-28 16:05:33,832 - __main__ - ERROR - Failed to fetch page 2 for capi_checklist_id 329 after 3 attempts.
2025-01-28 16:05:33,864 - __main__ - ERROR - No UIDs found for capi_checklist_id 329. Exiting fetchdata2.
2025-01-28 16:05:33,911 - __main__ - INFO - Fetching data for date range: 2025-01-27 to 2025-01-28
2025-01-28 16:05:33,911 - __main__ - INFO - Fetched 2 existing UIDs from the database.
2025-01-28 16:05:34,083 - __main__ - WARNING - Error fetching page 1 for capi_checklist_id 346 (attempt 1): 404 Client Error: Not Found for url: https://api.axismyindia.in/v1/admin/surveyors/qc-service/surveyor-responses/346?page=1&size=500&startDate=2025-01-27&endDate=2025-01-28
2025-01-28 16:05:38,252 - __main__ - WARNING - Error fetching page 1 for capi_checklist_id 346 (attempt 2): 404 Client Error: Not Found for url: https://api.axismyindia.in/v1/admin/surveyors/qc-service/surveyor-responses/346?page=1&size=500&startDate=2025-01-27&endDate=2025-01-28
2025-01-28 16:05:46,257 - __main__ - ERROR - Failed to fetch page 1 for capi_checklist_id 346 after 3 attempts.
2025-01-28 16:05:46,269 - __main__ - ERROR - No UIDs found for capi_checklist_id 346. Exiting fetchdata2.
2025-01-28 16:05:46,286 - __main__ - INFO - Fetching data for date range: 2025-01-27 to 2025-01-28
2025-01-28 16:05:46,301 - __main__ - INFO - Fetched 1 existing UIDs from the database.
2025-01-28 16:05:46,474 - __main__ - WARNING - Error fetching page 1 for capi_checklist_id 331 (attempt 1): 404 Client Error: Not Found for url: https://api.axismyindia.in/v1/admin/surveyors/qc-service/surveyor-responses/331?page=1&size=500&startDate=2025-01-27&endDate=2025-01-28
2025-01-28 16:05:50,645 - __main__ - WARNING - Error fetching page 1 for capi_checklist_id 331 (attempt 2): 404 Client Error: Not Found for url: https://api.axismyindia.in/v1/admin/surveyors/qc-service/surveyor-responses/331?page=1&size=500&startDate=2025-01-27&endDate=2025-01-28
2025-01-28 16:05:58,659 - __main__ - ERROR - Failed to fetch page 1 for capi_checklist_id 331 after 3 attempts.
2025-01-28 16:05:58,659 - __main__ - ERROR - No UIDs found for capi_checklist_id 331. Exiting fetchdata2.
2025-01-28 16:05:58,672 - __main__ - INFO - Fetching data for date range: 2025-01-27 to 2025-01-28
2025-01-28 16:05:58,672 - __main__ - INFO - Fetched 4 existing UIDs from the database.
2025-01-28 16:05:58,844 - __main__ - WARNING - Error fetching page 1 for capi_checklist_id 337 (attempt 1): 404 Client Error: Not Found for url: https://api.axismyindia.in/v1/admin/surveyors/qc-service/surveyor-responses/337?page=1&size=500&startDate=2025-01-27&endDate=2025-01-28
2025-01-28 16:06:03,013 - __main__ - WARNING - Error fetching page 1 for capi_checklist_id 337 (attempt 2): 404 Client Error: Not Found for url: https://api.axismyindia.in/v1/admin/surveyors/qc-service/surveyor-responses/337?page=1&size=500&startDate=2025-01-27&endDate=2025-01-28
2025-01-28 16:06:11,021 - __main__ - ERROR - Failed to fetch page 1 for capi_checklist_id 337 after 3 attempts.
2025-01-28 16:06:11,025 - __main__ - ERROR - No UIDs found for capi_checklist_id 337. Exiting fetchdata2.
2025-01-28 16:06:11,042 - __main__ - INFO - Fetching data for date range: 2025-01-27 to 2025-01-28
2025-01-28 16:06:11,042 - __main__ - INFO - Fetched 44 existing UIDs from the database.
2025-01-28 16:06:11,235 - __main__ - INFO - Fetched page 1 successfully with 32 responses .
2025-01-28 16:06:11,400 - __main__ - WARNING - Error fetching page 2 for capi_checklist_id 349 (attempt 1): 404 Client Error: Not Found for url: https://api.axismyindia.in/v1/admin/surveyors/qc-service/surveyor-responses/349?page=2&size=500&startDate=2025-01-27&endDate=2025-01-28
2025-01-28 16:06:15,579 - __main__ - WARNING - Error fetching page 2 for capi_checklist_id 349 (attempt 2): 404 Client Error: Not Found for url: https://api.axismyindia.in/v1/admin/surveyors/qc-service/surveyor-responses/349?page=2&size=500&startDate=2025-01-27&endDate=2025-01-28
2025-01-28 16:06:23,584 - __main__ - ERROR - Failed to fetch page 2 for capi_checklist_id 349 after 3 attempts.
2025-01-28 16:06:23,594 - __main__ - ERROR - No UIDs found for capi_checklist_id 349. Exiting fetchdata2.
2025-01-28 16:06:23,615 - __main__ - INFO - Fetching data for date range: 2025-01-27 to 2025-01-28
2025-01-28 16:06:23,623 - __main__ - INFO - Fetched 65 existing UIDs from the database.
2025-01-28 16:06:23,795 - __main__ - INFO - Fetched page 1 successfully with 41 responses .
2025-01-28 16:06:23,968 - __main__ - WARNING - Error fetching page 2 for capi_checklist_id 343 (attempt 1): 404 Client Error: Not Found for url: https://api.axismyindia.in/v1/admin/surveyors/qc-service/surveyor-responses/343?page=2&size=500&startDate=2025-01-27&endDate=2025-01-28
2025-01-28 16:06:28,245 - __main__ - WARNING - Error fetching page 2 for capi_checklist_id 343 (attempt 2): 404 Client Error: Not Found for url: https://api.axismyindia.in/v1/admin/surveyors/qc-service/surveyor-responses/343?page=2&size=500&startDate=2025-01-27&endDate=2025-01-28
2025-01-28 16:06:36,267 - __main__ - ERROR - Failed to fetch page 2 for capi_checklist_id 343 after 3 attempts.
2025-01-28 16:06:36,374 - __main__ - ERROR - No UIDs found for capi_checklist_id 343. Exiting fetchdata2.
2025-01-28 16:06:36,440 - __main__ - INFO - Fetching data for date range: 2025-01-27 to 2025-01-28
2025-01-28 16:06:36,487 - __main__ - INFO - Fetched 91 existing UIDs from the database.
2025-01-28 16:06:37,226 - __main__ - INFO - Fetched page 1 successfully with 42 responses .
2025-01-28 16:06:37,509 - __main__ - WARNING - Error fetching page 2 for capi_checklist_id 340 (attempt 1): 404 Client Error: Not Found for url: https://api.axismyindia.in/v1/admin/surveyors/qc-service/surveyor-responses/340?page=2&size=500&startDate=2025-01-27&endDate=2025-01-28
2025-01-28 16:06:41,728 - __main__ - WARNING - Error fetching page 2 for capi_checklist_id 340 (attempt 2): 404 Client Error: Not Found for url: https://api.axismyindia.in/v1/admin/surveyors/qc-service/surveyor-responses/340?page=2&size=500&startDate=2025-01-27&endDate=2025-01-28
2025-01-28 16:06:49,737 - __main__ - ERROR - Failed to fetch page 2 for capi_checklist_id 340 after 3 attempts.
2025-01-28 16:06:49,755 - __main__ - ERROR - No UIDs found for capi_checklist_id 340. Exiting fetchdata2.
2025-01-28 16:06:49,795 - __main__ - INFO - Fetching data for date range: 2025-01-27 to 2025-01-28
2025-01-28 16:06:49,802 - __main__ - INFO - Fetched 121 existing UIDs from the database.
2025-01-28 16:06:49,990 - __main__ - INFO - Fetched page 1 successfully with 46 responses .
2025-01-28 16:06:50,147 - __main__ - WARNING - Error fetching page 2 for capi_checklist_id 341 (attempt 1): 404 Client Error: Not Found for url: https://api.axismyindia.in/v1/admin/surveyors/qc-service/surveyor-responses/341?page=2&size=500&startDate=2025-01-27&endDate=2025-01-28
2025-01-28 16:06:54,322 - __main__ - WARNING - Error fetching page 2 for capi_checklist_id 341 (attempt 2): 404 Client Error: Not Found for url: https://api.axismyindia.in/v1/admin/surveyors/qc-service/surveyor-responses/341?page=2&size=500&startDate=2025-01-27&endDate=2025-01-28
2025-01-28 16:07:02,332 - __main__ - ERROR - Failed to fetch page 2 for capi_checklist_id 341 after 3 attempts.
2025-01-28 16:07:02,332 - __main__ - ERROR - No UIDs found for capi_checklist_id 341. Exiting fetchdata2.
2025-01-28 16:07:02,332 - __main__ - INFO - Fetching data for date range: 2025-01-27 to 2025-01-28
2025-01-28 16:07:02,344 - __main__ - INFO - Fetched 181 existing UIDs from the database.
2025-01-28 16:07:02,515 - __main__ - INFO - Fetched page 1 successfully with 69 responses .
2025-01-28 16:07:02,703 - __main__ - WARNING - Error fetching page 2 for capi_checklist_id 355 (attempt 1): 404 Client Error: Not Found for url: https://api.axismyindia.in/v1/admin/surveyors/qc-service/surveyor-responses/355?page=2&size=500&startDate=2025-01-27&endDate=2025-01-28
2025-01-28 16:07:06,864 - __main__ - WARNING - Error fetching page 2 for capi_checklist_id 355 (attempt 2): 404 Client Error: Not Found for url: https://api.axismyindia.in/v1/admin/surveyors/qc-service/surveyor-responses/355?page=2&size=500&startDate=2025-01-27&endDate=2025-01-28
2025-01-28 16:07:14,867 - __main__ - ERROR - Failed to fetch page 2 for capi_checklist_id 355 after 3 attempts.
2025-01-28 16:07:14,879 - __main__ - ERROR - No UIDs found for capi_checklist_id 355. Exiting fetchdata2.
2025-01-28 16:07:14,879 - __main__ - INFO - Fetching data for date range: 2025-01-27 to 2025-01-28
2025-01-28 16:07:14,892 - __main__ - INFO - Fetched 22 existing UIDs from the database.
2025-01-28 16:07:15,057 - __main__ - WARNING - Error fetching page 1 for capi_checklist_id 403 (attempt 1): 404 Client Error: Not Found for url: https://api.axismyindia.in/v1/admin/surveyors/qc-service/surveyor-responses/403?page=1&size=500&startDate=2025-01-27&endDate=2025-01-28
2025-01-28 16:07:19,226 - __main__ - WARNING - Error fetching page 1 for capi_checklist_id 403 (attempt 2): 404 Client Error: Not Found for url: https://api.axismyindia.in/v1/admin/surveyors/qc-service/surveyor-responses/403?page=1&size=500&startDate=2025-01-27&endDate=2025-01-28
2025-01-28 16:07:27,230 - __main__ - ERROR - Failed to fetch page 1 for capi_checklist_id 403 after 3 attempts.
2025-01-28 16:07:27,235 - __main__ - ERROR - No UIDs found for capi_checklist_id 403. Exiting fetchdata2.
2025-01-28 16:07:27,240 - __main__ - INFO - Fetching data for date range: 2025-01-27 to 2025-01-28
2025-01-28 16:07:27,259 - __main__ - INFO - Fetched 53 existing UIDs from the database.
2025-01-28 16:07:27,461 - __main__ - WARNING - Error fetching page 1 for capi_checklist_id 404 (attempt 1): 404 Client Error: Not Found for url: https://api.axismyindia.in/v1/admin/surveyors/qc-service/surveyor-responses/404?page=1&size=500&startDate=2025-01-27&endDate=2025-01-28
2025-01-28 16:07:31,620 - __main__ - WARNING - Error fetching page 1 for capi_checklist_id 404 (attempt 2): 404 Client Error: Not Found for url: https://api.axismyindia.in/v1/admin/surveyors/qc-service/surveyor-responses/404?page=1&size=500&startDate=2025-01-27&endDate=2025-01-28
2025-01-28 16:07:39,628 - __main__ - ERROR - Failed to fetch page 1 for capi_checklist_id 404 after 3 attempts.
2025-01-28 16:07:39,628 - __main__ - ERROR - No UIDs found for capi_checklist_id 404. Exiting fetchdata2.
2025-01-28 16:07:39,628 - __main__ - INFO - Fetching data for date range: 2025-01-27 to 2025-01-28
2025-01-28 16:07:39,628 - __main__ - INFO - Fetched 3 existing UIDs from the database.
2025-01-28 16:07:39,801 - __main__ - WARNING - Error fetching page 1 for capi_checklist_id 363 (attempt 1): 404 Client Error: Not Found for url: https://api.axismyindia.in/v1/admin/surveyors/qc-service/surveyor-responses/363?page=1&size=500&startDate=2025-01-27&endDate=2025-01-28
2025-01-28 16:07:43,969 - __main__ - WARNING - Error fetching page 1 for capi_checklist_id 363 (attempt 2): 404 Client Error: Not Found for url: https://api.axismyindia.in/v1/admin/surveyors/qc-service/surveyor-responses/363?page=1&size=500&startDate=2025-01-27&endDate=2025-01-28
2025-01-28 16:07:51,976 - __main__ - ERROR - Failed to fetch page 1 for capi_checklist_id 363 after 3 attempts.
2025-01-28 16:07:51,993 - __main__ - ERROR - No UIDs found for capi_checklist_id 363. Exiting fetchdata2.
2025-01-28 16:07:52,023 - __main__ - INFO - Fetching data for date range: 2025-01-27 to 2025-01-28
2025-01-28 16:07:52,046 - __main__ - INFO - Fetched 7 existing UIDs from the database.
2025-01-28 16:07:52,212 - __main__ - INFO - Fetched page 1 successfully with 1 responses .
2025-01-28 16:07:52,385 - __main__ - WARNING - Error fetching page 2 for capi_checklist_id 352 (attempt 1): 404 Client Error: Not Found for url: https://api.axismyindia.in/v1/admin/surveyors/qc-service/surveyor-responses/352?page=2&size=500&startDate=2025-01-27&endDate=2025-01-28
2025-01-28 16:07:56,569 - __main__ - WARNING - Error fetching page 2 for capi_checklist_id 352 (attempt 2): 404 Client Error: Not Found for url: https://api.axismyindia.in/v1/admin/surveyors/qc-service/surveyor-responses/352?page=2&size=500&startDate=2025-01-27&endDate=2025-01-28
2025-01-28 16:08:04,574 - __main__ - ERROR - Failed to fetch page 2 for capi_checklist_id 352 after 3 attempts.
2025-01-28 16:08:04,585 - __main__ - ERROR - No UIDs found for capi_checklist_id 352. Exiting fetchdata2.
2025-01-28 16:08:04,631 - __main__ - INFO - Fetching data for date range: 2025-01-27 to 2025-01-28
2025-01-28 16:08:04,647 - __main__ - INFO - Fetched 12 existing UIDs from the database.
2025-01-28 16:08:04,850 - __main__ - INFO - Fetched page 1 successfully with 9 responses .
2025-01-28 16:08:05,022 - __main__ - WARNING - Error fetching page 2 for capi_checklist_id 330 (attempt 1): 404 Client Error: Not Found for url: https://api.axismyindia.in/v1/admin/surveyors/qc-service/surveyor-responses/330?page=2&size=500&startDate=2025-01-27&endDate=2025-01-28
2025-01-28 16:08:09,182 - __main__ - WARNING - Error fetching page 2 for capi_checklist_id 330 (attempt 2): 404 Client Error: Not Found for url: https://api.axismyindia.in/v1/admin/surveyors/qc-service/surveyor-responses/330?page=2&size=500&startDate=2025-01-27&endDate=2025-01-28
2025-01-28 16:08:17,192 - __main__ - ERROR - Failed to fetch page 2 for capi_checklist_id 330 after 3 attempts.
2025-01-28 16:08:17,197 - __main__ - ERROR - No UIDs found for capi_checklist_id 330. Exiting fetchdata2.
2025-01-28 16:08:17,208 - __main__ - INFO - Fetching data for date range: 2025-01-27 to 2025-01-28
2025-01-28 16:08:17,222 - __main__ - INFO - Fetched 13 existing UIDs from the database.
2025-01-28 16:08:17,394 - __main__ - WARNING - Error fetching page 1 for capi_checklist_id 348 (attempt 1): 404 Client Error: Not Found for url: https://api.axismyindia.in/v1/admin/surveyors/qc-service/surveyor-responses/348?page=1&size=500&startDate=2025-01-27&endDate=2025-01-28
2025-01-28 16:08:21,556 - __main__ - WARNING - Error fetching page 1 for capi_checklist_id 348 (attempt 2): 404 Client Error: Not Found for url: https://api.axismyindia.in/v1/admin/surveyors/qc-service/surveyor-responses/348?page=1&size=500&startDate=2025-01-27&endDate=2025-01-28
2025-01-28 16:08:29,570 - __main__ - ERROR - Failed to fetch page 1 for capi_checklist_id 348 after 3 attempts.
2025-01-28 16:08:29,648 - __main__ - ERROR - No UIDs found for capi_checklist_id 348. Exiting fetchdata2.
2025-01-28 16:08:29,743 - __main__ - INFO - Fetching data for date range: 2025-01-27 to 2025-01-28
2025-01-28 16:08:29,758 - __main__ - INFO - Fetched 0 existing UIDs from the database.
2025-01-28 16:08:29,995 - __main__ - WARNING - Error fetching page 1 for capi_checklist_id 290 (attempt 1): 404 Client Error: Not Found for url: https://api.axismyindia.in/v1/admin/surveyors/qc-service/surveyor-responses/290?page=1&size=500&startDate=2025-01-27&endDate=2025-01-28
2025-01-28 16:08:34,226 - __main__ - WARNING - Error fetching page 1 for capi_checklist_id 290 (attempt 2): 404 Client Error: Not Found for url: https://api.axismyindia.in/v1/admin/surveyors/qc-service/surveyor-responses/290?page=1&size=500&startDate=2025-01-27&endDate=2025-01-28
2025-01-28 16:08:42,238 - __main__ - ERROR - Failed to fetch page 1 for capi_checklist_id 290 after 3 attempts.
2025-01-28 16:08:42,262 - __main__ - ERROR - No UIDs found for capi_checklist_id 290. Exiting fetchdata2.
2025-01-28 16:08:42,325 - __main__ - INFO - Fetching data for date range: 2025-01-27 to 2025-01-28
2025-01-28 16:08:42,340 - __main__ - INFO - Fetched 20 existing UIDs from the database.
2025-01-28 16:08:42,544 - __main__ - WARNING - Error fetching page 1 for capi_checklist_id 291 (attempt 1): 404 Client Error: Not Found for url: https://api.axismyindia.in/v1/admin/surveyors/qc-service/surveyor-responses/291?page=1&size=500&startDate=2025-01-27&endDate=2025-01-28
2025-01-28 16:08:46,704 - __main__ - WARNING - Error fetching page 1 for capi_checklist_id 291 (attempt 2): 404 Client Error: Not Found for url: https://api.axismyindia.in/v1/admin/surveyors/qc-service/surveyor-responses/291?page=1&size=500&startDate=2025-01-27&endDate=2025-01-28
2025-01-28 16:08:54,720 - __main__ - ERROR - Failed to fetch page 1 for capi_checklist_id 291 after 3 attempts.
2025-01-28 16:08:54,727 - __main__ - ERROR - No UIDs found for capi_checklist_id 291. Exiting fetchdata2.
2025-01-28 16:08:54,727 - __main__ - INFO - Fetching data for date range: 2025-01-27 to 2025-01-28
2025-01-28 16:08:54,742 - __main__ - INFO - Fetched 53 existing UIDs from the database.
2025-01-28 16:08:54,914 - __main__ - INFO - Fetched page 1 successfully with 17 responses .
2025-01-28 16:08:55,164 - __main__ - WARNING - Error fetching page 2 for capi_checklist_id 326 (attempt 1): 404 Client Error: Not Found for url: https://api.axismyindia.in/v1/admin/surveyors/qc-service/surveyor-responses/326?page=2&size=500&startDate=2025-01-27&endDate=2025-01-28
2025-01-28 16:08:59,387 - __main__ - WARNING - Error fetching page 2 for capi_checklist_id 326 (attempt 2): 404 Client Error: Not Found for url: https://api.axismyindia.in/v1/admin/surveyors/qc-service/surveyor-responses/326?page=2&size=500&startDate=2025-01-27&endDate=2025-01-28
2025-01-28 16:09:07,397 - __main__ - ERROR - Failed to fetch page 2 for capi_checklist_id 326 after 3 attempts.
2025-01-28 16:09:07,397 - __main__ - ERROR - No UIDs found for capi_checklist_id 326. Exiting fetchdata2.
2025-01-28 16:09:07,400 - __main__ - INFO - Fetching data for date range: 2025-01-27 to 2025-01-28
2025-01-28 16:09:07,400 - __main__ - INFO - Fetched 14 existing UIDs from the database.
2025-01-28 16:09:07,570 - __main__ - INFO - Fetched page 1 successfully with 2 responses .
2025-01-28 16:09:07,742 - __main__ - WARNING - Error fetching page 2 for capi_checklist_id 350 (attempt 1): 404 Client Error: Not Found for url: https://api.axismyindia.in/v1/admin/surveyors/qc-service/surveyor-responses/350?page=2&size=500&startDate=2025-01-27&endDate=2025-01-28
2025-01-28 16:09:11,929 - __main__ - WARNING - Error fetching page 2 for capi_checklist_id 350 (attempt 2): 404 Client Error: Not Found for url: https://api.axismyindia.in/v1/admin/surveyors/qc-service/surveyor-responses/350?page=2&size=500&startDate=2025-01-27&endDate=2025-01-28
2025-01-28 16:09:19,930 - __main__ - ERROR - Failed to fetch page 2 for capi_checklist_id 350 after 3 attempts.
2025-01-28 16:09:19,932 - __main__ - ERROR - No UIDs found for capi_checklist_id 350. Exiting fetchdata2.
2025-01-28 16:09:19,938 - __main__ - INFO - Fetching data for date range: 2025-01-27 to 2025-01-28
2025-01-28 16:09:19,956 - __main__ - INFO - Fetched 293 existing UIDs from the database.
2025-01-28 16:09:20,160 - __main__ - INFO - Fetched page 1 successfully with 115 responses .
2025-01-28 16:09:20,332 - __main__ - WARNING - Error fetching page 2 for capi_checklist_id 342 (attempt 1): 404 Client Error: Not Found for url: https://api.axismyindia.in/v1/admin/surveyors/qc-service/surveyor-responses/342?page=2&size=500&startDate=2025-01-27&endDate=2025-01-28
2025-01-28 16:09:24,489 - __main__ - WARNING - Error fetching page 2 for capi_checklist_id 342 (attempt 2): 404 Client Error: Not Found for url: https://api.axismyindia.in/v1/admin/surveyors/qc-service/surveyor-responses/342?page=2&size=500&startDate=2025-01-27&endDate=2025-01-28
2025-01-28 16:09:32,497 - __main__ - ERROR - Failed to fetch page 2 for capi_checklist_id 342 after 3 attempts.
2025-01-28 16:09:32,497 - __main__ - INFO - Fetched UIDs: defaultdict(<class 'list'>, {342: [15763]})
2025-01-28 16:09:33,576 - __main__ - INFO - Fetched data for UID 15763
2025-01-28 16:09:34,966 - __main__ - INFO - Fetching data for date range: 2025-01-27 to 2025-01-28
2025-01-28 16:09:34,966 - __main__ - INFO - Fetched 5 existing UIDs from the database.
2025-01-28 16:09:35,155 - __main__ - INFO - Fetched page 1 successfully with 1 responses .
2025-01-28 16:09:35,325 - __main__ - WARNING - Error fetching page 2 for capi_checklist_id 319 (attempt 1): 404 Client Error: Not Found for url: https://api.axismyindia.in/v1/admin/surveyors/qc-service/surveyor-responses/319?page=2&size=500&startDate=2025-01-27&endDate=2025-01-28
2025-01-28 16:09:39,511 - __main__ - WARNING - Error fetching page 2 for capi_checklist_id 319 (attempt 2): 404 Client Error: Not Found for url: https://api.axismyindia.in/v1/admin/surveyors/qc-service/surveyor-responses/319?page=2&size=500&startDate=2025-01-27&endDate=2025-01-28
2025-01-28 16:09:47,515 - __main__ - ERROR - Failed to fetch page 2 for capi_checklist_id 319 after 3 attempts.
2025-01-28 16:09:47,521 - __main__ - ERROR - No UIDs found for capi_checklist_id 319. Exiting fetchdata2.
2025-01-28 16:09:47,535 - __main__ - INFO - Fetching data for date range: 2025-01-27 to 2025-01-28
2025-01-28 16:09:47,535 - __main__ - INFO - Fetched 5 existing UIDs from the database.
2025-01-28 16:09:47,783 - __main__ - WARNING - Error fetching page 1 for capi_checklist_id 320 (attempt 1): 404 Client Error: Not Found for url: https://api.axismyindia.in/v1/admin/surveyors/qc-service/surveyor-responses/320?page=1&size=500&startDate=2025-01-27&endDate=2025-01-28
2025-01-28 16:09:51,950 - __main__ - WARNING - Error fetching page 1 for capi_checklist_id 320 (attempt 2): 404 Client Error: Not Found for url: https://api.axismyindia.in/v1/admin/surveyors/qc-service/surveyor-responses/320?page=1&size=500&startDate=2025-01-27&endDate=2025-01-28
2025-01-28 16:09:59,963 - __main__ - ERROR - Failed to fetch page 1 for capi_checklist_id 320 after 3 attempts.
2025-01-28 16:09:59,964 - __main__ - ERROR - No UIDs found for capi_checklist_id 320. Exiting fetchdata2.
2025-01-28 16:09:59,964 - __main__ - INFO - Fetching data for date range: 2025-01-27 to 2025-01-28
2025-01-28 16:09:59,964 - __main__ - INFO - Fetched 144 existing UIDs from the database.
2025-01-28 16:10:00,152 - __main__ - INFO - Fetched page 1 successfully with 58 responses .
2025-01-28 16:10:00,343 - __main__ - WARNING - Error fetching page 2 for capi_checklist_id 344 (attempt 1): 404 Client Error: Not Found for url: https://api.axismyindia.in/v1/admin/surveyors/qc-service/surveyor-responses/344?page=2&size=500&startDate=2025-01-27&endDate=2025-01-28
2025-01-28 16:10:04,519 - __main__ - WARNING - Error fetching page 2 for capi_checklist_id 344 (attempt 2): 404 Client Error: Not Found for url: https://api.axismyindia.in/v1/admin/surveyors/qc-service/surveyor-responses/344?page=2&size=500&startDate=2025-01-27&endDate=2025-01-28
2025-01-28 16:10:12,533 - __main__ - ERROR - Failed to fetch page 2 for capi_checklist_id 344 after 3 attempts.
2025-01-28 16:10:12,533 - __main__ - INFO - Fetched UIDs: defaultdict(<class 'list'>, {344: [15792, 15791]})
2025-01-28 16:10:13,803 - __main__ - INFO - Fetched data for UID 15792
2025-01-28 16:10:19,385 - __main__ - INFO - Fetched data for UID 15791
2025-01-28 16:10:24,142 - __main__ - INFO - Fetching data for date range: 2025-01-27 to 2025-01-28
2025-01-28 16:10:24,165 - __main__ - INFO - Fetched 93 existing UIDs from the database.
2025-01-28 16:10:24,340 - __main__ - INFO - Fetched page 1 successfully with 18 responses .
2025-01-28 16:10:24,512 - __main__ - WARNING - Error fetching page 2 for capi_checklist_id 332 (attempt 1): 404 Client Error: Not Found for url: https://api.axismyindia.in/v1/admin/surveyors/qc-service/surveyor-responses/332?page=2&size=500&startDate=2025-01-27&endDate=2025-01-28
2025-01-28 16:10:28,680 - __main__ - WARNING - Error fetching page 2 for capi_checklist_id 332 (attempt 2): 404 Client Error: Not Found for url: https://api.axismyindia.in/v1/admin/surveyors/qc-service/surveyor-responses/332?page=2&size=500&startDate=2025-01-27&endDate=2025-01-28
2025-01-28 16:10:36,693 - __main__ - ERROR - Failed to fetch page 2 for capi_checklist_id 332 after 3 attempts.
2025-01-28 16:10:36,693 - __main__ - ERROR - No UIDs found for capi_checklist_id 332. Exiting fetchdata2.
2025-01-28 16:10:36,693 - __main__ - INFO - Fetching data for date range: 2025-01-27 to 2025-01-28
2025-01-28 16:10:36,708 - __main__ - INFO - Fetched 10 existing UIDs from the database.
2025-01-28 16:10:37,161 - __main__ - WARNING - Error fetching page 1 for capi_checklist_id 335 (attempt 1): 404 Client Error: Not Found for url: https://api.axismyindia.in/v1/admin/surveyors/qc-service/surveyor-responses/335?page=1&size=500&startDate=2025-01-27&endDate=2025-01-28
2025-01-28 16:10:41,338 - __main__ - WARNING - Error fetching page 1 for capi_checklist_id 335 (attempt 2): 404 Client Error: Not Found for url: https://api.axismyindia.in/v1/admin/surveyors/qc-service/surveyor-responses/335?page=1&size=500&startDate=2025-01-27&endDate=2025-01-28
2025-01-28 16:10:49,353 - __main__ - ERROR - Failed to fetch page 1 for capi_checklist_id 335 after 3 attempts.
2025-01-28 16:10:49,363 - __main__ - ERROR - No UIDs found for capi_checklist_id 335. Exiting fetchdata2.
2025-01-28 16:10:49,366 - __main__ - INFO - Fetching data for date range: 2025-01-27 to 2025-01-28
2025-01-28 16:10:49,377 - __main__ - INFO - Fetched 42 existing UIDs from the database.
2025-01-28 16:10:49,565 - __main__ - INFO - Fetched page 1 successfully with 22 responses .
2025-01-28 16:10:49,721 - __main__ - WARNING - Error fetching page 2 for capi_checklist_id 325 (attempt 1): 404 Client Error: Not Found for url: https://api.axismyindia.in/v1/admin/surveyors/qc-service/surveyor-responses/325?page=2&size=500&startDate=2025-01-27&endDate=2025-01-28
2025-01-28 16:10:53,899 - __main__ - WARNING - Error fetching page 2 for capi_checklist_id 325 (attempt 2): 404 Client Error: Not Found for url: https://api.axismyindia.in/v1/admin/surveyors/qc-service/surveyor-responses/325?page=2&size=500&startDate=2025-01-27&endDate=2025-01-28
2025-01-28 16:11:01,904 - __main__ - ERROR - Failed to fetch page 2 for capi_checklist_id 325 after 3 attempts.
2025-01-28 16:11:01,909 - __main__ - ERROR - No UIDs found for capi_checklist_id 325. Exiting fetchdata2.
2025-01-28 16:11:01,909 - __main__ - INFO - Fetching data for date range: 2025-01-27 to 2025-01-28
2025-01-28 16:11:01,924 - __main__ - INFO - Fetched 251 existing UIDs from the database.
2025-01-28 16:11:02,143 - __main__ - INFO - Fetched page 1 successfully with 74 responses .
2025-01-28 16:11:02,299 - __main__ - WARNING - Error fetching page 2 for capi_checklist_id 347 (attempt 1): 404 Client Error: Not Found for url: https://api.axismyindia.in/v1/admin/surveyors/qc-service/surveyor-responses/347?page=2&size=500&startDate=2025-01-27&endDate=2025-01-28
2025-01-28 16:11:06,477 - __main__ - WARNING - Error fetching page 2 for capi_checklist_id 347 (attempt 2): 404 Client Error: Not Found for url: https://api.axismyindia.in/v1/admin/surveyors/qc-service/surveyor-responses/347?page=2&size=500&startDate=2025-01-27&endDate=2025-01-28
2025-01-28 16:11:14,487 - __main__ - ERROR - Failed to fetch page 2 for capi_checklist_id 347 after 3 attempts.
2025-01-28 16:11:14,495 - __main__ - ERROR - No UIDs found for capi_checklist_id 347. Exiting fetchdata2.
2025-01-28 16:11:14,514 - __main__ - INFO - Fetching data for date range: 2025-01-27 to 2025-01-28
2025-01-28 16:11:14,516 - __main__ - INFO - Fetched 11 existing UIDs from the database.
2025-01-28 16:11:14,684 - __main__ - INFO - Fetched page 1 successfully with 1 responses .
2025-01-28 16:11:14,840 - __main__ - WARNING - Error fetching page 2 for capi_checklist_id 382 (attempt 1): 404 Client Error: Not Found for url: https://api.axismyindia.in/v1/admin/surveyors/qc-service/surveyor-responses/382?page=2&size=500&startDate=2025-01-27&endDate=2025-01-28
2025-01-28 16:11:19,019 - __main__ - WARNING - Error fetching page 2 for capi_checklist_id 382 (attempt 2): 404 Client Error: Not Found for url: https://api.axismyindia.in/v1/admin/surveyors/qc-service/surveyor-responses/382?page=2&size=500&startDate=2025-01-27&endDate=2025-01-28
2025-01-28 16:11:27,034 - __main__ - ERROR - Failed to fetch page 2 for capi_checklist_id 382 after 3 attempts.
2025-01-28 16:11:27,034 - __main__ - ERROR - No UIDs found for capi_checklist_id 382. Exiting fetchdata2.
2025-01-28 16:11:27,041 - __main__ - INFO - Fetching data for date range: 2025-01-27 to 2025-01-28
2025-01-28 16:11:27,048 - __main__ - INFO - Fetched 38 existing UIDs from the database.
2025-01-28 16:11:27,220 - __main__ - WARNING - Error fetching page 1 for capi_checklist_id 339 (attempt 1): 404 Client Error: Not Found for url: https://api.axismyindia.in/v1/admin/surveyors/qc-service/surveyor-responses/339?page=1&size=500&startDate=2025-01-27&endDate=2025-01-28
2025-01-28 16:11:31,401 - __main__ - WARNING - Error fetching page 1 for capi_checklist_id 339 (attempt 2): 404 Client Error: Not Found for url: https://api.axismyindia.in/v1/admin/surveyors/qc-service/surveyor-responses/339?page=1&size=500&startDate=2025-01-27&endDate=2025-01-28
2025-01-28 16:11:39,409 - __main__ - ERROR - Failed to fetch page 1 for capi_checklist_id 339 after 3 attempts.
2025-01-28 16:11:39,409 - __main__ - ERROR - No UIDs found for capi_checklist_id 339. Exiting fetchdata2.
2025-01-28 16:11:39,416 - __main__ - INFO - Fetching data for date range: 2025-01-27 to 2025-01-28
2025-01-28 16:11:39,421 - __main__ - INFO - Fetched 1 existing UIDs from the database.
2025-01-28 16:11:39,581 - __main__ - WARNING - Error fetching page 1 for capi_checklist_id 334 (attempt 1): 404 Client Error: Not Found for url: https://api.axismyindia.in/v1/admin/surveyors/qc-service/surveyor-responses/334?page=1&size=500&startDate=2025-01-27&endDate=2025-01-28
2025-01-28 16:11:43,735 - __main__ - WARNING - Error fetching page 1 for capi_checklist_id 334 (attempt 2): 404 Client Error: Not Found for url: https://api.axismyindia.in/v1/admin/surveyors/qc-service/surveyor-responses/334?page=1&size=500&startDate=2025-01-27&endDate=2025-01-28
2025-01-28 16:11:51,744 - __main__ - ERROR - Failed to fetch page 1 for capi_checklist_id 334 after 3 attempts.
2025-01-28 16:11:51,745 - __main__ - ERROR - No UIDs found for capi_checklist_id 334. Exiting fetchdata2.
2025-01-28 16:11:51,745 - __main__ - INFO - Fetching data for date range: 2025-01-27 to 2025-01-28
2025-01-28 16:11:51,792 - __main__ - INFO - Fetched 6084 existing UIDs from the database.
2025-01-28 16:11:52,011 - __main__ - INFO - Fetched page 1 successfully with 98 responses .
2025-01-28 16:11:52,168 - __main__ - WARNING - Error fetching page 2 for capi_checklist_id 321 (attempt 1): 404 Client Error: Not Found for url: https://api.axismyindia.in/v1/admin/surveyors/qc-service/surveyor-responses/321?page=2&size=500&startDate=2025-01-27&endDate=2025-01-28
2025-01-28 16:11:56,331 - __main__ - WARNING - Error fetching page 2 for capi_checklist_id 321 (attempt 2): 404 Client Error: Not Found for url: https://api.axismyindia.in/v1/admin/surveyors/qc-service/surveyor-responses/321?page=2&size=500&startDate=2025-01-27&endDate=2025-01-28
2025-01-28 16:12:04,341 - __main__ - ERROR - Failed to fetch page 2 for capi_checklist_id 321 after 3 attempts.
2025-01-28 16:12:04,357 - __main__ - ERROR - No UIDs found for capi_checklist_id 321. Exiting fetchdata2.
2025-01-28 17:04:55,539 - __main__ - INFO - Fetching data for date range: 2025-01-27 to 2025-01-28
2025-01-28 17:04:55,555 - __main__ - INFO - Fetched 0 existing UIDs from the database.
2025-01-28 17:04:55,790 - __main__ - WARNING - Error fetching page 1 for capi_checklist_id 400 (attempt 1): 404 Client Error: Not Found for url: https://api.axismyindia.in/v1/admin/surveyors/qc-service/surveyor-responses/400?page=1&size=500&startDate=2025-01-27&endDate=2025-01-28
2025-01-28 17:05:00,040 - __main__ - WARNING - Error fetching page 1 for capi_checklist_id 400 (attempt 2): 404 Client Error: Not Found for url: https://api.axismyindia.in/v1/admin/surveyors/qc-service/surveyor-responses/400?page=1&size=500&startDate=2025-01-27&endDate=2025-01-28
2025-01-28 17:05:08,094 - __main__ - ERROR - Failed to fetch page 1 for capi_checklist_id 400 after 3 attempts.
2025-01-28 17:05:08,288 - __main__ - ERROR - No UIDs found for capi_checklist_id 400. Exiting fetchdata2.
2025-01-28 17:05:08,597 - __main__ - INFO - Fetching data for date range: 2025-01-27 to 2025-01-28
2025-01-28 17:05:08,661 - __main__ - INFO - Fetched 25 existing UIDs from the database.
2025-01-28 17:05:09,082 - __main__ - INFO - Fetched page 1 successfully with 24 responses .
2025-01-28 17:05:09,280 - __main__ - WARNING - Error fetching page 2 for capi_checklist_id 354 (attempt 1): 404 Client Error: Not Found for url: https://api.axismyindia.in/v1/admin/surveyors/qc-service/surveyor-responses/354?page=2&size=500&startDate=2025-01-27&endDate=2025-01-28
2025-01-28 17:05:13,631 - __main__ - WARNING - Error fetching page 2 for capi_checklist_id 354 (attempt 2): 404 Client Error: Not Found for url: https://api.axismyindia.in/v1/admin/surveyors/qc-service/surveyor-responses/354?page=2&size=500&startDate=2025-01-27&endDate=2025-01-28
2025-01-28 17:05:21,688 - __main__ - ERROR - Failed to fetch page 2 for capi_checklist_id 354 after 3 attempts.
2025-01-28 17:05:21,906 - __main__ - ERROR - No UIDs found for capi_checklist_id 354. Exiting fetchdata2.
2025-01-28 17:05:22,060 - __main__ - INFO - Fetching data for date range: 2025-01-27 to 2025-01-28
2025-01-28 17:05:22,083 - __main__ - INFO - Fetched 7 existing UIDs from the database.
2025-01-28 17:05:22,859 - __main__ - INFO - Fetched page 1 successfully with 1 responses .
2025-01-28 17:05:23,050 - __main__ - WARNING - Error fetching page 2 for capi_checklist_id 329 (attempt 1): 404 Client Error: Not Found for url: https://api.axismyindia.in/v1/admin/surveyors/qc-service/surveyor-responses/329?page=2&size=500&startDate=2025-01-27&endDate=2025-01-28
2025-01-28 17:05:27,286 - __main__ - WARNING - Error fetching page 2 for capi_checklist_id 329 (attempt 2): 404 Client Error: Not Found for url: https://api.axismyindia.in/v1/admin/surveyors/qc-service/surveyor-responses/329?page=2&size=500&startDate=2025-01-27&endDate=2025-01-28
2025-01-28 17:05:35,306 - __main__ - ERROR - Failed to fetch page 2 for capi_checklist_id 329 after 3 attempts.
2025-01-28 17:05:35,336 - __main__ - ERROR - No UIDs found for capi_checklist_id 329. Exiting fetchdata2.
2025-01-28 17:05:35,366 - __main__ - INFO - Fetching data for date range: 2025-01-27 to 2025-01-28
2025-01-28 17:05:35,371 - __main__ - INFO - Fetched 2 existing UIDs from the database.
2025-01-28 17:05:35,563 - __main__ - WARNING - Error fetching page 1 for capi_checklist_id 346 (attempt 1): 404 Client Error: Not Found for url: https://api.axismyindia.in/v1/admin/surveyors/qc-service/surveyor-responses/346?page=1&size=500&startDate=2025-01-27&endDate=2025-01-28
2025-01-28 17:05:39,738 - __main__ - WARNING - Error fetching page 1 for capi_checklist_id 346 (attempt 2): 404 Client Error: Not Found for url: https://api.axismyindia.in/v1/admin/surveyors/qc-service/surveyor-responses/346?page=1&size=500&startDate=2025-01-27&endDate=2025-01-28
2025-01-28 17:05:47,739 - __main__ - ERROR - Failed to fetch page 1 for capi_checklist_id 346 after 3 attempts.
2025-01-28 17:05:47,739 - __main__ - ERROR - No UIDs found for capi_checklist_id 346. Exiting fetchdata2.
2025-01-28 17:05:47,747 - __main__ - INFO - Fetching data for date range: 2025-01-27 to 2025-01-28
2025-01-28 17:05:47,747 - __main__ - INFO - Fetched 1 existing UIDs from the database.
2025-01-28 17:05:47,919 - __main__ - WARNING - Error fetching page 1 for capi_checklist_id 331 (attempt 1): 404 Client Error: Not Found for url: https://api.axismyindia.in/v1/admin/surveyors/qc-service/surveyor-responses/331?page=1&size=500&startDate=2025-01-27&endDate=2025-01-28
2025-01-28 17:05:52,105 - __main__ - WARNING - Error fetching page 1 for capi_checklist_id 331 (attempt 2): 404 Client Error: Not Found for url: https://api.axismyindia.in/v1/admin/surveyors/qc-service/surveyor-responses/331?page=1&size=500&startDate=2025-01-27&endDate=2025-01-28
2025-01-28 17:06:00,121 - __main__ - ERROR - Failed to fetch page 1 for capi_checklist_id 331 after 3 attempts.
2025-01-28 17:06:00,124 - __main__ - ERROR - No UIDs found for capi_checklist_id 331. Exiting fetchdata2.
2025-01-28 17:06:00,126 - __main__ - INFO - Fetching data for date range: 2025-01-27 to 2025-01-28
2025-01-28 17:06:00,126 - __main__ - INFO - Fetched 4 existing UIDs from the database.
2025-01-28 17:06:00,299 - __main__ - WARNING - Error fetching page 1 for capi_checklist_id 337 (attempt 1): 404 Client Error: Not Found for url: https://api.axismyindia.in/v1/admin/surveyors/qc-service/surveyor-responses/337?page=1&size=500&startDate=2025-01-27&endDate=2025-01-28
2025-01-28 17:06:04,468 - __main__ - WARNING - Error fetching page 1 for capi_checklist_id 337 (attempt 2): 404 Client Error: Not Found for url: https://api.axismyindia.in/v1/admin/surveyors/qc-service/surveyor-responses/337?page=1&size=500&startDate=2025-01-27&endDate=2025-01-28
2025-01-28 17:06:12,470 - __main__ - ERROR - Failed to fetch page 1 for capi_checklist_id 337 after 3 attempts.
2025-01-28 17:06:12,546 - __main__ - ERROR - No UIDs found for capi_checklist_id 337. Exiting fetchdata2.
2025-01-28 17:06:12,609 - __main__ - INFO - Fetching data for date range: 2025-01-27 to 2025-01-28
2025-01-28 17:06:12,609 - __main__ - INFO - Fetched 44 existing UIDs from the database.
2025-01-28 17:06:12,813 - __main__ - INFO - Fetched page 1 successfully with 32 responses .
2025-01-28 17:06:12,970 - __main__ - WARNING - Error fetching page 2 for capi_checklist_id 349 (attempt 1): 404 Client Error: Not Found for url: https://api.axismyindia.in/v1/admin/surveyors/qc-service/surveyor-responses/349?page=2&size=500&startDate=2025-01-27&endDate=2025-01-28
2025-01-28 17:06:17,165 - __main__ - WARNING - Error fetching page 2 for capi_checklist_id 349 (attempt 2): 404 Client Error: Not Found for url: https://api.axismyindia.in/v1/admin/surveyors/qc-service/surveyor-responses/349?page=2&size=500&startDate=2025-01-27&endDate=2025-01-28
2025-01-28 17:06:25,181 - __main__ - ERROR - Failed to fetch page 2 for capi_checklist_id 349 after 3 attempts.
2025-01-28 17:06:25,226 - __main__ - ERROR - No UIDs found for capi_checklist_id 349. Exiting fetchdata2.
2025-01-28 17:06:25,337 - __main__ - INFO - Fetching data for date range: 2025-01-27 to 2025-01-28
2025-01-28 17:06:25,378 - __main__ - INFO - Fetched 66 existing UIDs from the database.
2025-01-28 17:06:25,731 - __main__ - INFO - Fetched page 1 successfully with 42 responses .
2025-01-28 17:06:25,919 - __main__ - WARNING - Error fetching page 2 for capi_checklist_id 343 (attempt 1): 404 Client Error: Not Found for url: https://api.axismyindia.in/v1/admin/surveyors/qc-service/surveyor-responses/343?page=2&size=500&startDate=2025-01-27&endDate=2025-01-28
2025-01-28 17:06:30,217 - __main__ - WARNING - Error fetching page 2 for capi_checklist_id 343 (attempt 2): 404 Client Error: Not Found for url: https://api.axismyindia.in/v1/admin/surveyors/qc-service/surveyor-responses/343?page=2&size=500&startDate=2025-01-27&endDate=2025-01-28
2025-01-28 17:06:38,250 - __main__ - ERROR - Failed to fetch page 2 for capi_checklist_id 343 after 3 attempts.
2025-01-28 17:06:38,386 - __main__ - ERROR - No UIDs found for capi_checklist_id 343. Exiting fetchdata2.
2025-01-28 17:06:38,502 - __main__ - INFO - Fetching data for date range: 2025-01-27 to 2025-01-28
2025-01-28 17:06:38,549 - __main__ - INFO - Fetched 91 existing UIDs from the database.
2025-01-28 17:06:38,927 - __main__ - INFO - Fetched page 1 successfully with 43 responses .
2025-01-28 17:06:39,132 - __main__ - WARNING - Error fetching page 2 for capi_checklist_id 340 (attempt 1): 404 Client Error: Not Found for url: https://api.axismyindia.in/v1/admin/surveyors/qc-service/surveyor-responses/340?page=2&size=500&startDate=2025-01-27&endDate=2025-01-28
2025-01-28 17:06:43,365 - __main__ - WARNING - Error fetching page 2 for capi_checklist_id 340 (attempt 2): 404 Client Error: Not Found for url: https://api.axismyindia.in/v1/admin/surveyors/qc-service/surveyor-responses/340?page=2&size=500&startDate=2025-01-27&endDate=2025-01-28
2025-01-28 17:06:51,373 - __main__ - ERROR - Failed to fetch page 2 for capi_checklist_id 340 after 3 attempts.
2025-01-28 17:06:51,393 - __main__ - INFO - Fetched UIDs: defaultdict(<class 'list'>, {340: [15825]})
2025-01-28 17:06:52,589 - __main__ - INFO - Fetched data for UID 15825
2025-01-28 17:06:55,536 - __main__ - INFO - Fetching data for date range: 2025-01-27 to 2025-01-28
2025-01-28 17:06:55,553 - __main__ - INFO - Fetched 121 existing UIDs from the database.
2025-01-28 17:06:55,734 - __main__ - INFO - Fetched page 1 successfully with 46 responses .
2025-01-28 17:06:55,899 - __main__ - WARNING - Error fetching page 2 for capi_checklist_id 341 (attempt 1): 404 Client Error: Not Found for url: https://api.axismyindia.in/v1/admin/surveyors/qc-service/surveyor-responses/341?page=2&size=500&startDate=2025-01-27&endDate=2025-01-28
2025-01-28 17:07:00,064 - __main__ - WARNING - Error fetching page 2 for capi_checklist_id 341 (attempt 2): 404 Client Error: Not Found for url: https://api.axismyindia.in/v1/admin/surveyors/qc-service/surveyor-responses/341?page=2&size=500&startDate=2025-01-27&endDate=2025-01-28
2025-01-28 17:07:08,080 - __main__ - ERROR - Failed to fetch page 2 for capi_checklist_id 341 after 3 attempts.
2025-01-28 17:07:08,100 - __main__ - ERROR - No UIDs found for capi_checklist_id 341. Exiting fetchdata2.
2025-01-28 17:07:08,118 - __main__ - INFO - Fetching data for date range: 2025-01-27 to 2025-01-28
2025-01-28 17:07:08,140 - __main__ - INFO - Fetched 185 existing UIDs from the database.
2025-01-28 17:07:08,340 - __main__ - INFO - Fetched page 1 successfully with 73 responses .
2025-01-28 17:07:08,518 - __main__ - WARNING - Error fetching page 2 for capi_checklist_id 355 (attempt 1): 404 Client Error: Not Found for url: https://api.axismyindia.in/v1/admin/surveyors/qc-service/surveyor-responses/355?page=2&size=500&startDate=2025-01-27&endDate=2025-01-28
2025-01-28 17:07:12,698 - __main__ - WARNING - Error fetching page 2 for capi_checklist_id 355 (attempt 2): 404 Client Error: Not Found for url: https://api.axismyindia.in/v1/admin/surveyors/qc-service/surveyor-responses/355?page=2&size=500&startDate=2025-01-27&endDate=2025-01-28
2025-01-28 17:07:20,708 - __main__ - ERROR - Failed to fetch page 2 for capi_checklist_id 355 after 3 attempts.
2025-01-28 17:07:20,726 - __main__ - ERROR - No UIDs found for capi_checklist_id 355. Exiting fetchdata2.
2025-01-28 17:07:20,732 - __main__ - INFO - Fetching data for date range: 2025-01-27 to 2025-01-28
2025-01-28 17:07:20,747 - __main__ - INFO - Fetched 22 existing UIDs from the database.
2025-01-28 17:07:20,936 - __main__ - WARNING - Error fetching page 1 for capi_checklist_id 403 (attempt 1): 404 Client Error: Not Found for url: https://api.axismyindia.in/v1/admin/surveyors/qc-service/surveyor-responses/403?page=1&size=500&startDate=2025-01-27&endDate=2025-01-28
2025-01-28 17:07:25,111 - __main__ - WARNING - Error fetching page 1 for capi_checklist_id 403 (attempt 2): 404 Client Error: Not Found for url: https://api.axismyindia.in/v1/admin/surveyors/qc-service/surveyor-responses/403?page=1&size=500&startDate=2025-01-27&endDate=2025-01-28
2025-01-28 17:07:33,122 - __main__ - ERROR - Failed to fetch page 1 for capi_checklist_id 403 after 3 attempts.
2025-01-28 17:07:33,127 - __main__ - ERROR - No UIDs found for capi_checklist_id 403. Exiting fetchdata2.
2025-01-28 17:07:33,139 - __main__ - INFO - Fetching data for date range: 2025-01-27 to 2025-01-28
2025-01-28 17:07:33,139 - __main__ - INFO - Fetched 53 existing UIDs from the database.
2025-01-28 17:07:33,311 - __main__ - WARNING - Error fetching page 1 for capi_checklist_id 404 (attempt 1): 404 Client Error: Not Found for url: https://api.axismyindia.in/v1/admin/surveyors/qc-service/surveyor-responses/404?page=1&size=500&startDate=2025-01-27&endDate=2025-01-28
2025-01-28 17:07:37,510 - __main__ - WARNING - Error fetching page 1 for capi_checklist_id 404 (attempt 2): 404 Client Error: Not Found for url: https://api.axismyindia.in/v1/admin/surveyors/qc-service/surveyor-responses/404?page=1&size=500&startDate=2025-01-27&endDate=2025-01-28
2025-01-28 17:07:45,517 - __main__ - ERROR - Failed to fetch page 1 for capi_checklist_id 404 after 3 attempts.
2025-01-28 17:07:45,532 - __main__ - ERROR - No UIDs found for capi_checklist_id 404. Exiting fetchdata2.
2025-01-28 17:07:45,552 - __main__ - INFO - Fetching data for date range: 2025-01-27 to 2025-01-28
2025-01-28 17:07:45,552 - __main__ - INFO - Fetched 3 existing UIDs from the database.
2025-01-28 17:07:45,745 - __main__ - WARNING - Error fetching page 1 for capi_checklist_id 363 (attempt 1): 404 Client Error: Not Found for url: https://api.axismyindia.in/v1/admin/surveyors/qc-service/surveyor-responses/363?page=1&size=500&startDate=2025-01-27&endDate=2025-01-28
2025-01-28 17:07:49,926 - __main__ - WARNING - Error fetching page 1 for capi_checklist_id 363 (attempt 2): 404 Client Error: Not Found for url: https://api.axismyindia.in/v1/admin/surveyors/qc-service/surveyor-responses/363?page=1&size=500&startDate=2025-01-27&endDate=2025-01-28
2025-01-28 17:07:57,933 - __main__ - ERROR - Failed to fetch page 1 for capi_checklist_id 363 after 3 attempts.
2025-01-28 17:07:57,945 - __main__ - ERROR - No UIDs found for capi_checklist_id 363. Exiting fetchdata2.
2025-01-28 17:07:57,960 - __main__ - INFO - Fetching data for date range: 2025-01-27 to 2025-01-28
2025-01-28 17:07:57,967 - __main__ - INFO - Fetched 7 existing UIDs from the database.
2025-01-28 17:07:58,145 - __main__ - INFO - Fetched page 1 successfully with 1 responses .
2025-01-28 17:07:58,327 - __main__ - WARNING - Error fetching page 2 for capi_checklist_id 352 (attempt 1): 404 Client Error: Not Found for url: https://api.axismyindia.in/v1/admin/surveyors/qc-service/surveyor-responses/352?page=2&size=500&startDate=2025-01-27&endDate=2025-01-28
2025-01-28 17:08:02,509 - __main__ - WARNING - Error fetching page 2 for capi_checklist_id 352 (attempt 2): 404 Client Error: Not Found for url: https://api.axismyindia.in/v1/admin/surveyors/qc-service/surveyor-responses/352?page=2&size=500&startDate=2025-01-27&endDate=2025-01-28
2025-01-28 17:08:10,526 - __main__ - ERROR - Failed to fetch page 2 for capi_checklist_id 352 after 3 attempts.
2025-01-28 17:08:10,533 - __main__ - ERROR - No UIDs found for capi_checklist_id 352. Exiting fetchdata2.
2025-01-28 17:08:10,560 - __main__ - INFO - Fetching data for date range: 2025-01-27 to 2025-01-28
2025-01-28 17:08:10,565 - __main__ - INFO - Fetched 12 existing UIDs from the database.
2025-01-28 17:08:10,772 - __main__ - INFO - Fetched page 1 successfully with 9 responses .
2025-01-28 17:08:10,928 - __main__ - WARNING - Error fetching page 2 for capi_checklist_id 330 (attempt 1): 404 Client Error: Not Found for url: https://api.axismyindia.in/v1/admin/surveyors/qc-service/surveyor-responses/330?page=2&size=500&startDate=2025-01-27&endDate=2025-01-28
2025-01-28 17:08:15,116 - __main__ - WARNING - Error fetching page 2 for capi_checklist_id 330 (attempt 2): 404 Client Error: Not Found for url: https://api.axismyindia.in/v1/admin/surveyors/qc-service/surveyor-responses/330?page=2&size=500&startDate=2025-01-27&endDate=2025-01-28
2025-01-28 17:08:23,121 - __main__ - ERROR - Failed to fetch page 2 for capi_checklist_id 330 after 3 attempts.
2025-01-28 17:08:23,130 - __main__ - ERROR - No UIDs found for capi_checklist_id 330. Exiting fetchdata2.
2025-01-28 17:08:23,135 - __main__ - INFO - Fetching data for date range: 2025-01-27 to 2025-01-28
2025-01-28 17:08:23,152 - __main__ - INFO - Fetched 13 existing UIDs from the database.
2025-01-28 17:08:23,301 - __main__ - WARNING - Error fetching page 1 for capi_checklist_id 348 (attempt 1): 404 Client Error: Not Found for url: https://api.axismyindia.in/v1/admin/surveyors/qc-service/surveyor-responses/348?page=1&size=500&startDate=2025-01-27&endDate=2025-01-28
2025-01-28 17:08:27,480 - __main__ - WARNING - Error fetching page 1 for capi_checklist_id 348 (attempt 2): 404 Client Error: Not Found for url: https://api.axismyindia.in/v1/admin/surveyors/qc-service/surveyor-responses/348?page=1&size=500&startDate=2025-01-27&endDate=2025-01-28
2025-01-28 17:08:35,489 - __main__ - ERROR - Failed to fetch page 1 for capi_checklist_id 348 after 3 attempts.
2025-01-28 17:08:35,499 - __main__ - ERROR - No UIDs found for capi_checklist_id 348. Exiting fetchdata2.
2025-01-28 17:08:35,547 - __main__ - INFO - Fetching data for date range: 2025-01-27 to 2025-01-28
2025-01-28 17:08:35,548 - __main__ - INFO - Fetched 0 existing UIDs from the database.
2025-01-28 17:08:35,723 - __main__ - WARNING - Error fetching page 1 for capi_checklist_id 290 (attempt 1): 404 Client Error: Not Found for url: https://api.axismyindia.in/v1/admin/surveyors/qc-service/surveyor-responses/290?page=1&size=500&startDate=2025-01-27&endDate=2025-01-28
2025-01-28 17:08:39,890 - __main__ - WARNING - Error fetching page 1 for capi_checklist_id 290 (attempt 2): 404 Client Error: Not Found for url: https://api.axismyindia.in/v1/admin/surveyors/qc-service/surveyor-responses/290?page=1&size=500&startDate=2025-01-27&endDate=2025-01-28
2025-01-28 17:08:47,897 - __main__ - ERROR - Failed to fetch page 1 for capi_checklist_id 290 after 3 attempts.
2025-01-28 17:08:47,913 - __main__ - ERROR - No UIDs found for capi_checklist_id 290. Exiting fetchdata2.
2025-01-28 17:08:47,949 - __main__ - INFO - Fetching data for date range: 2025-01-27 to 2025-01-28
2025-01-28 17:08:47,959 - __main__ - INFO - Fetched 20 existing UIDs from the database.
2025-01-28 17:08:48,144 - __main__ - WARNING - Error fetching page 1 for capi_checklist_id 291 (attempt 1): 404 Client Error: Not Found for url: https://api.axismyindia.in/v1/admin/surveyors/qc-service/surveyor-responses/291?page=1&size=500&startDate=2025-01-27&endDate=2025-01-28
2025-01-28 17:08:52,321 - __main__ - WARNING - Error fetching page 1 for capi_checklist_id 291 (attempt 2): 404 Client Error: Not Found for url: https://api.axismyindia.in/v1/admin/surveyors/qc-service/surveyor-responses/291?page=1&size=500&startDate=2025-01-27&endDate=2025-01-28
2025-01-28 17:09:00,324 - __main__ - ERROR - Failed to fetch page 1 for capi_checklist_id 291 after 3 attempts.
2025-01-28 17:09:00,324 - __main__ - ERROR - No UIDs found for capi_checklist_id 291. Exiting fetchdata2.
2025-01-28 17:09:00,329 - __main__ - INFO - Fetching data for date range: 2025-01-27 to 2025-01-28
2025-01-28 17:09:00,341 - __main__ - INFO - Fetched 56 existing UIDs from the database.
2025-01-28 17:09:00,531 - __main__ - INFO - Fetched page 1 successfully with 21 responses .
2025-01-28 17:09:00,697 - __main__ - WARNING - Error fetching page 2 for capi_checklist_id 326 (attempt 1): 404 Client Error: Not Found for url: https://api.axismyindia.in/v1/admin/surveyors/qc-service/surveyor-responses/326?page=2&size=500&startDate=2025-01-27&endDate=2025-01-28
2025-01-28 17:09:04,871 - __main__ - WARNING - Error fetching page 2 for capi_checklist_id 326 (attempt 2): 404 Client Error: Not Found for url: https://api.axismyindia.in/v1/admin/surveyors/qc-service/surveyor-responses/326?page=2&size=500&startDate=2025-01-27&endDate=2025-01-28
2025-01-28 17:09:12,873 - __main__ - ERROR - Failed to fetch page 2 for capi_checklist_id 326 after 3 attempts.
2025-01-28 17:09:12,878 - __main__ - INFO - Fetched UIDs: defaultdict(<class 'list'>, {326: [15826]})
2025-01-28 17:09:13,854 - __main__ - INFO - Fetched data for UID 15826
2025-01-28 17:09:16,517 - __main__ - INFO - Fetching data for date range: 2025-01-27 to 2025-01-28
2025-01-28 17:09:16,529 - __main__ - INFO - Fetched 14 existing UIDs from the database.
2025-01-28 17:09:16,684 - __main__ - INFO - Fetched page 1 successfully with 2 responses .
2025-01-28 17:09:16,876 - __main__ - WARNING - Error fetching page 2 for capi_checklist_id 350 (attempt 1): 404 Client Error: Not Found for url: https://api.axismyindia.in/v1/admin/surveyors/qc-service/surveyor-responses/350?page=2&size=500&startDate=2025-01-27&endDate=2025-01-28
2025-01-28 17:09:21,041 - __main__ - WARNING - Error fetching page 2 for capi_checklist_id 350 (attempt 2): 404 Client Error: Not Found for url: https://api.axismyindia.in/v1/admin/surveyors/qc-service/surveyor-responses/350?page=2&size=500&startDate=2025-01-27&endDate=2025-01-28
2025-01-28 17:09:29,055 - __main__ - ERROR - Failed to fetch page 2 for capi_checklist_id 350 after 3 attempts.
2025-01-28 17:09:29,057 - __main__ - ERROR - No UIDs found for capi_checklist_id 350. Exiting fetchdata2.
2025-01-28 17:09:29,059 - __main__ - INFO - Fetching data for date range: 2025-01-27 to 2025-01-28
2025-01-28 17:09:29,077 - __main__ - INFO - Fetched 296 existing UIDs from the database.
2025-01-28 17:09:29,280 - __main__ - INFO - Fetched page 1 successfully with 118 responses .
2025-01-28 17:09:29,448 - __main__ - WARNING - Error fetching page 2 for capi_checklist_id 342 (attempt 1): 404 Client Error: Not Found for url: https://api.axismyindia.in/v1/admin/surveyors/qc-service/surveyor-responses/342?page=2&size=500&startDate=2025-01-27&endDate=2025-01-28
2025-01-28 17:09:33,609 - __main__ - WARNING - Error fetching page 2 for capi_checklist_id 342 (attempt 2): 404 Client Error: Not Found for url: https://api.axismyindia.in/v1/admin/surveyors/qc-service/surveyor-responses/342?page=2&size=500&startDate=2025-01-27&endDate=2025-01-28
2025-01-28 17:09:41,624 - __main__ - ERROR - Failed to fetch page 2 for capi_checklist_id 342 after 3 attempts.
2025-01-28 17:09:41,638 - __main__ - INFO - Fetched UIDs: defaultdict(<class 'list'>, {342: [15763]})
2025-01-28 17:09:42,564 - __main__ - INFO - Fetched data for UID 15763
2025-01-28 17:09:43,924 - __main__ - INFO - Fetching data for date range: 2025-01-27 to 2025-01-28
2025-01-28 17:09:43,924 - __main__ - INFO - Fetched 5 existing UIDs from the database.
2025-01-28 17:09:44,108 - __main__ - INFO - Fetched page 1 successfully with 1 responses .
2025-01-28 17:09:44,277 - __main__ - WARNING - Error fetching page 2 for capi_checklist_id 319 (attempt 1): 404 Client Error: Not Found for url: https://api.axismyindia.in/v1/admin/surveyors/qc-service/surveyor-responses/319?page=2&size=500&startDate=2025-01-27&endDate=2025-01-28
2025-01-28 17:09:48,447 - __main__ - WARNING - Error fetching page 2 for capi_checklist_id 319 (attempt 2): 404 Client Error: Not Found for url: https://api.axismyindia.in/v1/admin/surveyors/qc-service/surveyor-responses/319?page=2&size=500&startDate=2025-01-27&endDate=2025-01-28
2025-01-28 17:09:56,448 - __main__ - ERROR - Failed to fetch page 2 for capi_checklist_id 319 after 3 attempts.
2025-01-28 17:09:56,449 - __main__ - ERROR - No UIDs found for capi_checklist_id 319. Exiting fetchdata2.
2025-01-28 17:09:56,449 - __main__ - INFO - Fetching data for date range: 2025-01-27 to 2025-01-28
2025-01-28 17:09:56,449 - __main__ - INFO - Fetched 5 existing UIDs from the database.
2025-01-28 17:09:56,627 - __main__ - WARNING - Error fetching page 1 for capi_checklist_id 320 (attempt 1): 404 Client Error: Not Found for url: https://api.axismyindia.in/v1/admin/surveyors/qc-service/surveyor-responses/320?page=1&size=500&startDate=2025-01-27&endDate=2025-01-28
2025-01-28 17:10:00,807 - __main__ - WARNING - Error fetching page 1 for capi_checklist_id 320 (attempt 2): 404 Client Error: Not Found for url: https://api.axismyindia.in/v1/admin/surveyors/qc-service/surveyor-responses/320?page=1&size=500&startDate=2025-01-27&endDate=2025-01-28
2025-01-28 17:10:08,813 - __main__ - ERROR - Failed to fetch page 1 for capi_checklist_id 320 after 3 attempts.
2025-01-28 17:10:08,817 - __main__ - ERROR - No UIDs found for capi_checklist_id 320. Exiting fetchdata2.
2025-01-28 17:10:08,841 - __main__ - INFO - Fetching data for date range: 2025-01-27 to 2025-01-28
2025-01-28 17:10:08,864 - __main__ - INFO - Fetched 152 existing UIDs from the database.
2025-01-28 17:10:09,066 - __main__ - INFO - Fetched page 1 successfully with 64 responses .
2025-01-28 17:10:09,231 - __main__ - WARNING - Error fetching page 2 for capi_checklist_id 344 (attempt 1): 404 Client Error: Not Found for url: https://api.axismyindia.in/v1/admin/surveyors/qc-service/surveyor-responses/344?page=2&size=500&startDate=2025-01-27&endDate=2025-01-28
2025-01-28 17:10:13,374 - __main__ - WARNING - Error fetching page 2 for capi_checklist_id 344 (attempt 2): 404 Client Error: Not Found for url: https://api.axismyindia.in/v1/admin/surveyors/qc-service/surveyor-responses/344?page=2&size=500&startDate=2025-01-27&endDate=2025-01-28
2025-01-28 17:10:21,388 - __main__ - ERROR - Failed to fetch page 2 for capi_checklist_id 344 after 3 attempts.
2025-01-28 17:10:21,392 - __main__ - ERROR - No UIDs found for capi_checklist_id 344. Exiting fetchdata2.
2025-01-28 17:10:21,394 - __main__ - INFO - Fetching data for date range: 2025-01-27 to 2025-01-28
2025-01-28 17:10:21,409 - __main__ - INFO - Fetched 96 existing UIDs from the database.
2025-01-28 17:10:21,594 - __main__ - INFO - Fetched page 1 successfully with 21 responses .
2025-01-28 17:10:21,764 - __main__ - WARNING - Error fetching page 2 for capi_checklist_id 332 (attempt 1): 404 Client Error: Not Found for url: https://api.axismyindia.in/v1/admin/surveyors/qc-service/surveyor-responses/332?page=2&size=500&startDate=2025-01-27&endDate=2025-01-28
2025-01-28 17:10:25,936 - __main__ - WARNING - Error fetching page 2 for capi_checklist_id 332 (attempt 2): 404 Client Error: Not Found for url: https://api.axismyindia.in/v1/admin/surveyors/qc-service/surveyor-responses/332?page=2&size=500&startDate=2025-01-27&endDate=2025-01-28
2025-01-28 17:10:33,938 - __main__ - ERROR - Failed to fetch page 2 for capi_checklist_id 332 after 3 attempts.
2025-01-28 17:10:33,948 - __main__ - ERROR - No UIDs found for capi_checklist_id 332. Exiting fetchdata2.
2025-01-28 17:10:33,958 - __main__ - INFO - Fetching data for date range: 2025-01-27 to 2025-01-28
2025-01-28 17:10:33,965 - __main__ - INFO - Fetched 10 existing UIDs from the database.
2025-01-28 17:10:34,128 - __main__ - WARNING - Error fetching page 1 for capi_checklist_id 335 (attempt 1): 404 Client Error: Not Found for url: https://api.axismyindia.in/v1/admin/surveyors/qc-service/surveyor-responses/335?page=1&size=500&startDate=2025-01-27&endDate=2025-01-28
2025-01-28 17:10:38,308 - __main__ - WARNING - Error fetching page 1 for capi_checklist_id 335 (attempt 2): 404 Client Error: Not Found for url: https://api.axismyindia.in/v1/admin/surveyors/qc-service/surveyor-responses/335?page=1&size=500&startDate=2025-01-27&endDate=2025-01-28
2025-01-28 17:10:46,312 - __main__ - ERROR - Failed to fetch page 1 for capi_checklist_id 335 after 3 attempts.
2025-01-28 17:10:46,312 - __main__ - ERROR - No UIDs found for capi_checklist_id 335. Exiting fetchdata2.
2025-01-28 17:10:46,325 - __main__ - INFO - Fetching data for date range: 2025-01-27 to 2025-01-28
2025-01-28 17:10:46,336 - __main__ - INFO - Fetched 46 existing UIDs from the database.
2025-01-28 17:10:46,512 - __main__ - INFO - Fetched page 1 successfully with 26 responses .
2025-01-28 17:10:46,681 - __main__ - WARNING - Error fetching page 2 for capi_checklist_id 325 (attempt 1): 404 Client Error: Not Found for url: https://api.axismyindia.in/v1/admin/surveyors/qc-service/surveyor-responses/325?page=2&size=500&startDate=2025-01-27&endDate=2025-01-28
2025-01-28 17:10:50,847 - __main__ - WARNING - Error fetching page 2 for capi_checklist_id 325 (attempt 2): 404 Client Error: Not Found for url: https://api.axismyindia.in/v1/admin/surveyors/qc-service/surveyor-responses/325?page=2&size=500&startDate=2025-01-27&endDate=2025-01-28
2025-01-28 17:10:58,849 - __main__ - ERROR - Failed to fetch page 2 for capi_checklist_id 325 after 3 attempts.
2025-01-28 17:10:58,853 - __main__ - ERROR - No UIDs found for capi_checklist_id 325. Exiting fetchdata2.
2025-01-28 17:10:58,857 - __main__ - INFO - Fetching data for date range: 2025-01-27 to 2025-01-28
2025-01-28 17:10:58,878 - __main__ - INFO - Fetched 251 existing UIDs from the database.
2025-01-28 17:10:59,065 - __main__ - INFO - Fetched page 1 successfully with 74 responses .
2025-01-28 17:10:59,229 - __main__ - WARNING - Error fetching page 2 for capi_checklist_id 347 (attempt 1): 404 Client Error: Not Found for url: https://api.axismyindia.in/v1/admin/surveyors/qc-service/surveyor-responses/347?page=2&size=500&startDate=2025-01-27&endDate=2025-01-28
2025-01-28 17:11:03,431 - __main__ - WARNING - Error fetching page 2 for capi_checklist_id 347 (attempt 2): 404 Client Error: Not Found for url: https://api.axismyindia.in/v1/admin/surveyors/qc-service/surveyor-responses/347?page=2&size=500&startDate=2025-01-27&endDate=2025-01-28
2025-01-28 17:11:11,440 - __main__ - ERROR - Failed to fetch page 2 for capi_checklist_id 347 after 3 attempts.
2025-01-28 17:11:11,449 - __main__ - ERROR - No UIDs found for capi_checklist_id 347. Exiting fetchdata2.
2025-01-28 17:11:11,471 - __main__ - INFO - Fetching data for date range: 2025-01-27 to 2025-01-28
2025-01-28 17:11:11,476 - __main__ - INFO - Fetched 11 existing UIDs from the database.
2025-01-28 17:11:11,647 - __main__ - INFO - Fetched page 1 successfully with 1 responses .
2025-01-28 17:11:11,798 - __main__ - WARNING - Error fetching page 2 for capi_checklist_id 382 (attempt 1): 404 Client Error: Not Found for url: https://api.axismyindia.in/v1/admin/surveyors/qc-service/surveyor-responses/382?page=2&size=500&startDate=2025-01-27&endDate=2025-01-28
2025-01-28 17:11:15,963 - __main__ - WARNING - Error fetching page 2 for capi_checklist_id 382 (attempt 2): 404 Client Error: Not Found for url: https://api.axismyindia.in/v1/admin/surveyors/qc-service/surveyor-responses/382?page=2&size=500&startDate=2025-01-27&endDate=2025-01-28
2025-01-28 17:11:23,978 - __main__ - ERROR - Failed to fetch page 2 for capi_checklist_id 382 after 3 attempts.
2025-01-28 17:11:23,986 - __main__ - ERROR - No UIDs found for capi_checklist_id 382. Exiting fetchdata2.
2025-01-28 17:11:23,999 - __main__ - INFO - Fetching data for date range: 2025-01-27 to 2025-01-28
2025-01-28 17:11:24,018 - __main__ - INFO - Fetched 38 existing UIDs from the database.
2025-01-28 17:11:24,220 - __main__ - WARNING - Error fetching page 1 for capi_checklist_id 339 (attempt 1): 404 Client Error: Not Found for url: https://api.axismyindia.in/v1/admin/surveyors/qc-service/surveyor-responses/339?page=1&size=500&startDate=2025-01-27&endDate=2025-01-28
2025-01-28 17:11:28,377 - __main__ - WARNING - Error fetching page 1 for capi_checklist_id 339 (attempt 2): 404 Client Error: Not Found for url: https://api.axismyindia.in/v1/admin/surveyors/qc-service/surveyor-responses/339?page=1&size=500&startDate=2025-01-27&endDate=2025-01-28
2025-01-28 17:11:36,379 - __main__ - ERROR - Failed to fetch page 1 for capi_checklist_id 339 after 3 attempts.
2025-01-28 17:11:36,379 - __main__ - ERROR - No UIDs found for capi_checklist_id 339. Exiting fetchdata2.
2025-01-28 17:11:36,389 - __main__ - INFO - Fetching data for date range: 2025-01-27 to 2025-01-28
2025-01-28 17:11:36,392 - __main__ - INFO - Fetched 1 existing UIDs from the database.
2025-01-28 17:11:36,540 - __main__ - WARNING - Error fetching page 1 for capi_checklist_id 334 (attempt 1): 404 Client Error: Not Found for url: https://api.axismyindia.in/v1/admin/surveyors/qc-service/surveyor-responses/334?page=1&size=500&startDate=2025-01-27&endDate=2025-01-28
2025-01-28 17:11:40,699 - __main__ - WARNING - Error fetching page 1 for capi_checklist_id 334 (attempt 2): 404 Client Error: Not Found for url: https://api.axismyindia.in/v1/admin/surveyors/qc-service/surveyor-responses/334?page=1&size=500&startDate=2025-01-27&endDate=2025-01-28
2025-01-28 17:11:48,709 - __main__ - ERROR - Failed to fetch page 1 for capi_checklist_id 334 after 3 attempts.
2025-01-28 17:11:48,709 - __main__ - ERROR - No UIDs found for capi_checklist_id 334. Exiting fetchdata2.
2025-01-28 17:11:48,713 - __main__ - INFO - Fetching data for date range: 2025-01-27 to 2025-01-28
2025-01-28 17:11:48,865 - __main__ - INFO - Fetched 6091 existing UIDs from the database.
2025-01-28 17:11:49,165 - __main__ - INFO - Fetched page 1 successfully with 106 responses .
2025-01-28 17:11:49,334 - __main__ - WARNING - Error fetching page 2 for capi_checklist_id 321 (attempt 1): 404 Client Error: Not Found for url: https://api.axismyindia.in/v1/admin/surveyors/qc-service/surveyor-responses/321?page=2&size=500&startDate=2025-01-27&endDate=2025-01-28
2025-01-28 17:11:53,494 - __main__ - WARNING - Error fetching page 2 for capi_checklist_id 321 (attempt 2): 404 Client Error: Not Found for url: https://api.axismyindia.in/v1/admin/surveyors/qc-service/surveyor-responses/321?page=2&size=500&startDate=2025-01-27&endDate=2025-01-28
2025-01-28 17:12:01,511 - __main__ - ERROR - Failed to fetch page 2 for capi_checklist_id 321 after 3 attempts.
2025-01-28 17:12:01,511 - __main__ - INFO - Fetched UIDs: defaultdict(<class 'list'>, {321: [15827]})
2025-01-28 17:12:01,746 - __main__ - INFO - Fetched data for UID 15827
2025-01-28 18:04:56,057 - __main__ - INFO - Fetching data for date range: 2025-01-27 to 2025-01-28
2025-01-28 18:04:56,076 - __main__ - INFO - Fetched 2 existing UIDs from the database.
2025-01-28 18:04:56,332 - __main__ - INFO - Fetched page 1 successfully with 2 responses .
2025-01-28 18:04:56,499 - __main__ - WARNING - Error fetching page 2 for capi_checklist_id 397 (attempt 1): 404 Client Error: Not Found for url: https://api.axismyindia.in/v1/admin/surveyors/qc-service/surveyor-responses/397?page=2&size=500&startDate=2025-01-27&endDate=2025-01-28
2025-01-28 18:05:00,866 - __main__ - WARNING - Error fetching page 2 for capi_checklist_id 397 (attempt 2): 404 Client Error: Not Found for url: https://api.axismyindia.in/v1/admin/surveyors/qc-service/surveyor-responses/397?page=2&size=500&startDate=2025-01-27&endDate=2025-01-28
2025-01-28 18:05:08,903 - __main__ - ERROR - Failed to fetch page 2 for capi_checklist_id 397 after 3 attempts.
2025-01-28 18:05:09,017 - __main__ - ERROR - No UIDs found for capi_checklist_id 397. Exiting fetchdata2.
2025-01-28 18:05:09,225 - __main__ - INFO - Fetching data for date range: 2025-01-27 to 2025-01-28
2025-01-28 18:05:09,240 - __main__ - INFO - Fetched 0 existing UIDs from the database.
2025-01-28 18:05:09,491 - __main__ - WARNING - Error fetching page 1 for capi_checklist_id 400 (attempt 1): 404 Client Error: Not Found for url: https://api.axismyindia.in/v1/admin/surveyors/qc-service/surveyor-responses/400?page=1&size=500&startDate=2025-01-27&endDate=2025-01-28
2025-01-28 18:05:13,812 - __main__ - WARNING - Error fetching page 1 for capi_checklist_id 400 (attempt 2): 404 Client Error: Not Found for url: https://api.axismyindia.in/v1/admin/surveyors/qc-service/surveyor-responses/400?page=1&size=500&startDate=2025-01-27&endDate=2025-01-28
2025-01-28 18:05:21,911 - __main__ - ERROR - Failed to fetch page 1 for capi_checklist_id 400 after 3 attempts.
2025-01-28 18:05:22,437 - __main__ - ERROR - No UIDs found for capi_checklist_id 400. Exiting fetchdata2.
2025-01-28 18:05:22,753 - __main__ - INFO - Fetching data for date range: 2025-01-27 to 2025-01-28
2025-01-28 18:05:22,952 - __main__ - INFO - Fetched 25 existing UIDs from the database.
2025-01-28 18:05:23,638 - __main__ - INFO - Fetched page 1 successfully with 24 responses .
2025-01-28 18:05:23,882 - __main__ - WARNING - Error fetching page 2 for capi_checklist_id 354 (attempt 1): 404 Client Error: Not Found for url: https://api.axismyindia.in/v1/admin/surveyors/qc-service/surveyor-responses/354?page=2&size=500&startDate=2025-01-27&endDate=2025-01-28
2025-01-28 18:05:28,202 - __main__ - WARNING - Error fetching page 2 for capi_checklist_id 354 (attempt 2): 404 Client Error: Not Found for url: https://api.axismyindia.in/v1/admin/surveyors/qc-service/surveyor-responses/354?page=2&size=500&startDate=2025-01-27&endDate=2025-01-28
2025-01-28 18:05:36,287 - __main__ - ERROR - Failed to fetch page 2 for capi_checklist_id 354 after 3 attempts.
2025-01-28 18:05:36,555 - __main__ - ERROR - No UIDs found for capi_checklist_id 354. Exiting fetchdata2.
2025-01-28 18:05:37,082 - __main__ - INFO - Fetching data for date range: 2025-01-27 to 2025-01-28
2025-01-28 18:05:37,291 - __main__ - INFO - Fetched 7 existing UIDs from the database.
2025-01-28 18:05:37,910 - __main__ - INFO - Fetched page 1 successfully with 1 responses .
2025-01-28 18:05:38,123 - __main__ - WARNING - Error fetching page 2 for capi_checklist_id 329 (attempt 1): 404 Client Error: Not Found for url: https://api.axismyindia.in/v1/admin/surveyors/qc-service/surveyor-responses/329?page=2&size=500&startDate=2025-01-27&endDate=2025-01-28
2025-01-28 18:05:42,962 - __main__ - WARNING - Error fetching page 2 for capi_checklist_id 329 (attempt 2): 404 Client Error: Not Found for url: https://api.axismyindia.in/v1/admin/surveyors/qc-service/surveyor-responses/329?page=2&size=500&startDate=2025-01-27&endDate=2025-01-28
2025-01-28 18:05:51,028 - __main__ - ERROR - Failed to fetch page 2 for capi_checklist_id 329 after 3 attempts.
2025-01-28 18:05:51,256 - __main__ - ERROR - No UIDs found for capi_checklist_id 329. Exiting fetchdata2.
2025-01-28 18:05:51,629 - __main__ - INFO - Fetching data for date range: 2025-01-27 to 2025-01-28
2025-01-28 18:05:51,723 - __main__ - INFO - Fetched 2 existing UIDs from the database.
2025-01-28 18:05:52,132 - __main__ - WARNING - Error fetching page 1 for capi_checklist_id 346 (attempt 1): 404 Client Error: Not Found for url: https://api.axismyindia.in/v1/admin/surveyors/qc-service/surveyor-responses/346?page=1&size=500&startDate=2025-01-27&endDate=2025-01-28
2025-01-28 18:05:56,461 - __main__ - WARNING - Error fetching page 1 for capi_checklist_id 346 (attempt 2): 404 Client Error: Not Found for url: https://api.axismyindia.in/v1/admin/surveyors/qc-service/surveyor-responses/346?page=1&size=500&startDate=2025-01-27&endDate=2025-01-28
2025-01-28 18:06:04,476 - __main__ - ERROR - Failed to fetch page 1 for capi_checklist_id 346 after 3 attempts.
2025-01-28 18:06:04,533 - __main__ - ERROR - No UIDs found for capi_checklist_id 346. Exiting fetchdata2.
2025-01-28 18:06:04,630 - __main__ - INFO - Fetching data for date range: 2025-01-27 to 2025-01-28
2025-01-28 18:06:04,630 - __main__ - INFO - Fetched 1 existing UIDs from the database.
2025-01-28 18:06:04,837 - __main__ - WARNING - Error fetching page 1 for capi_checklist_id 331 (attempt 1): 404 Client Error: Not Found for url: https://api.axismyindia.in/v1/admin/surveyors/qc-service/surveyor-responses/331?page=1&size=500&startDate=2025-01-27&endDate=2025-01-28
2025-01-28 18:06:08,998 - __main__ - WARNING - Error fetching page 1 for capi_checklist_id 331 (attempt 2): 404 Client Error: Not Found for url: https://api.axismyindia.in/v1/admin/surveyors/qc-service/surveyor-responses/331?page=1&size=500&startDate=2025-01-27&endDate=2025-01-28
2025-01-28 18:06:17,009 - __main__ - ERROR - Failed to fetch page 1 for capi_checklist_id 331 after 3 attempts.
2025-01-28 18:06:17,033 - __main__ - ERROR - No UIDs found for capi_checklist_id 331. Exiting fetchdata2.
2025-01-28 18:06:17,126 - __main__ - INFO - Fetching data for date range: 2025-01-27 to 2025-01-28
2025-01-28 18:06:17,143 - __main__ - INFO - Fetched 4 existing UIDs from the database.
2025-01-28 18:06:17,347 - __main__ - WARNING - Error fetching page 1 for capi_checklist_id 337 (attempt 1): 404 Client Error: Not Found for url: https://api.axismyindia.in/v1/admin/surveyors/qc-service/surveyor-responses/337?page=1&size=500&startDate=2025-01-27&endDate=2025-01-28
2025-01-28 18:06:21,511 - __main__ - WARNING - Error fetching page 1 for capi_checklist_id 337 (attempt 2): 404 Client Error: Not Found for url: https://api.axismyindia.in/v1/admin/surveyors/qc-service/surveyor-responses/337?page=1&size=500&startDate=2025-01-27&endDate=2025-01-28
2025-01-28 18:06:29,526 - __main__ - ERROR - Failed to fetch page 1 for capi_checklist_id 337 after 3 attempts.
2025-01-28 18:06:29,543 - __main__ - ERROR - No UIDs found for capi_checklist_id 337. Exiting fetchdata2.
2025-01-28 18:06:29,585 - __main__ - INFO - Fetching data for date range: 2025-01-27 to 2025-01-28
2025-01-28 18:06:29,585 - __main__ - INFO - Fetched 44 existing UIDs from the database.
2025-01-28 18:06:29,800 - __main__ - INFO - Fetched page 1 successfully with 32 responses .
2025-01-28 18:06:29,979 - __main__ - WARNING - Error fetching page 2 for capi_checklist_id 349 (attempt 1): 404 Client Error: Not Found for url: https://api.axismyindia.in/v1/admin/surveyors/qc-service/surveyor-responses/349?page=2&size=500&startDate=2025-01-27&endDate=2025-01-28
2025-01-28 18:06:34,172 - __main__ - WARNING - Error fetching page 2 for capi_checklist_id 349 (attempt 2): 404 Client Error: Not Found for url: https://api.axismyindia.in/v1/admin/surveyors/qc-service/surveyor-responses/349?page=2&size=500&startDate=2025-01-27&endDate=2025-01-28
2025-01-28 18:06:42,183 - __main__ - ERROR - Failed to fetch page 2 for capi_checklist_id 349 after 3 attempts.
2025-01-28 18:06:42,211 - __main__ - ERROR - No UIDs found for capi_checklist_id 349. Exiting fetchdata2.
2025-01-28 18:06:42,251 - __main__ - INFO - Fetching data for date range: 2025-01-27 to 2025-01-28
2025-01-28 18:06:42,251 - __main__ - INFO - Fetched 66 existing UIDs from the database.
2025-01-28 18:06:42,440 - __main__ - INFO - Fetched page 1 successfully with 42 responses .
2025-01-28 18:06:42,613 - __main__ - WARNING - Error fetching page 2 for capi_checklist_id 343 (attempt 1): 404 Client Error: Not Found for url: https://api.axismyindia.in/v1/admin/surveyors/qc-service/surveyor-responses/343?page=2&size=500&startDate=2025-01-27&endDate=2025-01-28
2025-01-28 18:06:46,785 - __main__ - WARNING - Error fetching page 2 for capi_checklist_id 343 (attempt 2): 404 Client Error: Not Found for url: https://api.axismyindia.in/v1/admin/surveyors/qc-service/surveyor-responses/343?page=2&size=500&startDate=2025-01-27&endDate=2025-01-28
2025-01-28 18:06:54,791 - __main__ - ERROR - Failed to fetch page 2 for capi_checklist_id 343 after 3 attempts.
2025-01-28 18:06:54,798 - __main__ - ERROR - No UIDs found for capi_checklist_id 343. Exiting fetchdata2.
2025-01-28 18:06:54,807 - __main__ - INFO - Fetching data for date range: 2025-01-27 to 2025-01-28
2025-01-28 18:06:54,824 - __main__ - INFO - Fetched 94 existing UIDs from the database.
2025-01-28 18:06:55,013 - __main__ - INFO - Fetched page 1 successfully with 45 responses .
2025-01-28 18:06:55,169 - __main__ - WARNING - Error fetching page 2 for capi_checklist_id 340 (attempt 1): 404 Client Error: Not Found for url: https://api.axismyindia.in/v1/admin/surveyors/qc-service/surveyor-responses/340?page=2&size=500&startDate=2025-01-27&endDate=2025-01-28
2025-01-28 18:06:59,339 - __main__ - WARNING - Error fetching page 2 for capi_checklist_id 340 (attempt 2): 404 Client Error: Not Found for url: https://api.axismyindia.in/v1/admin/surveyors/qc-service/surveyor-responses/340?page=2&size=500&startDate=2025-01-27&endDate=2025-01-28
2025-01-28 18:07:07,343 - __main__ - ERROR - Failed to fetch page 2 for capi_checklist_id 340 after 3 attempts.
2025-01-28 18:07:07,347 - __main__ - ERROR - No UIDs found for capi_checklist_id 340. Exiting fetchdata2.
2025-01-28 18:07:07,348 - __main__ - INFO - Fetching data for date range: 2025-01-27 to 2025-01-28
2025-01-28 18:07:07,356 - __main__ - INFO - Fetched 121 existing UIDs from the database.
2025-01-28 18:07:07,568 - __main__ - INFO - Fetched page 1 successfully with 46 responses .
2025-01-28 18:07:07,758 - __main__ - WARNING - Error fetching page 2 for capi_checklist_id 341 (attempt 1): 404 Client Error: Not Found for url: https://api.axismyindia.in/v1/admin/surveyors/qc-service/surveyor-responses/341?page=2&size=500&startDate=2025-01-27&endDate=2025-01-28
2025-01-28 18:07:11,927 - __main__ - WARNING - Error fetching page 2 for capi_checklist_id 341 (attempt 2): 404 Client Error: Not Found for url: https://api.axismyindia.in/v1/admin/surveyors/qc-service/surveyor-responses/341?page=2&size=500&startDate=2025-01-27&endDate=2025-01-28
2025-01-28 18:07:19,929 - __main__ - ERROR - Failed to fetch page 2 for capi_checklist_id 341 after 3 attempts.
2025-01-28 18:07:19,952 - __main__ - ERROR - No UIDs found for capi_checklist_id 341. Exiting fetchdata2.
2025-01-28 18:07:20,017 - __main__ - INFO - Fetching data for date range: 2025-01-27 to 2025-01-28
2025-01-28 18:07:20,032 - __main__ - INFO - Fetched 188 existing UIDs from the database.
2025-01-28 18:07:20,228 - __main__ - INFO - Fetched page 1 successfully with 76 responses .
2025-01-28 18:07:20,396 - __main__ - WARNING - Error fetching page 2 for capi_checklist_id 355 (attempt 1): 404 Client Error: Not Found for url: https://api.axismyindia.in/v1/admin/surveyors/qc-service/surveyor-responses/355?page=2&size=500&startDate=2025-01-27&endDate=2025-01-28
2025-01-28 18:07:24,585 - __main__ - WARNING - Error fetching page 2 for capi_checklist_id 355 (attempt 2): 404 Client Error: Not Found for url: https://api.axismyindia.in/v1/admin/surveyors/qc-service/surveyor-responses/355?page=2&size=500&startDate=2025-01-27&endDate=2025-01-28
2025-01-28 18:07:32,589 - __main__ - ERROR - Failed to fetch page 2 for capi_checklist_id 355 after 3 attempts.
2025-01-28 18:07:32,609 - __main__ - ERROR - No UIDs found for capi_checklist_id 355. Exiting fetchdata2.
2025-01-28 18:07:32,640 - __main__ - INFO - Fetching data for date range: 2025-01-27 to 2025-01-28
2025-01-28 18:07:32,641 - __main__ - INFO - Fetched 22 existing UIDs from the database.
2025-01-28 18:07:32,830 - __main__ - WARNING - Error fetching page 1 for capi_checklist_id 403 (attempt 1): 404 Client Error: Not Found for url: https://api.axismyindia.in/v1/admin/surveyors/qc-service/surveyor-responses/403?page=1&size=500&startDate=2025-01-27&endDate=2025-01-28
2025-01-28 18:07:37,220 - __main__ - WARNING - Error fetching page 1 for capi_checklist_id 403 (attempt 2): 404 Client Error: Not Found for url: https://api.axismyindia.in/v1/admin/surveyors/qc-service/surveyor-responses/403?page=1&size=500&startDate=2025-01-27&endDate=2025-01-28
2025-01-28 18:07:45,228 - __main__ - ERROR - Failed to fetch page 1 for capi_checklist_id 403 after 3 attempts.
2025-01-28 18:07:45,291 - __main__ - ERROR - No UIDs found for capi_checklist_id 403. Exiting fetchdata2.
2025-01-28 18:07:45,386 - __main__ - INFO - Fetching data for date range: 2025-01-27 to 2025-01-28
2025-01-28 18:07:45,417 - __main__ - INFO - Fetched 53 existing UIDs from the database.
2025-01-28 18:07:45,637 - __main__ - WARNING - Error fetching page 1 for capi_checklist_id 404 (attempt 1): 404 Client Error: Not Found for url: https://api.axismyindia.in/v1/admin/surveyors/qc-service/surveyor-responses/404?page=1&size=500&startDate=2025-01-27&endDate=2025-01-28
2025-01-28 18:07:49,802 - __main__ - WARNING - Error fetching page 1 for capi_checklist_id 404 (attempt 2): 404 Client Error: Not Found for url: https://api.axismyindia.in/v1/admin/surveyors/qc-service/surveyor-responses/404?page=1&size=500&startDate=2025-01-27&endDate=2025-01-28
2025-01-28 18:07:57,807 - __main__ - ERROR - Failed to fetch page 1 for capi_checklist_id 404 after 3 attempts.
2025-01-28 18:07:57,822 - __main__ - ERROR - No UIDs found for capi_checklist_id 404. Exiting fetchdata2.
2025-01-28 18:07:57,866 - __main__ - INFO - Fetching data for date range: 2025-01-27 to 2025-01-28
2025-01-28 18:07:57,866 - __main__ - INFO - Fetched 3 existing UIDs from the database.
2025-01-28 18:07:58,039 - __main__ - WARNING - Error fetching page 1 for capi_checklist_id 363 (attempt 1): 404 Client Error: Not Found for url: https://api.axismyindia.in/v1/admin/surveyors/qc-service/surveyor-responses/363?page=1&size=500&startDate=2025-01-27&endDate=2025-01-28
2025-01-28 18:08:02,199 - __main__ - WARNING - Error fetching page 1 for capi_checklist_id 363 (attempt 2): 404 Client Error: Not Found for url: https://api.axismyindia.in/v1/admin/surveyors/qc-service/surveyor-responses/363?page=1&size=500&startDate=2025-01-27&endDate=2025-01-28
2025-01-28 18:08:10,211 - __main__ - ERROR - Failed to fetch page 1 for capi_checklist_id 363 after 3 attempts.
2025-01-28 18:08:10,261 - __main__ - ERROR - No UIDs found for capi_checklist_id 363. Exiting fetchdata2.
2025-01-28 18:08:10,390 - __main__ - INFO - Fetching data for date range: 2025-01-27 to 2025-01-28
2025-01-28 18:08:10,403 - __main__ - INFO - Fetched 7 existing UIDs from the database.
2025-01-28 18:08:10,612 - __main__ - INFO - Fetched page 1 successfully with 1 responses .
2025-01-28 18:08:10,795 - __main__ - WARNING - Error fetching page 2 for capi_checklist_id 352 (attempt 1): 404 Client Error: Not Found for url: https://api.axismyindia.in/v1/admin/surveyors/qc-service/surveyor-responses/352?page=2&size=500&startDate=2025-01-27&endDate=2025-01-28
2025-01-28 18:08:14,962 - __main__ - WARNING - Error fetching page 2 for capi_checklist_id 352 (attempt 2): 404 Client Error: Not Found for url: https://api.axismyindia.in/v1/admin/surveyors/qc-service/surveyor-responses/352?page=2&size=500&startDate=2025-01-27&endDate=2025-01-28
2025-01-28 18:08:22,963 - __main__ - ERROR - Failed to fetch page 2 for capi_checklist_id 352 after 3 attempts.
2025-01-28 18:08:22,983 - __main__ - ERROR - No UIDs found for capi_checklist_id 352. Exiting fetchdata2.
2025-01-28 18:08:23,034 - __main__ - INFO - Fetching data for date range: 2025-01-27 to 2025-01-28
2025-01-28 18:08:23,042 - __main__ - INFO - Fetched 12 existing UIDs from the database.
2025-01-28 18:08:23,255 - __main__ - INFO - Fetched page 1 successfully with 9 responses .
2025-01-28 18:08:23,420 - __main__ - WARNING - Error fetching page 2 for capi_checklist_id 330 (attempt 1): 404 Client Error: Not Found for url: https://api.axismyindia.in/v1/admin/surveyors/qc-service/surveyor-responses/330?page=2&size=500&startDate=2025-01-27&endDate=2025-01-28
2025-01-28 18:08:27,606 - __main__ - WARNING - Error fetching page 2 for capi_checklist_id 330 (attempt 2): 404 Client Error: Not Found for url: https://api.axismyindia.in/v1/admin/surveyors/qc-service/surveyor-responses/330?page=2&size=500&startDate=2025-01-27&endDate=2025-01-28
2025-01-28 18:08:35,609 - __main__ - ERROR - Failed to fetch page 2 for capi_checklist_id 330 after 3 attempts.
2025-01-28 18:08:35,618 - __main__ - ERROR - No UIDs found for capi_checklist_id 330. Exiting fetchdata2.
2025-01-28 18:08:35,665 - __main__ - INFO - Fetching data for date range: 2025-01-27 to 2025-01-28
2025-01-28 18:08:35,665 - __main__ - INFO - Fetched 13 existing UIDs from the database.
2025-01-28 18:08:35,854 - __main__ - WARNING - Error fetching page 1 for capi_checklist_id 348 (attempt 1): 404 Client Error: Not Found for url: https://api.axismyindia.in/v1/admin/surveyors/qc-service/surveyor-responses/348?page=1&size=500&startDate=2025-01-27&endDate=2025-01-28
2025-01-28 18:08:40,046 - __main__ - WARNING - Error fetching page 1 for capi_checklist_id 348 (attempt 2): 404 Client Error: Not Found for url: https://api.axismyindia.in/v1/admin/surveyors/qc-service/surveyor-responses/348?page=1&size=500&startDate=2025-01-27&endDate=2025-01-28
2025-01-28 18:08:48,048 - __main__ - ERROR - Failed to fetch page 1 for capi_checklist_id 348 after 3 attempts.
2025-01-28 18:08:48,073 - __main__ - ERROR - No UIDs found for capi_checklist_id 348. Exiting fetchdata2.
2025-01-28 18:08:48,132 - __main__ - INFO - Fetching data for date range: 2025-01-27 to 2025-01-28
2025-01-28 18:08:48,146 - __main__ - INFO - Fetched 0 existing UIDs from the database.
2025-01-28 18:08:48,356 - __main__ - WARNING - Error fetching page 1 for capi_checklist_id 290 (attempt 1): 404 Client Error: Not Found for url: https://api.axismyindia.in/v1/admin/surveyors/qc-service/surveyor-responses/290?page=1&size=500&startDate=2025-01-27&endDate=2025-01-28
2025-01-28 18:08:52,517 - __main__ - WARNING - Error fetching page 1 for capi_checklist_id 290 (attempt 2): 404 Client Error: Not Found for url: https://api.axismyindia.in/v1/admin/surveyors/qc-service/surveyor-responses/290?page=1&size=500&startDate=2025-01-27&endDate=2025-01-28
2025-01-28 18:09:00,521 - __main__ - ERROR - Failed to fetch page 1 for capi_checklist_id 290 after 3 attempts.
2025-01-28 18:09:00,541 - __main__ - ERROR - No UIDs found for capi_checklist_id 290. Exiting fetchdata2.
2025-01-28 18:09:00,591 - __main__ - INFO - Fetching data for date range: 2025-01-27 to 2025-01-28
2025-01-28 18:09:00,591 - __main__ - INFO - Fetched 20 existing UIDs from the database.
2025-01-28 18:09:00,793 - __main__ - WARNING - Error fetching page 1 for capi_checklist_id 291 (attempt 1): 404 Client Error: Not Found for url: https://api.axismyindia.in/v1/admin/surveyors/qc-service/surveyor-responses/291?page=1&size=500&startDate=2025-01-27&endDate=2025-01-28
2025-01-28 18:09:04,959 - __main__ - WARNING - Error fetching page 1 for capi_checklist_id 291 (attempt 2): 404 Client Error: Not Found for url: https://api.axismyindia.in/v1/admin/surveyors/qc-service/surveyor-responses/291?page=1&size=500&startDate=2025-01-27&endDate=2025-01-28
2025-01-28 18:09:12,974 - __main__ - ERROR - Failed to fetch page 1 for capi_checklist_id 291 after 3 attempts.
2025-01-28 18:09:12,982 - __main__ - ERROR - No UIDs found for capi_checklist_id 291. Exiting fetchdata2.
2025-01-28 18:09:13,000 - __main__ - INFO - Fetching data for date range: 2025-01-27 to 2025-01-28
2025-01-28 18:09:13,014 - __main__ - INFO - Fetched 58 existing UIDs from the database.
2025-01-28 18:09:13,200 - __main__ - INFO - Fetched page 1 successfully with 22 responses .
2025-01-28 18:09:13,360 - __main__ - WARNING - Error fetching page 2 for capi_checklist_id 326 (attempt 1): 404 Client Error: Not Found for url: https://api.axismyindia.in/v1/admin/surveyors/qc-service/surveyor-responses/326?page=2&size=500&startDate=2025-01-27&endDate=2025-01-28
2025-01-28 18:09:17,534 - __main__ - WARNING - Error fetching page 2 for capi_checklist_id 326 (attempt 2): 404 Client Error: Not Found for url: https://api.axismyindia.in/v1/admin/surveyors/qc-service/surveyor-responses/326?page=2&size=500&startDate=2025-01-27&endDate=2025-01-28
2025-01-28 18:09:25,551 - __main__ - ERROR - Failed to fetch page 2 for capi_checklist_id 326 after 3 attempts.
2025-01-28 18:09:25,560 - __main__ - ERROR - No UIDs found for capi_checklist_id 326. Exiting fetchdata2.
2025-01-28 18:09:25,576 - __main__ - INFO - Fetching data for date range: 2025-01-27 to 2025-01-28
2025-01-28 18:09:25,576 - __main__ - INFO - Fetched 14 existing UIDs from the database.
2025-01-28 18:09:25,765 - __main__ - INFO - Fetched page 1 successfully with 2 responses .
2025-01-28 18:09:25,937 - __main__ - WARNING - Error fetching page 2 for capi_checklist_id 350 (attempt 1): 404 Client Error: Not Found for url: https://api.axismyindia.in/v1/admin/surveyors/qc-service/surveyor-responses/350?page=2&size=500&startDate=2025-01-27&endDate=2025-01-28
2025-01-28 18:09:30,124 - __main__ - WARNING - Error fetching page 2 for capi_checklist_id 350 (attempt 2): 404 Client Error: Not Found for url: https://api.axismyindia.in/v1/admin/surveyors/qc-service/surveyor-responses/350?page=2&size=500&startDate=2025-01-27&endDate=2025-01-28
2025-01-28 18:09:38,144 - __main__ - ERROR - Failed to fetch page 2 for capi_checklist_id 350 after 3 attempts.
2025-01-28 18:09:38,187 - __main__ - ERROR - No UIDs found for capi_checklist_id 350. Exiting fetchdata2.
2025-01-28 18:09:38,245 - __main__ - INFO - Fetching data for date range: 2025-01-27 to 2025-01-28
2025-01-28 18:09:38,292 - __main__ - INFO - Fetched 296 existing UIDs from the database.
2025-01-28 18:09:38,533 - __main__ - INFO - Fetched page 1 successfully with 118 responses .
2025-01-28 18:09:38,702 - __main__ - WARNING - Error fetching page 2 for capi_checklist_id 342 (attempt 1): 404 Client Error: Not Found for url: https://api.axismyindia.in/v1/admin/surveyors/qc-service/surveyor-responses/342?page=2&size=500&startDate=2025-01-27&endDate=2025-01-28
2025-01-28 18:09:42,873 - __main__ - WARNING - Error fetching page 2 for capi_checklist_id 342 (attempt 2): 404 Client Error: Not Found for url: https://api.axismyindia.in/v1/admin/surveyors/qc-service/surveyor-responses/342?page=2&size=500&startDate=2025-01-27&endDate=2025-01-28
2025-01-28 18:09:50,879 - __main__ - ERROR - Failed to fetch page 2 for capi_checklist_id 342 after 3 attempts.
2025-01-28 18:09:50,923 - __main__ - INFO - Fetched UIDs: defaultdict(<class 'list'>, {342: [15763]})
2025-01-28 18:09:51,964 - __main__ - INFO - Fetched data for UID 15763
2025-01-28 18:09:53,399 - __main__ - INFO - Fetching data for date range: 2025-01-27 to 2025-01-28
2025-01-28 18:09:53,399 - __main__ - INFO - Fetched 5 existing UIDs from the database.
2025-01-28 18:09:53,573 - __main__ - INFO - Fetched page 1 successfully with 1 responses .
2025-01-28 18:09:53,736 - __main__ - WARNING - Error fetching page 2 for capi_checklist_id 319 (attempt 1): 404 Client Error: Not Found for url: https://api.axismyindia.in/v1/admin/surveyors/qc-service/surveyor-responses/319?page=2&size=500&startDate=2025-01-27&endDate=2025-01-28
2025-01-28 18:09:57,913 - __main__ - WARNING - Error fetching page 2 for capi_checklist_id 319 (attempt 2): 404 Client Error: Not Found for url: https://api.axismyindia.in/v1/admin/surveyors/qc-service/surveyor-responses/319?page=2&size=500&startDate=2025-01-27&endDate=2025-01-28
2025-01-28 18:10:05,925 - __main__ - ERROR - Failed to fetch page 2 for capi_checklist_id 319 after 3 attempts.
2025-01-28 18:10:05,947 - __main__ - ERROR - No UIDs found for capi_checklist_id 319. Exiting fetchdata2.
2025-01-28 18:10:06,010 - __main__ - INFO - Fetching data for date range: 2025-01-27 to 2025-01-28
2025-01-28 18:10:06,010 - __main__ - INFO - Fetched 5 existing UIDs from the database.
2025-01-28 18:10:06,199 - __main__ - WARNING - Error fetching page 1 for capi_checklist_id 320 (attempt 1): 404 Client Error: Not Found for url: https://api.axismyindia.in/v1/admin/surveyors/qc-service/surveyor-responses/320?page=1&size=500&startDate=2025-01-27&endDate=2025-01-28
2025-01-28 18:10:10,386 - __main__ - WARNING - Error fetching page 1 for capi_checklist_id 320 (attempt 2): 404 Client Error: Not Found for url: https://api.axismyindia.in/v1/admin/surveyors/qc-service/surveyor-responses/320?page=1&size=500&startDate=2025-01-27&endDate=2025-01-28
2025-01-28 18:10:18,399 - __main__ - ERROR - Failed to fetch page 1 for capi_checklist_id 320 after 3 attempts.
2025-01-28 18:10:18,462 - __main__ - ERROR - No UIDs found for capi_checklist_id 320. Exiting fetchdata2.
2025-01-28 18:10:18,540 - __main__ - INFO - Fetching data for date range: 2025-01-27 to 2025-01-28
2025-01-28 18:10:18,556 - __main__ - INFO - Fetched 152 existing UIDs from the database.
2025-01-28 18:10:18,762 - __main__ - INFO - Fetched page 1 successfully with 64 responses .
2025-01-28 18:10:18,923 - __main__ - WARNING - Error fetching page 2 for capi_checklist_id 344 (attempt 1): 404 Client Error: Not Found for url: https://api.axismyindia.in/v1/admin/surveyors/qc-service/surveyor-responses/344?page=2&size=500&startDate=2025-01-27&endDate=2025-01-28
2025-01-28 18:10:23,119 - __main__ - WARNING - Error fetching page 2 for capi_checklist_id 344 (attempt 2): 404 Client Error: Not Found for url: https://api.axismyindia.in/v1/admin/surveyors/qc-service/surveyor-responses/344?page=2&size=500&startDate=2025-01-27&endDate=2025-01-28
2025-01-28 18:10:31,143 - __main__ - ERROR - Failed to fetch page 2 for capi_checklist_id 344 after 3 attempts.
2025-01-28 18:10:31,253 - __main__ - ERROR - No UIDs found for capi_checklist_id 344. Exiting fetchdata2.
2025-01-28 18:10:31,416 - __main__ - INFO - Fetching data for date range: 2025-01-27 to 2025-01-28
2025-01-28 18:10:31,488 - __main__ - INFO - Fetched 97 existing UIDs from the database.
2025-01-28 18:10:31,784 - __main__ - INFO - Fetched page 1 successfully with 22 responses .
2025-01-28 18:10:31,976 - __main__ - WARNING - Error fetching page 2 for capi_checklist_id 332 (attempt 1): 404 Client Error: Not Found for url: https://api.axismyindia.in/v1/admin/surveyors/qc-service/surveyor-responses/332?page=2&size=500&startDate=2025-01-27&endDate=2025-01-28
2025-01-28 18:10:36,153 - __main__ - WARNING - Error fetching page 2 for capi_checklist_id 332 (attempt 2): 404 Client Error: Not Found for url: https://api.axismyindia.in/v1/admin/surveyors/qc-service/surveyor-responses/332?page=2&size=500&startDate=2025-01-27&endDate=2025-01-28
2025-01-28 18:10:44,167 - __main__ - ERROR - Failed to fetch page 2 for capi_checklist_id 332 after 3 attempts.
2025-01-28 18:10:44,189 - __main__ - ERROR - No UIDs found for capi_checklist_id 332. Exiting fetchdata2.
2025-01-28 18:10:44,251 - __main__ - INFO - Fetching data for date range: 2025-01-27 to 2025-01-28
2025-01-28 18:10:44,259 - __main__ - INFO - Fetched 10 existing UIDs from the database.
2025-01-28 18:10:44,472 - __main__ - WARNING - Error fetching page 1 for capi_checklist_id 335 (attempt 1): 404 Client Error: Not Found for url: https://api.axismyindia.in/v1/admin/surveyors/qc-service/surveyor-responses/335?page=1&size=500&startDate=2025-01-27&endDate=2025-01-28
2025-01-28 18:10:48,631 - __main__ - WARNING - Error fetching page 1 for capi_checklist_id 335 (attempt 2): 404 Client Error: Not Found for url: https://api.axismyindia.in/v1/admin/surveyors/qc-service/surveyor-responses/335?page=1&size=500&startDate=2025-01-27&endDate=2025-01-28
2025-01-28 18:10:56,632 - __main__ - ERROR - Failed to fetch page 1 for capi_checklist_id 335 after 3 attempts.
2025-01-28 18:10:56,681 - __main__ - ERROR - No UIDs found for capi_checklist_id 335. Exiting fetchdata2.
2025-01-28 18:10:56,741 - __main__ - INFO - Fetching data for date range: 2025-01-27 to 2025-01-28
2025-01-28 18:10:56,756 - __main__ - INFO - Fetched 47 existing UIDs from the database.
2025-01-28 18:10:56,969 - __main__ - INFO - Fetched page 1 successfully with 27 responses .
2025-01-28 18:10:57,136 - __main__ - WARNING - Error fetching page 2 for capi_checklist_id 325 (attempt 1): 404 Client Error: Not Found for url: https://api.axismyindia.in/v1/admin/surveyors/qc-service/surveyor-responses/325?page=2&size=500&startDate=2025-01-27&endDate=2025-01-28
2025-01-28 18:11:01,305 - __main__ - WARNING - Error fetching page 2 for capi_checklist_id 325 (attempt 2): 404 Client Error: Not Found for url: https://api.axismyindia.in/v1/admin/surveyors/qc-service/surveyor-responses/325?page=2&size=500&startDate=2025-01-27&endDate=2025-01-28
2025-01-28 18:11:09,318 - __main__ - ERROR - Failed to fetch page 2 for capi_checklist_id 325 after 3 attempts.
2025-01-28 18:11:09,389 - __main__ - ERROR - No UIDs found for capi_checklist_id 325. Exiting fetchdata2.
2025-01-28 18:11:09,480 - __main__ - INFO - Fetching data for date range: 2025-01-27 to 2025-01-28
2025-01-28 18:11:09,513 - __main__ - INFO - Fetched 253 existing UIDs from the database.
2025-01-28 18:11:09,758 - __main__ - INFO - Fetched page 1 successfully with 76 responses .
2025-01-28 18:11:09,931 - __main__ - WARNING - Error fetching page 2 for capi_checklist_id 347 (attempt 1): 404 Client Error: Not Found for url: https://api.axismyindia.in/v1/admin/surveyors/qc-service/surveyor-responses/347?page=2&size=500&startDate=2025-01-27&endDate=2025-01-28
2025-01-28 18:11:14,173 - __main__ - WARNING - Error fetching page 2 for capi_checklist_id 347 (attempt 2): 404 Client Error: Not Found for url: https://api.axismyindia.in/v1/admin/surveyors/qc-service/surveyor-responses/347?page=2&size=500&startDate=2025-01-27&endDate=2025-01-28
2025-01-28 18:11:22,399 - __main__ - ERROR - Failed to fetch page 2 for capi_checklist_id 347 after 3 attempts.
2025-01-28 18:11:23,031 - __main__ - ERROR - No UIDs found for capi_checklist_id 347. Exiting fetchdata2.
2025-01-28 18:11:23,323 - __main__ - INFO - Fetching data for date range: 2025-01-27 to 2025-01-28
2025-01-28 18:11:23,473 - __main__ - INFO - Fetched 11 existing UIDs from the database.
2025-01-28 18:11:23,923 - __main__ - INFO - Fetched page 1 successfully with 1 responses .
2025-01-28 18:11:24,185 - __main__ - WARNING - Error fetching page 2 for capi_checklist_id 382 (attempt 1): 404 Client Error: Not Found for url: https://api.axismyindia.in/v1/admin/surveyors/qc-service/surveyor-responses/382?page=2&size=500&startDate=2025-01-27&endDate=2025-01-28
2025-01-28 18:11:28,970 - __main__ - WARNING - Error fetching page 2 for capi_checklist_id 382 (attempt 2): 404 Client Error: Not Found for url: https://api.axismyindia.in/v1/admin/surveyors/qc-service/surveyor-responses/382?page=2&size=500&startDate=2025-01-27&endDate=2025-01-28
2025-01-28 18:11:37,027 - __main__ - ERROR - Failed to fetch page 2 for capi_checklist_id 382 after 3 attempts.
2025-01-28 18:11:37,176 - __main__ - ERROR - No UIDs found for capi_checklist_id 382. Exiting fetchdata2.
2025-01-28 18:11:37,444 - __main__ - INFO - Fetching data for date range: 2025-01-27 to 2025-01-28
2025-01-28 18:11:37,487 - __main__ - INFO - Fetched 38 existing UIDs from the database.
2025-01-28 18:11:38,988 - __main__ - WARNING - Error fetching page 1 for capi_checklist_id 339 (attempt 1): 404 Client Error: Not Found for url: https://api.axismyindia.in/v1/admin/surveyors/qc-service/surveyor-responses/339?page=1&size=500&startDate=2025-01-27&endDate=2025-01-28
2025-01-28 18:11:44,003 - __main__ - WARNING - Error fetching page 1 for capi_checklist_id 339 (attempt 2): 404 Client Error: Not Found for url: https://api.axismyindia.in/v1/admin/surveyors/qc-service/surveyor-responses/339?page=1&size=500&startDate=2025-01-27&endDate=2025-01-28
2025-01-28 18:11:52,024 - __main__ - ERROR - Failed to fetch page 1 for capi_checklist_id 339 after 3 attempts.
2025-01-28 18:11:52,062 - __main__ - ERROR - No UIDs found for capi_checklist_id 339. Exiting fetchdata2.
2025-01-28 18:11:52,126 - __main__ - INFO - Fetching data for date range: 2025-01-27 to 2025-01-28
2025-01-28 18:11:52,134 - __main__ - INFO - Fetched 1 existing UIDs from the database.
2025-01-28 18:11:52,335 - __main__ - WARNING - Error fetching page 1 for capi_checklist_id 334 (attempt 1): 404 Client Error: Not Found for url: https://api.axismyindia.in/v1/admin/surveyors/qc-service/surveyor-responses/334?page=1&size=500&startDate=2025-01-27&endDate=2025-01-28
2025-01-28 18:11:56,547 - __main__ - WARNING - Error fetching page 1 for capi_checklist_id 334 (attempt 2): 404 Client Error: Not Found for url: https://api.axismyindia.in/v1/admin/surveyors/qc-service/surveyor-responses/334?page=1&size=500&startDate=2025-01-27&endDate=2025-01-28
2025-01-28 18:12:04,568 - __main__ - ERROR - Failed to fetch page 1 for capi_checklist_id 334 after 3 attempts.
2025-01-28 18:12:04,632 - __main__ - ERROR - No UIDs found for capi_checklist_id 334. Exiting fetchdata2.
2025-01-28 18:12:04,722 - __main__ - INFO - Fetching data for date range: 2025-01-27 to 2025-01-28
2025-01-28 18:12:04,931 - __main__ - INFO - Fetched 6095 existing UIDs from the database.
2025-01-28 18:12:05,267 - __main__ - INFO - Fetched page 1 successfully with 109 responses .
2025-01-28 18:12:05,441 - __main__ - WARNING - Error fetching page 2 for capi_checklist_id 321 (attempt 1): 404 Client Error: Not Found for url: https://api.axismyindia.in/v1/admin/surveyors/qc-service/surveyor-responses/321?page=2&size=500&startDate=2025-01-27&endDate=2025-01-28
2025-01-28 18:12:09,677 - __main__ - WARNING - Error fetching page 2 for capi_checklist_id 321 (attempt 2): 404 Client Error: Not Found for url: https://api.axismyindia.in/v1/admin/surveyors/qc-service/surveyor-responses/321?page=2&size=500&startDate=2025-01-27&endDate=2025-01-28
2025-01-28 18:12:17,773 - __main__ - ERROR - Failed to fetch page 2 for capi_checklist_id 321 after 3 attempts.
2025-01-28 18:12:18,343 - __main__ - ERROR - No UIDs found for capi_checklist_id 321. Exiting fetchdata2.
2025-01-28 19:04:55,777 - __main__ - INFO - Fetching data for date range: 2025-01-27 to 2025-01-28
2025-01-28 19:04:55,792 - __main__ - INFO - Fetched 2 existing UIDs from the database.
2025-01-28 19:04:55,996 - __main__ - INFO - Fetched page 1 successfully with 2 responses .
2025-01-28 19:04:56,153 - __main__ - WARNING - Error fetching page 2 for capi_checklist_id 397 (attempt 1): 404 Client Error: Not Found for url: https://api.axismyindia.in/v1/admin/surveyors/qc-service/surveyor-responses/397?page=2&size=500&startDate=2025-01-27&endDate=2025-01-28
2025-01-28 19:05:00,315 - __main__ - WARNING - Error fetching page 2 for capi_checklist_id 397 (attempt 2): 404 Client Error: Not Found for url: https://api.axismyindia.in/v1/admin/surveyors/qc-service/surveyor-responses/397?page=2&size=500&startDate=2025-01-27&endDate=2025-01-28
2025-01-28 19:05:08,378 - __main__ - ERROR - Failed to fetch page 2 for capi_checklist_id 397 after 3 attempts.
2025-01-28 19:05:08,552 - __main__ - ERROR - No UIDs found for capi_checklist_id 397. Exiting fetchdata2.
2025-01-28 19:05:09,004 - __main__ - INFO - Fetching data for date range: 2025-01-27 to 2025-01-28
2025-01-28 19:05:09,060 - __main__ - INFO - Fetched 0 existing UIDs from the database.
2025-01-28 19:05:09,564 - __main__ - WARNING - Error fetching page 1 for capi_checklist_id 400 (attempt 1): 404 Client Error: Not Found for url: https://api.axismyindia.in/v1/admin/surveyors/qc-service/surveyor-responses/400?page=1&size=500&startDate=2025-01-27&endDate=2025-01-28
2025-01-28 19:05:13,888 - __main__ - WARNING - Error fetching page 1 for capi_checklist_id 400 (attempt 2): 404 Client Error: Not Found for url: https://api.axismyindia.in/v1/admin/surveyors/qc-service/surveyor-responses/400?page=1&size=500&startDate=2025-01-27&endDate=2025-01-28
2025-01-28 19:05:21,914 - __main__ - ERROR - Failed to fetch page 1 for capi_checklist_id 400 after 3 attempts.
2025-01-28 19:05:21,967 - __main__ - ERROR - No UIDs found for capi_checklist_id 400. Exiting fetchdata2.
2025-01-28 19:05:22,055 - __main__ - INFO - Fetching data for date range: 2025-01-27 to 2025-01-28
2025-01-28 19:05:22,071 - __main__ - INFO - Fetched 26 existing UIDs from the database.
2025-01-28 19:05:22,307 - __main__ - INFO - Fetched page 1 successfully with 25 responses .
2025-01-28 19:05:22,485 - __main__ - WARNING - Error fetching page 2 for capi_checklist_id 354 (attempt 1): 404 Client Error: Not Found for url: https://api.axismyindia.in/v1/admin/surveyors/qc-service/surveyor-responses/354?page=2&size=500&startDate=2025-01-27&endDate=2025-01-28
2025-01-28 19:05:26,686 - __main__ - WARNING - Error fetching page 2 for capi_checklist_id 354 (attempt 2): 404 Client Error: Not Found for url: https://api.axismyindia.in/v1/admin/surveyors/qc-service/surveyor-responses/354?page=2&size=500&startDate=2025-01-27&endDate=2025-01-28
2025-01-28 19:05:34,690 - __main__ - ERROR - Failed to fetch page 2 for capi_checklist_id 354 after 3 attempts.
2025-01-28 19:05:34,710 - __main__ - ERROR - No UIDs found for capi_checklist_id 354. Exiting fetchdata2.
2025-01-28 19:05:34,769 - __main__ - INFO - Fetching data for date range: 2025-01-27 to 2025-01-28
2025-01-28 19:05:34,769 - __main__ - INFO - Fetched 7 existing UIDs from the database.
2025-01-28 19:05:34,957 - __main__ - INFO - Fetched page 1 successfully with 1 responses .
2025-01-28 19:05:35,131 - __main__ - WARNING - Error fetching page 2 for capi_checklist_id 329 (attempt 1): 404 Client Error: Not Found for url: https://api.axismyindia.in/v1/admin/surveyors/qc-service/surveyor-responses/329?page=2&size=500&startDate=2025-01-27&endDate=2025-01-28
2025-01-28 19:05:39,293 - __main__ - WARNING - Error fetching page 2 for capi_checklist_id 329 (attempt 2): 404 Client Error: Not Found for url: https://api.axismyindia.in/v1/admin/surveyors/qc-service/surveyor-responses/329?page=2&size=500&startDate=2025-01-27&endDate=2025-01-28
2025-01-28 19:05:47,309 - __main__ - ERROR - Failed to fetch page 2 for capi_checklist_id 329 after 3 attempts.
2025-01-28 19:05:47,322 - __main__ - ERROR - No UIDs found for capi_checklist_id 329. Exiting fetchdata2.
2025-01-28 19:05:47,385 - __main__ - INFO - Fetching data for date range: 2025-01-27 to 2025-01-28
2025-01-28 19:05:47,385 - __main__ - INFO - Fetched 2 existing UIDs from the database.
2025-01-28 19:05:47,598 - __main__ - WARNING - Error fetching page 1 for capi_checklist_id 346 (attempt 1): 404 Client Error: Not Found for url: https://api.axismyindia.in/v1/admin/surveyors/qc-service/surveyor-responses/346?page=1&size=500&startDate=2025-01-27&endDate=2025-01-28
2025-01-28 19:05:51,779 - __main__ - WARNING - Error fetching page 1 for capi_checklist_id 346 (attempt 2): 404 Client Error: Not Found for url: https://api.axismyindia.in/v1/admin/surveyors/qc-service/surveyor-responses/346?page=1&size=500&startDate=2025-01-27&endDate=2025-01-28
2025-01-28 19:05:59,791 - __main__ - ERROR - Failed to fetch page 1 for capi_checklist_id 346 after 3 attempts.
2025-01-28 19:05:59,806 - __main__ - ERROR - No UIDs found for capi_checklist_id 346. Exiting fetchdata2.
2025-01-28 19:05:59,869 - __main__ - INFO - Fetching data for date range: 2025-01-27 to 2025-01-28
2025-01-28 19:05:59,871 - __main__ - INFO - Fetched 1 existing UIDs from the database.
2025-01-28 19:06:00,042 - __main__ - WARNING - Error fetching page 1 for capi_checklist_id 331 (attempt 1): 404 Client Error: Not Found for url: https://api.axismyindia.in/v1/admin/surveyors/qc-service/surveyor-responses/331?page=1&size=500&startDate=2025-01-27&endDate=2025-01-28
2025-01-28 19:06:04,224 - __main__ - WARNING - Error fetching page 1 for capi_checklist_id 331 (attempt 2): 404 Client Error: Not Found for url: https://api.axismyindia.in/v1/admin/surveyors/qc-service/surveyor-responses/331?page=1&size=500&startDate=2025-01-27&endDate=2025-01-28
2025-01-28 19:06:12,229 - __main__ - ERROR - Failed to fetch page 1 for capi_checklist_id 331 after 3 attempts.
2025-01-28 19:06:12,237 - __main__ - ERROR - No UIDs found for capi_checklist_id 331. Exiting fetchdata2.
2025-01-28 19:06:12,300 - __main__ - INFO - Fetching data for date range: 2025-01-27 to 2025-01-28
2025-01-28 19:06:12,316 - __main__ - INFO - Fetched 4 existing UIDs from the database.
2025-01-28 19:06:12,504 - __main__ - WARNING - Error fetching page 1 for capi_checklist_id 337 (attempt 1): 404 Client Error: Not Found for url: https://api.axismyindia.in/v1/admin/surveyors/qc-service/surveyor-responses/337?page=1&size=500&startDate=2025-01-27&endDate=2025-01-28
2025-01-28 19:06:16,645 - __main__ - WARNING - Error fetching page 1 for capi_checklist_id 337 (attempt 2): 404 Client Error: Not Found for url: https://api.axismyindia.in/v1/admin/surveyors/qc-service/surveyor-responses/337?page=1&size=500&startDate=2025-01-27&endDate=2025-01-28
2025-01-28 19:06:24,683 - __main__ - ERROR - Failed to fetch page 1 for capi_checklist_id 337 after 3 attempts.
2025-01-28 19:06:24,804 - __main__ - ERROR - No UIDs found for capi_checklist_id 337. Exiting fetchdata2.
2025-01-28 19:06:25,034 - __main__ - INFO - Fetching data for date range: 2025-01-27 to 2025-01-28
2025-01-28 19:06:25,135 - __main__ - INFO - Fetched 44 existing UIDs from the database.
2025-01-28 19:06:25,567 - __main__ - INFO - Fetched page 1 successfully with 32 responses .
2025-01-28 19:06:25,818 - __main__ - WARNING - Error fetching page 2 for capi_checklist_id 349 (attempt 1): 404 Client Error: Not Found for url: https://api.axismyindia.in/v1/admin/surveyors/qc-service/surveyor-responses/349?page=2&size=500&startDate=2025-01-27&endDate=2025-01-28
2025-01-28 19:06:30,183 - __main__ - WARNING - Error fetching page 2 for capi_checklist_id 349 (attempt 2): 404 Client Error: Not Found for url: https://api.axismyindia.in/v1/admin/surveyors/qc-service/surveyor-responses/349?page=2&size=500&startDate=2025-01-27&endDate=2025-01-28
2025-01-28 19:06:38,224 - __main__ - ERROR - Failed to fetch page 2 for capi_checklist_id 349 after 3 attempts.
2025-01-28 19:06:38,268 - __main__ - ERROR - No UIDs found for capi_checklist_id 349. Exiting fetchdata2.
2025-01-28 19:06:38,315 - __main__ - INFO - Fetching data for date range: 2025-01-27 to 2025-01-28
2025-01-28 19:06:38,330 - __main__ - INFO - Fetched 66 existing UIDs from the database.
2025-01-28 19:06:38,519 - __main__ - INFO - Fetched page 1 successfully with 42 responses .
2025-01-28 19:06:38,692 - __main__ - WARNING - Error fetching page 2 for capi_checklist_id 343 (attempt 1): 404 Client Error: Not Found for url: https://api.axismyindia.in/v1/admin/surveyors/qc-service/surveyor-responses/343?page=2&size=500&startDate=2025-01-27&endDate=2025-01-28
2025-01-28 19:06:42,870 - __main__ - WARNING - Error fetching page 2 for capi_checklist_id 343 (attempt 2): 404 Client Error: Not Found for url: https://api.axismyindia.in/v1/admin/surveyors/qc-service/surveyor-responses/343?page=2&size=500&startDate=2025-01-27&endDate=2025-01-28
2025-01-28 19:06:50,884 - __main__ - ERROR - Failed to fetch page 2 for capi_checklist_id 343 after 3 attempts.
2025-01-28 19:06:50,916 - __main__ - ERROR - No UIDs found for capi_checklist_id 343. Exiting fetchdata2.
2025-01-28 19:06:50,978 - __main__ - INFO - Fetching data for date range: 2025-01-27 to 2025-01-28
2025-01-28 19:06:50,994 - __main__ - INFO - Fetched 94 existing UIDs from the database.
2025-01-28 19:06:51,198 - __main__ - INFO - Fetched page 1 successfully with 45 responses .
2025-01-28 19:06:51,355 - __main__ - WARNING - Error fetching page 2 for capi_checklist_id 340 (attempt 1): 404 Client Error: Not Found for url: https://api.axismyindia.in/v1/admin/surveyors/qc-service/surveyor-responses/340?page=2&size=500&startDate=2025-01-27&endDate=2025-01-28
2025-01-28 19:06:55,518 - __main__ - WARNING - Error fetching page 2 for capi_checklist_id 340 (attempt 2): 404 Client Error: Not Found for url: https://api.axismyindia.in/v1/admin/surveyors/qc-service/surveyor-responses/340?page=2&size=500&startDate=2025-01-27&endDate=2025-01-28
2025-01-28 19:07:03,521 - __main__ - ERROR - Failed to fetch page 2 for capi_checklist_id 340 after 3 attempts.
2025-01-28 19:07:03,533 - __main__ - ERROR - No UIDs found for capi_checklist_id 340. Exiting fetchdata2.
2025-01-28 19:07:03,564 - __main__ - INFO - Fetching data for date range: 2025-01-27 to 2025-01-28
2025-01-28 19:07:03,590 - __main__ - INFO - Fetched 121 existing UIDs from the database.
2025-01-28 19:07:03,784 - __main__ - INFO - Fetched page 1 successfully with 46 responses .
2025-01-28 19:07:03,958 - __main__ - WARNING - Error fetching page 2 for capi_checklist_id 341 (attempt 1): 404 Client Error: Not Found for url: https://api.axismyindia.in/v1/admin/surveyors/qc-service/surveyor-responses/341?page=2&size=500&startDate=2025-01-27&endDate=2025-01-28
2025-01-28 19:07:08,142 - __main__ - WARNING - Error fetching page 2 for capi_checklist_id 341 (attempt 2): 404 Client Error: Not Found for url: https://api.axismyindia.in/v1/admin/surveyors/qc-service/surveyor-responses/341?page=2&size=500&startDate=2025-01-27&endDate=2025-01-28
2025-01-28 19:07:16,148 - __main__ - ERROR - Failed to fetch page 2 for capi_checklist_id 341 after 3 attempts.
2025-01-28 19:07:16,190 - __main__ - ERROR - No UIDs found for capi_checklist_id 341. Exiting fetchdata2.
2025-01-28 19:07:16,242 - __main__ - INFO - Fetching data for date range: 2025-01-27 to 2025-01-28
2025-01-28 19:07:16,273 - __main__ - INFO - Fetched 191 existing UIDs from the database.
2025-01-28 19:07:16,478 - __main__ - INFO - Fetched page 1 successfully with 80 responses .
2025-01-28 19:07:16,635 - __main__ - WARNING - Error fetching page 2 for capi_checklist_id 355 (attempt 1): 404 Client Error: Not Found for url: https://api.axismyindia.in/v1/admin/surveyors/qc-service/surveyor-responses/355?page=2&size=500&startDate=2025-01-27&endDate=2025-01-28
2025-01-28 19:07:20,824 - __main__ - WARNING - Error fetching page 2 for capi_checklist_id 355 (attempt 2): 404 Client Error: Not Found for url: https://api.axismyindia.in/v1/admin/surveyors/qc-service/surveyor-responses/355?page=2&size=500&startDate=2025-01-27&endDate=2025-01-28
2025-01-28 19:07:28,834 - __main__ - ERROR - Failed to fetch page 2 for capi_checklist_id 355 after 3 attempts.
2025-01-28 19:07:28,857 - __main__ - INFO - Fetched UIDs: defaultdict(<class 'list'>, {355: [15848]})
2025-01-28 19:07:30,036 - __main__ - INFO - Fetched data for UID 15848
2025-01-28 19:07:33,609 - __main__ - INFO - Fetching data for date range: 2025-01-27 to 2025-01-28
2025-01-28 19:07:33,609 - __main__ - INFO - Fetched 22 existing UIDs from the database.
2025-01-28 19:07:33,781 - __main__ - WARNING - Error fetching page 1 for capi_checklist_id 403 (attempt 1): 404 Client Error: Not Found for url: https://api.axismyindia.in/v1/admin/surveyors/qc-service/surveyor-responses/403?page=1&size=500&startDate=2025-01-27&endDate=2025-01-28
2025-01-28 19:07:37,965 - __main__ - WARNING - Error fetching page 1 for capi_checklist_id 403 (attempt 2): 404 Client Error: Not Found for url: https://api.axismyindia.in/v1/admin/surveyors/qc-service/surveyor-responses/403?page=1&size=500&startDate=2025-01-27&endDate=2025-01-28
2025-01-28 19:07:45,981 - __main__ - ERROR - Failed to fetch page 1 for capi_checklist_id 403 after 3 attempts.
2025-01-28 19:07:46,014 - __main__ - ERROR - No UIDs found for capi_checklist_id 403. Exiting fetchdata2.
2025-01-28 19:07:46,075 - __main__ - INFO - Fetching data for date range: 2025-01-27 to 2025-01-28
2025-01-28 19:07:46,090 - __main__ - INFO - Fetched 53 existing UIDs from the database.
2025-01-28 19:07:46,295 - __main__ - WARNING - Error fetching page 1 for capi_checklist_id 404 (attempt 1): 404 Client Error: Not Found for url: https://api.axismyindia.in/v1/admin/surveyors/qc-service/surveyor-responses/404?page=1&size=500&startDate=2025-01-27&endDate=2025-01-28
2025-01-28 19:07:50,445 - __main__ - WARNING - Error fetching page 1 for capi_checklist_id 404 (attempt 2): 404 Client Error: Not Found for url: https://api.axismyindia.in/v1/admin/surveyors/qc-service/surveyor-responses/404?page=1&size=500&startDate=2025-01-27&endDate=2025-01-28
2025-01-28 19:07:58,481 - __main__ - ERROR - Failed to fetch page 1 for capi_checklist_id 404 after 3 attempts.
2025-01-28 19:07:58,568 - __main__ - ERROR - No UIDs found for capi_checklist_id 404. Exiting fetchdata2.
2025-01-28 19:07:58,679 - __main__ - INFO - Fetching data for date range: 2025-01-27 to 2025-01-28
2025-01-28 19:07:58,695 - __main__ - INFO - Fetched 3 existing UIDs from the database.
2025-01-28 19:07:58,929 - __main__ - WARNING - Error fetching page 1 for capi_checklist_id 363 (attempt 1): 404 Client Error: Not Found for url: https://api.axismyindia.in/v1/admin/surveyors/qc-service/surveyor-responses/363?page=1&size=500&startDate=2025-01-27&endDate=2025-01-28
2025-01-28 19:08:03,349 - __main__ - WARNING - Error fetching page 1 for capi_checklist_id 363 (attempt 2): 404 Client Error: Not Found for url: https://api.axismyindia.in/v1/admin/surveyors/qc-service/surveyor-responses/363?page=1&size=500&startDate=2025-01-27&endDate=2025-01-28
2025-01-28 19:08:11,424 - __main__ - ERROR - Failed to fetch page 1 for capi_checklist_id 363 after 3 attempts.
2025-01-28 19:08:11,612 - __main__ - ERROR - No UIDs found for capi_checklist_id 363. Exiting fetchdata2.
2025-01-28 19:08:11,788 - __main__ - INFO - Fetching data for date range: 2025-01-27 to 2025-01-28
2025-01-28 19:08:11,804 - __main__ - INFO - Fetched 7 existing UIDs from the database.
2025-01-28 19:08:12,180 - __main__ - INFO - Fetched page 1 successfully with 1 responses .
2025-01-28 19:08:12,388 - __main__ - WARNING - Error fetching page 2 for capi_checklist_id 352 (attempt 1): 404 Client Error: Not Found for url: https://api.axismyindia.in/v1/admin/surveyors/qc-service/surveyor-responses/352?page=2&size=500&startDate=2025-01-27&endDate=2025-01-28
2025-01-28 19:08:16,581 - __main__ - WARNING - Error fetching page 2 for capi_checklist_id 352 (attempt 2): 404 Client Error: Not Found for url: https://api.axismyindia.in/v1/admin/surveyors/qc-service/surveyor-responses/352?page=2&size=500&startDate=2025-01-27&endDate=2025-01-28
2025-01-28 19:08:24,594 - __main__ - ERROR - Failed to fetch page 2 for capi_checklist_id 352 after 3 attempts.
2025-01-28 19:08:24,609 - __main__ - ERROR - No UIDs found for capi_checklist_id 352. Exiting fetchdata2.
2025-01-28 19:08:24,657 - __main__ - INFO - Fetching data for date range: 2025-01-27 to 2025-01-28
2025-01-28 19:08:24,672 - __main__ - INFO - Fetched 12 existing UIDs from the database.
2025-01-28 19:08:24,861 - __main__ - INFO - Fetched page 1 successfully with 9 responses .
2025-01-28 19:08:25,034 - __main__ - WARNING - Error fetching page 2 for capi_checklist_id 330 (attempt 1): 404 Client Error: Not Found for url: https://api.axismyindia.in/v1/admin/surveyors/qc-service/surveyor-responses/330?page=2&size=500&startDate=2025-01-27&endDate=2025-01-28
2025-01-28 19:08:29,230 - __main__ - WARNING - Error fetching page 2 for capi_checklist_id 330 (attempt 2): 404 Client Error: Not Found for url: https://api.axismyindia.in/v1/admin/surveyors/qc-service/surveyor-responses/330?page=2&size=500&startDate=2025-01-27&endDate=2025-01-28
2025-01-28 19:08:37,234 - __main__ - ERROR - Failed to fetch page 2 for capi_checklist_id 330 after 3 attempts.
2025-01-28 19:08:37,243 - __main__ - ERROR - No UIDs found for capi_checklist_id 330. Exiting fetchdata2.
2025-01-28 19:08:37,243 - __main__ - INFO - Fetching data for date range: 2025-01-27 to 2025-01-28
2025-01-28 19:08:37,258 - __main__ - INFO - Fetched 13 existing UIDs from the database.
2025-01-28 19:08:37,462 - __main__ - WARNING - Error fetching page 1 for capi_checklist_id 348 (attempt 1): 404 Client Error: Not Found for url: https://api.axismyindia.in/v1/admin/surveyors/qc-service/surveyor-responses/348?page=1&size=500&startDate=2025-01-27&endDate=2025-01-28
2025-01-28 19:08:41,652 - __main__ - WARNING - Error fetching page 1 for capi_checklist_id 348 (attempt 2): 404 Client Error: Not Found for url: https://api.axismyindia.in/v1/admin/surveyors/qc-service/surveyor-responses/348?page=1&size=500&startDate=2025-01-27&endDate=2025-01-28
2025-01-28 19:08:49,669 - __main__ - ERROR - Failed to fetch page 1 for capi_checklist_id 348 after 3 attempts.
2025-01-28 19:08:49,670 - __main__ - ERROR - No UIDs found for capi_checklist_id 348. Exiting fetchdata2.
2025-01-28 19:08:49,670 - __main__ - INFO - Fetching data for date range: 2025-01-27 to 2025-01-28
2025-01-28 19:08:49,670 - __main__ - INFO - Fetched 0 existing UIDs from the database.
2025-01-28 19:08:49,938 - __main__ - WARNING - Error fetching page 1 for capi_checklist_id 290 (attempt 1): 404 Client Error: Not Found for url: https://api.axismyindia.in/v1/admin/surveyors/qc-service/surveyor-responses/290?page=1&size=500&startDate=2025-01-27&endDate=2025-01-28
2025-01-28 19:08:54,103 - __main__ - WARNING - Error fetching page 1 for capi_checklist_id 290 (attempt 2): 404 Client Error: Not Found for url: https://api.axismyindia.in/v1/admin/surveyors/qc-service/surveyor-responses/290?page=1&size=500&startDate=2025-01-27&endDate=2025-01-28
2025-01-28 19:09:02,114 - __main__ - ERROR - Failed to fetch page 1 for capi_checklist_id 290 after 3 attempts.
2025-01-28 19:09:02,145 - __main__ - ERROR - No UIDs found for capi_checklist_id 290. Exiting fetchdata2.
2025-01-28 19:09:02,224 - __main__ - INFO - Fetching data for date range: 2025-01-27 to 2025-01-28
2025-01-28 19:09:02,224 - __main__ - INFO - Fetched 20 existing UIDs from the database.
2025-01-28 19:09:02,428 - __main__ - WARNING - Error fetching page 1 for capi_checklist_id 291 (attempt 1): 404 Client Error: Not Found for url: https://api.axismyindia.in/v1/admin/surveyors/qc-service/surveyor-responses/291?page=1&size=500&startDate=2025-01-27&endDate=2025-01-28
2025-01-28 19:09:06,598 - __main__ - WARNING - Error fetching page 1 for capi_checklist_id 291 (attempt 2): 404 Client Error: Not Found for url: https://api.axismyindia.in/v1/admin/surveyors/qc-service/surveyor-responses/291?page=1&size=500&startDate=2025-01-27&endDate=2025-01-28
2025-01-28 19:09:14,601 - __main__ - ERROR - Failed to fetch page 1 for capi_checklist_id 291 after 3 attempts.
2025-01-28 19:09:14,629 - __main__ - ERROR - No UIDs found for capi_checklist_id 291. Exiting fetchdata2.
2025-01-28 19:09:14,676 - __main__ - INFO - Fetching data for date range: 2025-01-27 to 2025-01-28
2025-01-28 19:09:14,692 - __main__ - INFO - Fetched 58 existing UIDs from the database.
2025-01-28 19:09:14,880 - __main__ - INFO - Fetched page 1 successfully with 22 responses .
2025-01-28 19:09:15,037 - __main__ - WARNING - Error fetching page 2 for capi_checklist_id 326 (attempt 1): 404 Client Error: Not Found for url: https://api.axismyindia.in/v1/admin/surveyors/qc-service/surveyor-responses/326?page=2&size=500&startDate=2025-01-27&endDate=2025-01-28
2025-01-28 19:09:19,199 - __main__ - WARNING - Error fetching page 2 for capi_checklist_id 326 (attempt 2): 404 Client Error: Not Found for url: https://api.axismyindia.in/v1/admin/surveyors/qc-service/surveyor-responses/326?page=2&size=500&startDate=2025-01-27&endDate=2025-01-28
2025-01-28 19:09:27,210 - __main__ - ERROR - Failed to fetch page 2 for capi_checklist_id 326 after 3 attempts.
2025-01-28 19:09:27,226 - __main__ - ERROR - No UIDs found for capi_checklist_id 326. Exiting fetchdata2.
2025-01-28 19:09:27,242 - __main__ - INFO - Fetching data for date range: 2025-01-27 to 2025-01-28
2025-01-28 19:09:27,242 - __main__ - INFO - Fetched 14 existing UIDs from the database.
2025-01-28 19:09:27,432 - __main__ - INFO - Fetched page 1 successfully with 2 responses .
2025-01-28 19:09:27,590 - __main__ - WARNING - Error fetching page 2 for capi_checklist_id 350 (attempt 1): 404 Client Error: Not Found for url: https://api.axismyindia.in/v1/admin/surveyors/qc-service/surveyor-responses/350?page=2&size=500&startDate=2025-01-27&endDate=2025-01-28
2025-01-28 19:09:31,768 - __main__ - WARNING - Error fetching page 2 for capi_checklist_id 350 (attempt 2): 404 Client Error: Not Found for url: https://api.axismyindia.in/v1/admin/surveyors/qc-service/surveyor-responses/350?page=2&size=500&startDate=2025-01-27&endDate=2025-01-28
2025-01-28 19:09:39,781 - __main__ - ERROR - Failed to fetch page 2 for capi_checklist_id 350 after 3 attempts.
2025-01-28 19:09:39,781 - __main__ - ERROR - No UIDs found for capi_checklist_id 350. Exiting fetchdata2.
2025-01-28 19:09:39,797 - __main__ - INFO - Fetching data for date range: 2025-01-27 to 2025-01-28
2025-01-28 19:09:39,828 - __main__ - INFO - Fetched 296 existing UIDs from the database.
2025-01-28 19:09:40,033 - __main__ - INFO - Fetched page 1 successfully with 118 responses .
2025-01-28 19:09:40,190 - __main__ - WARNING - Error fetching page 2 for capi_checklist_id 342 (attempt 1): 404 Client Error: Not Found for url: https://api.axismyindia.in/v1/admin/surveyors/qc-service/surveyor-responses/342?page=2&size=500&startDate=2025-01-27&endDate=2025-01-28
2025-01-28 19:09:44,359 - __main__ - WARNING - Error fetching page 2 for capi_checklist_id 342 (attempt 2): 404 Client Error: Not Found for url: https://api.axismyindia.in/v1/admin/surveyors/qc-service/surveyor-responses/342?page=2&size=500&startDate=2025-01-27&endDate=2025-01-28
2025-01-28 19:09:52,379 - __main__ - ERROR - Failed to fetch page 2 for capi_checklist_id 342 after 3 attempts.
2025-01-28 19:09:52,442 - __main__ - INFO - Fetched UIDs: defaultdict(<class 'list'>, {342: [15763]})
2025-01-28 19:09:53,728 - __main__ - INFO - Fetched data for UID 15763
2025-01-28 19:09:55,421 - __main__ - INFO - Fetching data for date range: 2025-01-27 to 2025-01-28
2025-01-28 19:09:55,468 - __main__ - INFO - Fetched 5 existing UIDs from the database.
2025-01-28 19:09:55,651 - __main__ - INFO - Fetched page 1 successfully with 1 responses .
2025-01-28 19:09:55,815 - __main__ - WARNING - Error fetching page 2 for capi_checklist_id 319 (attempt 1): 404 Client Error: Not Found for url: https://api.axismyindia.in/v1/admin/surveyors/qc-service/surveyor-responses/319?page=2&size=500&startDate=2025-01-27&endDate=2025-01-28
2025-01-28 19:10:00,118 - __main__ - WARNING - Error fetching page 2 for capi_checklist_id 319 (attempt 2): 404 Client Error: Not Found for url: https://api.axismyindia.in/v1/admin/surveyors/qc-service/surveyor-responses/319?page=2&size=500&startDate=2025-01-27&endDate=2025-01-28
2025-01-28 19:10:08,162 - __main__ - ERROR - Failed to fetch page 2 for capi_checklist_id 319 after 3 attempts.
2025-01-28 19:10:08,414 - __main__ - ERROR - No UIDs found for capi_checklist_id 319. Exiting fetchdata2.
2025-01-28 19:10:08,959 - __main__ - INFO - Fetching data for date range: 2025-01-27 to 2025-01-28
2025-01-28 19:10:09,012 - __main__ - INFO - Fetched 5 existing UIDs from the database.
2025-01-28 19:10:09,660 - __main__ - WARNING - Error fetching page 1 for capi_checklist_id 320 (attempt 1): 404 Client Error: Not Found for url: https://api.axismyindia.in/v1/admin/surveyors/qc-service/surveyor-responses/320?page=1&size=500&startDate=2025-01-27&endDate=2025-01-28
2025-01-28 19:10:13,965 - __main__ - WARNING - Error fetching page 1 for capi_checklist_id 320 (attempt 2): 404 Client Error: Not Found for url: https://api.axismyindia.in/v1/admin/surveyors/qc-service/surveyor-responses/320?page=1&size=500&startDate=2025-01-27&endDate=2025-01-28
2025-01-28 19:10:21,987 - __main__ - ERROR - Failed to fetch page 1 for capi_checklist_id 320 after 3 attempts.
2025-01-28 19:10:22,020 - __main__ - ERROR - No UIDs found for capi_checklist_id 320. Exiting fetchdata2.
2025-01-28 19:10:22,096 - __main__ - INFO - Fetching data for date range: 2025-01-27 to 2025-01-28
2025-01-28 19:10:22,129 - __main__ - INFO - Fetched 152 existing UIDs from the database.
2025-01-28 19:10:22,349 - __main__ - INFO - Fetched page 1 successfully with 64 responses .
2025-01-28 19:10:22,521 - __main__ - WARNING - Error fetching page 2 for capi_checklist_id 344 (attempt 1): 404 Client Error: Not Found for url: https://api.axismyindia.in/v1/admin/surveyors/qc-service/surveyor-responses/344?page=2&size=500&startDate=2025-01-27&endDate=2025-01-28
2025-01-28 19:10:26,682 - __main__ - WARNING - Error fetching page 2 for capi_checklist_id 344 (attempt 2): 404 Client Error: Not Found for url: https://api.axismyindia.in/v1/admin/surveyors/qc-service/surveyor-responses/344?page=2&size=500&startDate=2025-01-27&endDate=2025-01-28
2025-01-28 19:10:34,703 - __main__ - ERROR - Failed to fetch page 2 for capi_checklist_id 344 after 3 attempts.
2025-01-28 19:10:34,811 - __main__ - ERROR - No UIDs found for capi_checklist_id 344. Exiting fetchdata2.
2025-01-28 19:10:34,970 - __main__ - INFO - Fetching data for date range: 2025-01-27 to 2025-01-28
2025-01-28 19:10:35,053 - __main__ - INFO - Fetched 97 existing UIDs from the database.
2025-01-28 19:10:35,436 - __main__ - INFO - Fetched page 1 successfully with 22 responses .
2025-01-28 19:10:35,619 - __main__ - WARNING - Error fetching page 2 for capi_checklist_id 332 (attempt 1): 404 Client Error: Not Found for url: https://api.axismyindia.in/v1/admin/surveyors/qc-service/surveyor-responses/332?page=2&size=500&startDate=2025-01-27&endDate=2025-01-28
2025-01-28 19:10:39,981 - __main__ - WARNING - Error fetching page 2 for capi_checklist_id 332 (attempt 2): 404 Client Error: Not Found for url: https://api.axismyindia.in/v1/admin/surveyors/qc-service/surveyor-responses/332?page=2&size=500&startDate=2025-01-27&endDate=2025-01-28
2025-01-28 19:10:48,070 - __main__ - ERROR - Failed to fetch page 2 for capi_checklist_id 332 after 3 attempts.
2025-01-28 19:10:48,690 - __main__ - ERROR - No UIDs found for capi_checklist_id 332. Exiting fetchdata2.
2025-01-28 19:10:49,432 - __main__ - INFO - Fetching data for date range: 2025-01-27 to 2025-01-28
2025-01-28 19:10:49,618 - __main__ - INFO - Fetched 10 existing UIDs from the database.
2025-01-28 19:10:50,122 - __main__ - WARNING - Error fetching page 1 for capi_checklist_id 335 (attempt 1): 404 Client Error: Not Found for url: https://api.axismyindia.in/v1/admin/surveyors/qc-service/surveyor-responses/335?page=1&size=500&startDate=2025-01-27&endDate=2025-01-28
2025-01-28 19:10:54,411 - __main__ - WARNING - Error fetching page 1 for capi_checklist_id 335 (attempt 2): 404 Client Error: Not Found for url: https://api.axismyindia.in/v1/admin/surveyors/qc-service/surveyor-responses/335?page=1&size=500&startDate=2025-01-27&endDate=2025-01-28
2025-01-28 19:11:02,424 - __main__ - ERROR - Failed to fetch page 1 for capi_checklist_id 335 after 3 attempts.
2025-01-28 19:11:02,471 - __main__ - ERROR - No UIDs found for capi_checklist_id 335. Exiting fetchdata2.
2025-01-28 19:11:02,550 - __main__ - INFO - Fetching data for date range: 2025-01-27 to 2025-01-28
2025-01-28 19:11:02,597 - __main__ - INFO - Fetched 47 existing UIDs from the database.
2025-01-28 19:11:02,819 - __main__ - INFO - Fetched page 1 successfully with 27 responses .
2025-01-28 19:11:02,974 - __main__ - WARNING - Error fetching page 2 for capi_checklist_id 325 (attempt 1): 404 Client Error: Not Found for url: https://api.axismyindia.in/v1/admin/surveyors/qc-service/surveyor-responses/325?page=2&size=500&startDate=2025-01-27&endDate=2025-01-28
2025-01-28 19:11:07,142 - __main__ - WARNING - Error fetching page 2 for capi_checklist_id 325 (attempt 2): 404 Client Error: Not Found for url: https://api.axismyindia.in/v1/admin/surveyors/qc-service/surveyor-responses/325?page=2&size=500&startDate=2025-01-27&endDate=2025-01-28
2025-01-28 19:11:15,153 - __main__ - ERROR - Failed to fetch page 2 for capi_checklist_id 325 after 3 attempts.
2025-01-28 19:11:15,179 - __main__ - ERROR - No UIDs found for capi_checklist_id 325. Exiting fetchdata2.
2025-01-28 19:11:15,196 - __main__ - INFO - Fetching data for date range: 2025-01-27 to 2025-01-28
2025-01-28 19:11:15,203 - __main__ - INFO - Fetched 253 existing UIDs from the database.
2025-01-28 19:11:15,447 - __main__ - INFO - Fetched page 1 successfully with 76 responses .
2025-01-28 19:11:15,629 - __main__ - WARNING - Error fetching page 2 for capi_checklist_id 347 (attempt 1): 404 Client Error: Not Found for url: https://api.axismyindia.in/v1/admin/surveyors/qc-service/surveyor-responses/347?page=2&size=500&startDate=2025-01-27&endDate=2025-01-28
2025-01-28 19:11:19,792 - __main__ - WARNING - Error fetching page 2 for capi_checklist_id 347 (attempt 2): 404 Client Error: Not Found for url: https://api.axismyindia.in/v1/admin/surveyors/qc-service/surveyor-responses/347?page=2&size=500&startDate=2025-01-27&endDate=2025-01-28
2025-01-28 19:11:27,801 - __main__ - ERROR - Failed to fetch page 2 for capi_checklist_id 347 after 3 attempts.
2025-01-28 19:11:27,807 - __main__ - ERROR - No UIDs found for capi_checklist_id 347. Exiting fetchdata2.
2025-01-28 19:11:27,808 - __main__ - INFO - Fetching data for date range: 2025-01-27 to 2025-01-28
2025-01-28 19:11:27,808 - __main__ - INFO - Fetched 11 existing UIDs from the database.
2025-01-28 19:11:27,997 - __main__ - INFO - Fetched page 1 successfully with 1 responses .
2025-01-28 19:11:28,169 - __main__ - WARNING - Error fetching page 2 for capi_checklist_id 382 (attempt 1): 404 Client Error: Not Found for url: https://api.axismyindia.in/v1/admin/surveyors/qc-service/surveyor-responses/382?page=2&size=500&startDate=2025-01-27&endDate=2025-01-28
2025-01-28 19:11:32,340 - __main__ - WARNING - Error fetching page 2 for capi_checklist_id 382 (attempt 2): 404 Client Error: Not Found for url: https://api.axismyindia.in/v1/admin/surveyors/qc-service/surveyor-responses/382?page=2&size=500&startDate=2025-01-27&endDate=2025-01-28
2025-01-28 19:11:40,354 - __main__ - ERROR - Failed to fetch page 2 for capi_checklist_id 382 after 3 attempts.
2025-01-28 19:11:40,369 - __main__ - ERROR - No UIDs found for capi_checklist_id 382. Exiting fetchdata2.
2025-01-28 19:11:40,389 - __main__ - INFO - Fetching data for date range: 2025-01-27 to 2025-01-28
2025-01-28 19:11:40,396 - __main__ - INFO - Fetched 38 existing UIDs from the database.
2025-01-28 19:11:40,570 - __main__ - WARNING - Error fetching page 1 for capi_checklist_id 339 (attempt 1): 404 Client Error: Not Found for url: https://api.axismyindia.in/v1/admin/surveyors/qc-service/surveyor-responses/339?page=1&size=500&startDate=2025-01-27&endDate=2025-01-28
2025-01-28 19:11:44,733 - __main__ - WARNING - Error fetching page 1 for capi_checklist_id 339 (attempt 2): 404 Client Error: Not Found for url: https://api.axismyindia.in/v1/admin/surveyors/qc-service/surveyor-responses/339?page=1&size=500&startDate=2025-01-27&endDate=2025-01-28
2025-01-28 19:11:52,749 - __main__ - ERROR - Failed to fetch page 1 for capi_checklist_id 339 after 3 attempts.
2025-01-28 19:11:52,788 - __main__ - ERROR - No UIDs found for capi_checklist_id 339. Exiting fetchdata2.
2025-01-28 19:11:52,854 - __main__ - INFO - Fetching data for date range: 2025-01-27 to 2025-01-28
2025-01-28 19:11:52,864 - __main__ - INFO - Fetched 1 existing UIDs from the database.
2025-01-28 19:11:53,054 - __main__ - WARNING - Error fetching page 1 for capi_checklist_id 334 (attempt 1): 404 Client Error: Not Found for url: https://api.axismyindia.in/v1/admin/surveyors/qc-service/surveyor-responses/334?page=1&size=500&startDate=2025-01-27&endDate=2025-01-28
2025-01-28 19:11:57,224 - __main__ - WARNING - Error fetching page 1 for capi_checklist_id 334 (attempt 2): 404 Client Error: Not Found for url: https://api.axismyindia.in/v1/admin/surveyors/qc-service/surveyor-responses/334?page=1&size=500&startDate=2025-01-27&endDate=2025-01-28
2025-01-28 19:12:05,246 - __main__ - ERROR - Failed to fetch page 1 for capi_checklist_id 334 after 3 attempts.
2025-01-28 19:12:05,375 - __main__ - ERROR - No UIDs found for capi_checklist_id 334. Exiting fetchdata2.
2025-01-28 19:12:05,485 - __main__ - INFO - Fetching data for date range: 2025-01-27 to 2025-01-28
2025-01-28 19:12:05,744 - __main__ - INFO - Fetched 6096 existing UIDs from the database.
2025-01-28 19:12:06,250 - __main__ - INFO - Fetched page 1 successfully with 111 responses .
2025-01-28 19:12:06,436 - __main__ - WARNING - Error fetching page 2 for capi_checklist_id 321 (attempt 1): 404 Client Error: Not Found for url: https://api.axismyindia.in/v1/admin/surveyors/qc-service/surveyor-responses/321?page=2&size=500&startDate=2025-01-27&endDate=2025-01-28
2025-01-28 19:12:10,727 - __main__ - WARNING - Error fetching page 2 for capi_checklist_id 321 (attempt 2): 404 Client Error: Not Found for url: https://api.axismyindia.in/v1/admin/surveyors/qc-service/surveyor-responses/321?page=2&size=500&startDate=2025-01-27&endDate=2025-01-28
2025-01-28 19:12:18,754 - __main__ - ERROR - Failed to fetch page 2 for capi_checklist_id 321 after 3 attempts.
2025-01-28 19:12:18,870 - __main__ - INFO - Fetched UIDs: defaultdict(<class 'list'>, {321: [15849]})
2025-01-28 19:12:19,259 - __main__ - INFO - Fetched data for UID 15849
2025-01-28 20:04:56,409 - __main__ - INFO - Fetching data for date range: 2025-01-27 to 2025-01-28
2025-01-28 20:04:56,424 - __main__ - INFO - Fetched 2 existing UIDs from the database.
2025-01-28 20:04:56,639 - __main__ - INFO - Fetched page 1 successfully with 2 responses .
2025-01-28 20:04:56,808 - __main__ - WARNING - Error fetching page 2 for capi_checklist_id 397 (attempt 1): 404 Client Error: Not Found for url: https://api.axismyindia.in/v1/admin/surveyors/qc-service/surveyor-responses/397?page=2&size=500&startDate=2025-01-27&endDate=2025-01-28
2025-01-28 20:05:00,965 - __main__ - WARNING - Error fetching page 2 for capi_checklist_id 397 (attempt 2): 404 Client Error: Not Found for url: https://api.axismyindia.in/v1/admin/surveyors/qc-service/surveyor-responses/397?page=2&size=500&startDate=2025-01-27&endDate=2025-01-28
2025-01-28 20:05:08,979 - __main__ - ERROR - Failed to fetch page 2 for capi_checklist_id 397 after 3 attempts.
2025-01-28 20:05:09,058 - __main__ - ERROR - No UIDs found for capi_checklist_id 397. Exiting fetchdata2.
2025-01-28 20:05:09,139 - __main__ - INFO - Fetching data for date range: 2025-01-27 to 2025-01-28
2025-01-28 20:05:09,145 - __main__ - INFO - Fetched 0 existing UIDs from the database.
2025-01-28 20:05:09,362 - __main__ - WARNING - Error fetching page 1 for capi_checklist_id 400 (attempt 1): 404 Client Error: Not Found for url: https://api.axismyindia.in/v1/admin/surveyors/qc-service/surveyor-responses/400?page=1&size=500&startDate=2025-01-27&endDate=2025-01-28
2025-01-28 20:05:13,607 - __main__ - WARNING - Error fetching page 1 for capi_checklist_id 400 (attempt 2): 404 Client Error: Not Found for url: https://api.axismyindia.in/v1/admin/surveyors/qc-service/surveyor-responses/400?page=1&size=500&startDate=2025-01-27&endDate=2025-01-28
2025-01-28 20:05:21,613 - __main__ - ERROR - Failed to fetch page 1 for capi_checklist_id 400 after 3 attempts.
2025-01-28 20:05:21,647 - __main__ - ERROR - No UIDs found for capi_checklist_id 400. Exiting fetchdata2.
2025-01-28 20:05:21,728 - __main__ - INFO - Fetching data for date range: 2025-01-27 to 2025-01-28
2025-01-28 20:05:21,744 - __main__ - INFO - Fetched 26 existing UIDs from the database.
2025-01-28 20:05:21,937 - __main__ - INFO - Fetched page 1 successfully with 25 responses .
2025-01-28 20:05:22,103 - __main__ - WARNING - Error fetching page 2 for capi_checklist_id 354 (attempt 1): 404 Client Error: Not Found for url: https://api.axismyindia.in/v1/admin/surveyors/qc-service/surveyor-responses/354?page=2&size=500&startDate=2025-01-27&endDate=2025-01-28
2025-01-28 20:05:26,345 - __main__ - WARNING - Error fetching page 2 for capi_checklist_id 354 (attempt 2): 404 Client Error: Not Found for url: https://api.axismyindia.in/v1/admin/surveyors/qc-service/surveyor-responses/354?page=2&size=500&startDate=2025-01-27&endDate=2025-01-28
2025-01-28 20:05:34,362 - __main__ - ERROR - Failed to fetch page 2 for capi_checklist_id 354 after 3 attempts.
2025-01-28 20:05:34,412 - __main__ - ERROR - No UIDs found for capi_checklist_id 354. Exiting fetchdata2.
2025-01-28 20:05:34,516 - __main__ - INFO - Fetching data for date range: 2025-01-27 to 2025-01-28
2025-01-28 20:05:34,538 - __main__ - INFO - Fetched 7 existing UIDs from the database.
2025-01-28 20:05:34,737 - __main__ - INFO - Fetched page 1 successfully with 1 responses .
2025-01-28 20:05:34,904 - __main__ - WARNING - Error fetching page 2 for capi_checklist_id 329 (attempt 1): 404 Client Error: Not Found for url: https://api.axismyindia.in/v1/admin/surveyors/qc-service/surveyor-responses/329?page=2&size=500&startDate=2025-01-27&endDate=2025-01-28
2025-01-28 20:05:39,078 - __main__ - WARNING - Error fetching page 2 for capi_checklist_id 329 (attempt 2): 404 Client Error: Not Found for url: https://api.axismyindia.in/v1/admin/surveyors/qc-service/surveyor-responses/329?page=2&size=500&startDate=2025-01-27&endDate=2025-01-28
2025-01-28 20:05:47,088 - __main__ - ERROR - Failed to fetch page 2 for capi_checklist_id 329 after 3 attempts.
2025-01-28 20:05:47,114 - __main__ - ERROR - No UIDs found for capi_checklist_id 329. Exiting fetchdata2.
2025-01-28 20:05:47,184 - __main__ - INFO - Fetching data for date range: 2025-01-27 to 2025-01-28
2025-01-28 20:05:47,194 - __main__ - INFO - Fetched 2 existing UIDs from the database.
2025-01-28 20:05:47,392 - __main__ - WARNING - Error fetching page 1 for capi_checklist_id 346 (attempt 1): 404 Client Error: Not Found for url: https://api.axismyindia.in/v1/admin/surveyors/qc-service/surveyor-responses/346?page=1&size=500&startDate=2025-01-27&endDate=2025-01-28
2025-01-28 20:05:51,552 - __main__ - WARNING - Error fetching page 1 for capi_checklist_id 346 (attempt 2): 404 Client Error: Not Found for url: https://api.axismyindia.in/v1/admin/surveyors/qc-service/surveyor-responses/346?page=1&size=500&startDate=2025-01-27&endDate=2025-01-28
2025-01-28 20:05:59,555 - __main__ - ERROR - Failed to fetch page 1 for capi_checklist_id 346 after 3 attempts.
2025-01-28 20:05:59,568 - __main__ - ERROR - No UIDs found for capi_checklist_id 346. Exiting fetchdata2.
2025-01-28 20:05:59,611 - __main__ - INFO - Fetching data for date range: 2025-01-27 to 2025-01-28
2025-01-28 20:05:59,618 - __main__ - INFO - Fetched 1 existing UIDs from the database.
2025-01-28 20:05:59,793 - __main__ - WARNING - Error fetching page 1 for capi_checklist_id 331 (attempt 1): 404 Client Error: Not Found for url: https://api.axismyindia.in/v1/admin/surveyors/qc-service/surveyor-responses/331?page=1&size=500&startDate=2025-01-27&endDate=2025-01-28
2025-01-28 20:06:03,969 - __main__ - WARNING - Error fetching page 1 for capi_checklist_id 331 (attempt 2): 404 Client Error: Not Found for url: https://api.axismyindia.in/v1/admin/surveyors/qc-service/surveyor-responses/331?page=1&size=500&startDate=2025-01-27&endDate=2025-01-28
2025-01-28 20:06:11,983 - __main__ - ERROR - Failed to fetch page 1 for capi_checklist_id 331 after 3 attempts.
2025-01-28 20:06:12,030 - __main__ - ERROR - No UIDs found for capi_checklist_id 331. Exiting fetchdata2.
2025-01-28 20:06:12,093 - __main__ - INFO - Fetching data for date range: 2025-01-27 to 2025-01-28
2025-01-28 20:06:12,101 - __main__ - INFO - Fetched 4 existing UIDs from the database.
2025-01-28 20:06:12,305 - __main__ - WARNING - Error fetching page 1 for capi_checklist_id 337 (attempt 1): 404 Client Error: Not Found for url: https://api.axismyindia.in/v1/admin/surveyors/qc-service/surveyor-responses/337?page=1&size=500&startDate=2025-01-27&endDate=2025-01-28
2025-01-28 20:06:16,485 - __main__ - WARNING - Error fetching page 1 for capi_checklist_id 337 (attempt 2): 404 Client Error: Not Found for url: https://api.axismyindia.in/v1/admin/surveyors/qc-service/surveyor-responses/337?page=1&size=500&startDate=2025-01-27&endDate=2025-01-28
2025-01-28 20:06:24,492 - __main__ - ERROR - Failed to fetch page 1 for capi_checklist_id 337 after 3 attempts.
2025-01-28 20:06:24,520 - __main__ - ERROR - No UIDs found for capi_checklist_id 337. Exiting fetchdata2.
2025-01-28 20:06:24,577 - __main__ - INFO - Fetching data for date range: 2025-01-27 to 2025-01-28
2025-01-28 20:06:24,593 - __main__ - INFO - Fetched 44 existing UIDs from the database.
2025-01-28 20:06:24,795 - __main__ - INFO - Fetched page 1 successfully with 32 responses .
2025-01-28 20:06:24,962 - __main__ - WARNING - Error fetching page 2 for capi_checklist_id 349 (attempt 1): 404 Client Error: Not Found for url: https://api.axismyindia.in/v1/admin/surveyors/qc-service/surveyor-responses/349?page=2&size=500&startDate=2025-01-27&endDate=2025-01-28
2025-01-28 20:06:29,133 - __main__ - WARNING - Error fetching page 2 for capi_checklist_id 349 (attempt 2): 404 Client Error: Not Found for url: https://api.axismyindia.in/v1/admin/surveyors/qc-service/surveyor-responses/349?page=2&size=500&startDate=2025-01-27&endDate=2025-01-28
2025-01-28 20:06:37,141 - __main__ - ERROR - Failed to fetch page 2 for capi_checklist_id 349 after 3 attempts.
2025-01-28 20:06:37,181 - __main__ - ERROR - No UIDs found for capi_checklist_id 349. Exiting fetchdata2.
2025-01-28 20:06:37,235 - __main__ - INFO - Fetching data for date range: 2025-01-27 to 2025-01-28
2025-01-28 20:06:37,252 - __main__ - INFO - Fetched 66 existing UIDs from the database.
2025-01-28 20:06:37,656 - __main__ - INFO - Fetched page 1 successfully with 42 responses .
2025-01-28 20:06:37,843 - __main__ - WARNING - Error fetching page 2 for capi_checklist_id 343 (attempt 1): 404 Client Error: Not Found for url: https://api.axismyindia.in/v1/admin/surveyors/qc-service/surveyor-responses/343?page=2&size=500&startDate=2025-01-27&endDate=2025-01-28
2025-01-28 20:06:42,027 - __main__ - WARNING - Error fetching page 2 for capi_checklist_id 343 (attempt 2): 404 Client Error: Not Found for url: https://api.axismyindia.in/v1/admin/surveyors/qc-service/surveyor-responses/343?page=2&size=500&startDate=2025-01-27&endDate=2025-01-28
2025-01-28 20:06:50,040 - __main__ - ERROR - Failed to fetch page 2 for capi_checklist_id 343 after 3 attempts.
2025-01-28 20:06:50,183 - __main__ - ERROR - No UIDs found for capi_checklist_id 343. Exiting fetchdata2.
2025-01-28 20:06:50,264 - __main__ - INFO - Fetching data for date range: 2025-01-27 to 2025-01-28
2025-01-28 20:06:50,282 - __main__ - INFO - Fetched 94 existing UIDs from the database.
2025-01-28 20:06:50,486 - __main__ - INFO - Fetched page 1 successfully with 45 responses .
2025-01-28 20:06:50,642 - __main__ - WARNING - Error fetching page 2 for capi_checklist_id 340 (attempt 1): 404 Client Error: Not Found for url: https://api.axismyindia.in/v1/admin/surveyors/qc-service/surveyor-responses/340?page=2&size=500&startDate=2025-01-27&endDate=2025-01-28
2025-01-28 20:06:54,934 - __main__ - WARNING - Error fetching page 2 for capi_checklist_id 340 (attempt 2): 404 Client Error: Not Found for url: https://api.axismyindia.in/v1/admin/surveyors/qc-service/surveyor-responses/340?page=2&size=500&startDate=2025-01-27&endDate=2025-01-28
2025-01-28 20:07:02,944 - __main__ - ERROR - Failed to fetch page 2 for capi_checklist_id 340 after 3 attempts.
2025-01-28 20:07:03,007 - __main__ - ERROR - No UIDs found for capi_checklist_id 340. Exiting fetchdata2.
2025-01-28 20:07:03,101 - __main__ - INFO - Fetching data for date range: 2025-01-27 to 2025-01-28
2025-01-28 20:07:03,117 - __main__ - INFO - Fetched 121 existing UIDs from the database.
2025-01-28 20:07:03,322 - __main__ - INFO - Fetched page 1 successfully with 46 responses .
2025-01-28 20:07:03,511 - __main__ - WARNING - Error fetching page 2 for capi_checklist_id 341 (attempt 1): 404 Client Error: Not Found for url: https://api.axismyindia.in/v1/admin/surveyors/qc-service/surveyor-responses/341?page=2&size=500&startDate=2025-01-27&endDate=2025-01-28
2025-01-28 20:07:07,684 - __main__ - WARNING - Error fetching page 2 for capi_checklist_id 341 (attempt 2): 404 Client Error: Not Found for url: https://api.axismyindia.in/v1/admin/surveyors/qc-service/surveyor-responses/341?page=2&size=500&startDate=2025-01-27&endDate=2025-01-28
2025-01-28 20:07:15,699 - __main__ - ERROR - Failed to fetch page 2 for capi_checklist_id 341 after 3 attempts.
2025-01-28 20:07:15,764 - __main__ - ERROR - No UIDs found for capi_checklist_id 341. Exiting fetchdata2.
2025-01-28 20:07:15,844 - __main__ - INFO - Fetching data for date range: 2025-01-27 to 2025-01-28
2025-01-28 20:07:15,872 - __main__ - INFO - Fetched 193 existing UIDs from the database.
2025-01-28 20:07:16,091 - __main__ - INFO - Fetched page 1 successfully with 81 responses .
2025-01-28 20:07:16,252 - __main__ - WARNING - Error fetching page 2 for capi_checklist_id 355 (attempt 1): 404 Client Error: Not Found for url: https://api.axismyindia.in/v1/admin/surveyors/qc-service/surveyor-responses/355?page=2&size=500&startDate=2025-01-27&endDate=2025-01-28
2025-01-28 20:07:20,437 - __main__ - WARNING - Error fetching page 2 for capi_checklist_id 355 (attempt 2): 404 Client Error: Not Found for url: https://api.axismyindia.in/v1/admin/surveyors/qc-service/surveyor-responses/355?page=2&size=500&startDate=2025-01-27&endDate=2025-01-28
2025-01-28 20:07:28,450 - __main__ - ERROR - Failed to fetch page 2 for capi_checklist_id 355 after 3 attempts.
2025-01-28 20:07:28,474 - __main__ - ERROR - No UIDs found for capi_checklist_id 355. Exiting fetchdata2.
2025-01-28 20:07:28,518 - __main__ - INFO - Fetching data for date range: 2025-01-27 to 2025-01-28
2025-01-28 20:07:28,534 - __main__ - INFO - Fetched 22 existing UIDs from the database.
2025-01-28 20:07:28,732 - __main__ - WARNING - Error fetching page 1 for capi_checklist_id 403 (attempt 1): 404 Client Error: Not Found for url: https://api.axismyindia.in/v1/admin/surveyors/qc-service/surveyor-responses/403?page=1&size=500&startDate=2025-01-27&endDate=2025-01-28
2025-01-28 20:07:32,915 - __main__ - WARNING - Error fetching page 1 for capi_checklist_id 403 (attempt 2): 404 Client Error: Not Found for url: https://api.axismyindia.in/v1/admin/surveyors/qc-service/surveyor-responses/403?page=1&size=500&startDate=2025-01-27&endDate=2025-01-28
2025-01-28 20:07:40,959 - __main__ - ERROR - Failed to fetch page 1 for capi_checklist_id 403 after 3 attempts.
2025-01-28 20:07:41,102 - __main__ - ERROR - No UIDs found for capi_checklist_id 403. Exiting fetchdata2.
2025-01-28 20:07:41,384 - __main__ - INFO - Fetching data for date range: 2025-01-27 to 2025-01-28
2025-01-28 20:07:41,447 - __main__ - INFO - Fetched 53 existing UIDs from the database.
2025-01-28 20:07:41,874 - __main__ - WARNING - Error fetching page 1 for capi_checklist_id 404 (attempt 1): 404 Client Error: Not Found for url: https://api.axismyindia.in/v1/admin/surveyors/qc-service/surveyor-responses/404?page=1&size=500&startDate=2025-01-27&endDate=2025-01-28
2025-01-28 20:07:46,062 - __main__ - WARNING - Error fetching page 1 for capi_checklist_id 404 (attempt 2): 404 Client Error: Not Found for url: https://api.axismyindia.in/v1/admin/surveyors/qc-service/surveyor-responses/404?page=1&size=500&startDate=2025-01-27&endDate=2025-01-28
2025-01-28 20:07:54,071 - __main__ - ERROR - Failed to fetch page 1 for capi_checklist_id 404 after 3 attempts.
2025-01-28 20:07:54,097 - __main__ - ERROR - No UIDs found for capi_checklist_id 404. Exiting fetchdata2.
2025-01-28 20:07:54,159 - __main__ - INFO - Fetching data for date range: 2025-01-27 to 2025-01-28
2025-01-28 20:07:54,167 - __main__ - INFO - Fetched 3 existing UIDs from the database.
2025-01-28 20:07:54,357 - __main__ - WARNING - Error fetching page 1 for capi_checklist_id 363 (attempt 1): 404 Client Error: Not Found for url: https://api.axismyindia.in/v1/admin/surveyors/qc-service/surveyor-responses/363?page=1&size=500&startDate=2025-01-27&endDate=2025-01-28
2025-01-28 20:07:58,529 - __main__ - WARNING - Error fetching page 1 for capi_checklist_id 363 (attempt 2): 404 Client Error: Not Found for url: https://api.axismyindia.in/v1/admin/surveyors/qc-service/surveyor-responses/363?page=1&size=500&startDate=2025-01-27&endDate=2025-01-28
2025-01-28 20:08:06,540 - __main__ - ERROR - Failed to fetch page 1 for capi_checklist_id 363 after 3 attempts.
2025-01-28 20:08:06,554 - __main__ - ERROR - No UIDs found for capi_checklist_id 363. Exiting fetchdata2.
2025-01-28 20:08:06,599 - __main__ - INFO - Fetching data for date range: 2025-01-27 to 2025-01-28
2025-01-28 20:08:06,615 - __main__ - INFO - Fetched 7 existing UIDs from the database.
2025-01-28 20:08:06,805 - __main__ - INFO - Fetched page 1 successfully with 1 responses .
2025-01-28 20:08:06,978 - __main__ - WARNING - Error fetching page 2 for capi_checklist_id 352 (attempt 1): 404 Client Error: Not Found for url: https://api.axismyindia.in/v1/admin/surveyors/qc-service/surveyor-responses/352?page=2&size=500&startDate=2025-01-27&endDate=2025-01-28
2025-01-28 20:08:11,148 - __main__ - WARNING - Error fetching page 2 for capi_checklist_id 352 (attempt 2): 404 Client Error: Not Found for url: https://api.axismyindia.in/v1/admin/surveyors/qc-service/surveyor-responses/352?page=2&size=500&startDate=2025-01-27&endDate=2025-01-28
2025-01-28 20:08:19,183 - __main__ - ERROR - Failed to fetch page 2 for capi_checklist_id 352 after 3 attempts.
2025-01-28 20:08:19,501 - __main__ - ERROR - No UIDs found for capi_checklist_id 352. Exiting fetchdata2.
2025-01-28 20:08:19,865 - __main__ - INFO - Fetching data for date range: 2025-01-27 to 2025-01-28
2025-01-28 20:08:19,903 - __main__ - INFO - Fetched 12 existing UIDs from the database.
2025-01-28 20:08:20,406 - __main__ - INFO - Fetched page 1 successfully with 9 responses .
2025-01-28 20:08:20,657 - __main__ - WARNING - Error fetching page 2 for capi_checklist_id 330 (attempt 1): 404 Client Error: Not Found for url: https://api.axismyindia.in/v1/admin/surveyors/qc-service/surveyor-responses/330?page=2&size=500&startDate=2025-01-27&endDate=2025-01-28
2025-01-28 20:08:24,985 - __main__ - WARNING - Error fetching page 2 for capi_checklist_id 330 (attempt 2): 404 Client Error: Not Found for url: https://api.axismyindia.in/v1/admin/surveyors/qc-service/surveyor-responses/330?page=2&size=500&startDate=2025-01-27&endDate=2025-01-28
2025-01-28 20:08:33,005 - __main__ - ERROR - Failed to fetch page 2 for capi_checklist_id 330 after 3 attempts.
2025-01-28 20:08:33,040 - __main__ - ERROR - No UIDs found for capi_checklist_id 330. Exiting fetchdata2.
2025-01-28 20:08:33,094 - __main__ - INFO - Fetching data for date range: 2025-01-27 to 2025-01-28
2025-01-28 20:08:33,105 - __main__ - INFO - Fetched 13 existing UIDs from the database.
2025-01-28 20:08:33,305 - __main__ - WARNING - Error fetching page 1 for capi_checklist_id 348 (attempt 1): 404 Client Error: Not Found for url: https://api.axismyindia.in/v1/admin/surveyors/qc-service/surveyor-responses/348?page=1&size=500&startDate=2025-01-27&endDate=2025-01-28
2025-01-28 20:08:37,482 - __main__ - WARNING - Error fetching page 1 for capi_checklist_id 348 (attempt 2): 404 Client Error: Not Found for url: https://api.axismyindia.in/v1/admin/surveyors/qc-service/surveyor-responses/348?page=1&size=500&startDate=2025-01-27&endDate=2025-01-28
2025-01-28 20:08:45,489 - __main__ - ERROR - Failed to fetch page 1 for capi_checklist_id 348 after 3 attempts.
2025-01-28 20:08:45,524 - __main__ - ERROR - No UIDs found for capi_checklist_id 348. Exiting fetchdata2.
2025-01-28 20:08:45,594 - __main__ - INFO - Fetching data for date range: 2025-01-27 to 2025-01-28
2025-01-28 20:08:45,602 - __main__ - INFO - Fetched 0 existing UIDs from the database.
2025-01-28 20:08:45,818 - __main__ - WARNING - Error fetching page 1 for capi_checklist_id 290 (attempt 1): 404 Client Error: Not Found for url: https://api.axismyindia.in/v1/admin/surveyors/qc-service/surveyor-responses/290?page=1&size=500&startDate=2025-01-27&endDate=2025-01-28
2025-01-28 20:08:49,996 - __main__ - WARNING - Error fetching page 1 for capi_checklist_id 290 (attempt 2): 404 Client Error: Not Found for url: https://api.axismyindia.in/v1/admin/surveyors/qc-service/surveyor-responses/290?page=1&size=500&startDate=2025-01-27&endDate=2025-01-28
2025-01-28 20:08:58,001 - __main__ - ERROR - Failed to fetch page 1 for capi_checklist_id 290 after 3 attempts.
2025-01-28 20:08:58,029 - __main__ - ERROR - No UIDs found for capi_checklist_id 290. Exiting fetchdata2.
2025-01-28 20:08:58,089 - __main__ - INFO - Fetching data for date range: 2025-01-27 to 2025-01-28
2025-01-28 20:08:58,104 - __main__ - INFO - Fetched 20 existing UIDs from the database.
2025-01-28 20:08:58,307 - __main__ - WARNING - Error fetching page 1 for capi_checklist_id 291 (attempt 1): 404 Client Error: Not Found for url: https://api.axismyindia.in/v1/admin/surveyors/qc-service/surveyor-responses/291?page=1&size=500&startDate=2025-01-27&endDate=2025-01-28
2025-01-28 20:09:02,480 - __main__ - WARNING - Error fetching page 1 for capi_checklist_id 291 (attempt 2): 404 Client Error: Not Found for url: https://api.axismyindia.in/v1/admin/surveyors/qc-service/surveyor-responses/291?page=1&size=500&startDate=2025-01-27&endDate=2025-01-28
2025-01-28 20:09:10,515 - __main__ - ERROR - Failed to fetch page 1 for capi_checklist_id 291 after 3 attempts.
2025-01-28 20:09:10,640 - __main__ - ERROR - No UIDs found for capi_checklist_id 291. Exiting fetchdata2.
2025-01-28 20:09:10,769 - __main__ - INFO - Fetching data for date range: 2025-01-27 to 2025-01-28
2025-01-28 20:09:10,815 - __main__ - INFO - Fetched 58 existing UIDs from the database.
2025-01-28 20:09:11,092 - __main__ - INFO - Fetched page 1 successfully with 22 responses .
2025-01-28 20:09:11,263 - __main__ - WARNING - Error fetching page 2 for capi_checklist_id 326 (attempt 1): 404 Client Error: Not Found for url: https://api.axismyindia.in/v1/admin/surveyors/qc-service/surveyor-responses/326?page=2&size=500&startDate=2025-01-27&endDate=2025-01-28
2025-01-28 20:09:15,445 - __main__ - WARNING - Error fetching page 2 for capi_checklist_id 326 (attempt 2): 404 Client Error: Not Found for url: https://api.axismyindia.in/v1/admin/surveyors/qc-service/surveyor-responses/326?page=2&size=500&startDate=2025-01-27&endDate=2025-01-28
2025-01-28 20:09:23,453 - __main__ - ERROR - Failed to fetch page 2 for capi_checklist_id 326 after 3 attempts.
2025-01-28 20:09:23,489 - __main__ - ERROR - No UIDs found for capi_checklist_id 326. Exiting fetchdata2.
2025-01-28 20:09:23,553 - __main__ - INFO - Fetching data for date range: 2025-01-27 to 2025-01-28
2025-01-28 20:09:23,563 - __main__ - INFO - Fetched 14 existing UIDs from the database.
2025-01-28 20:09:23,751 - __main__ - INFO - Fetched page 1 successfully with 2 responses .
2025-01-28 20:09:23,909 - __main__ - WARNING - Error fetching page 2 for capi_checklist_id 350 (attempt 1): 404 Client Error: Not Found for url: https://api.axismyindia.in/v1/admin/surveyors/qc-service/surveyor-responses/350?page=2&size=500&startDate=2025-01-27&endDate=2025-01-28
2025-01-28 20:09:28,107 - __main__ - WARNING - Error fetching page 2 for capi_checklist_id 350 (attempt 2): 404 Client Error: Not Found for url: https://api.axismyindia.in/v1/admin/surveyors/qc-service/surveyor-responses/350?page=2&size=500&startDate=2025-01-27&endDate=2025-01-28
2025-01-28 20:09:36,113 - __main__ - ERROR - Failed to fetch page 2 for capi_checklist_id 350 after 3 attempts.
2025-01-28 20:09:36,147 - __main__ - ERROR - No UIDs found for capi_checklist_id 350. Exiting fetchdata2.
2025-01-28 20:09:36,208 - __main__ - INFO - Fetching data for date range: 2025-01-27 to 2025-01-28
2025-01-28 20:09:36,239 - __main__ - INFO - Fetched 296 existing UIDs from the database.
2025-01-28 20:09:36,487 - __main__ - INFO - Fetched page 1 successfully with 118 responses .
2025-01-28 20:09:36,659 - __main__ - WARNING - Error fetching page 2 for capi_checklist_id 342 (attempt 1): 404 Client Error: Not Found for url: https://api.axismyindia.in/v1/admin/surveyors/qc-service/surveyor-responses/342?page=2&size=500&startDate=2025-01-27&endDate=2025-01-28
2025-01-28 20:09:40,832 - __main__ - WARNING - Error fetching page 2 for capi_checklist_id 342 (attempt 2): 404 Client Error: Not Found for url: https://api.axismyindia.in/v1/admin/surveyors/qc-service/surveyor-responses/342?page=2&size=500&startDate=2025-01-27&endDate=2025-01-28
2025-01-28 20:09:48,845 - __main__ - ERROR - Failed to fetch page 2 for capi_checklist_id 342 after 3 attempts.
2025-01-28 20:09:48,902 - __main__ - INFO - Fetched UIDs: defaultdict(<class 'list'>, {342: [15763]})
2025-01-28 20:09:50,210 - __main__ - INFO - Fetched data for UID 15763
2025-01-28 20:09:51,668 - __main__ - INFO - Fetching data for date range: 2025-01-27 to 2025-01-28
2025-01-28 20:09:51,673 - __main__ - INFO - Fetched 5 existing UIDs from the database.
2025-01-28 20:09:51,834 - __main__ - INFO - Fetched page 1 successfully with 1 responses .
2025-01-28 20:09:52,003 - __main__ - WARNING - Error fetching page 2 for capi_checklist_id 319 (attempt 1): 404 Client Error: Not Found for url: https://api.axismyindia.in/v1/admin/surveyors/qc-service/surveyor-responses/319?page=2&size=500&startDate=2025-01-27&endDate=2025-01-28
2025-01-28 20:09:56,174 - __main__ - WARNING - Error fetching page 2 for capi_checklist_id 319 (attempt 2): 404 Client Error: Not Found for url: https://api.axismyindia.in/v1/admin/surveyors/qc-service/surveyor-responses/319?page=2&size=500&startDate=2025-01-27&endDate=2025-01-28
2025-01-28 20:10:04,201 - __main__ - ERROR - Failed to fetch page 2 for capi_checklist_id 319 after 3 attempts.
2025-01-28 20:10:04,351 - __main__ - ERROR - No UIDs found for capi_checklist_id 319. Exiting fetchdata2.
2025-01-28 20:10:04,644 - __main__ - INFO - Fetching data for date range: 2025-01-27 to 2025-01-28
2025-01-28 20:10:04,738 - __main__ - INFO - Fetched 5 existing UIDs from the database.
2025-01-28 20:10:05,081 - __main__ - WARNING - Error fetching page 1 for capi_checklist_id 320 (attempt 1): 404 Client Error: Not Found for url: https://api.axismyindia.in/v1/admin/surveyors/qc-service/surveyor-responses/320?page=1&size=500&startDate=2025-01-27&endDate=2025-01-28
2025-01-28 20:10:09,563 - __main__ - WARNING - Error fetching page 1 for capi_checklist_id 320 (attempt 2): 404 Client Error: Not Found for url: https://api.axismyindia.in/v1/admin/surveyors/qc-service/surveyor-responses/320?page=1&size=500&startDate=2025-01-27&endDate=2025-01-28
2025-01-28 20:10:17,586 - __main__ - ERROR - Failed to fetch page 1 for capi_checklist_id 320 after 3 attempts.
2025-01-28 20:10:17,639 - __main__ - ERROR - No UIDs found for capi_checklist_id 320. Exiting fetchdata2.
2025-01-28 20:10:17,710 - __main__ - INFO - Fetching data for date range: 2025-01-27 to 2025-01-28
2025-01-28 20:10:17,740 - __main__ - INFO - Fetched 152 existing UIDs from the database.
2025-01-28 20:10:17,945 - __main__ - INFO - Fetched page 1 successfully with 64 responses .
2025-01-28 20:10:18,105 - __main__ - WARNING - Error fetching page 2 for capi_checklist_id 344 (attempt 1): 404 Client Error: Not Found for url: https://api.axismyindia.in/v1/admin/surveyors/qc-service/surveyor-responses/344?page=2&size=500&startDate=2025-01-27&endDate=2025-01-28
2025-01-28 20:10:22,280 - __main__ - WARNING - Error fetching page 2 for capi_checklist_id 344 (attempt 2): 404 Client Error: Not Found for url: https://api.axismyindia.in/v1/admin/surveyors/qc-service/surveyor-responses/344?page=2&size=500&startDate=2025-01-27&endDate=2025-01-28
2025-01-28 20:10:30,286 - __main__ - ERROR - Failed to fetch page 2 for capi_checklist_id 344 after 3 attempts.
2025-01-28 20:10:30,327 - __main__ - ERROR - No UIDs found for capi_checklist_id 344. Exiting fetchdata2.
2025-01-28 20:10:30,397 - __main__ - INFO - Fetching data for date range: 2025-01-27 to 2025-01-28
2025-01-28 20:10:30,425 - __main__ - INFO - Fetched 97 existing UIDs from the database.
2025-01-28 20:10:30,665 - __main__ - INFO - Fetched page 1 successfully with 22 responses .
2025-01-28 20:10:30,835 - __main__ - WARNING - Error fetching page 2 for capi_checklist_id 332 (attempt 1): 404 Client Error: Not Found for url: https://api.axismyindia.in/v1/admin/surveyors/qc-service/surveyor-responses/332?page=2&size=500&startDate=2025-01-27&endDate=2025-01-28
2025-01-28 20:10:35,091 - __main__ - WARNING - Error fetching page 2 for capi_checklist_id 332 (attempt 2): 404 Client Error: Not Found for url: https://api.axismyindia.in/v1/admin/surveyors/qc-service/surveyor-responses/332?page=2&size=500&startDate=2025-01-27&endDate=2025-01-28
2025-01-28 20:10:43,105 - __main__ - ERROR - Failed to fetch page 2 for capi_checklist_id 332 after 3 attempts.
2025-01-28 20:10:43,152 - __main__ - ERROR - No UIDs found for capi_checklist_id 332. Exiting fetchdata2.
2025-01-28 20:10:43,255 - __main__ - INFO - Fetching data for date range: 2025-01-27 to 2025-01-28
2025-01-28 20:10:43,269 - __main__ - INFO - Fetched 10 existing UIDs from the database.
2025-01-28 20:10:43,478 - __main__ - WARNING - Error fetching page 1 for capi_checklist_id 335 (attempt 1): 404 Client Error: Not Found for url: https://api.axismyindia.in/v1/admin/surveyors/qc-service/surveyor-responses/335?page=1&size=500&startDate=2025-01-27&endDate=2025-01-28
2025-01-28 20:10:47,686 - __main__ - WARNING - Error fetching page 1 for capi_checklist_id 335 (attempt 2): 404 Client Error: Not Found for url: https://api.axismyindia.in/v1/admin/surveyors/qc-service/surveyor-responses/335?page=1&size=500&startDate=2025-01-27&endDate=2025-01-28
2025-01-28 20:10:55,714 - __main__ - ERROR - Failed to fetch page 1 for capi_checklist_id 335 after 3 attempts.
2025-01-28 20:10:55,824 - __main__ - ERROR - No UIDs found for capi_checklist_id 335. Exiting fetchdata2.
2025-01-28 20:10:55,976 - __main__ - INFO - Fetching data for date range: 2025-01-27 to 2025-01-28
2025-01-28 20:10:56,028 - __main__ - INFO - Fetched 47 existing UIDs from the database.
2025-01-28 20:10:56,488 - __main__ - INFO - Fetched page 1 successfully with 27 responses .
2025-01-28 20:10:56,659 - __main__ - WARNING - Error fetching page 2 for capi_checklist_id 325 (attempt 1): 404 Client Error: Not Found for url: https://api.axismyindia.in/v1/admin/surveyors/qc-service/surveyor-responses/325?page=2&size=500&startDate=2025-01-27&endDate=2025-01-28
2025-01-28 20:11:01,299 - __main__ - WARNING - Error fetching page 2 for capi_checklist_id 325 (attempt 2): 404 Client Error: Not Found for url: https://api.axismyindia.in/v1/admin/surveyors/qc-service/surveyor-responses/325?page=2&size=500&startDate=2025-01-27&endDate=2025-01-28
2025-01-28 20:11:09,398 - __main__ - ERROR - Failed to fetch page 2 for capi_checklist_id 325 after 3 attempts.
2025-01-28 20:11:09,507 - __main__ - ERROR - No UIDs found for capi_checklist_id 325. Exiting fetchdata2.
2025-01-28 20:11:09,642 - __main__ - INFO - Fetching data for date range: 2025-01-27 to 2025-01-28
2025-01-28 20:11:09,734 - __main__ - INFO - Fetched 253 existing UIDs from the database.
2025-01-28 20:11:10,061 - __main__ - INFO - Fetched page 1 successfully with 76 responses .
2025-01-28 20:11:10,245 - __main__ - WARNING - Error fetching page 2 for capi_checklist_id 347 (attempt 1): 404 Client Error: Not Found for url: https://api.axismyindia.in/v1/admin/surveyors/qc-service/surveyor-responses/347?page=2&size=500&startDate=2025-01-27&endDate=2025-01-28
2025-01-28 20:11:14,571 - __main__ - WARNING - Error fetching page 2 for capi_checklist_id 347 (attempt 2): 404 Client Error: Not Found for url: https://api.axismyindia.in/v1/admin/surveyors/qc-service/surveyor-responses/347?page=2&size=500&startDate=2025-01-27&endDate=2025-01-28
2025-01-28 20:11:22,609 - __main__ - ERROR - Failed to fetch page 2 for capi_checklist_id 347 after 3 attempts.
2025-01-28 20:11:22,877 - __main__ - ERROR - No UIDs found for capi_checklist_id 347. Exiting fetchdata2.
2025-01-28 20:11:23,053 - __main__ - INFO - Fetching data for date range: 2025-01-27 to 2025-01-28
2025-01-28 20:11:23,087 - __main__ - INFO - Fetched 11 existing UIDs from the database.
2025-01-28 20:11:23,769 - __main__ - INFO - Fetched page 1 successfully with 1 responses .
2025-01-28 20:11:23,992 - __main__ - WARNING - Error fetching page 2 for capi_checklist_id 382 (attempt 1): 404 Client Error: Not Found for url: https://api.axismyindia.in/v1/admin/surveyors/qc-service/surveyor-responses/382?page=2&size=500&startDate=2025-01-27&endDate=2025-01-28
2025-01-28 20:11:28,261 - __main__ - WARNING - Error fetching page 2 for capi_checklist_id 382 (attempt 2): 404 Client Error: Not Found for url: https://api.axismyindia.in/v1/admin/surveyors/qc-service/surveyor-responses/382?page=2&size=500&startDate=2025-01-27&endDate=2025-01-28
2025-01-28 20:11:36,337 - __main__ - ERROR - Failed to fetch page 2 for capi_checklist_id 382 after 3 attempts.
2025-01-28 20:11:36,866 - __main__ - ERROR - No UIDs found for capi_checklist_id 382. Exiting fetchdata2.
2025-01-28 20:11:37,481 - __main__ - INFO - Fetching data for date range: 2025-01-27 to 2025-01-28
2025-01-28 20:11:37,632 - __main__ - INFO - Fetched 38 existing UIDs from the database.
2025-01-28 20:11:38,353 - __main__ - WARNING - Error fetching page 1 for capi_checklist_id 339 (attempt 1): 404 Client Error: Not Found for url: https://api.axismyindia.in/v1/admin/surveyors/qc-service/surveyor-responses/339?page=1&size=500&startDate=2025-01-27&endDate=2025-01-28
2025-01-28 20:11:42,601 - __main__ - WARNING - Error fetching page 1 for capi_checklist_id 339 (attempt 2): 404 Client Error: Not Found for url: https://api.axismyindia.in/v1/admin/surveyors/qc-service/surveyor-responses/339?page=1&size=500&startDate=2025-01-27&endDate=2025-01-28
2025-01-28 20:11:50,611 - __main__ - ERROR - Failed to fetch page 1 for capi_checklist_id 339 after 3 attempts.
2025-01-28 20:11:50,630 - __main__ - ERROR - No UIDs found for capi_checklist_id 339. Exiting fetchdata2.
2025-01-28 20:11:50,730 - __main__ - INFO - Fetching data for date range: 2025-01-27 to 2025-01-28
2025-01-28 20:11:50,742 - __main__ - INFO - Fetched 1 existing UIDs from the database.
2025-01-28 20:11:50,945 - __main__ - WARNING - Error fetching page 1 for capi_checklist_id 334 (attempt 1): 404 Client Error: Not Found for url: https://api.axismyindia.in/v1/admin/surveyors/qc-service/surveyor-responses/334?page=1&size=500&startDate=2025-01-27&endDate=2025-01-28
2025-01-28 20:11:55,105 - __main__ - WARNING - Error fetching page 1 for capi_checklist_id 334 (attempt 2): 404 Client Error: Not Found for url: https://api.axismyindia.in/v1/admin/surveyors/qc-service/surveyor-responses/334?page=1&size=500&startDate=2025-01-27&endDate=2025-01-28
2025-01-28 20:12:03,107 - __main__ - ERROR - Failed to fetch page 1 for capi_checklist_id 334 after 3 attempts.
2025-01-28 20:12:03,114 - __main__ - ERROR - No UIDs found for capi_checklist_id 334. Exiting fetchdata2.
2025-01-28 20:12:03,143 - __main__ - INFO - Fetching data for date range: 2025-01-27 to 2025-01-28
2025-01-28 20:12:03,263 - __main__ - INFO - Fetched 6097 existing UIDs from the database.
2025-01-28 20:12:03,500 - __main__ - INFO - Fetched page 1 successfully with 112 responses .
2025-01-28 20:12:03,666 - __main__ - WARNING - Error fetching page 2 for capi_checklist_id 321 (attempt 1): 404 Client Error: Not Found for url: https://api.axismyindia.in/v1/admin/surveyors/qc-service/surveyor-responses/321?page=2&size=500&startDate=2025-01-27&endDate=2025-01-28
2025-01-28 20:12:07,843 - __main__ - WARNING - Error fetching page 2 for capi_checklist_id 321 (attempt 2): 404 Client Error: Not Found for url: https://api.axismyindia.in/v1/admin/surveyors/qc-service/surveyor-responses/321?page=2&size=500&startDate=2025-01-27&endDate=2025-01-28
2025-01-28 20:12:15,849 - __main__ - ERROR - Failed to fetch page 2 for capi_checklist_id 321 after 3 attempts.
2025-01-28 20:12:15,878 - __main__ - INFO - Fetched UIDs: defaultdict(<class 'list'>, {321: [15851]})
2025-01-28 20:12:16,219 - __main__ - INFO - Fetched data for UID 15851
2025-01-28 21:04:55,974 - __main__ - INFO - Fetching data for date range: 2025-01-27 to 2025-01-28
2025-01-28 21:04:55,990 - __main__ - INFO - Fetched 2 existing UIDs from the database.
2025-01-28 21:04:56,209 - __main__ - INFO - Fetched page 1 successfully with 2 responses .
2025-01-28 21:04:56,350 - __main__ - WARNING - Error fetching page 2 for capi_checklist_id 397 (attempt 1): 404 Client Error: Not Found for url: https://api.axismyindia.in/v1/admin/surveyors/qc-service/surveyor-responses/397?page=2&size=500&startDate=2025-01-27&endDate=2025-01-28
2025-01-28 21:05:00,526 - __main__ - WARNING - Error fetching page 2 for capi_checklist_id 397 (attempt 2): 404 Client Error: Not Found for url: https://api.axismyindia.in/v1/admin/surveyors/qc-service/surveyor-responses/397?page=2&size=500&startDate=2025-01-27&endDate=2025-01-28
2025-01-28 21:05:08,530 - __main__ - ERROR - Failed to fetch page 2 for capi_checklist_id 397 after 3 attempts.
2025-01-28 21:05:08,545 - __main__ - ERROR - No UIDs found for capi_checklist_id 397. Exiting fetchdata2.
2025-01-28 21:05:08,577 - __main__ - INFO - Fetching data for date range: 2025-01-27 to 2025-01-28
2025-01-28 21:05:08,577 - __main__ - INFO - Fetched 0 existing UIDs from the database.
2025-01-28 21:05:08,734 - __main__ - WARNING - Error fetching page 1 for capi_checklist_id 400 (attempt 1): 404 Client Error: Not Found for url: https://api.axismyindia.in/v1/admin/surveyors/qc-service/surveyor-responses/400?page=1&size=500&startDate=2025-01-27&endDate=2025-01-28
2025-01-28 21:05:12,911 - __main__ - WARNING - Error fetching page 1 for capi_checklist_id 400 (attempt 2): 404 Client Error: Not Found for url: https://api.axismyindia.in/v1/admin/surveyors/qc-service/surveyor-responses/400?page=1&size=500&startDate=2025-01-27&endDate=2025-01-28
2025-01-28 21:05:20,927 - __main__ - ERROR - Failed to fetch page 1 for capi_checklist_id 400 after 3 attempts.
2025-01-28 21:05:21,006 - __main__ - ERROR - No UIDs found for capi_checklist_id 400. Exiting fetchdata2.
2025-01-28 21:05:21,134 - __main__ - INFO - Fetching data for date range: 2025-01-27 to 2025-01-28
2025-01-28 21:05:21,165 - __main__ - INFO - Fetched 26 existing UIDs from the database.
2025-01-28 21:05:21,496 - __main__ - INFO - Fetched page 1 successfully with 25 responses .
2025-01-28 21:05:21,668 - __main__ - WARNING - Error fetching page 2 for capi_checklist_id 354 (attempt 1): 404 Client Error: Not Found for url: https://api.axismyindia.in/v1/admin/surveyors/qc-service/surveyor-responses/354?page=2&size=500&startDate=2025-01-27&endDate=2025-01-28
2025-01-28 21:05:25,875 - __main__ - WARNING - Error fetching page 2 for capi_checklist_id 354 (attempt 2): 404 Client Error: Not Found for url: https://api.axismyindia.in/v1/admin/surveyors/qc-service/surveyor-responses/354?page=2&size=500&startDate=2025-01-27&endDate=2025-01-28
2025-01-28 21:05:33,879 - __main__ - ERROR - Failed to fetch page 2 for capi_checklist_id 354 after 3 attempts.
2025-01-28 21:05:33,897 - __main__ - ERROR - No UIDs found for capi_checklist_id 354. Exiting fetchdata2.
2025-01-28 21:05:33,945 - __main__ - INFO - Fetching data for date range: 2025-01-27 to 2025-01-28
2025-01-28 21:05:33,961 - __main__ - INFO - Fetched 7 existing UIDs from the database.
2025-01-28 21:05:34,149 - __main__ - INFO - Fetched page 1 successfully with 1 responses .
2025-01-28 21:05:34,322 - __main__ - WARNING - Error fetching page 2 for capi_checklist_id 329 (attempt 1): 404 Client Error: Not Found for url: https://api.axismyindia.in/v1/admin/surveyors/qc-service/surveyor-responses/329?page=2&size=500&startDate=2025-01-27&endDate=2025-01-28
2025-01-28 21:05:38,473 - __main__ - WARNING - Error fetching page 2 for capi_checklist_id 329 (attempt 2): 404 Client Error: Not Found for url: https://api.axismyindia.in/v1/admin/surveyors/qc-service/surveyor-responses/329?page=2&size=500&startDate=2025-01-27&endDate=2025-01-28
2025-01-28 21:05:46,488 - __main__ - ERROR - Failed to fetch page 2 for capi_checklist_id 329 after 3 attempts.
2025-01-28 21:05:46,501 - __main__ - ERROR - No UIDs found for capi_checklist_id 329. Exiting fetchdata2.
2025-01-28 21:05:46,529 - __main__ - INFO - Fetching data for date range: 2025-01-27 to 2025-01-28
2025-01-28 21:05:46,529 - __main__ - INFO - Fetched 2 existing UIDs from the database.
2025-01-28 21:05:46,702 - __main__ - WARNING - Error fetching page 1 for capi_checklist_id 346 (attempt 1): 404 Client Error: Not Found for url: https://api.axismyindia.in/v1/admin/surveyors/qc-service/surveyor-responses/346?page=1&size=500&startDate=2025-01-27&endDate=2025-01-28
2025-01-28 21:05:50,887 - __main__ - WARNING - Error fetching page 1 for capi_checklist_id 346 (attempt 2): 404 Client Error: Not Found for url: https://api.axismyindia.in/v1/admin/surveyors/qc-service/surveyor-responses/346?page=1&size=500&startDate=2025-01-27&endDate=2025-01-28
2025-01-28 21:05:58,895 - __main__ - ERROR - Failed to fetch page 1 for capi_checklist_id 346 after 3 attempts.
2025-01-28 21:05:58,895 - __main__ - ERROR - No UIDs found for capi_checklist_id 346. Exiting fetchdata2.
2025-01-28 21:05:58,895 - __main__ - INFO - Fetching data for date range: 2025-01-27 to 2025-01-28
2025-01-28 21:05:58,895 - __main__ - INFO - Fetched 1 existing UIDs from the database.
2025-01-28 21:05:59,081 - __main__ - WARNING - Error fetching page 1 for capi_checklist_id 331 (attempt 1): 404 Client Error: Not Found for url: https://api.axismyindia.in/v1/admin/surveyors/qc-service/surveyor-responses/331?page=1&size=500&startDate=2025-01-27&endDate=2025-01-28
2025-01-28 21:06:03,246 - __main__ - WARNING - Error fetching page 1 for capi_checklist_id 331 (attempt 2): 404 Client Error: Not Found for url: https://api.axismyindia.in/v1/admin/surveyors/qc-service/surveyor-responses/331?page=1&size=500&startDate=2025-01-27&endDate=2025-01-28
2025-01-28 21:06:11,260 - __main__ - ERROR - Failed to fetch page 1 for capi_checklist_id 331 after 3 attempts.
2025-01-28 21:06:11,260 - __main__ - ERROR - No UIDs found for capi_checklist_id 331. Exiting fetchdata2.
2025-01-28 21:06:11,260 - __main__ - INFO - Fetching data for date range: 2025-01-27 to 2025-01-28
2025-01-28 21:06:11,260 - __main__ - INFO - Fetched 4 existing UIDs from the database.
2025-01-28 21:06:11,429 - __main__ - WARNING - Error fetching page 1 for capi_checklist_id 337 (attempt 1): 404 Client Error: Not Found for url: https://api.axismyindia.in/v1/admin/surveyors/qc-service/surveyor-responses/337?page=1&size=500&startDate=2025-01-27&endDate=2025-01-28
2025-01-28 21:06:15,583 - __main__ - WARNING - Error fetching page 1 for capi_checklist_id 337 (attempt 2): 404 Client Error: Not Found for url: https://api.axismyindia.in/v1/admin/surveyors/qc-service/surveyor-responses/337?page=1&size=500&startDate=2025-01-27&endDate=2025-01-28
2025-01-28 21:06:23,591 - __main__ - ERROR - Failed to fetch page 1 for capi_checklist_id 337 after 3 attempts.
2025-01-28 21:06:23,597 - __main__ - ERROR - No UIDs found for capi_checklist_id 337. Exiting fetchdata2.
2025-01-28 21:06:23,644 - __main__ - INFO - Fetching data for date range: 2025-01-27 to 2025-01-28
2025-01-28 21:06:23,660 - __main__ - INFO - Fetched 44 existing UIDs from the database.
2025-01-28 21:06:23,848 - __main__ - INFO - Fetched page 1 successfully with 32 responses .
2025-01-28 21:06:24,036 - __main__ - WARNING - Error fetching page 2 for capi_checklist_id 349 (attempt 1): 404 Client Error: Not Found for url: https://api.axismyindia.in/v1/admin/surveyors/qc-service/surveyor-responses/349?page=2&size=500&startDate=2025-01-27&endDate=2025-01-28
2025-01-28 21:06:28,191 - __main__ - WARNING - Error fetching page 2 for capi_checklist_id 349 (attempt 2): 404 Client Error: Not Found for url: https://api.axismyindia.in/v1/admin/surveyors/qc-service/surveyor-responses/349?page=2&size=500&startDate=2025-01-27&endDate=2025-01-28
2025-01-28 21:06:36,229 - __main__ - ERROR - Failed to fetch page 2 for capi_checklist_id 349 after 3 attempts.
2025-01-28 21:06:36,307 - __main__ - ERROR - No UIDs found for capi_checklist_id 349. Exiting fetchdata2.
2025-01-28 21:06:36,418 - __main__ - INFO - Fetching data for date range: 2025-01-27 to 2025-01-28
2025-01-28 21:06:36,464 - __main__ - INFO - Fetched 66 existing UIDs from the database.
2025-01-28 21:06:37,064 - __main__ - INFO - Fetched page 1 successfully with 42 responses .
2025-01-28 21:06:37,316 - __main__ - WARNING - Error fetching page 2 for capi_checklist_id 343 (attempt 1): 404 Client Error: Not Found for url: https://api.axismyindia.in/v1/admin/surveyors/qc-service/surveyor-responses/343?page=2&size=500&startDate=2025-01-27&endDate=2025-01-28
2025-01-28 21:06:41,579 - __main__ - WARNING - Error fetching page 2 for capi_checklist_id 343 (attempt 2): 404 Client Error: Not Found for url: https://api.axismyindia.in/v1/admin/surveyors/qc-service/surveyor-responses/343?page=2&size=500&startDate=2025-01-27&endDate=2025-01-28
2025-01-28 21:06:49,593 - __main__ - ERROR - Failed to fetch page 2 for capi_checklist_id 343 after 3 attempts.
2025-01-28 21:06:49,645 - __main__ - ERROR - No UIDs found for capi_checklist_id 343. Exiting fetchdata2.
2025-01-28 21:06:49,736 - __main__ - INFO - Fetching data for date range: 2025-01-27 to 2025-01-28
2025-01-28 21:06:49,765 - __main__ - INFO - Fetched 94 existing UIDs from the database.
2025-01-28 21:06:49,974 - __main__ - INFO - Fetched page 1 successfully with 45 responses .
2025-01-28 21:06:50,141 - __main__ - WARNING - Error fetching page 2 for capi_checklist_id 340 (attempt 1): 404 Client Error: Not Found for url: https://api.axismyindia.in/v1/admin/surveyors/qc-service/surveyor-responses/340?page=2&size=500&startDate=2025-01-27&endDate=2025-01-28
2025-01-28 21:06:54,315 - __main__ - WARNING - Error fetching page 2 for capi_checklist_id 340 (attempt 2): 404 Client Error: Not Found for url: https://api.axismyindia.in/v1/admin/surveyors/qc-service/surveyor-responses/340?page=2&size=500&startDate=2025-01-27&endDate=2025-01-28
2025-01-28 21:07:02,318 - __main__ - ERROR - Failed to fetch page 2 for capi_checklist_id 340 after 3 attempts.
2025-01-28 21:07:02,318 - __main__ - ERROR - No UIDs found for capi_checklist_id 340. Exiting fetchdata2.
2025-01-28 21:07:02,329 - __main__ - INFO - Fetching data for date range: 2025-01-27 to 2025-01-28
2025-01-28 21:07:02,345 - __main__ - INFO - Fetched 121 existing UIDs from the database.
2025-01-28 21:07:02,565 - __main__ - INFO - Fetched page 1 successfully with 46 responses .
2025-01-28 21:07:02,737 - __main__ - WARNING - Error fetching page 2 for capi_checklist_id 341 (attempt 1): 404 Client Error: Not Found for url: https://api.axismyindia.in/v1/admin/surveyors/qc-service/surveyor-responses/341?page=2&size=500&startDate=2025-01-27&endDate=2025-01-28
2025-01-28 21:07:06,909 - __main__ - WARNING - Error fetching page 2 for capi_checklist_id 341 (attempt 2): 404 Client Error: Not Found for url: https://api.axismyindia.in/v1/admin/surveyors/qc-service/surveyor-responses/341?page=2&size=500&startDate=2025-01-27&endDate=2025-01-28
2025-01-28 21:07:14,919 - __main__ - ERROR - Failed to fetch page 2 for capi_checklist_id 341 after 3 attempts.
2025-01-28 21:07:15,006 - __main__ - ERROR - No UIDs found for capi_checklist_id 341. Exiting fetchdata2.
2025-01-28 21:07:15,143 - __main__ - INFO - Fetching data for date range: 2025-01-27 to 2025-01-28
2025-01-28 21:07:15,187 - __main__ - INFO - Fetched 193 existing UIDs from the database.
2025-01-28 21:07:15,473 - __main__ - INFO - Fetched page 1 successfully with 81 responses .
2025-01-28 21:07:15,645 - __main__ - WARNING - Error fetching page 2 for capi_checklist_id 355 (attempt 1): 404 Client Error: Not Found for url: https://api.axismyindia.in/v1/admin/surveyors/qc-service/surveyor-responses/355?page=2&size=500&startDate=2025-01-27&endDate=2025-01-28
2025-01-28 21:07:19,930 - __main__ - WARNING - Error fetching page 2 for capi_checklist_id 355 (attempt 2): 404 Client Error: Not Found for url: https://api.axismyindia.in/v1/admin/surveyors/qc-service/surveyor-responses/355?page=2&size=500&startDate=2025-01-27&endDate=2025-01-28
2025-01-28 21:07:27,943 - __main__ - ERROR - Failed to fetch page 2 for capi_checklist_id 355 after 3 attempts.
2025-01-28 21:07:27,976 - __main__ - ERROR - No UIDs found for capi_checklist_id 355. Exiting fetchdata2.
2025-01-28 21:07:28,029 - __main__ - INFO - Fetching data for date range: 2025-01-27 to 2025-01-28
2025-01-28 21:07:28,045 - __main__ - INFO - Fetched 22 existing UIDs from the database.
2025-01-28 21:07:28,219 - __main__ - WARNING - Error fetching page 1 for capi_checklist_id 403 (attempt 1): 404 Client Error: Not Found for url: https://api.axismyindia.in/v1/admin/surveyors/qc-service/surveyor-responses/403?page=1&size=500&startDate=2025-01-27&endDate=2025-01-28
2025-01-28 21:07:32,380 - __main__ - WARNING - Error fetching page 1 for capi_checklist_id 403 (attempt 2): 404 Client Error: Not Found for url: https://api.axismyindia.in/v1/admin/surveyors/qc-service/surveyor-responses/403?page=1&size=500&startDate=2025-01-27&endDate=2025-01-28
2025-01-28 21:07:40,389 - __main__ - ERROR - Failed to fetch page 1 for capi_checklist_id 403 after 3 attempts.
2025-01-28 21:07:40,389 - __main__ - ERROR - No UIDs found for capi_checklist_id 403. Exiting fetchdata2.
2025-01-28 21:07:40,401 - __main__ - INFO - Fetching data for date range: 2025-01-27 to 2025-01-28
2025-01-28 21:07:40,420 - __main__ - INFO - Fetched 53 existing UIDs from the database.
2025-01-28 21:07:40,578 - __main__ - WARNING - Error fetching page 1 for capi_checklist_id 404 (attempt 1): 404 Client Error: Not Found for url: https://api.axismyindia.in/v1/admin/surveyors/qc-service/surveyor-responses/404?page=1&size=500&startDate=2025-01-27&endDate=2025-01-28
2025-01-28 21:07:44,760 - __main__ - WARNING - Error fetching page 1 for capi_checklist_id 404 (attempt 2): 404 Client Error: Not Found for url: https://api.axismyindia.in/v1/admin/surveyors/qc-service/surveyor-responses/404?page=1&size=500&startDate=2025-01-27&endDate=2025-01-28
2025-01-28 21:07:52,771 - __main__ - ERROR - Failed to fetch page 1 for capi_checklist_id 404 after 3 attempts.
2025-01-28 21:07:52,772 - __main__ - ERROR - No UIDs found for capi_checklist_id 404. Exiting fetchdata2.
2025-01-28 21:07:52,772 - __main__ - INFO - Fetching data for date range: 2025-01-27 to 2025-01-28
2025-01-28 21:07:52,772 - __main__ - INFO - Fetched 3 existing UIDs from the database.
2025-01-28 21:07:52,945 - __main__ - WARNING - Error fetching page 1 for capi_checklist_id 363 (attempt 1): 404 Client Error: Not Found for url: https://api.axismyindia.in/v1/admin/surveyors/qc-service/surveyor-responses/363?page=1&size=500&startDate=2025-01-27&endDate=2025-01-28
2025-01-28 21:07:57,121 - __main__ - WARNING - Error fetching page 1 for capi_checklist_id 363 (attempt 2): 404 Client Error: Not Found for url: https://api.axismyindia.in/v1/admin/surveyors/qc-service/surveyor-responses/363?page=1&size=500&startDate=2025-01-27&endDate=2025-01-28
2025-01-28 21:08:05,128 - __main__ - ERROR - Failed to fetch page 1 for capi_checklist_id 363 after 3 attempts.
2025-01-28 21:08:05,128 - __main__ - ERROR - No UIDs found for capi_checklist_id 363. Exiting fetchdata2.
2025-01-28 21:08:05,139 - __main__ - INFO - Fetching data for date range: 2025-01-27 to 2025-01-28
2025-01-28 21:08:05,139 - __main__ - INFO - Fetched 7 existing UIDs from the database.
2025-01-28 21:08:05,327 - __main__ - INFO - Fetched page 1 successfully with 1 responses .
2025-01-28 21:08:05,499 - __main__ - WARNING - Error fetching page 2 for capi_checklist_id 352 (attempt 1): 404 Client Error: Not Found for url: https://api.axismyindia.in/v1/admin/surveyors/qc-service/surveyor-responses/352?page=2&size=500&startDate=2025-01-27&endDate=2025-01-28
2025-01-28 21:08:09,675 - __main__ - WARNING - Error fetching page 2 for capi_checklist_id 352 (attempt 2): 404 Client Error: Not Found for url: https://api.axismyindia.in/v1/admin/surveyors/qc-service/surveyor-responses/352?page=2&size=500&startDate=2025-01-27&endDate=2025-01-28
2025-01-28 21:08:17,689 - __main__ - ERROR - Failed to fetch page 2 for capi_checklist_id 352 after 3 attempts.
2025-01-28 21:08:17,735 - __main__ - ERROR - No UIDs found for capi_checklist_id 352. Exiting fetchdata2.
2025-01-28 21:08:17,784 - __main__ - INFO - Fetching data for date range: 2025-01-27 to 2025-01-28
2025-01-28 21:08:17,784 - __main__ - INFO - Fetched 12 existing UIDs from the database.
2025-01-28 21:08:17,988 - __main__ - INFO - Fetched page 1 successfully with 9 responses .
2025-01-28 21:08:18,160 - __main__ - WARNING - Error fetching page 2 for capi_checklist_id 330 (attempt 1): 404 Client Error: Not Found for url: https://api.axismyindia.in/v1/admin/surveyors/qc-service/surveyor-responses/330?page=2&size=500&startDate=2025-01-27&endDate=2025-01-28
2025-01-28 21:08:22,320 - __main__ - WARNING - Error fetching page 2 for capi_checklist_id 330 (attempt 2): 404 Client Error: Not Found for url: https://api.axismyindia.in/v1/admin/surveyors/qc-service/surveyor-responses/330?page=2&size=500&startDate=2025-01-27&endDate=2025-01-28
2025-01-28 21:08:30,325 - __main__ - ERROR - Failed to fetch page 2 for capi_checklist_id 330 after 3 attempts.
2025-01-28 21:08:30,334 - __main__ - ERROR - No UIDs found for capi_checklist_id 330. Exiting fetchdata2.
2025-01-28 21:08:30,397 - __main__ - INFO - Fetching data for date range: 2025-01-27 to 2025-01-28
2025-01-28 21:08:30,412 - __main__ - INFO - Fetched 13 existing UIDs from the database.
2025-01-28 21:08:30,585 - __main__ - WARNING - Error fetching page 1 for capi_checklist_id 348 (attempt 1): 404 Client Error: Not Found for url: https://api.axismyindia.in/v1/admin/surveyors/qc-service/surveyor-responses/348?page=1&size=500&startDate=2025-01-27&endDate=2025-01-28
2025-01-28 21:08:34,751 - __main__ - WARNING - Error fetching page 1 for capi_checklist_id 348 (attempt 2): 404 Client Error: Not Found for url: https://api.axismyindia.in/v1/admin/surveyors/qc-service/surveyor-responses/348?page=1&size=500&startDate=2025-01-27&endDate=2025-01-28
2025-01-28 21:08:42,767 - __main__ - ERROR - Failed to fetch page 1 for capi_checklist_id 348 after 3 attempts.
2025-01-28 21:08:42,772 - __main__ - ERROR - No UIDs found for capi_checklist_id 348. Exiting fetchdata2.
2025-01-28 21:08:42,819 - __main__ - INFO - Fetching data for date range: 2025-01-27 to 2025-01-28
2025-01-28 21:08:42,819 - __main__ - INFO - Fetched 0 existing UIDs from the database.
2025-01-28 21:08:43,007 - __main__ - WARNING - Error fetching page 1 for capi_checklist_id 290 (attempt 1): 404 Client Error: Not Found for url: https://api.axismyindia.in/v1/admin/surveyors/qc-service/surveyor-responses/290?page=1&size=500&startDate=2025-01-27&endDate=2025-01-28
2025-01-28 21:08:47,198 - __main__ - WARNING - Error fetching page 1 for capi_checklist_id 290 (attempt 2): 404 Client Error: Not Found for url: https://api.axismyindia.in/v1/admin/surveyors/qc-service/surveyor-responses/290?page=1&size=500&startDate=2025-01-27&endDate=2025-01-28
2025-01-28 21:08:55,203 - __main__ - ERROR - Failed to fetch page 1 for capi_checklist_id 290 after 3 attempts.
2025-01-28 21:08:55,203 - __main__ - ERROR - No UIDs found for capi_checklist_id 290. Exiting fetchdata2.
2025-01-28 21:08:55,215 - __main__ - INFO - Fetching data for date range: 2025-01-27 to 2025-01-28
2025-01-28 21:08:55,230 - __main__ - INFO - Fetched 20 existing UIDs from the database.
2025-01-28 21:08:55,402 - __main__ - WARNING - Error fetching page 1 for capi_checklist_id 291 (attempt 1): 404 Client Error: Not Found for url: https://api.axismyindia.in/v1/admin/surveyors/qc-service/surveyor-responses/291?page=1&size=500&startDate=2025-01-27&endDate=2025-01-28
2025-01-28 21:08:59,560 - __main__ - WARNING - Error fetching page 1 for capi_checklist_id 291 (attempt 2): 404 Client Error: Not Found for url: https://api.axismyindia.in/v1/admin/surveyors/qc-service/surveyor-responses/291?page=1&size=500&startDate=2025-01-27&endDate=2025-01-28
2025-01-28 21:09:07,576 - __main__ - ERROR - Failed to fetch page 1 for capi_checklist_id 291 after 3 attempts.
2025-01-28 21:09:07,612 - __main__ - ERROR - No UIDs found for capi_checklist_id 291. Exiting fetchdata2.
2025-01-28 21:09:07,663 - __main__ - INFO - Fetching data for date range: 2025-01-27 to 2025-01-28
2025-01-28 21:09:07,678 - __main__ - INFO - Fetched 58 existing UIDs from the database.
2025-01-28 21:09:07,883 - __main__ - INFO - Fetched page 1 successfully with 22 responses .
2025-01-28 21:09:08,055 - __main__ - WARNING - Error fetching page 2 for capi_checklist_id 326 (attempt 1): 404 Client Error: Not Found for url: https://api.axismyindia.in/v1/admin/surveyors/qc-service/surveyor-responses/326?page=2&size=500&startDate=2025-01-27&endDate=2025-01-28
2025-01-28 21:09:12,227 - __main__ - WARNING - Error fetching page 2 for capi_checklist_id 326 (attempt 2): 404 Client Error: Not Found for url: https://api.axismyindia.in/v1/admin/surveyors/qc-service/surveyor-responses/326?page=2&size=500&startDate=2025-01-27&endDate=2025-01-28
2025-01-28 21:09:20,242 - __main__ - ERROR - Failed to fetch page 2 for capi_checklist_id 326 after 3 attempts.
2025-01-28 21:09:20,257 - __main__ - ERROR - No UIDs found for capi_checklist_id 326. Exiting fetchdata2.
2025-01-28 21:09:20,291 - __main__ - INFO - Fetching data for date range: 2025-01-27 to 2025-01-28
2025-01-28 21:09:20,291 - __main__ - INFO - Fetched 14 existing UIDs from the database.
2025-01-28 21:09:20,462 - __main__ - INFO - Fetched page 1 successfully with 2 responses .
2025-01-28 21:09:20,635 - __main__ - WARNING - Error fetching page 2 for capi_checklist_id 350 (attempt 1): 404 Client Error: Not Found for url: https://api.axismyindia.in/v1/admin/surveyors/qc-service/surveyor-responses/350?page=2&size=500&startDate=2025-01-27&endDate=2025-01-28
2025-01-28 21:09:24,820 - __main__ - WARNING - Error fetching page 2 for capi_checklist_id 350 (attempt 2): 404 Client Error: Not Found for url: https://api.axismyindia.in/v1/admin/surveyors/qc-service/surveyor-responses/350?page=2&size=500&startDate=2025-01-27&endDate=2025-01-28
2025-01-28 21:09:32,823 - __main__ - ERROR - Failed to fetch page 2 for capi_checklist_id 350 after 3 attempts.
2025-01-28 21:09:32,823 - __main__ - ERROR - No UIDs found for capi_checklist_id 350. Exiting fetchdata2.
2025-01-28 21:09:32,829 - __main__ - INFO - Fetching data for date range: 2025-01-27 to 2025-01-28
2025-01-28 21:09:32,860 - __main__ - INFO - Fetched 296 existing UIDs from the database.
2025-01-28 21:09:33,080 - __main__ - INFO - Fetched page 1 successfully with 118 responses .
2025-01-28 21:09:33,237 - __main__ - WARNING - Error fetching page 2 for capi_checklist_id 342 (attempt 1): 404 Client Error: Not Found for url: https://api.axismyindia.in/v1/admin/surveyors/qc-service/surveyor-responses/342?page=2&size=500&startDate=2025-01-27&endDate=2025-01-28
2025-01-28 21:09:37,430 - __main__ - WARNING - Error fetching page 2 for capi_checklist_id 342 (attempt 2): 404 Client Error: Not Found for url: https://api.axismyindia.in/v1/admin/surveyors/qc-service/surveyor-responses/342?page=2&size=500&startDate=2025-01-27&endDate=2025-01-28
2025-01-28 21:09:45,444 - __main__ - ERROR - Failed to fetch page 2 for capi_checklist_id 342 after 3 attempts.
2025-01-28 21:09:45,459 - __main__ - INFO - Fetched UIDs: defaultdict(<class 'list'>, {342: [15763]})
2025-01-28 21:09:46,584 - __main__ - INFO - Fetched data for UID 15763
2025-01-28 21:09:48,020 - __main__ - INFO - Fetching data for date range: 2025-01-27 to 2025-01-28
2025-01-28 21:09:48,020 - __main__ - INFO - Fetched 5 existing UIDs from the database.
2025-01-28 21:09:48,186 - __main__ - INFO - Fetched page 1 successfully with 1 responses .
2025-01-28 21:09:48,346 - __main__ - WARNING - Error fetching page 2 for capi_checklist_id 319 (attempt 1): 404 Client Error: Not Found for url: https://api.axismyindia.in/v1/admin/surveyors/qc-service/surveyor-responses/319?page=2&size=500&startDate=2025-01-27&endDate=2025-01-28
2025-01-28 21:09:52,527 - __main__ - WARNING - Error fetching page 2 for capi_checklist_id 319 (attempt 2): 404 Client Error: Not Found for url: https://api.axismyindia.in/v1/admin/surveyors/qc-service/surveyor-responses/319?page=2&size=500&startDate=2025-01-27&endDate=2025-01-28
2025-01-28 21:10:00,536 - __main__ - ERROR - Failed to fetch page 2 for capi_checklist_id 319 after 3 attempts.
2025-01-28 21:10:00,547 - __main__ - ERROR - No UIDs found for capi_checklist_id 319. Exiting fetchdata2.
2025-01-28 21:10:00,547 - __main__ - INFO - Fetching data for date range: 2025-01-27 to 2025-01-28
2025-01-28 21:10:00,566 - __main__ - INFO - Fetched 5 existing UIDs from the database.
2025-01-28 21:10:00,735 - __main__ - WARNING - Error fetching page 1 for capi_checklist_id 320 (attempt 1): 404 Client Error: Not Found for url: https://api.axismyindia.in/v1/admin/surveyors/qc-service/surveyor-responses/320?page=1&size=500&startDate=2025-01-27&endDate=2025-01-28
2025-01-28 21:10:04,902 - __main__ - WARNING - Error fetching page 1 for capi_checklist_id 320 (attempt 2): 404 Client Error: Not Found for url: https://api.axismyindia.in/v1/admin/surveyors/qc-service/surveyor-responses/320?page=1&size=500&startDate=2025-01-27&endDate=2025-01-28
2025-01-28 21:10:12,909 - __main__ - ERROR - Failed to fetch page 1 for capi_checklist_id 320 after 3 attempts.
2025-01-28 21:10:12,916 - __main__ - ERROR - No UIDs found for capi_checklist_id 320. Exiting fetchdata2.
2025-01-28 21:10:12,916 - __main__ - INFO - Fetching data for date range: 2025-01-27 to 2025-01-28
2025-01-28 21:10:12,932 - __main__ - INFO - Fetched 152 existing UIDs from the database.
2025-01-28 21:10:13,120 - __main__ - INFO - Fetched page 1 successfully with 64 responses .
2025-01-28 21:10:13,276 - __main__ - WARNING - Error fetching page 2 for capi_checklist_id 344 (attempt 1): 404 Client Error: Not Found for url: https://api.axismyindia.in/v1/admin/surveyors/qc-service/surveyor-responses/344?page=2&size=500&startDate=2025-01-27&endDate=2025-01-28
2025-01-28 21:10:17,451 - __main__ - WARNING - Error fetching page 2 for capi_checklist_id 344 (attempt 2): 404 Client Error: Not Found for url: https://api.axismyindia.in/v1/admin/surveyors/qc-service/surveyor-responses/344?page=2&size=500&startDate=2025-01-27&endDate=2025-01-28
2025-01-28 21:10:25,467 - __main__ - ERROR - Failed to fetch page 2 for capi_checklist_id 344 after 3 attempts.
2025-01-28 21:10:25,515 - __main__ - ERROR - No UIDs found for capi_checklist_id 344. Exiting fetchdata2.
2025-01-28 21:10:25,624 - __main__ - INFO - Fetching data for date range: 2025-01-27 to 2025-01-28
2025-01-28 21:10:25,656 - __main__ - INFO - Fetched 97 existing UIDs from the database.
2025-01-28 21:10:25,858 - __main__ - INFO - Fetched page 1 successfully with 22 responses .
2025-01-28 21:10:26,018 - __main__ - WARNING - Error fetching page 2 for capi_checklist_id 332 (attempt 1): 404 Client Error: Not Found for url: https://api.axismyindia.in/v1/admin/surveyors/qc-service/surveyor-responses/332?page=2&size=500&startDate=2025-01-27&endDate=2025-01-28
2025-01-28 21:10:30,176 - __main__ - WARNING - Error fetching page 2 for capi_checklist_id 332 (attempt 2): 404 Client Error: Not Found for url: https://api.axismyindia.in/v1/admin/surveyors/qc-service/surveyor-responses/332?page=2&size=500&startDate=2025-01-27&endDate=2025-01-28
2025-01-28 21:10:38,192 - __main__ - ERROR - Failed to fetch page 2 for capi_checklist_id 332 after 3 attempts.
2025-01-28 21:10:38,192 - __main__ - ERROR - No UIDs found for capi_checklist_id 332. Exiting fetchdata2.
2025-01-28 21:10:38,211 - __main__ - INFO - Fetching data for date range: 2025-01-27 to 2025-01-28
2025-01-28 21:10:38,211 - __main__ - INFO - Fetched 10 existing UIDs from the database.
2025-01-28 21:10:38,379 - __main__ - WARNING - Error fetching page 1 for capi_checklist_id 335 (attempt 1): 404 Client Error: Not Found for url: https://api.axismyindia.in/v1/admin/surveyors/qc-service/surveyor-responses/335?page=1&size=500&startDate=2025-01-27&endDate=2025-01-28
2025-01-28 21:10:42,563 - __main__ - WARNING - Error fetching page 1 for capi_checklist_id 335 (attempt 2): 404 Client Error: Not Found for url: https://api.axismyindia.in/v1/admin/surveyors/qc-service/surveyor-responses/335?page=1&size=500&startDate=2025-01-27&endDate=2025-01-28
2025-01-28 21:10:50,567 - __main__ - ERROR - Failed to fetch page 1 for capi_checklist_id 335 after 3 attempts.
2025-01-28 21:10:50,567 - __main__ - ERROR - No UIDs found for capi_checklist_id 335. Exiting fetchdata2.
2025-01-28 21:10:50,610 - __main__ - INFO - Fetching data for date range: 2025-01-27 to 2025-01-28
2025-01-28 21:10:50,610 - __main__ - INFO - Fetched 47 existing UIDs from the database.
2025-01-28 21:10:50,784 - __main__ - INFO - Fetched page 1 successfully with 27 responses .
2025-01-28 21:10:50,957 - __main__ - WARNING - Error fetching page 2 for capi_checklist_id 325 (attempt 1): 404 Client Error: Not Found for url: https://api.axismyindia.in/v1/admin/surveyors/qc-service/surveyor-responses/325?page=2&size=500&startDate=2025-01-27&endDate=2025-01-28
2025-01-28 21:10:55,154 - __main__ - WARNING - Error fetching page 2 for capi_checklist_id 325 (attempt 2): 404 Client Error: Not Found for url: https://api.axismyindia.in/v1/admin/surveyors/qc-service/surveyor-responses/325?page=2&size=500&startDate=2025-01-27&endDate=2025-01-28
2025-01-28 21:11:03,158 - __main__ - ERROR - Failed to fetch page 2 for capi_checklist_id 325 after 3 attempts.
2025-01-28 21:11:03,173 - __main__ - ERROR - No UIDs found for capi_checklist_id 325. Exiting fetchdata2.
2025-01-28 21:11:03,208 - __main__ - INFO - Fetching data for date range: 2025-01-27 to 2025-01-28
2025-01-28 21:11:03,221 - __main__ - INFO - Fetched 253 existing UIDs from the database.
2025-01-28 21:11:03,409 - __main__ - INFO - Fetched page 1 successfully with 76 responses .
2025-01-28 21:11:03,565 - __main__ - WARNING - Error fetching page 2 for capi_checklist_id 347 (attempt 1): 404 Client Error: Not Found for url: https://api.axismyindia.in/v1/admin/surveyors/qc-service/surveyor-responses/347?page=2&size=500&startDate=2025-01-27&endDate=2025-01-28
2025-01-28 21:11:07,741 - __main__ - WARNING - Error fetching page 2 for capi_checklist_id 347 (attempt 2): 404 Client Error: Not Found for url: https://api.axismyindia.in/v1/admin/surveyors/qc-service/surveyor-responses/347?page=2&size=500&startDate=2025-01-27&endDate=2025-01-28
2025-01-28 21:11:15,756 - __main__ - ERROR - Failed to fetch page 2 for capi_checklist_id 347 after 3 attempts.
2025-01-28 21:11:15,756 - __main__ - ERROR - No UIDs found for capi_checklist_id 347. Exiting fetchdata2.
2025-01-28 21:11:15,764 - __main__ - INFO - Fetching data for date range: 2025-01-27 to 2025-01-28
2025-01-28 21:11:15,780 - __main__ - INFO - Fetched 11 existing UIDs from the database.
2025-01-28 21:11:15,953 - __main__ - INFO - Fetched page 1 successfully with 1 responses .
2025-01-28 21:11:16,126 - __main__ - WARNING - Error fetching page 2 for capi_checklist_id 382 (attempt 1): 404 Client Error: Not Found for url: https://api.axismyindia.in/v1/admin/surveyors/qc-service/surveyor-responses/382?page=2&size=500&startDate=2025-01-27&endDate=2025-01-28
2025-01-28 21:11:20,300 - __main__ - WARNING - Error fetching page 2 for capi_checklist_id 382 (attempt 2): 404 Client Error: Not Found for url: https://api.axismyindia.in/v1/admin/surveyors/qc-service/surveyor-responses/382?page=2&size=500&startDate=2025-01-27&endDate=2025-01-28
2025-01-28 21:11:28,306 - __main__ - ERROR - Failed to fetch page 2 for capi_checklist_id 382 after 3 attempts.
2025-01-28 21:11:28,306 - __main__ - ERROR - No UIDs found for capi_checklist_id 382. Exiting fetchdata2.
2025-01-28 21:11:28,310 - __main__ - INFO - Fetching data for date range: 2025-01-27 to 2025-01-28
2025-01-28 21:11:28,319 - __main__ - INFO - Fetched 38 existing UIDs from the database.
2025-01-28 21:11:28,474 - __main__ - WARNING - Error fetching page 1 for capi_checklist_id 339 (attempt 1): 404 Client Error: Not Found for url: https://api.axismyindia.in/v1/admin/surveyors/qc-service/surveyor-responses/339?page=1&size=500&startDate=2025-01-27&endDate=2025-01-28
2025-01-28 21:11:32,639 - __main__ - WARNING - Error fetching page 1 for capi_checklist_id 339 (attempt 2): 404 Client Error: Not Found for url: https://api.axismyindia.in/v1/admin/surveyors/qc-service/surveyor-responses/339?page=1&size=500&startDate=2025-01-27&endDate=2025-01-28
2025-01-28 21:11:40,651 - __main__ - ERROR - Failed to fetch page 1 for capi_checklist_id 339 after 3 attempts.
2025-01-28 21:11:40,651 - __main__ - ERROR - No UIDs found for capi_checklist_id 339. Exiting fetchdata2.
2025-01-28 21:11:40,651 - __main__ - INFO - Fetching data for date range: 2025-01-27 to 2025-01-28
2025-01-28 21:11:40,651 - __main__ - INFO - Fetched 1 existing UIDs from the database.
2025-01-28 21:11:40,822 - __main__ - WARNING - Error fetching page 1 for capi_checklist_id 334 (attempt 1): 404 Client Error: Not Found for url: https://api.axismyindia.in/v1/admin/surveyors/qc-service/surveyor-responses/334?page=1&size=500&startDate=2025-01-27&endDate=2025-01-28
2025-01-28 21:11:44,984 - __main__ - WARNING - Error fetching page 1 for capi_checklist_id 334 (attempt 2): 404 Client Error: Not Found for url: https://api.axismyindia.in/v1/admin/surveyors/qc-service/surveyor-responses/334?page=1&size=500&startDate=2025-01-27&endDate=2025-01-28
2025-01-28 21:11:53,010 - __main__ - ERROR - Failed to fetch page 1 for capi_checklist_id 334 after 3 attempts.
2025-01-28 21:11:53,056 - __main__ - ERROR - No UIDs found for capi_checklist_id 334. Exiting fetchdata2.
2025-01-28 21:11:53,119 - __main__ - INFO - Fetching data for date range: 2025-01-27 to 2025-01-28
2025-01-28 21:11:53,197 - __main__ - INFO - Fetched 6098 existing UIDs from the database.
2025-01-28 21:11:53,432 - __main__ - INFO - Fetched page 1 successfully with 112 responses .
2025-01-28 21:11:53,618 - __main__ - WARNING - Error fetching page 2 for capi_checklist_id 321 (attempt 1): 404 Client Error: Not Found for url: https://api.axismyindia.in/v1/admin/surveyors/qc-service/surveyor-responses/321?page=2&size=500&startDate=2025-01-27&endDate=2025-01-28
2025-01-28 21:11:57,761 - __main__ - WARNING - Error fetching page 2 for capi_checklist_id 321 (attempt 2): 404 Client Error: Not Found for url: https://api.axismyindia.in/v1/admin/surveyors/qc-service/surveyor-responses/321?page=2&size=500&startDate=2025-01-27&endDate=2025-01-28
2025-01-28 21:12:05,775 - __main__ - ERROR - Failed to fetch page 2 for capi_checklist_id 321 after 3 attempts.
2025-01-28 21:12:05,778 - __main__ - ERROR - No UIDs found for capi_checklist_id 321. Exiting fetchdata2.
2025-01-28 22:04:56,063 - __main__ - INFO - Fetching data for date range: 2025-01-27 to 2025-01-28
2025-01-28 22:04:56,085 - __main__ - INFO - Fetched 2 existing UIDs from the database.
2025-01-28 22:04:56,270 - __main__ - INFO - Fetched page 1 successfully with 2 responses .
2025-01-28 22:04:56,442 - __main__ - WARNING - Error fetching page 2 for capi_checklist_id 397 (attempt 1): 404 Client Error: Not Found for url: https://api.axismyindia.in/v1/admin/surveyors/qc-service/surveyor-responses/397?page=2&size=500&startDate=2025-01-27&endDate=2025-01-28
2025-01-28 22:05:00,598 - __main__ - WARNING - Error fetching page 2 for capi_checklist_id 397 (attempt 2): 404 Client Error: Not Found for url: https://api.axismyindia.in/v1/admin/surveyors/qc-service/surveyor-responses/397?page=2&size=500&startDate=2025-01-27&endDate=2025-01-28
2025-01-28 22:05:08,610 - __main__ - ERROR - Failed to fetch page 2 for capi_checklist_id 397 after 3 attempts.
2025-01-28 22:05:08,629 - __main__ - ERROR - No UIDs found for capi_checklist_id 397. Exiting fetchdata2.
2025-01-28 22:05:08,708 - __main__ - INFO - Fetching data for date range: 2025-01-27 to 2025-01-28
2025-01-28 22:05:08,708 - __main__ - INFO - Fetched 0 existing UIDs from the database.
2025-01-28 22:05:08,883 - __main__ - WARNING - Error fetching page 1 for capi_checklist_id 400 (attempt 1): 404 Client Error: Not Found for url: https://api.axismyindia.in/v1/admin/surveyors/qc-service/surveyor-responses/400?page=1&size=500&startDate=2025-01-27&endDate=2025-01-28
2025-01-28 22:05:13,053 - __main__ - WARNING - Error fetching page 1 for capi_checklist_id 400 (attempt 2): 404 Client Error: Not Found for url: https://api.axismyindia.in/v1/admin/surveyors/qc-service/surveyor-responses/400?page=1&size=500&startDate=2025-01-27&endDate=2025-01-28
2025-01-28 22:05:21,085 - __main__ - ERROR - Failed to fetch page 1 for capi_checklist_id 400 after 3 attempts.
2025-01-28 22:05:21,175 - __main__ - ERROR - No UIDs found for capi_checklist_id 400. Exiting fetchdata2.
2025-01-28 22:05:21,291 - __main__ - INFO - Fetching data for date range: 2025-01-27 to 2025-01-28
2025-01-28 22:05:21,322 - __main__ - INFO - Fetched 26 existing UIDs from the database.
2025-01-28 22:05:21,606 - __main__ - INFO - Fetched page 1 successfully with 25 responses .
2025-01-28 22:05:21,786 - __main__ - WARNING - Error fetching page 2 for capi_checklist_id 354 (attempt 1): 404 Client Error: Not Found for url: https://api.axismyindia.in/v1/admin/surveyors/qc-service/surveyor-responses/354?page=2&size=500&startDate=2025-01-27&endDate=2025-01-28
2025-01-28 22:05:25,976 - __main__ - WARNING - Error fetching page 2 for capi_checklist_id 354 (attempt 2): 404 Client Error: Not Found for url: https://api.axismyindia.in/v1/admin/surveyors/qc-service/surveyor-responses/354?page=2&size=500&startDate=2025-01-27&endDate=2025-01-28
2025-01-28 22:05:33,980 - __main__ - ERROR - Failed to fetch page 2 for capi_checklist_id 354 after 3 attempts.
2025-01-28 22:05:33,980 - __main__ - ERROR - No UIDs found for capi_checklist_id 354. Exiting fetchdata2.
2025-01-28 22:05:34,009 - __main__ - INFO - Fetching data for date range: 2025-01-27 to 2025-01-28
2025-01-28 22:05:34,026 - __main__ - INFO - Fetched 7 existing UIDs from the database.
2025-01-28 22:05:34,198 - __main__ - INFO - Fetched page 1 successfully with 1 responses .
2025-01-28 22:05:34,355 - __main__ - WARNING - Error fetching page 2 for capi_checklist_id 329 (attempt 1): 404 Client Error: Not Found for url: https://api.axismyindia.in/v1/admin/surveyors/qc-service/surveyor-responses/329?page=2&size=500&startDate=2025-01-27&endDate=2025-01-28
2025-01-28 22:05:38,535 - __main__ - WARNING - Error fetching page 2 for capi_checklist_id 329 (attempt 2): 404 Client Error: Not Found for url: https://api.axismyindia.in/v1/admin/surveyors/qc-service/surveyor-responses/329?page=2&size=500&startDate=2025-01-27&endDate=2025-01-28
2025-01-28 22:05:46,539 - __main__ - ERROR - Failed to fetch page 2 for capi_checklist_id 329 after 3 attempts.
2025-01-28 22:05:46,539 - __main__ - ERROR - No UIDs found for capi_checklist_id 329. Exiting fetchdata2.
2025-01-28 22:05:46,539 - __main__ - INFO - Fetching data for date range: 2025-01-27 to 2025-01-28
2025-01-28 22:05:46,539 - __main__ - INFO - Fetched 2 existing UIDs from the database.
2025-01-28 22:05:46,712 - __main__ - WARNING - Error fetching page 1 for capi_checklist_id 346 (attempt 1): 404 Client Error: Not Found for url: https://api.axismyindia.in/v1/admin/surveyors/qc-service/surveyor-responses/346?page=1&size=500&startDate=2025-01-27&endDate=2025-01-28
2025-01-28 22:05:50,874 - __main__ - WARNING - Error fetching page 1 for capi_checklist_id 346 (attempt 2): 404 Client Error: Not Found for url: https://api.axismyindia.in/v1/admin/surveyors/qc-service/surveyor-responses/346?page=1&size=500&startDate=2025-01-27&endDate=2025-01-28
2025-01-28 22:05:58,889 - __main__ - ERROR - Failed to fetch page 1 for capi_checklist_id 346 after 3 attempts.
2025-01-28 22:05:58,910 - __main__ - ERROR - No UIDs found for capi_checklist_id 346. Exiting fetchdata2.
2025-01-28 22:05:58,957 - __main__ - INFO - Fetching data for date range: 2025-01-27 to 2025-01-28
2025-01-28 22:05:58,957 - __main__ - INFO - Fetched 1 existing UIDs from the database.
2025-01-28 22:05:59,153 - __main__ - WARNING - Error fetching page 1 for capi_checklist_id 331 (attempt 1): 404 Client Error: Not Found for url: https://api.axismyindia.in/v1/admin/surveyors/qc-service/surveyor-responses/331?page=1&size=500&startDate=2025-01-27&endDate=2025-01-28
2025-01-28 22:06:03,334 - __main__ - WARNING - Error fetching page 1 for capi_checklist_id 331 (attempt 2): 404 Client Error: Not Found for url: https://api.axismyindia.in/v1/admin/surveyors/qc-service/surveyor-responses/331?page=1&size=500&startDate=2025-01-27&endDate=2025-01-28
2025-01-28 22:06:11,362 - __main__ - ERROR - Failed to fetch page 1 for capi_checklist_id 331 after 3 attempts.
2025-01-28 22:06:11,504 - __main__ - ERROR - No UIDs found for capi_checklist_id 331. Exiting fetchdata2.
2025-01-28 22:06:11,819 - __main__ - INFO - Fetching data for date range: 2025-01-27 to 2025-01-28
2025-01-28 22:06:11,834 - __main__ - INFO - Fetched 4 existing UIDs from the database.
2025-01-28 22:06:12,149 - __main__ - WARNING - Error fetching page 1 for capi_checklist_id 337 (attempt 1): 404 Client Error: Not Found for url: https://api.axismyindia.in/v1/admin/surveyors/qc-service/surveyor-responses/337?page=1&size=500&startDate=2025-01-27&endDate=2025-01-28
2025-01-28 22:06:16,332 - __main__ - WARNING - Error fetching page 1 for capi_checklist_id 337 (attempt 2): 404 Client Error: Not Found for url: https://api.axismyindia.in/v1/admin/surveyors/qc-service/surveyor-responses/337?page=1&size=500&startDate=2025-01-27&endDate=2025-01-28
2025-01-28 22:06:24,345 - __main__ - ERROR - Failed to fetch page 1 for capi_checklist_id 337 after 3 attempts.
2025-01-28 22:06:24,376 - __main__ - ERROR - No UIDs found for capi_checklist_id 337. Exiting fetchdata2.
2025-01-28 22:06:24,434 - __main__ - INFO - Fetching data for date range: 2025-01-27 to 2025-01-28
2025-01-28 22:06:24,457 - __main__ - INFO - Fetched 44 existing UIDs from the database.
2025-01-28 22:06:24,668 - __main__ - INFO - Fetched page 1 successfully with 32 responses .
2025-01-28 22:06:24,828 - __main__ - WARNING - Error fetching page 2 for capi_checklist_id 349 (attempt 1): 404 Client Error: Not Found for url: https://api.axismyindia.in/v1/admin/surveyors/qc-service/surveyor-responses/349?page=2&size=500&startDate=2025-01-27&endDate=2025-01-28
2025-01-28 22:06:29,017 - __main__ - WARNING - Error fetching page 2 for capi_checklist_id 349 (attempt 2): 404 Client Error: Not Found for url: https://api.axismyindia.in/v1/admin/surveyors/qc-service/surveyor-responses/349?page=2&size=500&startDate=2025-01-27&endDate=2025-01-28
2025-01-28 22:06:37,021 - __main__ - ERROR - Failed to fetch page 2 for capi_checklist_id 349 after 3 attempts.
2025-01-28 22:06:37,021 - __main__ - ERROR - No UIDs found for capi_checklist_id 349. Exiting fetchdata2.
2025-01-28 22:06:37,025 - __main__ - INFO - Fetching data for date range: 2025-01-27 to 2025-01-28
2025-01-28 22:06:37,033 - __main__ - INFO - Fetched 66 existing UIDs from the database.
2025-01-28 22:06:37,268 - __main__ - INFO - Fetched page 1 successfully with 42 responses .
2025-01-28 22:06:37,441 - __main__ - WARNING - Error fetching page 2 for capi_checklist_id 343 (attempt 1): 404 Client Error: Not Found for url: https://api.axismyindia.in/v1/admin/surveyors/qc-service/surveyor-responses/343?page=2&size=500&startDate=2025-01-27&endDate=2025-01-28
2025-01-28 22:06:41,625 - __main__ - WARNING - Error fetching page 2 for capi_checklist_id 343 (attempt 2): 404 Client Error: Not Found for url: https://api.axismyindia.in/v1/admin/surveyors/qc-service/surveyor-responses/343?page=2&size=500&startDate=2025-01-27&endDate=2025-01-28
2025-01-28 22:06:49,639 - __main__ - ERROR - Failed to fetch page 2 for capi_checklist_id 343 after 3 attempts.
2025-01-28 22:06:49,654 - __main__ - ERROR - No UIDs found for capi_checklist_id 343. Exiting fetchdata2.
2025-01-28 22:06:49,718 - __main__ - INFO - Fetching data for date range: 2025-01-27 to 2025-01-28
2025-01-28 22:06:49,733 - __main__ - INFO - Fetched 94 existing UIDs from the database.
2025-01-28 22:06:49,920 - __main__ - INFO - Fetched page 1 successfully with 45 responses .
2025-01-28 22:06:50,109 - __main__ - WARNING - Error fetching page 2 for capi_checklist_id 340 (attempt 1): 404 Client Error: Not Found for url: https://api.axismyindia.in/v1/admin/surveyors/qc-service/surveyor-responses/340?page=2&size=500&startDate=2025-01-27&endDate=2025-01-28
2025-01-28 22:06:54,270 - __main__ - WARNING - Error fetching page 2 for capi_checklist_id 340 (attempt 2): 404 Client Error: Not Found for url: https://api.axismyindia.in/v1/admin/surveyors/qc-service/surveyor-responses/340?page=2&size=500&startDate=2025-01-27&endDate=2025-01-28
2025-01-28 22:07:02,287 - __main__ - ERROR - Failed to fetch page 2 for capi_checklist_id 340 after 3 attempts.
2025-01-28 22:07:02,287 - __main__ - ERROR - No UIDs found for capi_checklist_id 340. Exiting fetchdata2.
2025-01-28 22:07:02,318 - __main__ - INFO - Fetching data for date range: 2025-01-27 to 2025-01-28
2025-01-28 22:07:02,338 - __main__ - INFO - Fetched 121 existing UIDs from the database.
2025-01-28 22:07:02,522 - __main__ - INFO - Fetched page 1 successfully with 46 responses .
2025-01-28 22:07:02,696 - __main__ - WARNING - Error fetching page 2 for capi_checklist_id 341 (attempt 1): 404 Client Error: Not Found for url: https://api.axismyindia.in/v1/admin/surveyors/qc-service/surveyor-responses/341?page=2&size=500&startDate=2025-01-27&endDate=2025-01-28
2025-01-28 22:07:06,862 - __main__ - WARNING - Error fetching page 2 for capi_checklist_id 341 (attempt 2): 404 Client Error: Not Found for url: https://api.axismyindia.in/v1/admin/surveyors/qc-service/surveyor-responses/341?page=2&size=500&startDate=2025-01-27&endDate=2025-01-28
2025-01-28 22:07:14,892 - __main__ - ERROR - Failed to fetch page 2 for capi_checklist_id 341 after 3 attempts.
2025-01-28 22:07:15,087 - __main__ - ERROR - No UIDs found for capi_checklist_id 341. Exiting fetchdata2.
2025-01-28 22:07:15,249 - __main__ - INFO - Fetching data for date range: 2025-01-27 to 2025-01-28
2025-01-28 22:07:15,320 - __main__ - INFO - Fetched 193 existing UIDs from the database.
2025-01-28 22:07:15,676 - __main__ - INFO - Fetched page 1 successfully with 81 responses .
2025-01-28 22:07:15,870 - __main__ - WARNING - Error fetching page 2 for capi_checklist_id 355 (attempt 1): 404 Client Error: Not Found for url: https://api.axismyindia.in/v1/admin/surveyors/qc-service/surveyor-responses/355?page=2&size=500&startDate=2025-01-27&endDate=2025-01-28
2025-01-28 22:07:20,045 - __main__ - WARNING - Error fetching page 2 for capi_checklist_id 355 (attempt 2): 404 Client Error: Not Found for url: https://api.axismyindia.in/v1/admin/surveyors/qc-service/surveyor-responses/355?page=2&size=500&startDate=2025-01-27&endDate=2025-01-28
2025-01-28 22:07:28,054 - __main__ - ERROR - Failed to fetch page 2 for capi_checklist_id 355 after 3 attempts.
2025-01-28 22:07:28,074 - __main__ - ERROR - No UIDs found for capi_checklist_id 355. Exiting fetchdata2.
2025-01-28 22:07:28,121 - __main__ - INFO - Fetching data for date range: 2025-01-27 to 2025-01-28
2025-01-28 22:07:28,138 - __main__ - INFO - Fetched 22 existing UIDs from the database.
2025-01-28 22:07:28,326 - __main__ - WARNING - Error fetching page 1 for capi_checklist_id 403 (attempt 1): 404 Client Error: Not Found for url: https://api.axismyindia.in/v1/admin/surveyors/qc-service/surveyor-responses/403?page=1&size=500&startDate=2025-01-27&endDate=2025-01-28
2025-01-28 22:07:32,493 - __main__ - WARNING - Error fetching page 1 for capi_checklist_id 403 (attempt 2): 404 Client Error: Not Found for url: https://api.axismyindia.in/v1/admin/surveyors/qc-service/surveyor-responses/403?page=1&size=500&startDate=2025-01-27&endDate=2025-01-28
2025-01-28 22:07:40,499 - __main__ - ERROR - Failed to fetch page 1 for capi_checklist_id 403 after 3 attempts.
2025-01-28 22:07:40,499 - __main__ - ERROR - No UIDs found for capi_checklist_id 403. Exiting fetchdata2.
2025-01-28 22:07:40,499 - __main__ - INFO - Fetching data for date range: 2025-01-27 to 2025-01-28
2025-01-28 22:07:40,515 - __main__ - INFO - Fetched 53 existing UIDs from the database.
2025-01-28 22:07:40,672 - __main__ - WARNING - Error fetching page 1 for capi_checklist_id 404 (attempt 1): 404 Client Error: Not Found for url: https://api.axismyindia.in/v1/admin/surveyors/qc-service/surveyor-responses/404?page=1&size=500&startDate=2025-01-27&endDate=2025-01-28
2025-01-28 22:07:44,841 - __main__ - WARNING - Error fetching page 1 for capi_checklist_id 404 (attempt 2): 404 Client Error: Not Found for url: https://api.axismyindia.in/v1/admin/surveyors/qc-service/surveyor-responses/404?page=1&size=500&startDate=2025-01-27&endDate=2025-01-28
2025-01-28 22:07:52,853 - __main__ - ERROR - Failed to fetch page 1 for capi_checklist_id 404 after 3 attempts.
2025-01-28 22:07:52,855 - __main__ - ERROR - No UIDs found for capi_checklist_id 404. Exiting fetchdata2.
2025-01-28 22:07:52,855 - __main__ - INFO - Fetching data for date range: 2025-01-27 to 2025-01-28
2025-01-28 22:07:52,855 - __main__ - INFO - Fetched 3 existing UIDs from the database.
2025-01-28 22:07:53,043 - __main__ - WARNING - Error fetching page 1 for capi_checklist_id 363 (attempt 1): 404 Client Error: Not Found for url: https://api.axismyindia.in/v1/admin/surveyors/qc-service/surveyor-responses/363?page=1&size=500&startDate=2025-01-27&endDate=2025-01-28
2025-01-28 22:07:57,208 - __main__ - WARNING - Error fetching page 1 for capi_checklist_id 363 (attempt 2): 404 Client Error: Not Found for url: https://api.axismyindia.in/v1/admin/surveyors/qc-service/surveyor-responses/363?page=1&size=500&startDate=2025-01-27&endDate=2025-01-28
2025-01-28 22:08:05,224 - __main__ - ERROR - Failed to fetch page 1 for capi_checklist_id 363 after 3 attempts.
2025-01-28 22:08:05,236 - __main__ - ERROR - No UIDs found for capi_checklist_id 363. Exiting fetchdata2.
2025-01-28 22:08:05,268 - __main__ - INFO - Fetching data for date range: 2025-01-27 to 2025-01-28
2025-01-28 22:08:05,268 - __main__ - INFO - Fetched 7 existing UIDs from the database.
2025-01-28 22:08:05,441 - __main__ - INFO - Fetched page 1 successfully with 1 responses .
2025-01-28 22:08:05,598 - __main__ - WARNING - Error fetching page 2 for capi_checklist_id 352 (attempt 1): 404 Client Error: Not Found for url: https://api.axismyindia.in/v1/admin/surveyors/qc-service/surveyor-responses/352?page=2&size=500&startDate=2025-01-27&endDate=2025-01-28
2025-01-28 22:08:09,775 - __main__ - WARNING - Error fetching page 2 for capi_checklist_id 352 (attempt 2): 404 Client Error: Not Found for url: https://api.axismyindia.in/v1/admin/surveyors/qc-service/surveyor-responses/352?page=2&size=500&startDate=2025-01-27&endDate=2025-01-28
2025-01-28 22:08:17,791 - __main__ - ERROR - Failed to fetch page 2 for capi_checklist_id 352 after 3 attempts.
2025-01-28 22:08:17,807 - __main__ - ERROR - No UIDs found for capi_checklist_id 352. Exiting fetchdata2.
2025-01-28 22:08:17,838 - __main__ - INFO - Fetching data for date range: 2025-01-27 to 2025-01-28
2025-01-28 22:08:17,854 - __main__ - INFO - Fetched 12 existing UIDs from the database.
2025-01-28 22:08:18,042 - __main__ - INFO - Fetched page 1 successfully with 9 responses .
2025-01-28 22:08:18,214 - __main__ - WARNING - Error fetching page 2 for capi_checklist_id 330 (attempt 1): 404 Client Error: Not Found for url: https://api.axismyindia.in/v1/admin/surveyors/qc-service/surveyor-responses/330?page=2&size=500&startDate=2025-01-27&endDate=2025-01-28
2025-01-28 22:08:22,410 - __main__ - WARNING - Error fetching page 2 for capi_checklist_id 330 (attempt 2): 404 Client Error: Not Found for url: https://api.axismyindia.in/v1/admin/surveyors/qc-service/surveyor-responses/330?page=2&size=500&startDate=2025-01-27&endDate=2025-01-28
2025-01-28 22:08:30,413 - __main__ - ERROR - Failed to fetch page 2 for capi_checklist_id 330 after 3 attempts.
2025-01-28 22:08:30,413 - __main__ - ERROR - No UIDs found for capi_checklist_id 330. Exiting fetchdata2.
2025-01-28 22:08:30,416 - __main__ - INFO - Fetching data for date range: 2025-01-27 to 2025-01-28
2025-01-28 22:08:30,422 - __main__ - INFO - Fetched 13 existing UIDs from the database.
2025-01-28 22:08:30,579 - __main__ - WARNING - Error fetching page 1 for capi_checklist_id 348 (attempt 1): 404 Client Error: Not Found for url: https://api.axismyindia.in/v1/admin/surveyors/qc-service/surveyor-responses/348?page=1&size=500&startDate=2025-01-27&endDate=2025-01-28
2025-01-28 22:08:34,752 - __main__ - WARNING - Error fetching page 1 for capi_checklist_id 348 (attempt 2): 404 Client Error: Not Found for url: https://api.axismyindia.in/v1/admin/surveyors/qc-service/surveyor-responses/348?page=1&size=500&startDate=2025-01-27&endDate=2025-01-28
2025-01-28 22:08:42,762 - __main__ - ERROR - Failed to fetch page 1 for capi_checklist_id 348 after 3 attempts.
2025-01-28 22:08:42,781 - __main__ - ERROR - No UIDs found for capi_checklist_id 348. Exiting fetchdata2.
2025-01-28 22:08:42,813 - __main__ - INFO - Fetching data for date range: 2025-01-27 to 2025-01-28
2025-01-28 22:08:42,813 - __main__ - INFO - Fetched 0 existing UIDs from the database.
2025-01-28 22:08:43,001 - __main__ - WARNING - Error fetching page 1 for capi_checklist_id 290 (attempt 1): 404 Client Error: Not Found for url: https://api.axismyindia.in/v1/admin/surveyors/qc-service/surveyor-responses/290?page=1&size=500&startDate=2025-01-27&endDate=2025-01-28
2025-01-28 22:08:47,182 - __main__ - WARNING - Error fetching page 1 for capi_checklist_id 290 (attempt 2): 404 Client Error: Not Found for url: https://api.axismyindia.in/v1/admin/surveyors/qc-service/surveyor-responses/290?page=1&size=500&startDate=2025-01-27&endDate=2025-01-28
2025-01-28 22:08:55,199 - __main__ - ERROR - Failed to fetch page 1 for capi_checklist_id 290 after 3 attempts.
2025-01-28 22:08:55,217 - __main__ - ERROR - No UIDs found for capi_checklist_id 290. Exiting fetchdata2.
2025-01-28 22:08:55,279 - __main__ - INFO - Fetching data for date range: 2025-01-27 to 2025-01-28
2025-01-28 22:08:55,298 - __main__ - INFO - Fetched 20 existing UIDs from the database.
2025-01-28 22:08:55,484 - __main__ - WARNING - Error fetching page 1 for capi_checklist_id 291 (attempt 1): 404 Client Error: Not Found for url: https://api.axismyindia.in/v1/admin/surveyors/qc-service/surveyor-responses/291?page=1&size=500&startDate=2025-01-27&endDate=2025-01-28
2025-01-28 22:08:59,793 - __main__ - WARNING - Error fetching page 1 for capi_checklist_id 291 (attempt 2): 404 Client Error: Not Found for url: https://api.axismyindia.in/v1/admin/surveyors/qc-service/surveyor-responses/291?page=1&size=500&startDate=2025-01-27&endDate=2025-01-28
2025-01-28 22:09:07,813 - __main__ - ERROR - Failed to fetch page 1 for capi_checklist_id 291 after 3 attempts.
2025-01-28 22:09:07,844 - __main__ - ERROR - No UIDs found for capi_checklist_id 291. Exiting fetchdata2.
2025-01-28 22:09:07,891 - __main__ - INFO - Fetching data for date range: 2025-01-27 to 2025-01-28
2025-01-28 22:09:07,907 - __main__ - INFO - Fetched 58 existing UIDs from the database.
2025-01-28 22:09:08,110 - __main__ - INFO - Fetched page 1 successfully with 22 responses .
2025-01-28 22:09:08,299 - __main__ - WARNING - Error fetching page 2 for capi_checklist_id 326 (attempt 1): 404 Client Error: Not Found for url: https://api.axismyindia.in/v1/admin/surveyors/qc-service/surveyor-responses/326?page=2&size=500&startDate=2025-01-27&endDate=2025-01-28
2025-01-28 22:09:12,466 - __main__ - WARNING - Error fetching page 2 for capi_checklist_id 326 (attempt 2): 404 Client Error: Not Found for url: https://api.axismyindia.in/v1/admin/surveyors/qc-service/surveyor-responses/326?page=2&size=500&startDate=2025-01-27&endDate=2025-01-28
2025-01-28 22:09:20,489 - __main__ - ERROR - Failed to fetch page 2 for capi_checklist_id 326 after 3 attempts.
2025-01-28 22:09:20,595 - __main__ - ERROR - No UIDs found for capi_checklist_id 326. Exiting fetchdata2.
2025-01-28 22:09:20,715 - __main__ - INFO - Fetching data for date range: 2025-01-27 to 2025-01-28
2025-01-28 22:09:20,743 - __main__ - INFO - Fetched 14 existing UIDs from the database.
2025-01-28 22:09:21,120 - __main__ - INFO - Fetched page 1 successfully with 2 responses .
2025-01-28 22:09:21,310 - __main__ - WARNING - Error fetching page 2 for capi_checklist_id 350 (attempt 1): 404 Client Error: Not Found for url: https://api.axismyindia.in/v1/admin/surveyors/qc-service/surveyor-responses/350?page=2&size=500&startDate=2025-01-27&endDate=2025-01-28
2025-01-28 22:09:25,627 - __main__ - WARNING - Error fetching page 2 for capi_checklist_id 350 (attempt 2): 404 Client Error: Not Found for url: https://api.axismyindia.in/v1/admin/surveyors/qc-service/surveyor-responses/350?page=2&size=500&startDate=2025-01-27&endDate=2025-01-28
2025-01-28 22:09:33,637 - __main__ - ERROR - Failed to fetch page 2 for capi_checklist_id 350 after 3 attempts.
2025-01-28 22:09:33,661 - __main__ - ERROR - No UIDs found for capi_checklist_id 350. Exiting fetchdata2.
2025-01-28 22:09:33,708 - __main__ - INFO - Fetching data for date range: 2025-01-27 to 2025-01-28
2025-01-28 22:09:33,740 - __main__ - INFO - Fetched 296 existing UIDs from the database.
2025-01-28 22:09:33,935 - __main__ - INFO - Fetched page 1 successfully with 118 responses .
2025-01-28 22:09:34,088 - __main__ - WARNING - Error fetching page 2 for capi_checklist_id 342 (attempt 1): 404 Client Error: Not Found for url: https://api.axismyindia.in/v1/admin/surveyors/qc-service/surveyor-responses/342?page=2&size=500&startDate=2025-01-27&endDate=2025-01-28
2025-01-28 22:09:38,249 - __main__ - WARNING - Error fetching page 2 for capi_checklist_id 342 (attempt 2): 404 Client Error: Not Found for url: https://api.axismyindia.in/v1/admin/surveyors/qc-service/surveyor-responses/342?page=2&size=500&startDate=2025-01-27&endDate=2025-01-28
2025-01-28 22:09:46,263 - __main__ - ERROR - Failed to fetch page 2 for capi_checklist_id 342 after 3 attempts.
2025-01-28 22:09:46,278 - __main__ - INFO - Fetched UIDs: defaultdict(<class 'list'>, {342: [15763]})
2025-01-28 22:09:47,452 - __main__ - INFO - Fetched data for UID 15763
2025-01-28 22:09:48,843 - __main__ - INFO - Fetching data for date range: 2025-01-27 to 2025-01-28
2025-01-28 22:09:48,843 - __main__ - INFO - Fetched 5 existing UIDs from the database.
2025-01-28 22:09:49,016 - __main__ - INFO - Fetched page 1 successfully with 1 responses .
2025-01-28 22:09:49,188 - __main__ - WARNING - Error fetching page 2 for capi_checklist_id 319 (attempt 1): 404 Client Error: Not Found for url: https://api.axismyindia.in/v1/admin/surveyors/qc-service/surveyor-responses/319?page=2&size=500&startDate=2025-01-27&endDate=2025-01-28
2025-01-28 22:09:53,348 - __main__ - WARNING - Error fetching page 2 for capi_checklist_id 319 (attempt 2): 404 Client Error: Not Found for url: https://api.axismyindia.in/v1/admin/surveyors/qc-service/surveyor-responses/319?page=2&size=500&startDate=2025-01-27&endDate=2025-01-28
2025-01-28 22:10:01,383 - __main__ - ERROR - Failed to fetch page 2 for capi_checklist_id 319 after 3 attempts.
2025-01-28 22:10:01,462 - __main__ - ERROR - No UIDs found for capi_checklist_id 319. Exiting fetchdata2.
2025-01-28 22:10:01,697 - __main__ - INFO - Fetching data for date range: 2025-01-27 to 2025-01-28
2025-01-28 22:10:01,729 - __main__ - INFO - Fetched 5 existing UIDs from the database.
2025-01-28 22:10:02,075 - __main__ - WARNING - Error fetching page 1 for capi_checklist_id 320 (attempt 1): 404 Client Error: Not Found for url: https://api.axismyindia.in/v1/admin/surveyors/qc-service/surveyor-responses/320?page=1&size=500&startDate=2025-01-27&endDate=2025-01-28
2025-01-28 22:10:06,492 - __main__ - WARNING - Error fetching page 1 for capi_checklist_id 320 (attempt 2): 404 Client Error: Not Found for url: https://api.axismyindia.in/v1/admin/surveyors/qc-service/surveyor-responses/320?page=1&size=500&startDate=2025-01-27&endDate=2025-01-28
2025-01-28 22:10:14,507 - __main__ - ERROR - Failed to fetch page 1 for capi_checklist_id 320 after 3 attempts.
2025-01-28 22:10:14,549 - __main__ - ERROR - No UIDs found for capi_checklist_id 320. Exiting fetchdata2.
2025-01-28 22:10:14,635 - __main__ - INFO - Fetching data for date range: 2025-01-27 to 2025-01-28
2025-01-28 22:10:14,658 - __main__ - INFO - Fetched 152 existing UIDs from the database.
2025-01-28 22:10:14,877 - __main__ - INFO - Fetched page 1 successfully with 64 responses .
2025-01-28 22:10:15,034 - __main__ - WARNING - Error fetching page 2 for capi_checklist_id 344 (attempt 1): 404 Client Error: Not Found for url: https://api.axismyindia.in/v1/admin/surveyors/qc-service/surveyor-responses/344?page=2&size=500&startDate=2025-01-27&endDate=2025-01-28
2025-01-28 22:10:19,206 - __main__ - WARNING - Error fetching page 2 for capi_checklist_id 344 (attempt 2): 404 Client Error: Not Found for url: https://api.axismyindia.in/v1/admin/surveyors/qc-service/surveyor-responses/344?page=2&size=500&startDate=2025-01-27&endDate=2025-01-28
2025-01-28 22:10:27,210 - __main__ - ERROR - Failed to fetch page 2 for capi_checklist_id 344 after 3 attempts.
2025-01-28 22:10:27,222 - __main__ - ERROR - No UIDs found for capi_checklist_id 344. Exiting fetchdata2.
2025-01-28 22:10:27,239 - __main__ - INFO - Fetching data for date range: 2025-01-27 to 2025-01-28
2025-01-28 22:10:27,269 - __main__ - INFO - Fetched 97 existing UIDs from the database.
2025-01-28 22:10:27,428 - __main__ - INFO - Fetched page 1 successfully with 22 responses .
2025-01-28 22:10:27,600 - __main__ - WARNING - Error fetching page 2 for capi_checklist_id 332 (attempt 1): 404 Client Error: Not Found for url: https://api.axismyindia.in/v1/admin/surveyors/qc-service/surveyor-responses/332?page=2&size=500&startDate=2025-01-27&endDate=2025-01-28
2025-01-28 22:10:31,775 - __main__ - WARNING - Error fetching page 2 for capi_checklist_id 332 (attempt 2): 404 Client Error: Not Found for url: https://api.axismyindia.in/v1/admin/surveyors/qc-service/surveyor-responses/332?page=2&size=500&startDate=2025-01-27&endDate=2025-01-28
2025-01-28 22:10:39,785 - __main__ - ERROR - Failed to fetch page 2 for capi_checklist_id 332 after 3 attempts.
2025-01-28 22:10:39,808 - __main__ - ERROR - No UIDs found for capi_checklist_id 332. Exiting fetchdata2.
2025-01-28 22:10:39,839 - __main__ - INFO - Fetching data for date range: 2025-01-27 to 2025-01-28
2025-01-28 22:10:39,839 - __main__ - INFO - Fetched 10 existing UIDs from the database.
2025-01-28 22:10:40,028 - __main__ - WARNING - Error fetching page 1 for capi_checklist_id 335 (attempt 1): 404 Client Error: Not Found for url: https://api.axismyindia.in/v1/admin/surveyors/qc-service/surveyor-responses/335?page=1&size=500&startDate=2025-01-27&endDate=2025-01-28
2025-01-28 22:10:44,193 - __main__ - WARNING - Error fetching page 1 for capi_checklist_id 335 (attempt 2): 404 Client Error: Not Found for url: https://api.axismyindia.in/v1/admin/surveyors/qc-service/surveyor-responses/335?page=1&size=500&startDate=2025-01-27&endDate=2025-01-28
2025-01-28 22:10:52,200 - __main__ - ERROR - Failed to fetch page 1 for capi_checklist_id 335 after 3 attempts.
2025-01-28 22:10:52,207 - __main__ - ERROR - No UIDs found for capi_checklist_id 335. Exiting fetchdata2.
2025-01-28 22:10:52,254 - __main__ - INFO - Fetching data for date range: 2025-01-27 to 2025-01-28
2025-01-28 22:10:52,269 - __main__ - INFO - Fetched 47 existing UIDs from the database.
2025-01-28 22:10:52,488 - __main__ - INFO - Fetched page 1 successfully with 27 responses .
2025-01-28 22:10:52,643 - __main__ - WARNING - Error fetching page 2 for capi_checklist_id 325 (attempt 1): 404 Client Error: Not Found for url: https://api.axismyindia.in/v1/admin/surveyors/qc-service/surveyor-responses/325?page=2&size=500&startDate=2025-01-27&endDate=2025-01-28
2025-01-28 22:10:56,805 - __main__ - WARNING - Error fetching page 2 for capi_checklist_id 325 (attempt 2): 404 Client Error: Not Found for url: https://api.axismyindia.in/v1/admin/surveyors/qc-service/surveyor-responses/325?page=2&size=500&startDate=2025-01-27&endDate=2025-01-28
2025-01-28 22:11:04,817 - __main__ - ERROR - Failed to fetch page 2 for capi_checklist_id 325 after 3 attempts.
2025-01-28 22:11:04,819 - __main__ - ERROR - No UIDs found for capi_checklist_id 325. Exiting fetchdata2.
2025-01-28 22:11:04,832 - __main__ - INFO - Fetching data for date range: 2025-01-27 to 2025-01-28
2025-01-28 22:11:04,852 - __main__ - INFO - Fetched 253 existing UIDs from the database.
2025-01-28 22:11:05,052 - __main__ - INFO - Fetched page 1 successfully with 76 responses .
2025-01-28 22:11:05,192 - __main__ - WARNING - Error fetching page 2 for capi_checklist_id 347 (attempt 1): 404 Client Error: Not Found for url: https://api.axismyindia.in/v1/admin/surveyors/qc-service/surveyor-responses/347?page=2&size=500&startDate=2025-01-27&endDate=2025-01-28
2025-01-28 22:11:09,371 - __main__ - WARNING - Error fetching page 2 for capi_checklist_id 347 (attempt 2): 404 Client Error: Not Found for url: https://api.axismyindia.in/v1/admin/surveyors/qc-service/surveyor-responses/347?page=2&size=500&startDate=2025-01-27&endDate=2025-01-28
2025-01-28 22:11:17,381 - __main__ - ERROR - Failed to fetch page 2 for capi_checklist_id 347 after 3 attempts.
2025-01-28 22:11:17,404 - __main__ - ERROR - No UIDs found for capi_checklist_id 347. Exiting fetchdata2.
2025-01-28 22:11:17,447 - __main__ - INFO - Fetching data for date range: 2025-01-27 to 2025-01-28
2025-01-28 22:11:17,463 - __main__ - INFO - Fetched 11 existing UIDs from the database.
2025-01-28 22:11:17,636 - __main__ - INFO - Fetched page 1 successfully with 1 responses .
2025-01-28 22:11:17,794 - __main__ - WARNING - Error fetching page 2 for capi_checklist_id 382 (attempt 1): 404 Client Error: Not Found for url: https://api.axismyindia.in/v1/admin/surveyors/qc-service/surveyor-responses/382?page=2&size=500&startDate=2025-01-27&endDate=2025-01-28
2025-01-28 22:11:21,960 - __main__ - WARNING - Error fetching page 2 for capi_checklist_id 382 (attempt 2): 404 Client Error: Not Found for url: https://api.axismyindia.in/v1/admin/surveyors/qc-service/surveyor-responses/382?page=2&size=500&startDate=2025-01-27&endDate=2025-01-28
2025-01-28 22:11:29,976 - __main__ - ERROR - Failed to fetch page 2 for capi_checklist_id 382 after 3 attempts.
2025-01-28 22:11:29,986 - __main__ - ERROR - No UIDs found for capi_checklist_id 382. Exiting fetchdata2.
2025-01-28 22:11:30,001 - __main__ - INFO - Fetching data for date range: 2025-01-27 to 2025-01-28
2025-01-28 22:11:30,001 - __main__ - INFO - Fetched 38 existing UIDs from the database.
2025-01-28 22:11:30,174 - __main__ - WARNING - Error fetching page 1 for capi_checklist_id 339 (attempt 1): 404 Client Error: Not Found for url: https://api.axismyindia.in/v1/admin/surveyors/qc-service/surveyor-responses/339?page=1&size=500&startDate=2025-01-27&endDate=2025-01-28
2025-01-28 22:11:34,350 - __main__ - WARNING - Error fetching page 1 for capi_checklist_id 339 (attempt 2): 404 Client Error: Not Found for url: https://api.axismyindia.in/v1/admin/surveyors/qc-service/surveyor-responses/339?page=1&size=500&startDate=2025-01-27&endDate=2025-01-28
2025-01-28 22:11:42,353 - __main__ - ERROR - Failed to fetch page 1 for capi_checklist_id 339 after 3 attempts.
2025-01-28 22:11:42,353 - __main__ - ERROR - No UIDs found for capi_checklist_id 339. Exiting fetchdata2.
2025-01-28 22:11:42,358 - __main__ - INFO - Fetching data for date range: 2025-01-27 to 2025-01-28
2025-01-28 22:11:42,358 - __main__ - INFO - Fetched 1 existing UIDs from the database.
2025-01-28 22:11:42,531 - __main__ - WARNING - Error fetching page 1 for capi_checklist_id 334 (attempt 1): 404 Client Error: Not Found for url: https://api.axismyindia.in/v1/admin/surveyors/qc-service/surveyor-responses/334?page=1&size=500&startDate=2025-01-27&endDate=2025-01-28
2025-01-28 22:11:46,682 - __main__ - WARNING - Error fetching page 1 for capi_checklist_id 334 (attempt 2): 404 Client Error: Not Found for url: https://api.axismyindia.in/v1/admin/surveyors/qc-service/surveyor-responses/334?page=1&size=500&startDate=2025-01-27&endDate=2025-01-28
2025-01-28 22:11:54,712 - __main__ - ERROR - Failed to fetch page 1 for capi_checklist_id 334 after 3 attempts.
2025-01-28 22:11:54,817 - __main__ - ERROR - No UIDs found for capi_checklist_id 334. Exiting fetchdata2.
2025-01-28 22:11:54,955 - __main__ - INFO - Fetching data for date range: 2025-01-27 to 2025-01-28
2025-01-28 22:11:55,215 - __main__ - INFO - Fetched 6098 existing UIDs from the database.
2025-01-28 22:11:55,537 - __main__ - INFO - Fetched page 1 successfully with 112 responses .
2025-01-28 22:11:55,718 - __main__ - WARNING - Error fetching page 2 for capi_checklist_id 321 (attempt 1): 404 Client Error: Not Found for url: https://api.axismyindia.in/v1/admin/surveyors/qc-service/surveyor-responses/321?page=2&size=500&startDate=2025-01-27&endDate=2025-01-28
2025-01-28 22:12:00,296 - __main__ - WARNING - Error fetching page 2 for capi_checklist_id 321 (attempt 2): 404 Client Error: Not Found for url: https://api.axismyindia.in/v1/admin/surveyors/qc-service/surveyor-responses/321?page=2&size=500&startDate=2025-01-27&endDate=2025-01-28
2025-01-28 22:12:08,313 - __main__ - ERROR - Failed to fetch page 2 for capi_checklist_id 321 after 3 attempts.
2025-01-28 22:12:08,350 - __main__ - ERROR - No UIDs found for capi_checklist_id 321. Exiting fetchdata2.
2025-01-28 23:04:56,211 - __main__ - INFO - Fetching data for date range: 2025-01-27 to 2025-01-28
2025-01-28 23:04:56,228 - __main__ - INFO - Fetched 2 existing UIDs from the database.
2025-01-28 23:04:56,430 - __main__ - INFO - Fetched page 1 successfully with 2 responses .
2025-01-28 23:04:56,572 - __main__ - WARNING - Error fetching page 2 for capi_checklist_id 397 (attempt 1): 404 Client Error: Not Found for url: https://api.axismyindia.in/v1/admin/surveyors/qc-service/surveyor-responses/397?page=2&size=500&startDate=2025-01-27&endDate=2025-01-28
2025-01-28 23:05:00,742 - __main__ - WARNING - Error fetching page 2 for capi_checklist_id 397 (attempt 2): 404 Client Error: Not Found for url: https://api.axismyindia.in/v1/admin/surveyors/qc-service/surveyor-responses/397?page=2&size=500&startDate=2025-01-27&endDate=2025-01-28
2025-01-28 23:05:08,753 - __main__ - ERROR - Failed to fetch page 2 for capi_checklist_id 397 after 3 attempts.
2025-01-28 23:05:08,778 - __main__ - ERROR - No UIDs found for capi_checklist_id 397. Exiting fetchdata2.
2025-01-28 23:05:08,855 - __main__ - INFO - Fetching data for date range: 2025-01-27 to 2025-01-28
2025-01-28 23:05:08,871 - __main__ - INFO - Fetched 0 existing UIDs from the database.
2025-01-28 23:05:09,048 - __main__ - WARNING - Error fetching page 1 for capi_checklist_id 400 (attempt 1): 404 Client Error: Not Found for url: https://api.axismyindia.in/v1/admin/surveyors/qc-service/surveyor-responses/400?page=1&size=500&startDate=2025-01-27&endDate=2025-01-28
2025-01-28 23:05:13,206 - __main__ - WARNING - Error fetching page 1 for capi_checklist_id 400 (attempt 2): 404 Client Error: Not Found for url: https://api.axismyindia.in/v1/admin/surveyors/qc-service/surveyor-responses/400?page=1&size=500&startDate=2025-01-27&endDate=2025-01-28
2025-01-28 23:05:21,209 - __main__ - ERROR - Failed to fetch page 1 for capi_checklist_id 400 after 3 attempts.
2025-01-28 23:05:21,225 - __main__ - ERROR - No UIDs found for capi_checklist_id 400. Exiting fetchdata2.
2025-01-28 23:05:21,288 - __main__ - INFO - Fetching data for date range: 2025-01-27 to 2025-01-28
2025-01-28 23:05:21,288 - __main__ - INFO - Fetched 26 existing UIDs from the database.
2025-01-28 23:05:21,522 - __main__ - INFO - Fetched page 1 successfully with 25 responses .
2025-01-28 23:05:21,691 - __main__ - WARNING - Error fetching page 2 for capi_checklist_id 354 (attempt 1): 404 Client Error: Not Found for url: https://api.axismyindia.in/v1/admin/surveyors/qc-service/surveyor-responses/354?page=2&size=500&startDate=2025-01-27&endDate=2025-01-28
2025-01-28 23:05:25,855 - __main__ - WARNING - Error fetching page 2 for capi_checklist_id 354 (attempt 2): 404 Client Error: Not Found for url: https://api.axismyindia.in/v1/admin/surveyors/qc-service/surveyor-responses/354?page=2&size=500&startDate=2025-01-27&endDate=2025-01-28
2025-01-28 23:05:33,867 - __main__ - ERROR - Failed to fetch page 2 for capi_checklist_id 354 after 3 attempts.
2025-01-28 23:05:33,945 - __main__ - ERROR - No UIDs found for capi_checklist_id 354. Exiting fetchdata2.
2025-01-28 23:05:34,102 - __main__ - INFO - Fetching data for date range: 2025-01-27 to 2025-01-28
2025-01-28 23:05:34,118 - __main__ - INFO - Fetched 7 existing UIDs from the database.
2025-01-28 23:05:34,400 - __main__ - INFO - Fetched page 1 successfully with 1 responses .
2025-01-28 23:05:34,557 - __main__ - WARNING - Error fetching page 2 for capi_checklist_id 329 (attempt 1): 404 Client Error: Not Found for url: https://api.axismyindia.in/v1/admin/surveyors/qc-service/surveyor-responses/329?page=2&size=500&startDate=2025-01-27&endDate=2025-01-28
2025-01-28 23:05:38,788 - __main__ - WARNING - Error fetching page 2 for capi_checklist_id 329 (attempt 2): 404 Client Error: Not Found for url: https://api.axismyindia.in/v1/admin/surveyors/qc-service/surveyor-responses/329?page=2&size=500&startDate=2025-01-27&endDate=2025-01-28
2025-01-28 23:05:46,802 - __main__ - ERROR - Failed to fetch page 2 for capi_checklist_id 329 after 3 attempts.
2025-01-28 23:05:46,830 - __main__ - ERROR - No UIDs found for capi_checklist_id 329. Exiting fetchdata2.
2025-01-28 23:05:46,893 - __main__ - INFO - Fetching data for date range: 2025-01-27 to 2025-01-28
2025-01-28 23:05:46,909 - __main__ - INFO - Fetched 2 existing UIDs from the database.
2025-01-28 23:05:47,112 - __main__ - WARNING - Error fetching page 1 for capi_checklist_id 346 (attempt 1): 404 Client Error: Not Found for url: https://api.axismyindia.in/v1/admin/surveyors/qc-service/surveyor-responses/346?page=1&size=500&startDate=2025-01-27&endDate=2025-01-28
2025-01-28 23:05:51,258 - __main__ - WARNING - Error fetching page 1 for capi_checklist_id 346 (attempt 2): 404 Client Error: Not Found for url: https://api.axismyindia.in/v1/admin/surveyors/qc-service/surveyor-responses/346?page=1&size=500&startDate=2025-01-27&endDate=2025-01-28
2025-01-28 23:05:59,274 - __main__ - ERROR - Failed to fetch page 1 for capi_checklist_id 346 after 3 attempts.
2025-01-28 23:05:59,295 - __main__ - ERROR - No UIDs found for capi_checklist_id 346. Exiting fetchdata2.
2025-01-28 23:05:59,342 - __main__ - INFO - Fetching data for date range: 2025-01-27 to 2025-01-28
2025-01-28 23:05:59,358 - __main__ - INFO - Fetched 1 existing UIDs from the database.
2025-01-28 23:05:59,532 - __main__ - WARNING - Error fetching page 1 for capi_checklist_id 331 (attempt 1): 404 Client Error: Not Found for url: https://api.axismyindia.in/v1/admin/surveyors/qc-service/surveyor-responses/331?page=1&size=500&startDate=2025-01-27&endDate=2025-01-28
2025-01-28 23:06:03,695 - __main__ - WARNING - Error fetching page 1 for capi_checklist_id 331 (attempt 2): 404 Client Error: Not Found for url: https://api.axismyindia.in/v1/admin/surveyors/qc-service/surveyor-responses/331?page=1&size=500&startDate=2025-01-27&endDate=2025-01-28
2025-01-28 23:06:11,704 - __main__ - ERROR - Failed to fetch page 1 for capi_checklist_id 331 after 3 attempts.
2025-01-28 23:06:11,704 - __main__ - ERROR - No UIDs found for capi_checklist_id 331. Exiting fetchdata2.
2025-01-28 23:06:11,746 - __main__ - INFO - Fetching data for date range: 2025-01-27 to 2025-01-28
2025-01-28 23:06:11,746 - __main__ - INFO - Fetched 4 existing UIDs from the database.
2025-01-28 23:06:11,904 - __main__ - WARNING - Error fetching page 1 for capi_checklist_id 337 (attempt 1): 404 Client Error: Not Found for url: https://api.axismyindia.in/v1/admin/surveyors/qc-service/surveyor-responses/337?page=1&size=500&startDate=2025-01-27&endDate=2025-01-28
2025-01-28 23:06:16,076 - __main__ - WARNING - Error fetching page 1 for capi_checklist_id 337 (attempt 2): 404 Client Error: Not Found for url: https://api.axismyindia.in/v1/admin/surveyors/qc-service/surveyor-responses/337?page=1&size=500&startDate=2025-01-27&endDate=2025-01-28
2025-01-28 23:06:24,084 - __main__ - ERROR - Failed to fetch page 1 for capi_checklist_id 337 after 3 attempts.
2025-01-28 23:06:24,084 - __main__ - ERROR - No UIDs found for capi_checklist_id 337. Exiting fetchdata2.
2025-01-28 23:06:24,131 - __main__ - INFO - Fetching data for date range: 2025-01-27 to 2025-01-28
2025-01-28 23:06:24,147 - __main__ - INFO - Fetched 44 existing UIDs from the database.
2025-01-28 23:06:24,335 - __main__ - INFO - Fetched page 1 successfully with 32 responses .
2025-01-28 23:06:24,492 - __main__ - WARNING - Error fetching page 2 for capi_checklist_id 349 (attempt 1): 404 Client Error: Not Found for url: https://api.axismyindia.in/v1/admin/surveyors/qc-service/surveyor-responses/349?page=2&size=500&startDate=2025-01-27&endDate=2025-01-28
2025-01-28 23:06:28,659 - __main__ - WARNING - Error fetching page 2 for capi_checklist_id 349 (attempt 2): 404 Client Error: Not Found for url: https://api.axismyindia.in/v1/admin/surveyors/qc-service/surveyor-responses/349?page=2&size=500&startDate=2025-01-27&endDate=2025-01-28
2025-01-28 23:06:36,672 - __main__ - ERROR - Failed to fetch page 2 for capi_checklist_id 349 after 3 attempts.
2025-01-28 23:06:36,675 - __main__ - ERROR - No UIDs found for capi_checklist_id 349. Exiting fetchdata2.
2025-01-28 23:06:36,687 - __main__ - INFO - Fetching data for date range: 2025-01-27 to 2025-01-28
2025-01-28 23:06:36,691 - __main__ - INFO - Fetched 66 existing UIDs from the database.
2025-01-28 23:06:37,135 - __main__ - INFO - Fetched page 1 successfully with 42 responses .
2025-01-28 23:06:37,316 - __main__ - WARNING - Error fetching page 2 for capi_checklist_id 343 (attempt 1): 404 Client Error: Not Found for url: https://api.axismyindia.in/v1/admin/surveyors/qc-service/surveyor-responses/343?page=2&size=500&startDate=2025-01-27&endDate=2025-01-28
2025-01-28 23:06:41,508 - __main__ - WARNING - Error fetching page 2 for capi_checklist_id 343 (attempt 2): 404 Client Error: Not Found for url: https://api.axismyindia.in/v1/admin/surveyors/qc-service/surveyor-responses/343?page=2&size=500&startDate=2025-01-27&endDate=2025-01-28
2025-01-28 23:06:49,517 - __main__ - ERROR - Failed to fetch page 2 for capi_checklist_id 343 after 3 attempts.
2025-01-28 23:06:49,517 - __main__ - ERROR - No UIDs found for capi_checklist_id 343. Exiting fetchdata2.
2025-01-28 23:06:49,561 - __main__ - INFO - Fetching data for date range: 2025-01-27 to 2025-01-28
2025-01-28 23:06:49,576 - __main__ - INFO - Fetched 94 existing UIDs from the database.
2025-01-28 23:06:49,748 - __main__ - INFO - Fetched page 1 successfully with 45 responses .
2025-01-28 23:06:49,921 - __main__ - WARNING - Error fetching page 2 for capi_checklist_id 340 (attempt 1): 404 Client Error: Not Found for url: https://api.axismyindia.in/v1/admin/surveyors/qc-service/surveyor-responses/340?page=2&size=500&startDate=2025-01-27&endDate=2025-01-28
2025-01-28 23:06:54,089 - __main__ - WARNING - Error fetching page 2 for capi_checklist_id 340 (attempt 2): 404 Client Error: Not Found for url: https://api.axismyindia.in/v1/admin/surveyors/qc-service/surveyor-responses/340?page=2&size=500&startDate=2025-01-27&endDate=2025-01-28
2025-01-28 23:07:02,100 - __main__ - ERROR - Failed to fetch page 2 for capi_checklist_id 340 after 3 attempts.
2025-01-28 23:07:02,114 - __main__ - ERROR - No UIDs found for capi_checklist_id 340. Exiting fetchdata2.
2025-01-28 23:07:02,163 - __main__ - INFO - Fetching data for date range: 2025-01-27 to 2025-01-28
2025-01-28 23:07:02,177 - __main__ - INFO - Fetched 121 existing UIDs from the database.
2025-01-28 23:07:02,366 - __main__ - INFO - Fetched page 1 successfully with 46 responses .
2025-01-28 23:07:02,538 - __main__ - WARNING - Error fetching page 2 for capi_checklist_id 341 (attempt 1): 404 Client Error: Not Found for url: https://api.axismyindia.in/v1/admin/surveyors/qc-service/surveyor-responses/341?page=2&size=500&startDate=2025-01-27&endDate=2025-01-28
2025-01-28 23:07:06,722 - __main__ - WARNING - Error fetching page 2 for capi_checklist_id 341 (attempt 2): 404 Client Error: Not Found for url: https://api.axismyindia.in/v1/admin/surveyors/qc-service/surveyor-responses/341?page=2&size=500&startDate=2025-01-27&endDate=2025-01-28
2025-01-28 23:07:14,731 - __main__ - ERROR - Failed to fetch page 2 for capi_checklist_id 341 after 3 attempts.
2025-01-28 23:07:14,740 - __main__ - ERROR - No UIDs found for capi_checklist_id 341. Exiting fetchdata2.
2025-01-28 23:07:14,746 - __main__ - INFO - Fetching data for date range: 2025-01-27 to 2025-01-28
2025-01-28 23:07:14,761 - __main__ - INFO - Fetched 193 existing UIDs from the database.
2025-01-28 23:07:14,950 - __main__ - INFO - Fetched page 1 successfully with 81 responses .
2025-01-28 23:07:15,107 - __main__ - WARNING - Error fetching page 2 for capi_checklist_id 355 (attempt 1): 404 Client Error: Not Found for url: https://api.axismyindia.in/v1/admin/surveyors/qc-service/surveyor-responses/355?page=2&size=500&startDate=2025-01-27&endDate=2025-01-28
2025-01-28 23:07:19,288 - __main__ - WARNING - Error fetching page 2 for capi_checklist_id 355 (attempt 2): 404 Client Error: Not Found for url: https://api.axismyindia.in/v1/admin/surveyors/qc-service/surveyor-responses/355?page=2&size=500&startDate=2025-01-27&endDate=2025-01-28
2025-01-28 23:07:27,307 - __main__ - ERROR - Failed to fetch page 2 for capi_checklist_id 355 after 3 attempts.
2025-01-28 23:07:27,387 - __main__ - ERROR - No UIDs found for capi_checklist_id 355. Exiting fetchdata2.
2025-01-28 23:07:27,479 - __main__ - INFO - Fetching data for date range: 2025-01-27 to 2025-01-28
2025-01-28 23:07:27,495 - __main__ - INFO - Fetched 22 existing UIDs from the database.
2025-01-28 23:07:27,756 - __main__ - WARNING - Error fetching page 1 for capi_checklist_id 403 (attempt 1): 404 Client Error: Not Found for url: https://api.axismyindia.in/v1/admin/surveyors/qc-service/surveyor-responses/403?page=1&size=500&startDate=2025-01-27&endDate=2025-01-28
2025-01-28 23:07:32,043 - __main__ - WARNING - Error fetching page 1 for capi_checklist_id 403 (attempt 2): 404 Client Error: Not Found for url: https://api.axismyindia.in/v1/admin/surveyors/qc-service/surveyor-responses/403?page=1&size=500&startDate=2025-01-27&endDate=2025-01-28
2025-01-28 23:07:40,136 - __main__ - ERROR - Failed to fetch page 1 for capi_checklist_id 403 after 3 attempts.
2025-01-28 23:07:40,415 - __main__ - ERROR - No UIDs found for capi_checklist_id 403. Exiting fetchdata2.
2025-01-28 23:07:40,639 - __main__ - INFO - Fetching data for date range: 2025-01-27 to 2025-01-28
2025-01-28 23:07:40,682 - __main__ - INFO - Fetched 53 existing UIDs from the database.
2025-01-28 23:07:40,980 - __main__ - WARNING - Error fetching page 1 for capi_checklist_id 404 (attempt 1): 404 Client Error: Not Found for url: https://api.axismyindia.in/v1/admin/surveyors/qc-service/surveyor-responses/404?page=1&size=500&startDate=2025-01-27&endDate=2025-01-28
2025-01-28 23:07:45,297 - __main__ - WARNING - Error fetching page 1 for capi_checklist_id 404 (attempt 2): 404 Client Error: Not Found for url: https://api.axismyindia.in/v1/admin/surveyors/qc-service/surveyor-responses/404?page=1&size=500&startDate=2025-01-27&endDate=2025-01-28
2025-01-28 23:07:53,352 - __main__ - ERROR - Failed to fetch page 1 for capi_checklist_id 404 after 3 attempts.
2025-01-28 23:07:53,369 - __main__ - ERROR - No UIDs found for capi_checklist_id 404. Exiting fetchdata2.
2025-01-28 23:07:53,432 - __main__ - INFO - Fetching data for date range: 2025-01-27 to 2025-01-28
2025-01-28 23:07:53,447 - __main__ - INFO - Fetched 3 existing UIDs from the database.
2025-01-28 23:07:53,635 - __main__ - WARNING - Error fetching page 1 for capi_checklist_id 363 (attempt 1): 404 Client Error: Not Found for url: https://api.axismyindia.in/v1/admin/surveyors/qc-service/surveyor-responses/363?page=1&size=500&startDate=2025-01-27&endDate=2025-01-28
2025-01-28 23:07:57,818 - __main__ - WARNING - Error fetching page 1 for capi_checklist_id 363 (attempt 2): 404 Client Error: Not Found for url: https://api.axismyindia.in/v1/admin/surveyors/qc-service/surveyor-responses/363?page=1&size=500&startDate=2025-01-27&endDate=2025-01-28
2025-01-28 23:08:05,820 - __main__ - ERROR - Failed to fetch page 1 for capi_checklist_id 363 after 3 attempts.
2025-01-28 23:08:05,831 - __main__ - ERROR - No UIDs found for capi_checklist_id 363. Exiting fetchdata2.
2025-01-28 23:08:05,845 - __main__ - INFO - Fetching data for date range: 2025-01-27 to 2025-01-28
2025-01-28 23:08:05,851 - __main__ - INFO - Fetched 7 existing UIDs from the database.
2025-01-28 23:08:06,021 - __main__ - INFO - Fetched page 1 successfully with 1 responses .
2025-01-28 23:08:06,195 - __main__ - WARNING - Error fetching page 2 for capi_checklist_id 352 (attempt 1): 404 Client Error: Not Found for url: https://api.axismyindia.in/v1/admin/surveyors/qc-service/surveyor-responses/352?page=2&size=500&startDate=2025-01-27&endDate=2025-01-28
2025-01-28 23:08:10,367 - __main__ - WARNING - Error fetching page 2 for capi_checklist_id 352 (attempt 2): 404 Client Error: Not Found for url: https://api.axismyindia.in/v1/admin/surveyors/qc-service/surveyor-responses/352?page=2&size=500&startDate=2025-01-27&endDate=2025-01-28
2025-01-28 23:08:18,371 - __main__ - ERROR - Failed to fetch page 2 for capi_checklist_id 352 after 3 attempts.
2025-01-28 23:08:18,375 - __main__ - ERROR - No UIDs found for capi_checklist_id 352. Exiting fetchdata2.
2025-01-28 23:08:18,387 - __main__ - INFO - Fetching data for date range: 2025-01-27 to 2025-01-28
2025-01-28 23:08:18,396 - __main__ - INFO - Fetched 12 existing UIDs from the database.
2025-01-28 23:08:18,556 - __main__ - INFO - Fetched page 1 successfully with 9 responses .
2025-01-28 23:08:18,697 - __main__ - WARNING - Error fetching page 2 for capi_checklist_id 330 (attempt 1): 404 Client Error: Not Found for url: https://api.axismyindia.in/v1/admin/surveyors/qc-service/surveyor-responses/330?page=2&size=500&startDate=2025-01-27&endDate=2025-01-28
2025-01-28 23:08:22,879 - __main__ - WARNING - Error fetching page 2 for capi_checklist_id 330 (attempt 2): 404 Client Error: Not Found for url: https://api.axismyindia.in/v1/admin/surveyors/qc-service/surveyor-responses/330?page=2&size=500&startDate=2025-01-27&endDate=2025-01-28
2025-01-28 23:08:30,884 - __main__ - ERROR - Failed to fetch page 2 for capi_checklist_id 330 after 3 attempts.
2025-01-28 23:08:30,885 - __main__ - ERROR - No UIDs found for capi_checklist_id 330. Exiting fetchdata2.
2025-01-28 23:08:30,897 - __main__ - INFO - Fetching data for date range: 2025-01-27 to 2025-01-28
2025-01-28 23:08:30,903 - __main__ - INFO - Fetched 13 existing UIDs from the database.
2025-01-28 23:08:31,074 - __main__ - WARNING - Error fetching page 1 for capi_checklist_id 348 (attempt 1): 404 Client Error: Not Found for url: https://api.axismyindia.in/v1/admin/surveyors/qc-service/surveyor-responses/348?page=1&size=500&startDate=2025-01-27&endDate=2025-01-28
2025-01-28 23:08:35,232 - __main__ - WARNING - Error fetching page 1 for capi_checklist_id 348 (attempt 2): 404 Client Error: Not Found for url: https://api.axismyindia.in/v1/admin/surveyors/qc-service/surveyor-responses/348?page=1&size=500&startDate=2025-01-27&endDate=2025-01-28
2025-01-28 23:08:43,241 - __main__ - ERROR - Failed to fetch page 1 for capi_checklist_id 348 after 3 attempts.
2025-01-28 23:08:43,244 - __main__ - ERROR - No UIDs found for capi_checklist_id 348. Exiting fetchdata2.
2025-01-28 23:08:43,260 - __main__ - INFO - Fetching data for date range: 2025-01-27 to 2025-01-28
2025-01-28 23:08:43,260 - __main__ - INFO - Fetched 0 existing UIDs from the database.
2025-01-28 23:08:43,432 - __main__ - WARNING - Error fetching page 1 for capi_checklist_id 290 (attempt 1): 404 Client Error: Not Found for url: https://api.axismyindia.in/v1/admin/surveyors/qc-service/surveyor-responses/290?page=1&size=500&startDate=2025-01-27&endDate=2025-01-28
2025-01-28 23:08:47,603 - __main__ - WARNING - Error fetching page 1 for capi_checklist_id 290 (attempt 2): 404 Client Error: Not Found for url: https://api.axismyindia.in/v1/admin/surveyors/qc-service/surveyor-responses/290?page=1&size=500&startDate=2025-01-27&endDate=2025-01-28
2025-01-28 23:08:55,619 - __main__ - ERROR - Failed to fetch page 1 for capi_checklist_id 290 after 3 attempts.
2025-01-28 23:08:55,641 - __main__ - ERROR - No UIDs found for capi_checklist_id 290. Exiting fetchdata2.
2025-01-28 23:08:55,732 - __main__ - INFO - Fetching data for date range: 2025-01-27 to 2025-01-28
2025-01-28 23:08:55,748 - __main__ - INFO - Fetched 20 existing UIDs from the database.
2025-01-28 23:08:55,921 - __main__ - WARNING - Error fetching page 1 for capi_checklist_id 291 (attempt 1): 404 Client Error: Not Found for url: https://api.axismyindia.in/v1/admin/surveyors/qc-service/surveyor-responses/291?page=1&size=500&startDate=2025-01-27&endDate=2025-01-28
2025-01-28 23:09:00,094 - __main__ - WARNING - Error fetching page 1 for capi_checklist_id 291 (attempt 2): 404 Client Error: Not Found for url: https://api.axismyindia.in/v1/admin/surveyors/qc-service/surveyor-responses/291?page=1&size=500&startDate=2025-01-27&endDate=2025-01-28
2025-01-28 23:09:08,107 - __main__ - ERROR - Failed to fetch page 1 for capi_checklist_id 291 after 3 attempts.
2025-01-28 23:09:08,119 - __main__ - ERROR - No UIDs found for capi_checklist_id 291. Exiting fetchdata2.
2025-01-28 23:09:08,166 - __main__ - INFO - Fetching data for date range: 2025-01-27 to 2025-01-28
2025-01-28 23:09:08,182 - __main__ - INFO - Fetched 58 existing UIDs from the database.
2025-01-28 23:09:08,355 - __main__ - INFO - Fetched page 1 successfully with 22 responses .
2025-01-28 23:09:08,526 - __main__ - WARNING - Error fetching page 2 for capi_checklist_id 326 (attempt 1): 404 Client Error: Not Found for url: https://api.axismyindia.in/v1/admin/surveyors/qc-service/surveyor-responses/326?page=2&size=500&startDate=2025-01-27&endDate=2025-01-28
2025-01-28 23:09:12,689 - __main__ - WARNING - Error fetching page 2 for capi_checklist_id 326 (attempt 2): 404 Client Error: Not Found for url: https://api.axismyindia.in/v1/admin/surveyors/qc-service/surveyor-responses/326?page=2&size=500&startDate=2025-01-27&endDate=2025-01-28
2025-01-28 23:09:20,694 - __main__ - ERROR - Failed to fetch page 2 for capi_checklist_id 326 after 3 attempts.
2025-01-28 23:09:20,696 - __main__ - ERROR - No UIDs found for capi_checklist_id 326. Exiting fetchdata2.
2025-01-28 23:09:20,718 - __main__ - INFO - Fetching data for date range: 2025-01-27 to 2025-01-28
2025-01-28 23:09:20,723 - __main__ - INFO - Fetched 14 existing UIDs from the database.
2025-01-28 23:09:20,896 - __main__ - INFO - Fetched page 1 successfully with 2 responses .
2025-01-28 23:09:21,083 - __main__ - WARNING - Error fetching page 2 for capi_checklist_id 350 (attempt 1): 404 Client Error: Not Found for url: https://api.axismyindia.in/v1/admin/surveyors/qc-service/surveyor-responses/350?page=2&size=500&startDate=2025-01-27&endDate=2025-01-28
2025-01-28 23:09:25,256 - __main__ - WARNING - Error fetching page 2 for capi_checklist_id 350 (attempt 2): 404 Client Error: Not Found for url: https://api.axismyindia.in/v1/admin/surveyors/qc-service/surveyor-responses/350?page=2&size=500&startDate=2025-01-27&endDate=2025-01-28
2025-01-28 23:09:33,282 - __main__ - ERROR - Failed to fetch page 2 for capi_checklist_id 350 after 3 attempts.
2025-01-28 23:09:33,363 - __main__ - ERROR - No UIDs found for capi_checklist_id 350. Exiting fetchdata2.
2025-01-28 23:09:33,493 - __main__ - INFO - Fetching data for date range: 2025-01-27 to 2025-01-28
2025-01-28 23:09:33,566 - __main__ - INFO - Fetched 296 existing UIDs from the database.
2025-01-28 23:09:33,915 - __main__ - INFO - Fetched page 1 successfully with 118 responses .
2025-01-28 23:09:34,085 - __main__ - WARNING - Error fetching page 2 for capi_checklist_id 342 (attempt 1): 404 Client Error: Not Found for url: https://api.axismyindia.in/v1/admin/surveyors/qc-service/surveyor-responses/342?page=2&size=500&startDate=2025-01-27&endDate=2025-01-28
2025-01-28 23:09:38,343 - __main__ - WARNING - Error fetching page 2 for capi_checklist_id 342 (attempt 2): 404 Client Error: Not Found for url: https://api.axismyindia.in/v1/admin/surveyors/qc-service/surveyor-responses/342?page=2&size=500&startDate=2025-01-27&endDate=2025-01-28
2025-01-28 23:09:46,382 - __main__ - ERROR - Failed to fetch page 2 for capi_checklist_id 342 after 3 attempts.
2025-01-28 23:09:46,491 - __main__ - INFO - Fetched UIDs: defaultdict(<class 'list'>, {342: [15763]})
2025-01-28 23:09:47,767 - __main__ - INFO - Fetched data for UID 15763
2025-01-28 23:09:49,669 - __main__ - INFO - Fetching data for date range: 2025-01-27 to 2025-01-28
2025-01-28 23:09:49,715 - __main__ - INFO - Fetched 5 existing UIDs from the database.
2025-01-28 23:09:49,936 - __main__ - INFO - Fetched page 1 successfully with 1 responses .
2025-01-28 23:09:50,164 - __main__ - WARNING - Error fetching page 2 for capi_checklist_id 319 (attempt 1): 404 Client Error: Not Found for url: https://api.axismyindia.in/v1/admin/surveyors/qc-service/surveyor-responses/319?page=2&size=500&startDate=2025-01-27&endDate=2025-01-28
2025-01-28 23:09:54,403 - __main__ - WARNING - Error fetching page 2 for capi_checklist_id 319 (attempt 2): 404 Client Error: Not Found for url: https://api.axismyindia.in/v1/admin/surveyors/qc-service/surveyor-responses/319?page=2&size=500&startDate=2025-01-27&endDate=2025-01-28
2025-01-28 23:10:02,423 - __main__ - ERROR - Failed to fetch page 2 for capi_checklist_id 319 after 3 attempts.
2025-01-28 23:10:02,438 - __main__ - ERROR - No UIDs found for capi_checklist_id 319. Exiting fetchdata2.
2025-01-28 23:10:02,501 - __main__ - INFO - Fetching data for date range: 2025-01-27 to 2025-01-28
2025-01-28 23:10:02,516 - __main__ - INFO - Fetched 5 existing UIDs from the database.
2025-01-28 23:10:02,688 - __main__ - WARNING - Error fetching page 1 for capi_checklist_id 320 (attempt 1): 404 Client Error: Not Found for url: https://api.axismyindia.in/v1/admin/surveyors/qc-service/surveyor-responses/320?page=1&size=500&startDate=2025-01-27&endDate=2025-01-28
2025-01-28 23:10:06,853 - __main__ - WARNING - Error fetching page 1 for capi_checklist_id 320 (attempt 2): 404 Client Error: Not Found for url: https://api.axismyindia.in/v1/admin/surveyors/qc-service/surveyor-responses/320?page=1&size=500&startDate=2025-01-27&endDate=2025-01-28
2025-01-28 23:10:14,858 - __main__ - ERROR - Failed to fetch page 1 for capi_checklist_id 320 after 3 attempts.
2025-01-28 23:10:14,858 - __main__ - ERROR - No UIDs found for capi_checklist_id 320. Exiting fetchdata2.
2025-01-28 23:10:14,885 - __main__ - INFO - Fetching data for date range: 2025-01-27 to 2025-01-28
2025-01-28 23:10:14,900 - __main__ - INFO - Fetched 152 existing UIDs from the database.
2025-01-28 23:10:15,088 - __main__ - INFO - Fetched page 1 successfully with 64 responses .
2025-01-28 23:10:15,260 - __main__ - WARNING - Error fetching page 2 for capi_checklist_id 344 (attempt 1): 404 Client Error: Not Found for url: https://api.axismyindia.in/v1/admin/surveyors/qc-service/surveyor-responses/344?page=2&size=500&startDate=2025-01-27&endDate=2025-01-28
2025-01-28 23:10:19,436 - __main__ - WARNING - Error fetching page 2 for capi_checklist_id 344 (attempt 2): 404 Client Error: Not Found for url: https://api.axismyindia.in/v1/admin/surveyors/qc-service/surveyor-responses/344?page=2&size=500&startDate=2025-01-27&endDate=2025-01-28
2025-01-28 23:10:27,450 - __main__ - ERROR - Failed to fetch page 2 for capi_checklist_id 344 after 3 attempts.
2025-01-28 23:10:27,479 - __main__ - ERROR - No UIDs found for capi_checklist_id 344. Exiting fetchdata2.
2025-01-28 23:10:27,541 - __main__ - INFO - Fetching data for date range: 2025-01-27 to 2025-01-28
2025-01-28 23:10:27,572 - __main__ - INFO - Fetched 97 existing UIDs from the database.
2025-01-28 23:10:27,791 - __main__ - INFO - Fetched page 1 successfully with 22 responses .
2025-01-28 23:10:27,948 - __main__ - WARNING - Error fetching page 2 for capi_checklist_id 332 (attempt 1): 404 Client Error: Not Found for url: https://api.axismyindia.in/v1/admin/surveyors/qc-service/surveyor-responses/332?page=2&size=500&startDate=2025-01-27&endDate=2025-01-28
2025-01-28 23:10:32,126 - __main__ - WARNING - Error fetching page 2 for capi_checklist_id 332 (attempt 2): 404 Client Error: Not Found for url: https://api.axismyindia.in/v1/admin/surveyors/qc-service/surveyor-responses/332?page=2&size=500&startDate=2025-01-27&endDate=2025-01-28
2025-01-28 23:10:40,133 - __main__ - ERROR - Failed to fetch page 2 for capi_checklist_id 332 after 3 attempts.
2025-01-28 23:10:40,133 - __main__ - ERROR - No UIDs found for capi_checklist_id 332. Exiting fetchdata2.
2025-01-28 23:10:40,133 - __main__ - INFO - Fetching data for date range: 2025-01-27 to 2025-01-28
2025-01-28 23:10:40,133 - __main__ - INFO - Fetched 10 existing UIDs from the database.
2025-01-28 23:10:40,305 - __main__ - WARNING - Error fetching page 1 for capi_checklist_id 335 (attempt 1): 404 Client Error: Not Found for url: https://api.axismyindia.in/v1/admin/surveyors/qc-service/surveyor-responses/335?page=1&size=500&startDate=2025-01-27&endDate=2025-01-28
2025-01-28 23:10:44,485 - __main__ - WARNING - Error fetching page 1 for capi_checklist_id 335 (attempt 2): 404 Client Error: Not Found for url: https://api.axismyindia.in/v1/admin/surveyors/qc-service/surveyor-responses/335?page=1&size=500&startDate=2025-01-27&endDate=2025-01-28
2025-01-28 23:10:52,495 - __main__ - ERROR - Failed to fetch page 1 for capi_checklist_id 335 after 3 attempts.
2025-01-28 23:10:52,499 - __main__ - ERROR - No UIDs found for capi_checklist_id 335. Exiting fetchdata2.
2025-01-28 23:10:52,547 - __main__ - INFO - Fetching data for date range: 2025-01-27 to 2025-01-28
2025-01-28 23:10:52,562 - __main__ - INFO - Fetched 47 existing UIDs from the database.
2025-01-28 23:10:52,736 - __main__ - INFO - Fetched page 1 successfully with 27 responses .
2025-01-28 23:10:52,908 - __main__ - WARNING - Error fetching page 2 for capi_checklist_id 325 (attempt 1): 404 Client Error: Not Found for url: https://api.axismyindia.in/v1/admin/surveyors/qc-service/surveyor-responses/325?page=2&size=500&startDate=2025-01-27&endDate=2025-01-28
2025-01-28 23:10:57,093 - __main__ - WARNING - Error fetching page 2 for capi_checklist_id 325 (attempt 2): 404 Client Error: Not Found for url: https://api.axismyindia.in/v1/admin/surveyors/qc-service/surveyor-responses/325?page=2&size=500&startDate=2025-01-27&endDate=2025-01-28
2025-01-28 23:11:05,105 - __main__ - ERROR - Failed to fetch page 2 for capi_checklist_id 325 after 3 attempts.
2025-01-28 23:11:05,130 - __main__ - ERROR - No UIDs found for capi_checklist_id 325. Exiting fetchdata2.
2025-01-28 23:11:05,194 - __main__ - INFO - Fetching data for date range: 2025-01-27 to 2025-01-28
2025-01-28 23:11:05,225 - __main__ - INFO - Fetched 253 existing UIDs from the database.
2025-01-28 23:11:05,430 - __main__ - INFO - Fetched page 1 successfully with 76 responses .
2025-01-28 23:11:05,603 - __main__ - WARNING - Error fetching page 2 for capi_checklist_id 347 (attempt 1): 404 Client Error: Not Found for url: https://api.axismyindia.in/v1/admin/surveyors/qc-service/surveyor-responses/347?page=2&size=500&startDate=2025-01-27&endDate=2025-01-28
2025-01-28 23:11:09,771 - __main__ - WARNING - Error fetching page 2 for capi_checklist_id 347 (attempt 2): 404 Client Error: Not Found for url: https://api.axismyindia.in/v1/admin/surveyors/qc-service/surveyor-responses/347?page=2&size=500&startDate=2025-01-27&endDate=2025-01-28
2025-01-28 23:11:17,783 - __main__ - ERROR - Failed to fetch page 2 for capi_checklist_id 347 after 3 attempts.
2025-01-28 23:11:17,791 - __main__ - ERROR - No UIDs found for capi_checklist_id 347. Exiting fetchdata2.
2025-01-28 23:11:17,807 - __main__ - INFO - Fetching data for date range: 2025-01-27 to 2025-01-28
2025-01-28 23:11:17,823 - __main__ - INFO - Fetched 11 existing UIDs from the database.
2025-01-28 23:11:17,996 - __main__ - INFO - Fetched page 1 successfully with 1 responses .
2025-01-28 23:11:18,152 - __main__ - WARNING - Error fetching page 2 for capi_checklist_id 382 (attempt 1): 404 Client Error: Not Found for url: https://api.axismyindia.in/v1/admin/surveyors/qc-service/surveyor-responses/382?page=2&size=500&startDate=2025-01-27&endDate=2025-01-28
2025-01-28 23:11:22,331 - __main__ - WARNING - Error fetching page 2 for capi_checklist_id 382 (attempt 2): 404 Client Error: Not Found for url: https://api.axismyindia.in/v1/admin/surveyors/qc-service/surveyor-responses/382?page=2&size=500&startDate=2025-01-27&endDate=2025-01-28
2025-01-28 23:11:30,345 - __main__ - ERROR - Failed to fetch page 2 for capi_checklist_id 382 after 3 attempts.
2025-01-28 23:11:30,377 - __main__ - ERROR - No UIDs found for capi_checklist_id 382. Exiting fetchdata2.
2025-01-28 23:11:30,424 - __main__ - INFO - Fetching data for date range: 2025-01-27 to 2025-01-28
2025-01-28 23:11:30,440 - __main__ - INFO - Fetched 38 existing UIDs from the database.
2025-01-28 23:11:30,628 - __main__ - WARNING - Error fetching page 1 for capi_checklist_id 339 (attempt 1): 404 Client Error: Not Found for url: https://api.axismyindia.in/v1/admin/surveyors/qc-service/surveyor-responses/339?page=1&size=500&startDate=2025-01-27&endDate=2025-01-28
2025-01-28 23:11:34,807 - __main__ - WARNING - Error fetching page 1 for capi_checklist_id 339 (attempt 2): 404 Client Error: Not Found for url: https://api.axismyindia.in/v1/admin/surveyors/qc-service/surveyor-responses/339?page=1&size=500&startDate=2025-01-27&endDate=2025-01-28
2025-01-28 23:11:42,810 - __main__ - ERROR - Failed to fetch page 1 for capi_checklist_id 339 after 3 attempts.
2025-01-28 23:11:42,817 - __main__ - ERROR - No UIDs found for capi_checklist_id 339. Exiting fetchdata2.
2025-01-28 23:11:42,850 - __main__ - INFO - Fetching data for date range: 2025-01-27 to 2025-01-28
2025-01-28 23:11:42,864 - __main__ - INFO - Fetched 1 existing UIDs from the database.
2025-01-28 23:11:43,023 - __main__ - WARNING - Error fetching page 1 for capi_checklist_id 334 (attempt 1): 404 Client Error: Not Found for url: https://api.axismyindia.in/v1/admin/surveyors/qc-service/surveyor-responses/334?page=1&size=500&startDate=2025-01-27&endDate=2025-01-28
2025-01-28 23:11:47,204 - __main__ - WARNING - Error fetching page 1 for capi_checklist_id 334 (attempt 2): 404 Client Error: Not Found for url: https://api.axismyindia.in/v1/admin/surveyors/qc-service/surveyor-responses/334?page=1&size=500&startDate=2025-01-27&endDate=2025-01-28
2025-01-28 23:11:55,217 - __main__ - ERROR - Failed to fetch page 1 for capi_checklist_id 334 after 3 attempts.
2025-01-28 23:11:55,228 - __main__ - ERROR - No UIDs found for capi_checklist_id 334. Exiting fetchdata2.
2025-01-28 23:11:55,228 - __main__ - INFO - Fetching data for date range: 2025-01-27 to 2025-01-28
2025-01-28 23:11:55,322 - __main__ - INFO - Fetched 6098 existing UIDs from the database.
2025-01-28 23:11:55,526 - __main__ - INFO - Fetched page 1 successfully with 112 responses .
2025-01-28 23:11:55,713 - __main__ - WARNING - Error fetching page 2 for capi_checklist_id 321 (attempt 1): 404 Client Error: Not Found for url: https://api.axismyindia.in/v1/admin/surveyors/qc-service/surveyor-responses/321?page=2&size=500&startDate=2025-01-27&endDate=2025-01-28
2025-01-28 23:11:59,874 - __main__ - WARNING - Error fetching page 2 for capi_checklist_id 321 (attempt 2): 404 Client Error: Not Found for url: https://api.axismyindia.in/v1/admin/surveyors/qc-service/surveyor-responses/321?page=2&size=500&startDate=2025-01-27&endDate=2025-01-28
2025-01-28 23:12:07,875 - __main__ - ERROR - Failed to fetch page 2 for capi_checklist_id 321 after 3 attempts.
2025-01-28 23:12:07,879 - __main__ - ERROR - No UIDs found for capi_checklist_id 321. Exiting fetchdata2.
2025-01-29 00:04:56,107 - __main__ - INFO - Fetching data for date range: 2025-01-28 to 2025-01-29
2025-01-29 00:04:56,123 - __main__ - INFO - Fetched 2 existing UIDs from the database.
2025-01-29 00:04:56,311 - __main__ - WARNING - Error fetching page 1 for capi_checklist_id 397 (attempt 1): 404 Client Error: Not Found for url: https://api.axismyindia.in/v1/admin/surveyors/qc-service/surveyor-responses/397?page=1&size=500&startDate=2025-01-28&endDate=2025-01-29
2025-01-29 00:05:00,477 - __main__ - WARNING - Error fetching page 1 for capi_checklist_id 397 (attempt 2): 404 Client Error: Not Found for url: https://api.axismyindia.in/v1/admin/surveyors/qc-service/surveyor-responses/397?page=1&size=500&startDate=2025-01-28&endDate=2025-01-29
2025-01-29 00:05:08,493 - __main__ - ERROR - Failed to fetch page 1 for capi_checklist_id 397 after 3 attempts.
2025-01-29 00:05:08,524 - __main__ - ERROR - No UIDs found for capi_checklist_id 397. Exiting fetchdata2.
2025-01-29 00:05:08,622 - __main__ - INFO - Fetching data for date range: 2025-01-28 to 2025-01-29
2025-01-29 00:05:08,624 - __main__ - INFO - Fetched 0 existing UIDs from the database.
2025-01-29 00:05:08,823 - __main__ - WARNING - Error fetching page 1 for capi_checklist_id 400 (attempt 1): 404 Client Error: Not Found for url: https://api.axismyindia.in/v1/admin/surveyors/qc-service/surveyor-responses/400?page=1&size=500&startDate=2025-01-28&endDate=2025-01-29
2025-01-29 00:05:12,968 - __main__ - WARNING - Error fetching page 1 for capi_checklist_id 400 (attempt 2): 404 Client Error: Not Found for url: https://api.axismyindia.in/v1/admin/surveyors/qc-service/surveyor-responses/400?page=1&size=500&startDate=2025-01-28&endDate=2025-01-29
2025-01-29 00:05:20,980 - __main__ - ERROR - Failed to fetch page 1 for capi_checklist_id 400 after 3 attempts.
2025-01-29 00:05:20,987 - __main__ - ERROR - No UIDs found for capi_checklist_id 400. Exiting fetchdata2.
2025-01-29 00:05:21,050 - __main__ - INFO - Fetching data for date range: 2025-01-28 to 2025-01-29
2025-01-29 00:05:21,065 - __main__ - INFO - Fetched 26 existing UIDs from the database.
2025-01-29 00:05:21,284 - __main__ - INFO - Fetched page 1 successfully with 18 responses .
2025-01-29 00:05:21,442 - __main__ - WARNING - Error fetching page 2 for capi_checklist_id 354 (attempt 1): 404 Client Error: Not Found for url: https://api.axismyindia.in/v1/admin/surveyors/qc-service/surveyor-responses/354?page=2&size=500&startDate=2025-01-28&endDate=2025-01-29
2025-01-29 00:05:25,608 - __main__ - WARNING - Error fetching page 2 for capi_checklist_id 354 (attempt 2): 404 Client Error: Not Found for url: https://api.axismyindia.in/v1/admin/surveyors/qc-service/surveyor-responses/354?page=2&size=500&startDate=2025-01-28&endDate=2025-01-29
2025-01-29 00:05:33,619 - __main__ - ERROR - Failed to fetch page 2 for capi_checklist_id 354 after 3 attempts.
2025-01-29 00:05:33,634 - __main__ - ERROR - No UIDs found for capi_checklist_id 354. Exiting fetchdata2.
2025-01-29 00:05:33,681 - __main__ - INFO - Fetching data for date range: 2025-01-28 to 2025-01-29
2025-01-29 00:05:33,697 - __main__ - INFO - Fetched 7 existing UIDs from the database.
2025-01-29 00:05:33,869 - __main__ - WARNING - Error fetching page 1 for capi_checklist_id 329 (attempt 1): 404 Client Error: Not Found for url: https://api.axismyindia.in/v1/admin/surveyors/qc-service/surveyor-responses/329?page=1&size=500&startDate=2025-01-28&endDate=2025-01-29
2025-01-29 00:05:38,060 - __main__ - WARNING - Error fetching page 1 for capi_checklist_id 329 (attempt 2): 404 Client Error: Not Found for url: https://api.axismyindia.in/v1/admin/surveyors/qc-service/surveyor-responses/329?page=1&size=500&startDate=2025-01-28&endDate=2025-01-29
2025-01-29 00:05:46,065 - __main__ - ERROR - Failed to fetch page 1 for capi_checklist_id 329 after 3 attempts.
2025-01-29 00:05:46,080 - __main__ - ERROR - No UIDs found for capi_checklist_id 329. Exiting fetchdata2.
2025-01-29 00:05:46,143 - __main__ - INFO - Fetching data for date range: 2025-01-28 to 2025-01-29
2025-01-29 00:05:46,143 - __main__ - INFO - Fetched 2 existing UIDs from the database.
2025-01-29 00:05:46,346 - __main__ - WARNING - Error fetching page 1 for capi_checklist_id 346 (attempt 1): 404 Client Error: Not Found for url: https://api.axismyindia.in/v1/admin/surveyors/qc-service/surveyor-responses/346?page=1&size=500&startDate=2025-01-28&endDate=2025-01-29
2025-01-29 00:05:50,509 - __main__ - WARNING - Error fetching page 1 for capi_checklist_id 346 (attempt 2): 404 Client Error: Not Found for url: https://api.axismyindia.in/v1/admin/surveyors/qc-service/surveyor-responses/346?page=1&size=500&startDate=2025-01-28&endDate=2025-01-29
2025-01-29 00:05:58,519 - __main__ - ERROR - Failed to fetch page 1 for capi_checklist_id 346 after 3 attempts.
2025-01-29 00:05:58,536 - __main__ - ERROR - No UIDs found for capi_checklist_id 346. Exiting fetchdata2.
2025-01-29 00:05:58,567 - __main__ - INFO - Fetching data for date range: 2025-01-28 to 2025-01-29
2025-01-29 00:05:58,567 - __main__ - INFO - Fetched 1 existing UIDs from the database.
2025-01-29 00:05:58,755 - __main__ - WARNING - Error fetching page 1 for capi_checklist_id 331 (attempt 1): 404 Client Error: Not Found for url: https://api.axismyindia.in/v1/admin/surveyors/qc-service/surveyor-responses/331?page=1&size=500&startDate=2025-01-28&endDate=2025-01-29
2025-01-29 00:06:02,912 - __main__ - WARNING - Error fetching page 1 for capi_checklist_id 331 (attempt 2): 404 Client Error: Not Found for url: https://api.axismyindia.in/v1/admin/surveyors/qc-service/surveyor-responses/331?page=1&size=500&startDate=2025-01-28&endDate=2025-01-29
2025-01-29 00:06:10,927 - __main__ - ERROR - Failed to fetch page 1 for capi_checklist_id 331 after 3 attempts.
2025-01-29 00:06:10,927 - __main__ - ERROR - No UIDs found for capi_checklist_id 331. Exiting fetchdata2.
2025-01-29 00:06:10,938 - __main__ - INFO - Fetching data for date range: 2025-01-28 to 2025-01-29
2025-01-29 00:06:10,938 - __main__ - INFO - Fetched 4 existing UIDs from the database.
2025-01-29 00:06:11,096 - __main__ - WARNING - Error fetching page 1 for capi_checklist_id 337 (attempt 1): 404 Client Error: Not Found for url: https://api.axismyindia.in/v1/admin/surveyors/qc-service/surveyor-responses/337?page=1&size=500&startDate=2025-01-28&endDate=2025-01-29
2025-01-29 00:06:15,255 - __main__ - WARNING - Error fetching page 1 for capi_checklist_id 337 (attempt 2): 404 Client Error: Not Found for url: https://api.axismyindia.in/v1/admin/surveyors/qc-service/surveyor-responses/337?page=1&size=500&startDate=2025-01-28&endDate=2025-01-29
2025-01-29 00:06:23,277 - __main__ - ERROR - Failed to fetch page 1 for capi_checklist_id 337 after 3 attempts.
2025-01-29 00:06:23,308 - __main__ - ERROR - No UIDs found for capi_checklist_id 337. Exiting fetchdata2.
2025-01-29 00:06:23,355 - __main__ - INFO - Fetching data for date range: 2025-01-28 to 2025-01-29
2025-01-29 00:06:23,371 - __main__ - INFO - Fetched 44 existing UIDs from the database.
2025-01-29 00:06:23,575 - __main__ - WARNING - Error fetching page 1 for capi_checklist_id 349 (attempt 1): 404 Client Error: Not Found for url: https://api.axismyindia.in/v1/admin/surveyors/qc-service/surveyor-responses/349?page=1&size=500&startDate=2025-01-28&endDate=2025-01-29
2025-01-29 00:06:27,741 - __main__ - WARNING - Error fetching page 1 for capi_checklist_id 349 (attempt 2): 404 Client Error: Not Found for url: https://api.axismyindia.in/v1/admin/surveyors/qc-service/surveyor-responses/349?page=1&size=500&startDate=2025-01-28&endDate=2025-01-29
2025-01-29 00:06:35,748 - __main__ - ERROR - Failed to fetch page 1 for capi_checklist_id 349 after 3 attempts.
2025-01-29 00:06:35,774 - __main__ - ERROR - No UIDs found for capi_checklist_id 349. Exiting fetchdata2.
2025-01-29 00:06:35,821 - __main__ - INFO - Fetching data for date range: 2025-01-28 to 2025-01-29
2025-01-29 00:06:35,837 - __main__ - INFO - Fetched 66 existing UIDs from the database.
2025-01-29 00:06:36,103 - __main__ - INFO - Fetched page 1 successfully with 24 responses .
2025-01-29 00:06:36,275 - __main__ - WARNING - Error fetching page 2 for capi_checklist_id 343 (attempt 1): 404 Client Error: Not Found for url: https://api.axismyindia.in/v1/admin/surveyors/qc-service/surveyor-responses/343?page=2&size=500&startDate=2025-01-28&endDate=2025-01-29
2025-01-29 00:06:40,434 - __main__ - WARNING - Error fetching page 2 for capi_checklist_id 343 (attempt 2): 404 Client Error: Not Found for url: https://api.axismyindia.in/v1/admin/surveyors/qc-service/surveyor-responses/343?page=2&size=500&startDate=2025-01-28&endDate=2025-01-29
2025-01-29 00:06:48,442 - __main__ - ERROR - Failed to fetch page 2 for capi_checklist_id 343 after 3 attempts.
2025-01-29 00:06:48,442 - __main__ - ERROR - No UIDs found for capi_checklist_id 343. Exiting fetchdata2.
2025-01-29 00:06:48,449 - __main__ - INFO - Fetching data for date range: 2025-01-28 to 2025-01-29
2025-01-29 00:06:48,459 - __main__ - INFO - Fetched 94 existing UIDs from the database.
2025-01-29 00:06:48,630 - __main__ - INFO - Fetched page 1 successfully with 25 responses .
2025-01-29 00:06:48,787 - __main__ - WARNING - Error fetching page 2 for capi_checklist_id 340 (attempt 1): 404 Client Error: Not Found for url: https://api.axismyindia.in/v1/admin/surveyors/qc-service/surveyor-responses/340?page=2&size=500&startDate=2025-01-28&endDate=2025-01-29
2025-01-29 00:06:52,967 - __main__ - WARNING - Error fetching page 2 for capi_checklist_id 340 (attempt 2): 404 Client Error: Not Found for url: https://api.axismyindia.in/v1/admin/surveyors/qc-service/surveyor-responses/340?page=2&size=500&startDate=2025-01-28&endDate=2025-01-29
2025-01-29 00:07:00,971 - __main__ - ERROR - Failed to fetch page 2 for capi_checklist_id 340 after 3 attempts.
2025-01-29 00:07:00,974 - __main__ - ERROR - No UIDs found for capi_checklist_id 340. Exiting fetchdata2.
2025-01-29 00:07:00,979 - __main__ - INFO - Fetching data for date range: 2025-01-28 to 2025-01-29
2025-01-29 00:07:00,981 - __main__ - INFO - Fetched 121 existing UIDs from the database.
2025-01-29 00:07:01,168 - __main__ - INFO - Fetched page 1 successfully with 27 responses .
2025-01-29 00:07:01,341 - __main__ - WARNING - Error fetching page 2 for capi_checklist_id 341 (attempt 1): 404 Client Error: Not Found for url: https://api.axismyindia.in/v1/admin/surveyors/qc-service/surveyor-responses/341?page=2&size=500&startDate=2025-01-28&endDate=2025-01-29
2025-01-29 00:07:05,508 - __main__ - WARNING - Error fetching page 2 for capi_checklist_id 341 (attempt 2): 404 Client Error: Not Found for url: https://api.axismyindia.in/v1/admin/surveyors/qc-service/surveyor-responses/341?page=2&size=500&startDate=2025-01-28&endDate=2025-01-29
2025-01-29 00:07:13,519 - __main__ - ERROR - Failed to fetch page 2 for capi_checklist_id 341 after 3 attempts.
2025-01-29 00:07:13,558 - __main__ - ERROR - No UIDs found for capi_checklist_id 341. Exiting fetchdata2.
2025-01-29 00:07:13,621 - __main__ - INFO - Fetching data for date range: 2025-01-28 to 2025-01-29
2025-01-29 00:07:13,637 - __main__ - INFO - Fetched 193 existing UIDs from the database.
2025-01-29 00:07:13,872 - __main__ - INFO - Fetched page 1 successfully with 45 responses .
2025-01-29 00:07:14,044 - __main__ - WARNING - Error fetching page 2 for capi_checklist_id 355 (attempt 1): 404 Client Error: Not Found for url: https://api.axismyindia.in/v1/admin/surveyors/qc-service/surveyor-responses/355?page=2&size=500&startDate=2025-01-28&endDate=2025-01-29
2025-01-29 00:07:18,199 - __main__ - WARNING - Error fetching page 2 for capi_checklist_id 355 (attempt 2): 404 Client Error: Not Found for url: https://api.axismyindia.in/v1/admin/surveyors/qc-service/surveyor-responses/355?page=2&size=500&startDate=2025-01-28&endDate=2025-01-29
2025-01-29 00:07:26,201 - __main__ - ERROR - Failed to fetch page 2 for capi_checklist_id 355 after 3 attempts.
2025-01-29 00:07:26,201 - __main__ - ERROR - No UIDs found for capi_checklist_id 355. Exiting fetchdata2.
2025-01-29 00:07:26,217 - __main__ - INFO - Fetching data for date range: 2025-01-28 to 2025-01-29
2025-01-29 00:07:26,217 - __main__ - INFO - Fetched 22 existing UIDs from the database.
2025-01-29 00:07:26,395 - __main__ - WARNING - Error fetching page 1 for capi_checklist_id 403 (attempt 1): 404 Client Error: Not Found for url: https://api.axismyindia.in/v1/admin/surveyors/qc-service/surveyor-responses/403?page=1&size=500&startDate=2025-01-28&endDate=2025-01-29
2025-01-29 00:07:30,564 - __main__ - WARNING - Error fetching page 1 for capi_checklist_id 403 (attempt 2): 404 Client Error: Not Found for url: https://api.axismyindia.in/v1/admin/surveyors/qc-service/surveyor-responses/403?page=1&size=500&startDate=2025-01-28&endDate=2025-01-29
2025-01-29 00:07:38,572 - __main__ - ERROR - Failed to fetch page 1 for capi_checklist_id 403 after 3 attempts.
2025-01-29 00:07:38,572 - __main__ - ERROR - No UIDs found for capi_checklist_id 403. Exiting fetchdata2.
2025-01-29 00:07:38,580 - __main__ - INFO - Fetching data for date range: 2025-01-28 to 2025-01-29
2025-01-29 00:07:38,585 - __main__ - INFO - Fetched 53 existing UIDs from the database.
2025-01-29 00:07:38,753 - __main__ - WARNING - Error fetching page 1 for capi_checklist_id 404 (attempt 1): 404 Client Error: Not Found for url: https://api.axismyindia.in/v1/admin/surveyors/qc-service/surveyor-responses/404?page=1&size=500&startDate=2025-01-28&endDate=2025-01-29
2025-01-29 00:07:42,918 - __main__ - WARNING - Error fetching page 1 for capi_checklist_id 404 (attempt 2): 404 Client Error: Not Found for url: https://api.axismyindia.in/v1/admin/surveyors/qc-service/surveyor-responses/404?page=1&size=500&startDate=2025-01-28&endDate=2025-01-29
2025-01-29 00:07:50,927 - __main__ - ERROR - Failed to fetch page 1 for capi_checklist_id 404 after 3 attempts.
2025-01-29 00:07:50,943 - __main__ - ERROR - No UIDs found for capi_checklist_id 404. Exiting fetchdata2.
2025-01-29 00:07:50,959 - __main__ - INFO - Fetching data for date range: 2025-01-28 to 2025-01-29
2025-01-29 00:07:50,975 - __main__ - INFO - Fetched 3 existing UIDs from the database.
2025-01-29 00:07:51,132 - __main__ - WARNING - Error fetching page 1 for capi_checklist_id 363 (attempt 1): 404 Client Error: Not Found for url: https://api.axismyindia.in/v1/admin/surveyors/qc-service/surveyor-responses/363?page=1&size=500&startDate=2025-01-28&endDate=2025-01-29
2025-01-29 00:07:55,324 - __main__ - WARNING - Error fetching page 1 for capi_checklist_id 363 (attempt 2): 404 Client Error: Not Found for url: https://api.axismyindia.in/v1/admin/surveyors/qc-service/surveyor-responses/363?page=1&size=500&startDate=2025-01-28&endDate=2025-01-29
2025-01-29 00:08:03,326 - __main__ - ERROR - Failed to fetch page 1 for capi_checklist_id 363 after 3 attempts.
2025-01-29 00:08:03,337 - __main__ - ERROR - No UIDs found for capi_checklist_id 363. Exiting fetchdata2.
2025-01-29 00:08:03,385 - __main__ - INFO - Fetching data for date range: 2025-01-28 to 2025-01-29
2025-01-29 00:08:03,385 - __main__ - INFO - Fetched 7 existing UIDs from the database.
2025-01-29 00:08:03,558 - __main__ - INFO - Fetched page 1 successfully with 1 responses .
2025-01-29 00:08:03,730 - __main__ - WARNING - Error fetching page 2 for capi_checklist_id 352 (attempt 1): 404 Client Error: Not Found for url: https://api.axismyindia.in/v1/admin/surveyors/qc-service/surveyor-responses/352?page=2&size=500&startDate=2025-01-28&endDate=2025-01-29
2025-01-29 00:08:07,891 - __main__ - WARNING - Error fetching page 2 for capi_checklist_id 352 (attempt 2): 404 Client Error: Not Found for url: https://api.axismyindia.in/v1/admin/surveyors/qc-service/surveyor-responses/352?page=2&size=500&startDate=2025-01-28&endDate=2025-01-29
2025-01-29 00:08:15,898 - __main__ - ERROR - Failed to fetch page 2 for capi_checklist_id 352 after 3 attempts.
2025-01-29 00:08:15,900 - __main__ - ERROR - No UIDs found for capi_checklist_id 352. Exiting fetchdata2.
2025-01-29 00:08:15,900 - __main__ - INFO - Fetching data for date range: 2025-01-28 to 2025-01-29
2025-01-29 00:08:15,900 - __main__ - INFO - Fetched 12 existing UIDs from the database.
2025-01-29 00:08:16,088 - __main__ - INFO - Fetched page 1 successfully with 5 responses .
2025-01-29 00:08:16,244 - __main__ - WARNING - Error fetching page 2 for capi_checklist_id 330 (attempt 1): 404 Client Error: Not Found for url: https://api.axismyindia.in/v1/admin/surveyors/qc-service/surveyor-responses/330?page=2&size=500&startDate=2025-01-28&endDate=2025-01-29
2025-01-29 00:08:20,406 - __main__ - WARNING - Error fetching page 2 for capi_checklist_id 330 (attempt 2): 404 Client Error: Not Found for url: https://api.axismyindia.in/v1/admin/surveyors/qc-service/surveyor-responses/330?page=2&size=500&startDate=2025-01-28&endDate=2025-01-29
2025-01-29 00:08:28,420 - __main__ - ERROR - Failed to fetch page 2 for capi_checklist_id 330 after 3 attempts.
2025-01-29 00:08:28,430 - __main__ - ERROR - No UIDs found for capi_checklist_id 330. Exiting fetchdata2.
2025-01-29 00:08:28,446 - __main__ - INFO - Fetching data for date range: 2025-01-28 to 2025-01-29
2025-01-29 00:08:28,462 - __main__ - INFO - Fetched 13 existing UIDs from the database.
2025-01-29 00:08:28,619 - __main__ - WARNING - Error fetching page 1 for capi_checklist_id 348 (attempt 1): 404 Client Error: Not Found for url: https://api.axismyindia.in/v1/admin/surveyors/qc-service/surveyor-responses/348?page=1&size=500&startDate=2025-01-28&endDate=2025-01-29
2025-01-29 00:08:32,799 - __main__ - WARNING - Error fetching page 1 for capi_checklist_id 348 (attempt 2): 404 Client Error: Not Found for url: https://api.axismyindia.in/v1/admin/surveyors/qc-service/surveyor-responses/348?page=1&size=500&startDate=2025-01-28&endDate=2025-01-29
2025-01-29 00:08:40,835 - __main__ - ERROR - Failed to fetch page 1 for capi_checklist_id 348 after 3 attempts.
2025-01-29 00:08:40,928 - __main__ - ERROR - No UIDs found for capi_checklist_id 348. Exiting fetchdata2.
2025-01-29 00:08:41,062 - __main__ - INFO - Fetching data for date range: 2025-01-28 to 2025-01-29
2025-01-29 00:08:41,072 - __main__ - INFO - Fetched 0 existing UIDs from the database.
2025-01-29 00:08:41,354 - __main__ - WARNING - Error fetching page 1 for capi_checklist_id 290 (attempt 1): 404 Client Error: Not Found for url: https://api.axismyindia.in/v1/admin/surveyors/qc-service/surveyor-responses/290?page=1&size=500&startDate=2025-01-28&endDate=2025-01-29
2025-01-29 00:08:45,522 - __main__ - WARNING - Error fetching page 1 for capi_checklist_id 290 (attempt 2): 404 Client Error: Not Found for url: https://api.axismyindia.in/v1/admin/surveyors/qc-service/surveyor-responses/290?page=1&size=500&startDate=2025-01-28&endDate=2025-01-29
2025-01-29 00:08:53,548 - __main__ - ERROR - Failed to fetch page 1 for capi_checklist_id 290 after 3 attempts.
2025-01-29 00:08:53,580 - __main__ - ERROR - No UIDs found for capi_checklist_id 290. Exiting fetchdata2.
2025-01-29 00:08:53,626 - __main__ - INFO - Fetching data for date range: 2025-01-28 to 2025-01-29
2025-01-29 00:08:53,641 - __main__ - INFO - Fetched 20 existing UIDs from the database.
2025-01-29 00:08:53,859 - __main__ - WARNING - Error fetching page 1 for capi_checklist_id 291 (attempt 1): 404 Client Error: Not Found for url: https://api.axismyindia.in/v1/admin/surveyors/qc-service/surveyor-responses/291?page=1&size=500&startDate=2025-01-28&endDate=2025-01-29
2025-01-29 00:08:58,024 - __main__ - WARNING - Error fetching page 1 for capi_checklist_id 291 (attempt 2): 404 Client Error: Not Found for url: https://api.axismyindia.in/v1/admin/surveyors/qc-service/surveyor-responses/291?page=1&size=500&startDate=2025-01-28&endDate=2025-01-29
2025-01-29 00:09:06,029 - __main__ - ERROR - Failed to fetch page 1 for capi_checklist_id 291 after 3 attempts.
2025-01-29 00:09:06,036 - __main__ - ERROR - No UIDs found for capi_checklist_id 291. Exiting fetchdata2.
2025-01-29 00:09:06,049 - __main__ - INFO - Fetching data for date range: 2025-01-28 to 2025-01-29
2025-01-29 00:09:06,063 - __main__ - INFO - Fetched 58 existing UIDs from the database.
2025-01-29 00:09:06,235 - __main__ - INFO - Fetched page 1 successfully with 11 responses .
2025-01-29 00:09:06,424 - __main__ - WARNING - Error fetching page 2 for capi_checklist_id 326 (attempt 1): 404 Client Error: Not Found for url: https://api.axismyindia.in/v1/admin/surveyors/qc-service/surveyor-responses/326?page=2&size=500&startDate=2025-01-28&endDate=2025-01-29
2025-01-29 00:09:10,580 - __main__ - WARNING - Error fetching page 2 for capi_checklist_id 326 (attempt 2): 404 Client Error: Not Found for url: https://api.axismyindia.in/v1/admin/surveyors/qc-service/surveyor-responses/326?page=2&size=500&startDate=2025-01-28&endDate=2025-01-29
2025-01-29 00:09:18,589 - __main__ - ERROR - Failed to fetch page 2 for capi_checklist_id 326 after 3 attempts.
2025-01-29 00:09:18,623 - __main__ - ERROR - No UIDs found for capi_checklist_id 326. Exiting fetchdata2.
2025-01-29 00:09:18,666 - __main__ - INFO - Fetching data for date range: 2025-01-28 to 2025-01-29
2025-01-29 00:09:18,666 - __main__ - INFO - Fetched 14 existing UIDs from the database.
2025-01-29 00:09:18,850 - __main__ - WARNING - Error fetching page 1 for capi_checklist_id 350 (attempt 1): 404 Client Error: Not Found for url: https://api.axismyindia.in/v1/admin/surveyors/qc-service/surveyor-responses/350?page=1&size=500&startDate=2025-01-28&endDate=2025-01-29
2025-01-29 00:09:23,037 - __main__ - WARNING - Error fetching page 1 for capi_checklist_id 350 (attempt 2): 404 Client Error: Not Found for url: https://api.axismyindia.in/v1/admin/surveyors/qc-service/surveyor-responses/350?page=1&size=500&startDate=2025-01-28&endDate=2025-01-29
2025-01-29 00:09:31,043 - __main__ - ERROR - Failed to fetch page 1 for capi_checklist_id 350 after 3 attempts.
2025-01-29 00:09:31,043 - __main__ - ERROR - No UIDs found for capi_checklist_id 350. Exiting fetchdata2.
2025-01-29 00:09:31,055 - __main__ - INFO - Fetching data for date range: 2025-01-28 to 2025-01-29
2025-01-29 00:09:31,087 - __main__ - INFO - Fetched 296 existing UIDs from the database.
2025-01-29 00:09:31,274 - __main__ - INFO - Fetched page 1 successfully with 81 responses .
2025-01-29 00:09:31,432 - __main__ - WARNING - Error fetching page 2 for capi_checklist_id 342 (attempt 1): 404 Client Error: Not Found for url: https://api.axismyindia.in/v1/admin/surveyors/qc-service/surveyor-responses/342?page=2&size=500&startDate=2025-01-28&endDate=2025-01-29
2025-01-29 00:09:35,594 - __main__ - WARNING - Error fetching page 2 for capi_checklist_id 342 (attempt 2): 404 Client Error: Not Found for url: https://api.axismyindia.in/v1/admin/surveyors/qc-service/surveyor-responses/342?page=2&size=500&startDate=2025-01-28&endDate=2025-01-29
2025-01-29 00:09:43,599 - __main__ - ERROR - Failed to fetch page 2 for capi_checklist_id 342 after 3 attempts.
2025-01-29 00:09:43,599 - __main__ - INFO - Fetched UIDs: defaultdict(<class 'list'>, {342: [15763]})
2025-01-29 00:09:44,821 - __main__ - INFO - Fetched data for UID 15763
2025-01-29 00:09:46,199 - __main__ - INFO - Fetching data for date range: 2025-01-28 to 2025-01-29
2025-01-29 00:09:46,199 - __main__ - INFO - Fetched 5 existing UIDs from the database.
2025-01-29 00:09:46,371 - __main__ - INFO - Fetched page 1 successfully with 1 responses .
2025-01-29 00:09:46,539 - __main__ - WARNING - Error fetching page 2 for capi_checklist_id 319 (attempt 1): 404 Client Error: Not Found for url: https://api.axismyindia.in/v1/admin/surveyors/qc-service/surveyor-responses/319?page=2&size=500&startDate=2025-01-28&endDate=2025-01-29
2025-01-29 00:09:50,697 - __main__ - WARNING - Error fetching page 2 for capi_checklist_id 319 (attempt 2): 404 Client Error: Not Found for url: https://api.axismyindia.in/v1/admin/surveyors/qc-service/surveyor-responses/319?page=2&size=500&startDate=2025-01-28&endDate=2025-01-29
2025-01-29 00:09:58,703 - __main__ - ERROR - Failed to fetch page 2 for capi_checklist_id 319 after 3 attempts.
2025-01-29 00:09:58,703 - __main__ - ERROR - No UIDs found for capi_checklist_id 319. Exiting fetchdata2.
2025-01-29 00:09:58,718 - __main__ - INFO - Fetching data for date range: 2025-01-28 to 2025-01-29
2025-01-29 00:09:58,718 - __main__ - INFO - Fetched 5 existing UIDs from the database.
2025-01-29 00:09:58,904 - __main__ - WARNING - Error fetching page 1 for capi_checklist_id 320 (attempt 1): 404 Client Error: Not Found for url: https://api.axismyindia.in/v1/admin/surveyors/qc-service/surveyor-responses/320?page=1&size=500&startDate=2025-01-28&endDate=2025-01-29
2025-01-29 00:10:03,071 - __main__ - WARNING - Error fetching page 1 for capi_checklist_id 320 (attempt 2): 404 Client Error: Not Found for url: https://api.axismyindia.in/v1/admin/surveyors/qc-service/surveyor-responses/320?page=1&size=500&startDate=2025-01-28&endDate=2025-01-29
2025-01-29 00:10:11,084 - __main__ - ERROR - Failed to fetch page 1 for capi_checklist_id 320 after 3 attempts.
2025-01-29 00:10:11,089 - __main__ - ERROR - No UIDs found for capi_checklist_id 320. Exiting fetchdata2.
2025-01-29 00:10:11,089 - __main__ - INFO - Fetching data for date range: 2025-01-28 to 2025-01-29
2025-01-29 00:10:11,105 - __main__ - INFO - Fetched 152 existing UIDs from the database.
2025-01-29 00:10:11,293 - __main__ - INFO - Fetched page 1 successfully with 55 responses .
2025-01-29 00:10:11,466 - __main__ - WARNING - Error fetching page 2 for capi_checklist_id 344 (attempt 1): 404 Client Error: Not Found for url: https://api.axismyindia.in/v1/admin/surveyors/qc-service/surveyor-responses/344?page=2&size=500&startDate=2025-01-28&endDate=2025-01-29
2025-01-29 00:10:15,634 - __main__ - WARNING - Error fetching page 2 for capi_checklist_id 344 (attempt 2): 404 Client Error: Not Found for url: https://api.axismyindia.in/v1/admin/surveyors/qc-service/surveyor-responses/344?page=2&size=500&startDate=2025-01-28&endDate=2025-01-29
2025-01-29 00:10:23,679 - __main__ - ERROR - Failed to fetch page 2 for capi_checklist_id 344 after 3 attempts.
2025-01-29 00:10:23,783 - __main__ - ERROR - No UIDs found for capi_checklist_id 344. Exiting fetchdata2.
2025-01-29 00:10:23,915 - __main__ - INFO - Fetching data for date range: 2025-01-28 to 2025-01-29
2025-01-29 00:10:23,996 - __main__ - INFO - Fetched 97 existing UIDs from the database.
2025-01-29 00:10:24,320 - __main__ - INFO - Fetched page 1 successfully with 13 responses .
2025-01-29 00:10:24,497 - __main__ - WARNING - Error fetching page 2 for capi_checklist_id 332 (attempt 1): 404 Client Error: Not Found for url: https://api.axismyindia.in/v1/admin/surveyors/qc-service/surveyor-responses/332?page=2&size=500&startDate=2025-01-28&endDate=2025-01-29
2025-01-29 00:10:28,846 - __main__ - WARNING - Error fetching page 2 for capi_checklist_id 332 (attempt 2): 404 Client Error: Not Found for url: https://api.axismyindia.in/v1/admin/surveyors/qc-service/surveyor-responses/332?page=2&size=500&startDate=2025-01-28&endDate=2025-01-29
2025-01-29 00:10:36,869 - __main__ - ERROR - Failed to fetch page 2 for capi_checklist_id 332 after 3 attempts.
2025-01-29 00:10:36,904 - __main__ - ERROR - No UIDs found for capi_checklist_id 332. Exiting fetchdata2.
2025-01-29 00:10:36,976 - __main__ - INFO - Fetching data for date range: 2025-01-28 to 2025-01-29
2025-01-29 00:10:36,979 - __main__ - INFO - Fetched 10 existing UIDs from the database.
2025-01-29 00:10:37,261 - __main__ - WARNING - Error fetching page 1 for capi_checklist_id 335 (attempt 1): 404 Client Error: Not Found for url: https://api.axismyindia.in/v1/admin/surveyors/qc-service/surveyor-responses/335?page=1&size=500&startDate=2025-01-28&endDate=2025-01-29
2025-01-29 00:10:41,426 - __main__ - WARNING - Error fetching page 1 for capi_checklist_id 335 (attempt 2): 404 Client Error: Not Found for url: https://api.axismyindia.in/v1/admin/surveyors/qc-service/surveyor-responses/335?page=1&size=500&startDate=2025-01-28&endDate=2025-01-29
2025-01-29 00:10:49,431 - __main__ - ERROR - Failed to fetch page 1 for capi_checklist_id 335 after 3 attempts.
2025-01-29 00:10:49,435 - __main__ - ERROR - No UIDs found for capi_checklist_id 335. Exiting fetchdata2.
2025-01-29 00:10:49,435 - __main__ - INFO - Fetching data for date range: 2025-01-28 to 2025-01-29
2025-01-29 00:10:49,450 - __main__ - INFO - Fetched 47 existing UIDs from the database.
2025-01-29 00:10:49,622 - __main__ - INFO - Fetched page 1 successfully with 14 responses .
2025-01-29 00:10:49,795 - __main__ - WARNING - Error fetching page 2 for capi_checklist_id 325 (attempt 1): 404 Client Error: Not Found for url: https://api.axismyindia.in/v1/admin/surveyors/qc-service/surveyor-responses/325?page=2&size=500&startDate=2025-01-28&endDate=2025-01-29
2025-01-29 00:10:53,949 - __main__ - WARNING - Error fetching page 2 for capi_checklist_id 325 (attempt 2): 404 Client Error: Not Found for url: https://api.axismyindia.in/v1/admin/surveyors/qc-service/surveyor-responses/325?page=2&size=500&startDate=2025-01-28&endDate=2025-01-29
2025-01-29 00:11:01,965 - __main__ - ERROR - Failed to fetch page 2 for capi_checklist_id 325 after 3 attempts.
2025-01-29 00:11:01,969 - __main__ - ERROR - No UIDs found for capi_checklist_id 325. Exiting fetchdata2.
2025-01-29 00:11:01,986 - __main__ - INFO - Fetching data for date range: 2025-01-28 to 2025-01-29
2025-01-29 00:11:02,000 - __main__ - INFO - Fetched 253 existing UIDs from the database.
2025-01-29 00:11:02,187 - __main__ - INFO - Fetched page 1 successfully with 42 responses .
2025-01-29 00:11:02,348 - __main__ - WARNING - Error fetching page 2 for capi_checklist_id 347 (attempt 1): 404 Client Error: Not Found for url: https://api.axismyindia.in/v1/admin/surveyors/qc-service/surveyor-responses/347?page=2&size=500&startDate=2025-01-28&endDate=2025-01-29
2025-01-29 00:11:06,513 - __main__ - WARNING - Error fetching page 2 for capi_checklist_id 347 (attempt 2): 404 Client Error: Not Found for url: https://api.axismyindia.in/v1/admin/surveyors/qc-service/surveyor-responses/347?page=2&size=500&startDate=2025-01-28&endDate=2025-01-29
2025-01-29 00:11:14,514 - __main__ - ERROR - Failed to fetch page 2 for capi_checklist_id 347 after 3 attempts.
2025-01-29 00:11:14,514 - __main__ - ERROR - No UIDs found for capi_checklist_id 347. Exiting fetchdata2.
2025-01-29 00:11:14,526 - __main__ - INFO - Fetching data for date range: 2025-01-28 to 2025-01-29
2025-01-29 00:11:14,526 - __main__ - INFO - Fetched 11 existing UIDs from the database.
2025-01-29 00:11:14,713 - __main__ - WARNING - Error fetching page 1 for capi_checklist_id 382 (attempt 1): 404 Client Error: Not Found for url: https://api.axismyindia.in/v1/admin/surveyors/qc-service/surveyor-responses/382?page=1&size=500&startDate=2025-01-28&endDate=2025-01-29
2025-01-29 00:11:18,883 - __main__ - WARNING - Error fetching page 1 for capi_checklist_id 382 (attempt 2): 404 Client Error: Not Found for url: https://api.axismyindia.in/v1/admin/surveyors/qc-service/surveyor-responses/382?page=1&size=500&startDate=2025-01-28&endDate=2025-01-29
2025-01-29 00:11:26,904 - __main__ - ERROR - Failed to fetch page 1 for capi_checklist_id 382 after 3 attempts.
2025-01-29 00:11:26,935 - __main__ - ERROR - No UIDs found for capi_checklist_id 382. Exiting fetchdata2.
2025-01-29 00:11:26,984 - __main__ - INFO - Fetching data for date range: 2025-01-28 to 2025-01-29
2025-01-29 00:11:26,999 - __main__ - INFO - Fetched 38 existing UIDs from the database.
2025-01-29 00:11:27,203 - __main__ - WARNING - Error fetching page 1 for capi_checklist_id 339 (attempt 1): 404 Client Error: Not Found for url: https://api.axismyindia.in/v1/admin/surveyors/qc-service/surveyor-responses/339?page=1&size=500&startDate=2025-01-28&endDate=2025-01-29
2025-01-29 00:11:31,362 - __main__ - WARNING - Error fetching page 1 for capi_checklist_id 339 (attempt 2): 404 Client Error: Not Found for url: https://api.axismyindia.in/v1/admin/surveyors/qc-service/surveyor-responses/339?page=1&size=500&startDate=2025-01-28&endDate=2025-01-29
2025-01-29 00:11:39,375 - __main__ - ERROR - Failed to fetch page 1 for capi_checklist_id 339 after 3 attempts.
2025-01-29 00:11:39,382 - __main__ - ERROR - No UIDs found for capi_checklist_id 339. Exiting fetchdata2.
2025-01-29 00:11:39,403 - __main__ - INFO - Fetching data for date range: 2025-01-28 to 2025-01-29
2025-01-29 00:11:39,403 - __main__ - INFO - Fetched 1 existing UIDs from the database.
2025-01-29 00:11:39,570 - __main__ - WARNING - Error fetching page 1 for capi_checklist_id 334 (attempt 1): 404 Client Error: Not Found for url: https://api.axismyindia.in/v1/admin/surveyors/qc-service/surveyor-responses/334?page=1&size=500&startDate=2025-01-28&endDate=2025-01-29
2025-01-29 00:11:43,734 - __main__ - WARNING - Error fetching page 1 for capi_checklist_id 334 (attempt 2): 404 Client Error: Not Found for url: https://api.axismyindia.in/v1/admin/surveyors/qc-service/surveyor-responses/334?page=1&size=500&startDate=2025-01-28&endDate=2025-01-29
2025-01-29 00:11:51,744 - __main__ - ERROR - Failed to fetch page 1 for capi_checklist_id 334 after 3 attempts.
2025-01-29 00:11:51,824 - __main__ - ERROR - No UIDs found for capi_checklist_id 334. Exiting fetchdata2.
2025-01-29 00:11:51,948 - __main__ - INFO - Fetching data for date range: 2025-01-28 to 2025-01-29
2025-01-29 00:11:52,202 - __main__ - INFO - Fetched 6098 existing UIDs from the database.
2025-01-29 00:11:52,508 - __main__ - INFO - Fetched page 1 successfully with 41 responses .
2025-01-29 00:11:52,703 - __main__ - WARNING - Error fetching page 2 for capi_checklist_id 321 (attempt 1): 404 Client Error: Not Found for url: https://api.axismyindia.in/v1/admin/surveyors/qc-service/surveyor-responses/321?page=2&size=500&startDate=2025-01-28&endDate=2025-01-29
2025-01-29 00:11:57,148 - __main__ - WARNING - Error fetching page 2 for capi_checklist_id 321 (attempt 2): 404 Client Error: Not Found for url: https://api.axismyindia.in/v1/admin/surveyors/qc-service/surveyor-responses/321?page=2&size=500&startDate=2025-01-28&endDate=2025-01-29
2025-01-29 00:12:05,174 - __main__ - ERROR - Failed to fetch page 2 for capi_checklist_id 321 after 3 attempts.
2025-01-29 00:12:05,205 - __main__ - ERROR - No UIDs found for capi_checklist_id 321. Exiting fetchdata2.
2025-01-29 01:04:56,321 - __main__ - INFO - Fetching data for date range: 2025-01-28 to 2025-01-29
2025-01-29 01:04:56,336 - __main__ - INFO - Fetched 2 existing UIDs from the database.
2025-01-29 01:04:56,555 - __main__ - WARNING - Error fetching page 1 for capi_checklist_id 397 (attempt 1): 404 Client Error: Not Found for url: https://api.axismyindia.in/v1/admin/surveyors/qc-service/surveyor-responses/397?page=1&size=500&startDate=2025-01-28&endDate=2025-01-29
2025-01-29 01:05:00,723 - __main__ - WARNING - Error fetching page 1 for capi_checklist_id 397 (attempt 2): 404 Client Error: Not Found for url: https://api.axismyindia.in/v1/admin/surveyors/qc-service/surveyor-responses/397?page=1&size=500&startDate=2025-01-28&endDate=2025-01-29
2025-01-29 01:05:08,730 - __main__ - ERROR - Failed to fetch page 1 for capi_checklist_id 397 after 3 attempts.
2025-01-29 01:05:08,758 - __main__ - ERROR - No UIDs found for capi_checklist_id 397. Exiting fetchdata2.
2025-01-29 01:05:08,850 - __main__ - INFO - Fetching data for date range: 2025-01-28 to 2025-01-29
2025-01-29 01:05:08,856 - __main__ - INFO - Fetched 0 existing UIDs from the database.
2025-01-29 01:05:09,037 - __main__ - WARNING - Error fetching page 1 for capi_checklist_id 400 (attempt 1): 404 Client Error: Not Found for url: https://api.axismyindia.in/v1/admin/surveyors/qc-service/surveyor-responses/400?page=1&size=500&startDate=2025-01-28&endDate=2025-01-29
2025-01-29 01:05:13,207 - __main__ - WARNING - Error fetching page 1 for capi_checklist_id 400 (attempt 2): 404 Client Error: Not Found for url: https://api.axismyindia.in/v1/admin/surveyors/qc-service/surveyor-responses/400?page=1&size=500&startDate=2025-01-28&endDate=2025-01-29
2025-01-29 01:05:21,211 - __main__ - ERROR - Failed to fetch page 1 for capi_checklist_id 400 after 3 attempts.
2025-01-29 01:05:21,225 - __main__ - ERROR - No UIDs found for capi_checklist_id 400. Exiting fetchdata2.
2025-01-29 01:05:21,270 - __main__ - INFO - Fetching data for date range: 2025-01-28 to 2025-01-29
2025-01-29 01:05:21,285 - __main__ - INFO - Fetched 26 existing UIDs from the database.
2025-01-29 01:05:21,477 - __main__ - INFO - Fetched page 1 successfully with 18 responses .
2025-01-29 01:05:21,646 - __main__ - WARNING - Error fetching page 2 for capi_checklist_id 354 (attempt 1): 404 Client Error: Not Found for url: https://api.axismyindia.in/v1/admin/surveyors/qc-service/surveyor-responses/354?page=2&size=500&startDate=2025-01-28&endDate=2025-01-29
2025-01-29 01:05:25,811 - __main__ - WARNING - Error fetching page 2 for capi_checklist_id 354 (attempt 2): 404 Client Error: Not Found for url: https://api.axismyindia.in/v1/admin/surveyors/qc-service/surveyor-responses/354?page=2&size=500&startDate=2025-01-28&endDate=2025-01-29
2025-01-29 01:05:33,831 - __main__ - ERROR - Failed to fetch page 2 for capi_checklist_id 354 after 3 attempts.
2025-01-29 01:05:33,960 - __main__ - ERROR - No UIDs found for capi_checklist_id 354. Exiting fetchdata2.
2025-01-29 01:05:34,194 - __main__ - INFO - Fetching data for date range: 2025-01-28 to 2025-01-29
2025-01-29 01:05:34,210 - __main__ - INFO - Fetched 7 existing UIDs from the database.
2025-01-29 01:05:34,492 - __main__ - WARNING - Error fetching page 1 for capi_checklist_id 329 (attempt 1): 404 Client Error: Not Found for url: https://api.axismyindia.in/v1/admin/surveyors/qc-service/surveyor-responses/329?page=1&size=500&startDate=2025-01-28&endDate=2025-01-29
2025-01-29 01:05:38,766 - __main__ - WARNING - Error fetching page 1 for capi_checklist_id 329 (attempt 2): 404 Client Error: Not Found for url: https://api.axismyindia.in/v1/admin/surveyors/qc-service/surveyor-responses/329?page=1&size=500&startDate=2025-01-28&endDate=2025-01-29
2025-01-29 01:05:46,857 - __main__ - ERROR - Failed to fetch page 1 for capi_checklist_id 329 after 3 attempts.
2025-01-29 01:05:46,993 - __main__ - ERROR - No UIDs found for capi_checklist_id 329. Exiting fetchdata2.
2025-01-29 01:05:47,186 - __main__ - INFO - Fetching data for date range: 2025-01-28 to 2025-01-29
2025-01-29 01:05:47,202 - __main__ - INFO - Fetched 2 existing UIDs from the database.
2025-01-29 01:05:47,496 - __main__ - WARNING - Error fetching page 1 for capi_checklist_id 346 (attempt 1): 404 Client Error: Not Found for url: https://api.axismyindia.in/v1/admin/surveyors/qc-service/surveyor-responses/346?page=1&size=500&startDate=2025-01-28&endDate=2025-01-29
2025-01-29 01:05:51,654 - __main__ - WARNING - Error fetching page 1 for capi_checklist_id 346 (attempt 2): 404 Client Error: Not Found for url: https://api.axismyindia.in/v1/admin/surveyors/qc-service/surveyor-responses/346?page=1&size=500&startDate=2025-01-28&endDate=2025-01-29
2025-01-29 01:05:59,671 - __main__ - ERROR - Failed to fetch page 1 for capi_checklist_id 346 after 3 attempts.
2025-01-29 01:05:59,679 - __main__ - ERROR - No UIDs found for capi_checklist_id 346. Exiting fetchdata2.
2025-01-29 01:05:59,731 - __main__ - INFO - Fetching data for date range: 2025-01-28 to 2025-01-29
2025-01-29 01:05:59,731 - __main__ - INFO - Fetched 1 existing UIDs from the database.
2025-01-29 01:05:59,889 - __main__ - WARNING - Error fetching page 1 for capi_checklist_id 331 (attempt 1): 404 Client Error: Not Found for url: https://api.axismyindia.in/v1/admin/surveyors/qc-service/surveyor-responses/331?page=1&size=500&startDate=2025-01-28&endDate=2025-01-29
2025-01-29 01:06:04,082 - __main__ - WARNING - Error fetching page 1 for capi_checklist_id 331 (attempt 2): 404 Client Error: Not Found for url: https://api.axismyindia.in/v1/admin/surveyors/qc-service/surveyor-responses/331?page=1&size=500&startDate=2025-01-28&endDate=2025-01-29
2025-01-29 01:06:12,085 - __main__ - ERROR - Failed to fetch page 1 for capi_checklist_id 331 after 3 attempts.
2025-01-29 01:06:12,085 - __main__ - ERROR - No UIDs found for capi_checklist_id 331. Exiting fetchdata2.
2025-01-29 01:06:12,094 - __main__ - INFO - Fetching data for date range: 2025-01-28 to 2025-01-29
2025-01-29 01:06:12,094 - __main__ - INFO - Fetched 4 existing UIDs from the database.
2025-01-29 01:06:12,265 - __main__ - WARNING - Error fetching page 1 for capi_checklist_id 337 (attempt 1): 404 Client Error: Not Found for url: https://api.axismyindia.in/v1/admin/surveyors/qc-service/surveyor-responses/337?page=1&size=500&startDate=2025-01-28&endDate=2025-01-29
2025-01-29 01:06:16,445 - __main__ - WARNING - Error fetching page 1 for capi_checklist_id 337 (attempt 2): 404 Client Error: Not Found for url: https://api.axismyindia.in/v1/admin/surveyors/qc-service/surveyor-responses/337?page=1&size=500&startDate=2025-01-28&endDate=2025-01-29
2025-01-29 01:06:24,465 - __main__ - ERROR - Failed to fetch page 1 for capi_checklist_id 337 after 3 attempts.
2025-01-29 01:06:24,480 - __main__ - ERROR - No UIDs found for capi_checklist_id 337. Exiting fetchdata2.
2025-01-29 01:06:24,496 - __main__ - INFO - Fetching data for date range: 2025-01-28 to 2025-01-29
2025-01-29 01:06:24,496 - __main__ - INFO - Fetched 44 existing UIDs from the database.
2025-01-29 01:06:24,701 - __main__ - WARNING - Error fetching page 1 for capi_checklist_id 349 (attempt 1): 404 Client Error: Not Found for url: https://api.axismyindia.in/v1/admin/surveyors/qc-service/surveyor-responses/349?page=1&size=500&startDate=2025-01-28&endDate=2025-01-29
2025-01-29 01:06:28,890 - __main__ - WARNING - Error fetching page 1 for capi_checklist_id 349 (attempt 2): 404 Client Error: Not Found for url: https://api.axismyindia.in/v1/admin/surveyors/qc-service/surveyor-responses/349?page=1&size=500&startDate=2025-01-28&endDate=2025-01-29
2025-01-29 01:06:36,896 - __main__ - ERROR - Failed to fetch page 1 for capi_checklist_id 349 after 3 attempts.
2025-01-29 01:06:36,896 - __main__ - ERROR - No UIDs found for capi_checklist_id 349. Exiting fetchdata2.
2025-01-29 01:06:36,927 - __main__ - INFO - Fetching data for date range: 2025-01-28 to 2025-01-29
2025-01-29 01:06:36,943 - __main__ - INFO - Fetched 66 existing UIDs from the database.
2025-01-29 01:06:37,337 - __main__ - INFO - Fetched page 1 successfully with 24 responses .
2025-01-29 01:06:37,524 - __main__ - WARNING - Error fetching page 2 for capi_checklist_id 343 (attempt 1): 404 Client Error: Not Found for url: https://api.axismyindia.in/v1/admin/surveyors/qc-service/surveyor-responses/343?page=2&size=500&startDate=2025-01-28&endDate=2025-01-29
2025-01-29 01:06:41,692 - __main__ - WARNING - Error fetching page 2 for capi_checklist_id 343 (attempt 2): 404 Client Error: Not Found for url: https://api.axismyindia.in/v1/admin/surveyors/qc-service/surveyor-responses/343?page=2&size=500&startDate=2025-01-28&endDate=2025-01-29
2025-01-29 01:06:49,709 - __main__ - ERROR - Failed to fetch page 2 for capi_checklist_id 343 after 3 attempts.
2025-01-29 01:06:49,724 - __main__ - ERROR - No UIDs found for capi_checklist_id 343. Exiting fetchdata2.
2025-01-29 01:06:49,772 - __main__ - INFO - Fetching data for date range: 2025-01-28 to 2025-01-29
2025-01-29 01:06:49,787 - __main__ - INFO - Fetched 94 existing UIDs from the database.
2025-01-29 01:06:49,977 - __main__ - INFO - Fetched page 1 successfully with 25 responses .
2025-01-29 01:06:50,149 - __main__ - WARNING - Error fetching page 2 for capi_checklist_id 340 (attempt 1): 404 Client Error: Not Found for url: https://api.axismyindia.in/v1/admin/surveyors/qc-service/surveyor-responses/340?page=2&size=500&startDate=2025-01-28&endDate=2025-01-29
2025-01-29 01:06:54,323 - __main__ - WARNING - Error fetching page 2 for capi_checklist_id 340 (attempt 2): 404 Client Error: Not Found for url: https://api.axismyindia.in/v1/admin/surveyors/qc-service/surveyor-responses/340?page=2&size=500&startDate=2025-01-28&endDate=2025-01-29
2025-01-29 01:07:02,346 - __main__ - ERROR - Failed to fetch page 2 for capi_checklist_id 340 after 3 attempts.
2025-01-29 01:07:02,361 - __main__ - ERROR - No UIDs found for capi_checklist_id 340. Exiting fetchdata2.
2025-01-29 01:07:02,408 - __main__ - INFO - Fetching data for date range: 2025-01-28 to 2025-01-29
2025-01-29 01:07:02,424 - __main__ - INFO - Fetched 121 existing UIDs from the database.
2025-01-29 01:07:02,627 - __main__ - INFO - Fetched page 1 successfully with 27 responses .
2025-01-29 01:07:02,788 - __main__ - WARNING - Error fetching page 2 for capi_checklist_id 341 (attempt 1): 404 Client Error: Not Found for url: https://api.axismyindia.in/v1/admin/surveyors/qc-service/surveyor-responses/341?page=2&size=500&startDate=2025-01-28&endDate=2025-01-29
2025-01-29 01:07:06,948 - __main__ - WARNING - Error fetching page 2 for capi_checklist_id 341 (attempt 2): 404 Client Error: Not Found for url: https://api.axismyindia.in/v1/admin/surveyors/qc-service/surveyor-responses/341?page=2&size=500&startDate=2025-01-28&endDate=2025-01-29
2025-01-29 01:07:14,957 - __main__ - ERROR - Failed to fetch page 2 for capi_checklist_id 341 after 3 attempts.
2025-01-29 01:07:14,986 - __main__ - ERROR - No UIDs found for capi_checklist_id 341. Exiting fetchdata2.
2025-01-29 01:07:15,049 - __main__ - INFO - Fetching data for date range: 2025-01-28 to 2025-01-29
2025-01-29 01:07:15,064 - __main__ - INFO - Fetched 193 existing UIDs from the database.
2025-01-29 01:07:15,299 - __main__ - INFO - Fetched page 1 successfully with 45 responses .
2025-01-29 01:07:15,457 - __main__ - WARNING - Error fetching page 2 for capi_checklist_id 355 (attempt 1): 404 Client Error: Not Found for url: https://api.axismyindia.in/v1/admin/surveyors/qc-service/surveyor-responses/355?page=2&size=500&startDate=2025-01-28&endDate=2025-01-29
2025-01-29 01:07:19,635 - __main__ - WARNING - Error fetching page 2 for capi_checklist_id 355 (attempt 2): 404 Client Error: Not Found for url: https://api.axismyindia.in/v1/admin/surveyors/qc-service/surveyor-responses/355?page=2&size=500&startDate=2025-01-28&endDate=2025-01-29
2025-01-29 01:07:27,644 - __main__ - ERROR - Failed to fetch page 2 for capi_checklist_id 355 after 3 attempts.
2025-01-29 01:07:27,644 - __main__ - ERROR - No UIDs found for capi_checklist_id 355. Exiting fetchdata2.
2025-01-29 01:07:27,698 - __main__ - INFO - Fetching data for date range: 2025-01-28 to 2025-01-29
2025-01-29 01:07:27,706 - __main__ - INFO - Fetched 22 existing UIDs from the database.
2025-01-29 01:07:27,895 - __main__ - WARNING - Error fetching page 1 for capi_checklist_id 403 (attempt 1): 404 Client Error: Not Found for url: https://api.axismyindia.in/v1/admin/surveyors/qc-service/surveyor-responses/403?page=1&size=500&startDate=2025-01-28&endDate=2025-01-29
2025-01-29 01:07:32,060 - __main__ - WARNING - Error fetching page 1 for capi_checklist_id 403 (attempt 2): 404 Client Error: Not Found for url: https://api.axismyindia.in/v1/admin/surveyors/qc-service/surveyor-responses/403?page=1&size=500&startDate=2025-01-28&endDate=2025-01-29
2025-01-29 01:07:40,064 - __main__ - ERROR - Failed to fetch page 1 for capi_checklist_id 403 after 3 attempts.
2025-01-29 01:07:40,075 - __main__ - ERROR - No UIDs found for capi_checklist_id 403. Exiting fetchdata2.
2025-01-29 01:07:40,122 - __main__ - INFO - Fetching data for date range: 2025-01-28 to 2025-01-29
2025-01-29 01:07:40,122 - __main__ - INFO - Fetched 53 existing UIDs from the database.
2025-01-29 01:07:40,295 - __main__ - WARNING - Error fetching page 1 for capi_checklist_id 404 (attempt 1): 404 Client Error: Not Found for url: https://api.axismyindia.in/v1/admin/surveyors/qc-service/surveyor-responses/404?page=1&size=500&startDate=2025-01-28&endDate=2025-01-29
2025-01-29 01:07:44,457 - __main__ - WARNING - Error fetching page 1 for capi_checklist_id 404 (attempt 2): 404 Client Error: Not Found for url: https://api.axismyindia.in/v1/admin/surveyors/qc-service/surveyor-responses/404?page=1&size=500&startDate=2025-01-28&endDate=2025-01-29
2025-01-29 01:07:52,473 - __main__ - ERROR - Failed to fetch page 1 for capi_checklist_id 404 after 3 attempts.
2025-01-29 01:07:52,483 - __main__ - ERROR - No UIDs found for capi_checklist_id 404. Exiting fetchdata2.
2025-01-29 01:07:52,503 - __main__ - INFO - Fetching data for date range: 2025-01-28 to 2025-01-29
2025-01-29 01:07:52,503 - __main__ - INFO - Fetched 3 existing UIDs from the database.
2025-01-29 01:07:52,690 - __main__ - WARNING - Error fetching page 1 for capi_checklist_id 363 (attempt 1): 404 Client Error: Not Found for url: https://api.axismyindia.in/v1/admin/surveyors/qc-service/surveyor-responses/363?page=1&size=500&startDate=2025-01-28&endDate=2025-01-29
2025-01-29 01:07:56,858 - __main__ - WARNING - Error fetching page 1 for capi_checklist_id 363 (attempt 2): 404 Client Error: Not Found for url: https://api.axismyindia.in/v1/admin/surveyors/qc-service/surveyor-responses/363?page=1&size=500&startDate=2025-01-28&endDate=2025-01-29
2025-01-29 01:08:04,867 - __main__ - ERROR - Failed to fetch page 1 for capi_checklist_id 363 after 3 attempts.
2025-01-29 01:08:04,867 - __main__ - ERROR - No UIDs found for capi_checklist_id 363. Exiting fetchdata2.
2025-01-29 01:08:04,894 - __main__ - INFO - Fetching data for date range: 2025-01-28 to 2025-01-29
2025-01-29 01:08:04,894 - __main__ - INFO - Fetched 7 existing UIDs from the database.
2025-01-29 01:08:05,081 - __main__ - INFO - Fetched page 1 successfully with 1 responses .
2025-01-29 01:08:05,253 - __main__ - WARNING - Error fetching page 2 for capi_checklist_id 352 (attempt 1): 404 Client Error: Not Found for url: https://api.axismyindia.in/v1/admin/surveyors/qc-service/surveyor-responses/352?page=2&size=500&startDate=2025-01-28&endDate=2025-01-29
2025-01-29 01:08:09,428 - __main__ - WARNING - Error fetching page 2 for capi_checklist_id 352 (attempt 2): 404 Client Error: Not Found for url: https://api.axismyindia.in/v1/admin/surveyors/qc-service/surveyor-responses/352?page=2&size=500&startDate=2025-01-28&endDate=2025-01-29
2025-01-29 01:08:17,435 - __main__ - ERROR - Failed to fetch page 2 for capi_checklist_id 352 after 3 attempts.
2025-01-29 01:08:17,468 - __main__ - ERROR - No UIDs found for capi_checklist_id 352. Exiting fetchdata2.
2025-01-29 01:08:17,529 - __main__ - INFO - Fetching data for date range: 2025-01-28 to 2025-01-29
2025-01-29 01:08:17,529 - __main__ - INFO - Fetched 12 existing UIDs from the database.
2025-01-29 01:08:17,717 - __main__ - INFO - Fetched page 1 successfully with 5 responses .
2025-01-29 01:08:17,890 - __main__ - WARNING - Error fetching page 2 for capi_checklist_id 330 (attempt 1): 404 Client Error: Not Found for url: https://api.axismyindia.in/v1/admin/surveyors/qc-service/surveyor-responses/330?page=2&size=500&startDate=2025-01-28&endDate=2025-01-29
2025-01-29 01:08:22,074 - __main__ - WARNING - Error fetching page 2 for capi_checklist_id 330 (attempt 2): 404 Client Error: Not Found for url: https://api.axismyindia.in/v1/admin/surveyors/qc-service/surveyor-responses/330?page=2&size=500&startDate=2025-01-28&endDate=2025-01-29
2025-01-29 01:08:30,078 - __main__ - ERROR - Failed to fetch page 2 for capi_checklist_id 330 after 3 attempts.
2025-01-29 01:08:30,081 - __main__ - ERROR - No UIDs found for capi_checklist_id 330. Exiting fetchdata2.
2025-01-29 01:08:30,088 - __main__ - INFO - Fetching data for date range: 2025-01-28 to 2025-01-29
2025-01-29 01:08:30,097 - __main__ - INFO - Fetched 13 existing UIDs from the database.
2025-01-29 01:08:30,255 - __main__ - WARNING - Error fetching page 1 for capi_checklist_id 348 (attempt 1): 404 Client Error: Not Found for url: https://api.axismyindia.in/v1/admin/surveyors/qc-service/surveyor-responses/348?page=1&size=500&startDate=2025-01-28&endDate=2025-01-29
2025-01-29 01:08:34,419 - __main__ - WARNING - Error fetching page 1 for capi_checklist_id 348 (attempt 2): 404 Client Error: Not Found for url: https://api.axismyindia.in/v1/admin/surveyors/qc-service/surveyor-responses/348?page=1&size=500&startDate=2025-01-28&endDate=2025-01-29
2025-01-29 01:08:42,435 - __main__ - ERROR - Failed to fetch page 1 for capi_checklist_id 348 after 3 attempts.
2025-01-29 01:08:42,441 - __main__ - ERROR - No UIDs found for capi_checklist_id 348. Exiting fetchdata2.
2025-01-29 01:08:42,445 - __main__ - INFO - Fetching data for date range: 2025-01-28 to 2025-01-29
2025-01-29 01:08:42,445 - __main__ - INFO - Fetched 0 existing UIDs from the database.
2025-01-29 01:08:42,608 - __main__ - WARNING - Error fetching page 1 for capi_checklist_id 290 (attempt 1): 404 Client Error: Not Found for url: https://api.axismyindia.in/v1/admin/surveyors/qc-service/surveyor-responses/290?page=1&size=500&startDate=2025-01-28&endDate=2025-01-29
2025-01-29 01:08:46,761 - __main__ - WARNING - Error fetching page 1 for capi_checklist_id 290 (attempt 2): 404 Client Error: Not Found for url: https://api.axismyindia.in/v1/admin/surveyors/qc-service/surveyor-responses/290?page=1&size=500&startDate=2025-01-28&endDate=2025-01-29
2025-01-29 01:08:54,775 - __main__ - ERROR - Failed to fetch page 1 for capi_checklist_id 290 after 3 attempts.
2025-01-29 01:08:54,777 - __main__ - ERROR - No UIDs found for capi_checklist_id 290. Exiting fetchdata2.
2025-01-29 01:08:54,824 - __main__ - INFO - Fetching data for date range: 2025-01-28 to 2025-01-29
2025-01-29 01:08:54,840 - __main__ - INFO - Fetched 20 existing UIDs from the database.
2025-01-29 01:08:55,013 - __main__ - WARNING - Error fetching page 1 for capi_checklist_id 291 (attempt 1): 404 Client Error: Not Found for url: https://api.axismyindia.in/v1/admin/surveyors/qc-service/surveyor-responses/291?page=1&size=500&startDate=2025-01-28&endDate=2025-01-29
2025-01-29 01:08:59,184 - __main__ - WARNING - Error fetching page 1 for capi_checklist_id 291 (attempt 2): 404 Client Error: Not Found for url: https://api.axismyindia.in/v1/admin/surveyors/qc-service/surveyor-responses/291?page=1&size=500&startDate=2025-01-28&endDate=2025-01-29
2025-01-29 01:09:07,198 - __main__ - ERROR - Failed to fetch page 1 for capi_checklist_id 291 after 3 attempts.
2025-01-29 01:09:07,222 - __main__ - ERROR - No UIDs found for capi_checklist_id 291. Exiting fetchdata2.
2025-01-29 01:09:07,300 - __main__ - INFO - Fetching data for date range: 2025-01-28 to 2025-01-29
2025-01-29 01:09:07,316 - __main__ - INFO - Fetched 58 existing UIDs from the database.
2025-01-29 01:09:07,535 - __main__ - INFO - Fetched page 1 successfully with 11 responses .
2025-01-29 01:09:07,708 - __main__ - WARNING - Error fetching page 2 for capi_checklist_id 326 (attempt 1): 404 Client Error: Not Found for url: https://api.axismyindia.in/v1/admin/surveyors/qc-service/surveyor-responses/326?page=2&size=500&startDate=2025-01-28&endDate=2025-01-29
2025-01-29 01:09:11,873 - __main__ - WARNING - Error fetching page 2 for capi_checklist_id 326 (attempt 2): 404 Client Error: Not Found for url: https://api.axismyindia.in/v1/admin/surveyors/qc-service/surveyor-responses/326?page=2&size=500&startDate=2025-01-28&endDate=2025-01-29
2025-01-29 01:09:19,889 - __main__ - ERROR - Failed to fetch page 2 for capi_checklist_id 326 after 3 attempts.
2025-01-29 01:09:19,898 - __main__ - ERROR - No UIDs found for capi_checklist_id 326. Exiting fetchdata2.
2025-01-29 01:09:19,958 - __main__ - INFO - Fetching data for date range: 2025-01-28 to 2025-01-29
2025-01-29 01:09:19,958 - __main__ - INFO - Fetched 14 existing UIDs from the database.
2025-01-29 01:09:20,146 - __main__ - WARNING - Error fetching page 1 for capi_checklist_id 350 (attempt 1): 404 Client Error: Not Found for url: https://api.axismyindia.in/v1/admin/surveyors/qc-service/surveyor-responses/350?page=1&size=500&startDate=2025-01-28&endDate=2025-01-29
2025-01-29 01:09:24,322 - __main__ - WARNING - Error fetching page 1 for capi_checklist_id 350 (attempt 2): 404 Client Error: Not Found for url: https://api.axismyindia.in/v1/admin/surveyors/qc-service/surveyor-responses/350?page=1&size=500&startDate=2025-01-28&endDate=2025-01-29
2025-01-29 01:09:32,335 - __main__ - ERROR - Failed to fetch page 1 for capi_checklist_id 350 after 3 attempts.
2025-01-29 01:09:32,346 - __main__ - ERROR - No UIDs found for capi_checklist_id 350. Exiting fetchdata2.
2025-01-29 01:09:32,372 - __main__ - INFO - Fetching data for date range: 2025-01-28 to 2025-01-29
2025-01-29 01:09:32,388 - __main__ - INFO - Fetched 296 existing UIDs from the database.
2025-01-29 01:09:32,595 - __main__ - INFO - Fetched page 1 successfully with 81 responses .
2025-01-29 01:09:32,750 - __main__ - WARNING - Error fetching page 2 for capi_checklist_id 342 (attempt 1): 404 Client Error: Not Found for url: https://api.axismyindia.in/v1/admin/surveyors/qc-service/surveyor-responses/342?page=2&size=500&startDate=2025-01-28&endDate=2025-01-29
2025-01-29 01:09:37,129 - __main__ - WARNING - Error fetching page 2 for capi_checklist_id 342 (attempt 2): 404 Client Error: Not Found for url: https://api.axismyindia.in/v1/admin/surveyors/qc-service/surveyor-responses/342?page=2&size=500&startDate=2025-01-28&endDate=2025-01-29
2025-01-29 01:09:45,133 - __main__ - ERROR - Failed to fetch page 2 for capi_checklist_id 342 after 3 attempts.
2025-01-29 01:09:45,136 - __main__ - INFO - Fetched UIDs: defaultdict(<class 'list'>, {342: [15763]})
2025-01-29 01:09:46,214 - __main__ - INFO - Fetched data for UID 15763
2025-01-29 01:09:47,575 - __main__ - INFO - Fetching data for date range: 2025-01-28 to 2025-01-29
2025-01-29 01:09:47,590 - __main__ - INFO - Fetched 5 existing UIDs from the database.
2025-01-29 01:09:47,731 - __main__ - INFO - Fetched page 1 successfully with 1 responses .
2025-01-29 01:09:47,903 - __main__ - WARNING - Error fetching page 2 for capi_checklist_id 319 (attempt 1): 404 Client Error: Not Found for url: https://api.axismyindia.in/v1/admin/surveyors/qc-service/surveyor-responses/319?page=2&size=500&startDate=2025-01-28&endDate=2025-01-29
2025-01-29 01:09:52,093 - __main__ - WARNING - Error fetching page 2 for capi_checklist_id 319 (attempt 2): 404 Client Error: Not Found for url: https://api.axismyindia.in/v1/admin/surveyors/qc-service/surveyor-responses/319?page=2&size=500&startDate=2025-01-28&endDate=2025-01-29
2025-01-29 01:10:00,113 - __main__ - ERROR - Failed to fetch page 2 for capi_checklist_id 319 after 3 attempts.
2025-01-29 01:10:00,129 - __main__ - ERROR - No UIDs found for capi_checklist_id 319. Exiting fetchdata2.
2025-01-29 01:10:00,176 - __main__ - INFO - Fetching data for date range: 2025-01-28 to 2025-01-29
2025-01-29 01:10:00,176 - __main__ - INFO - Fetched 5 existing UIDs from the database.
2025-01-29 01:10:00,348 - __main__ - WARNING - Error fetching page 1 for capi_checklist_id 320 (attempt 1): 404 Client Error: Not Found for url: https://api.axismyindia.in/v1/admin/surveyors/qc-service/surveyor-responses/320?page=1&size=500&startDate=2025-01-28&endDate=2025-01-29
2025-01-29 01:10:04,527 - __main__ - WARNING - Error fetching page 1 for capi_checklist_id 320 (attempt 2): 404 Client Error: Not Found for url: https://api.axismyindia.in/v1/admin/surveyors/qc-service/surveyor-responses/320?page=1&size=500&startDate=2025-01-28&endDate=2025-01-29
2025-01-29 01:10:12,541 - __main__ - ERROR - Failed to fetch page 1 for capi_checklist_id 320 after 3 attempts.
2025-01-29 01:10:12,555 - __main__ - ERROR - No UIDs found for capi_checklist_id 320. Exiting fetchdata2.
2025-01-29 01:10:12,571 - __main__ - INFO - Fetching data for date range: 2025-01-28 to 2025-01-29
2025-01-29 01:10:12,586 - __main__ - INFO - Fetched 152 existing UIDs from the database.
2025-01-29 01:10:12,774 - __main__ - INFO - Fetched page 1 successfully with 55 responses .
2025-01-29 01:10:12,947 - __main__ - WARNING - Error fetching page 2 for capi_checklist_id 344 (attempt 1): 404 Client Error: Not Found for url: https://api.axismyindia.in/v1/admin/surveyors/qc-service/surveyor-responses/344?page=2&size=500&startDate=2025-01-28&endDate=2025-01-29
2025-01-29 01:10:17,107 - __main__ - WARNING - Error fetching page 2 for capi_checklist_id 344 (attempt 2): 404 Client Error: Not Found for url: https://api.axismyindia.in/v1/admin/surveyors/qc-service/surveyor-responses/344?page=2&size=500&startDate=2025-01-28&endDate=2025-01-29
2025-01-29 01:10:25,115 - __main__ - ERROR - Failed to fetch page 2 for capi_checklist_id 344 after 3 attempts.
2025-01-29 01:10:25,115 - __main__ - ERROR - No UIDs found for capi_checklist_id 344. Exiting fetchdata2.
2025-01-29 01:10:25,131 - __main__ - INFO - Fetching data for date range: 2025-01-28 to 2025-01-29
2025-01-29 01:10:25,147 - __main__ - INFO - Fetched 97 existing UIDs from the database.
2025-01-29 01:10:25,334 - __main__ - INFO - Fetched page 1 successfully with 13 responses .
2025-01-29 01:10:25,490 - __main__ - WARNING - Error fetching page 2 for capi_checklist_id 332 (attempt 1): 404 Client Error: Not Found for url: https://api.axismyindia.in/v1/admin/surveyors/qc-service/surveyor-responses/332?page=2&size=500&startDate=2025-01-28&endDate=2025-01-29
2025-01-29 01:10:29,672 - __main__ - WARNING - Error fetching page 2 for capi_checklist_id 332 (attempt 2): 404 Client Error: Not Found for url: https://api.axismyindia.in/v1/admin/surveyors/qc-service/surveyor-responses/332?page=2&size=500&startDate=2025-01-28&endDate=2025-01-29
2025-01-29 01:10:37,675 - __main__ - ERROR - Failed to fetch page 2 for capi_checklist_id 332 after 3 attempts.
2025-01-29 01:10:37,675 - __main__ - ERROR - No UIDs found for capi_checklist_id 332. Exiting fetchdata2.
2025-01-29 01:10:37,682 - __main__ - INFO - Fetching data for date range: 2025-01-28 to 2025-01-29
2025-01-29 01:10:37,682 - __main__ - INFO - Fetched 10 existing UIDs from the database.
2025-01-29 01:10:37,854 - __main__ - WARNING - Error fetching page 1 for capi_checklist_id 335 (attempt 1): 404 Client Error: Not Found for url: https://api.axismyindia.in/v1/admin/surveyors/qc-service/surveyor-responses/335?page=1&size=500&startDate=2025-01-28&endDate=2025-01-29
2025-01-29 01:10:42,025 - __main__ - WARNING - Error fetching page 1 for capi_checklist_id 335 (attempt 2): 404 Client Error: Not Found for url: https://api.axismyindia.in/v1/admin/surveyors/qc-service/surveyor-responses/335?page=1&size=500&startDate=2025-01-28&endDate=2025-01-29
2025-01-29 01:10:50,048 - __main__ - ERROR - Failed to fetch page 1 for capi_checklist_id 335 after 3 attempts.
2025-01-29 01:10:50,066 - __main__ - ERROR - No UIDs found for capi_checklist_id 335. Exiting fetchdata2.
2025-01-29 01:10:50,126 - __main__ - INFO - Fetching data for date range: 2025-01-28 to 2025-01-29
2025-01-29 01:10:50,142 - __main__ - INFO - Fetched 47 existing UIDs from the database.
2025-01-29 01:10:50,362 - __main__ - INFO - Fetched page 1 successfully with 14 responses .
2025-01-29 01:10:50,519 - __main__ - WARNING - Error fetching page 2 for capi_checklist_id 325 (attempt 1): 404 Client Error: Not Found for url: https://api.axismyindia.in/v1/admin/surveyors/qc-service/surveyor-responses/325?page=2&size=500&startDate=2025-01-28&endDate=2025-01-29
2025-01-29 01:10:54,699 - __main__ - WARNING - Error fetching page 2 for capi_checklist_id 325 (attempt 2): 404 Client Error: Not Found for url: https://api.axismyindia.in/v1/admin/surveyors/qc-service/surveyor-responses/325?page=2&size=500&startDate=2025-01-28&endDate=2025-01-29
2025-01-29 01:11:02,716 - __main__ - ERROR - Failed to fetch page 2 for capi_checklist_id 325 after 3 attempts.
2025-01-29 01:11:02,747 - __main__ - ERROR - No UIDs found for capi_checklist_id 325. Exiting fetchdata2.
2025-01-29 01:11:02,795 - __main__ - INFO - Fetching data for date range: 2025-01-28 to 2025-01-29
2025-01-29 01:11:02,827 - __main__ - INFO - Fetched 253 existing UIDs from the database.
2025-01-29 01:11:03,065 - __main__ - INFO - Fetched page 1 successfully with 42 responses .
2025-01-29 01:11:03,235 - __main__ - WARNING - Error fetching page 2 for capi_checklist_id 347 (attempt 1): 404 Client Error: Not Found for url: https://api.axismyindia.in/v1/admin/surveyors/qc-service/surveyor-responses/347?page=2&size=500&startDate=2025-01-28&endDate=2025-01-29
2025-01-29 01:11:07,400 - __main__ - WARNING - Error fetching page 2 for capi_checklist_id 347 (attempt 2): 404 Client Error: Not Found for url: https://api.axismyindia.in/v1/admin/surveyors/qc-service/surveyor-responses/347?page=2&size=500&startDate=2025-01-28&endDate=2025-01-29
2025-01-29 01:11:15,407 - __main__ - ERROR - Failed to fetch page 2 for capi_checklist_id 347 after 3 attempts.
2025-01-29 01:11:15,414 - __main__ - ERROR - No UIDs found for capi_checklist_id 347. Exiting fetchdata2.
2025-01-29 01:11:15,430 - __main__ - INFO - Fetching data for date range: 2025-01-28 to 2025-01-29
2025-01-29 01:11:15,430 - __main__ - INFO - Fetched 11 existing UIDs from the database.
2025-01-29 01:11:15,587 - __main__ - WARNING - Error fetching page 1 for capi_checklist_id 382 (attempt 1): 404 Client Error: Not Found for url: https://api.axismyindia.in/v1/admin/surveyors/qc-service/surveyor-responses/382?page=1&size=500&startDate=2025-01-28&endDate=2025-01-29
2025-01-29 01:11:19,757 - __main__ - WARNING - Error fetching page 1 for capi_checklist_id 382 (attempt 2): 404 Client Error: Not Found for url: https://api.axismyindia.in/v1/admin/surveyors/qc-service/surveyor-responses/382?page=1&size=500&startDate=2025-01-28&endDate=2025-01-29
2025-01-29 01:11:27,770 - __main__ - ERROR - Failed to fetch page 1 for capi_checklist_id 382 after 3 attempts.
2025-01-29 01:11:27,780 - __main__ - ERROR - No UIDs found for capi_checklist_id 382. Exiting fetchdata2.
2025-01-29 01:11:27,810 - __main__ - INFO - Fetching data for date range: 2025-01-28 to 2025-01-29
2025-01-29 01:11:27,826 - __main__ - INFO - Fetched 38 existing UIDs from the database.
2025-01-29 01:11:28,015 - __main__ - WARNING - Error fetching page 1 for capi_checklist_id 339 (attempt 1): 404 Client Error: Not Found for url: https://api.axismyindia.in/v1/admin/surveyors/qc-service/surveyor-responses/339?page=1&size=500&startDate=2025-01-28&endDate=2025-01-29
2025-01-29 01:11:32,185 - __main__ - WARNING - Error fetching page 1 for capi_checklist_id 339 (attempt 2): 404 Client Error: Not Found for url: https://api.axismyindia.in/v1/admin/surveyors/qc-service/surveyor-responses/339?page=1&size=500&startDate=2025-01-28&endDate=2025-01-29
2025-01-29 01:11:40,189 - __main__ - ERROR - Failed to fetch page 1 for capi_checklist_id 339 after 3 attempts.
2025-01-29 01:11:40,196 - __main__ - ERROR - No UIDs found for capi_checklist_id 339. Exiting fetchdata2.
2025-01-29 01:11:40,230 - __main__ - INFO - Fetching data for date range: 2025-01-28 to 2025-01-29
2025-01-29 01:11:40,230 - __main__ - INFO - Fetched 1 existing UIDs from the database.
2025-01-29 01:11:40,401 - __main__ - WARNING - Error fetching page 1 for capi_checklist_id 334 (attempt 1): 404 Client Error: Not Found for url: https://api.axismyindia.in/v1/admin/surveyors/qc-service/surveyor-responses/334?page=1&size=500&startDate=2025-01-28&endDate=2025-01-29
2025-01-29 01:11:44,580 - __main__ - WARNING - Error fetching page 1 for capi_checklist_id 334 (attempt 2): 404 Client Error: Not Found for url: https://api.axismyindia.in/v1/admin/surveyors/qc-service/surveyor-responses/334?page=1&size=500&startDate=2025-01-28&endDate=2025-01-29
2025-01-29 01:11:52,592 - __main__ - ERROR - Failed to fetch page 1 for capi_checklist_id 334 after 3 attempts.
2025-01-29 01:11:52,604 - __main__ - ERROR - No UIDs found for capi_checklist_id 334. Exiting fetchdata2.
2025-01-29 01:11:52,649 - __main__ - INFO - Fetching data for date range: 2025-01-28 to 2025-01-29
2025-01-29 01:11:52,712 - __main__ - INFO - Fetched 6098 existing UIDs from the database.
2025-01-29 01:11:52,921 - __main__ - INFO - Fetched page 1 successfully with 41 responses .
2025-01-29 01:11:53,074 - __main__ - WARNING - Error fetching page 2 for capi_checklist_id 321 (attempt 1): 404 Client Error: Not Found for url: https://api.axismyindia.in/v1/admin/surveyors/qc-service/surveyor-responses/321?page=2&size=500&startDate=2025-01-28&endDate=2025-01-29
2025-01-29 01:11:57,240 - __main__ - WARNING - Error fetching page 2 for capi_checklist_id 321 (attempt 2): 404 Client Error: Not Found for url: https://api.axismyindia.in/v1/admin/surveyors/qc-service/surveyor-responses/321?page=2&size=500&startDate=2025-01-28&endDate=2025-01-29
2025-01-29 01:12:05,251 - __main__ - ERROR - Failed to fetch page 2 for capi_checklist_id 321 after 3 attempts.
2025-01-29 01:12:05,264 - __main__ - ERROR - No UIDs found for capi_checklist_id 321. Exiting fetchdata2.
2025-01-29 02:04:56,426 - __main__ - INFO - Fetching data for date range: 2025-01-28 to 2025-01-29
2025-01-29 02:04:56,442 - __main__ - INFO - Fetched 2 existing UIDs from the database.
2025-01-29 02:04:56,630 - __main__ - WARNING - Error fetching page 1 for capi_checklist_id 397 (attempt 1): 404 Client Error: Not Found for url: https://api.axismyindia.in/v1/admin/surveyors/qc-service/surveyor-responses/397?page=1&size=500&startDate=2025-01-28&endDate=2025-01-29
2025-01-29 02:05:00,809 - __main__ - WARNING - Error fetching page 1 for capi_checklist_id 397 (attempt 2): 404 Client Error: Not Found for url: https://api.axismyindia.in/v1/admin/surveyors/qc-service/surveyor-responses/397?page=1&size=500&startDate=2025-01-28&endDate=2025-01-29
2025-01-29 02:05:08,821 - __main__ - ERROR - Failed to fetch page 1 for capi_checklist_id 397 after 3 attempts.
2025-01-29 02:05:08,837 - __main__ - ERROR - No UIDs found for capi_checklist_id 397. Exiting fetchdata2.
2025-01-29 02:05:08,884 - __main__ - INFO - Fetching data for date range: 2025-01-28 to 2025-01-29
2025-01-29 02:05:08,884 - __main__ - INFO - Fetched 0 existing UIDs from the database.
2025-01-29 02:05:09,058 - __main__ - WARNING - Error fetching page 1 for capi_checklist_id 400 (attempt 1): 404 Client Error: Not Found for url: https://api.axismyindia.in/v1/admin/surveyors/qc-service/surveyor-responses/400?page=1&size=500&startDate=2025-01-28&endDate=2025-01-29
2025-01-29 02:05:13,222 - __main__ - WARNING - Error fetching page 1 for capi_checklist_id 400 (attempt 2): 404 Client Error: Not Found for url: https://api.axismyindia.in/v1/admin/surveyors/qc-service/surveyor-responses/400?page=1&size=500&startDate=2025-01-28&endDate=2025-01-29
2025-01-29 02:05:21,263 - __main__ - ERROR - Failed to fetch page 1 for capi_checklist_id 400 after 3 attempts.
2025-01-29 02:05:21,397 - __main__ - ERROR - No UIDs found for capi_checklist_id 400. Exiting fetchdata2.
2025-01-29 02:05:21,624 - __main__ - INFO - Fetching data for date range: 2025-01-28 to 2025-01-29
2025-01-29 02:05:21,660 - __main__ - INFO - Fetched 26 existing UIDs from the database.
2025-01-29 02:05:21,968 - __main__ - INFO - Fetched page 1 successfully with 18 responses .
2025-01-29 02:05:22,133 - __main__ - WARNING - Error fetching page 2 for capi_checklist_id 354 (attempt 1): 404 Client Error: Not Found for url: https://api.axismyindia.in/v1/admin/surveyors/qc-service/surveyor-responses/354?page=2&size=500&startDate=2025-01-28&endDate=2025-01-29
2025-01-29 02:05:26,314 - __main__ - WARNING - Error fetching page 2 for capi_checklist_id 354 (attempt 2): 404 Client Error: Not Found for url: https://api.axismyindia.in/v1/admin/surveyors/qc-service/surveyor-responses/354?page=2&size=500&startDate=2025-01-28&endDate=2025-01-29
2025-01-29 02:05:34,320 - __main__ - ERROR - Failed to fetch page 2 for capi_checklist_id 354 after 3 attempts.
2025-01-29 02:05:34,346 - __main__ - ERROR - No UIDs found for capi_checklist_id 354. Exiting fetchdata2.
2025-01-29 02:05:34,405 - __main__ - INFO - Fetching data for date range: 2025-01-28 to 2025-01-29
2025-01-29 02:05:34,405 - __main__ - INFO - Fetched 7 existing UIDs from the database.
2025-01-29 02:05:34,623 - __main__ - WARNING - Error fetching page 1 for capi_checklist_id 329 (attempt 1): 404 Client Error: Not Found for url: https://api.axismyindia.in/v1/admin/surveyors/qc-service/surveyor-responses/329?page=1&size=500&startDate=2025-01-28&endDate=2025-01-29
2025-01-29 02:05:38,820 - __main__ - WARNING - Error fetching page 1 for capi_checklist_id 329 (attempt 2): 404 Client Error: Not Found for url: https://api.axismyindia.in/v1/admin/surveyors/qc-service/surveyor-responses/329?page=1&size=500&startDate=2025-01-28&endDate=2025-01-29
2025-01-29 02:05:46,821 - __main__ - ERROR - Failed to fetch page 1 for capi_checklist_id 329 after 3 attempts.
2025-01-29 02:05:46,847 - __main__ - ERROR - No UIDs found for capi_checklist_id 329. Exiting fetchdata2.
2025-01-29 02:05:46,879 - __main__ - INFO - Fetching data for date range: 2025-01-28 to 2025-01-29
2025-01-29 02:05:46,894 - __main__ - INFO - Fetched 2 existing UIDs from the database.
2025-01-29 02:05:47,067 - __main__ - WARNING - Error fetching page 1 for capi_checklist_id 346 (attempt 1): 404 Client Error: Not Found for url: https://api.axismyindia.in/v1/admin/surveyors/qc-service/surveyor-responses/346?page=1&size=500&startDate=2025-01-28&endDate=2025-01-29
2025-01-29 02:05:51,223 - __main__ - WARNING - Error fetching page 1 for capi_checklist_id 346 (attempt 2): 404 Client Error: Not Found for url: https://api.axismyindia.in/v1/admin/surveyors/qc-service/surveyor-responses/346?page=1&size=500&startDate=2025-01-28&endDate=2025-01-29
2025-01-29 02:05:59,234 - __main__ - ERROR - Failed to fetch page 1 for capi_checklist_id 346 after 3 attempts.
2025-01-29 02:05:59,249 - __main__ - ERROR - No UIDs found for capi_checklist_id 346. Exiting fetchdata2.
2025-01-29 02:05:59,296 - __main__ - INFO - Fetching data for date range: 2025-01-28 to 2025-01-29
2025-01-29 02:05:59,312 - __main__ - INFO - Fetched 1 existing UIDs from the database.
2025-01-29 02:05:59,485 - __main__ - WARNING - Error fetching page 1 for capi_checklist_id 331 (attempt 1): 404 Client Error: Not Found for url: https://api.axismyindia.in/v1/admin/surveyors/qc-service/surveyor-responses/331?page=1&size=500&startDate=2025-01-28&endDate=2025-01-29
2025-01-29 02:06:03,656 - __main__ - WARNING - Error fetching page 1 for capi_checklist_id 331 (attempt 2): 404 Client Error: Not Found for url: https://api.axismyindia.in/v1/admin/surveyors/qc-service/surveyor-responses/331?page=1&size=500&startDate=2025-01-28&endDate=2025-01-29
2025-01-29 02:06:11,664 - __main__ - ERROR - Failed to fetch page 1 for capi_checklist_id 331 after 3 attempts.
2025-01-29 02:06:11,682 - __main__ - ERROR - No UIDs found for capi_checklist_id 331. Exiting fetchdata2.
2025-01-29 02:06:11,735 - __main__ - INFO - Fetching data for date range: 2025-01-28 to 2025-01-29
2025-01-29 02:06:11,735 - __main__ - INFO - Fetched 4 existing UIDs from the database.
2025-01-29 02:06:11,942 - __main__ - WARNING - Error fetching page 1 for capi_checklist_id 337 (attempt 1): 404 Client Error: Not Found for url: https://api.axismyindia.in/v1/admin/surveyors/qc-service/surveyor-responses/337?page=1&size=500&startDate=2025-01-28&endDate=2025-01-29
2025-01-29 02:06:16,094 - __main__ - WARNING - Error fetching page 1 for capi_checklist_id 337 (attempt 2): 404 Client Error: Not Found for url: https://api.axismyindia.in/v1/admin/surveyors/qc-service/surveyor-responses/337?page=1&size=500&startDate=2025-01-28&endDate=2025-01-29
2025-01-29 02:06:24,137 - __main__ - ERROR - Failed to fetch page 1 for capi_checklist_id 337 after 3 attempts.
2025-01-29 02:06:24,333 - __main__ - ERROR - No UIDs found for capi_checklist_id 337. Exiting fetchdata2.
2025-01-29 02:06:24,671 - __main__ - INFO - Fetching data for date range: 2025-01-28 to 2025-01-29
2025-01-29 02:06:24,729 - __main__ - INFO - Fetched 44 existing UIDs from the database.
2025-01-29 02:06:25,059 - __main__ - WARNING - Error fetching page 1 for capi_checklist_id 349 (attempt 1): 404 Client Error: Not Found for url: https://api.axismyindia.in/v1/admin/surveyors/qc-service/surveyor-responses/349?page=1&size=500&startDate=2025-01-28&endDate=2025-01-29
2025-01-29 02:06:29,395 - __main__ - WARNING - Error fetching page 1 for capi_checklist_id 349 (attempt 2): 404 Client Error: Not Found for url: https://api.axismyindia.in/v1/admin/surveyors/qc-service/surveyor-responses/349?page=1&size=500&startDate=2025-01-28&endDate=2025-01-29
2025-01-29 02:06:37,409 - __main__ - ERROR - Failed to fetch page 1 for capi_checklist_id 349 after 3 attempts.
2025-01-29 02:06:37,424 - __main__ - ERROR - No UIDs found for capi_checklist_id 349. Exiting fetchdata2.
2025-01-29 02:06:37,487 - __main__ - INFO - Fetching data for date range: 2025-01-28 to 2025-01-29
2025-01-29 02:06:37,504 - __main__ - INFO - Fetched 66 existing UIDs from the database.
2025-01-29 02:06:37,786 - __main__ - INFO - Fetched page 1 successfully with 24 responses .
2025-01-29 02:06:37,960 - __main__ - WARNING - Error fetching page 2 for capi_checklist_id 343 (attempt 1): 404 Client Error: Not Found for url: https://api.axismyindia.in/v1/admin/surveyors/qc-service/surveyor-responses/343?page=2&size=500&startDate=2025-01-28&endDate=2025-01-29
2025-01-29 02:06:42,144 - __main__ - WARNING - Error fetching page 2 for capi_checklist_id 343 (attempt 2): 404 Client Error: Not Found for url: https://api.axismyindia.in/v1/admin/surveyors/qc-service/surveyor-responses/343?page=2&size=500&startDate=2025-01-28&endDate=2025-01-29
2025-01-29 02:06:50,192 - __main__ - ERROR - Failed to fetch page 2 for capi_checklist_id 343 after 3 attempts.
2025-01-29 02:06:50,255 - __main__ - ERROR - No UIDs found for capi_checklist_id 343. Exiting fetchdata2.
2025-01-29 02:06:50,413 - __main__ - INFO - Fetching data for date range: 2025-01-28 to 2025-01-29
2025-01-29 02:06:50,476 - __main__ - INFO - Fetched 94 existing UIDs from the database.
2025-01-29 02:06:50,955 - __main__ - INFO - Fetched page 1 successfully with 25 responses .
2025-01-29 02:06:51,122 - __main__ - WARNING - Error fetching page 2 for capi_checklist_id 340 (attempt 1): 404 Client Error: Not Found for url: https://api.axismyindia.in/v1/admin/surveyors/qc-service/surveyor-responses/340?page=2&size=500&startDate=2025-01-28&endDate=2025-01-29
2025-01-29 02:06:55,307 - __main__ - WARNING - Error fetching page 2 for capi_checklist_id 340 (attempt 2): 404 Client Error: Not Found for url: https://api.axismyindia.in/v1/admin/surveyors/qc-service/surveyor-responses/340?page=2&size=500&startDate=2025-01-28&endDate=2025-01-29
2025-01-29 02:07:03,321 - __main__ - ERROR - Failed to fetch page 2 for capi_checklist_id 340 after 3 attempts.
2025-01-29 02:07:03,347 - __main__ - ERROR - No UIDs found for capi_checklist_id 340. Exiting fetchdata2.
2025-01-29 02:07:03,410 - __main__ - INFO - Fetching data for date range: 2025-01-28 to 2025-01-29
2025-01-29 02:07:03,425 - __main__ - INFO - Fetched 121 existing UIDs from the database.
2025-01-29 02:07:03,613 - __main__ - INFO - Fetched page 1 successfully with 27 responses .
2025-01-29 02:07:03,786 - __main__ - WARNING - Error fetching page 2 for capi_checklist_id 341 (attempt 1): 404 Client Error: Not Found for url: https://api.axismyindia.in/v1/admin/surveyors/qc-service/surveyor-responses/341?page=2&size=500&startDate=2025-01-28&endDate=2025-01-29
2025-01-29 02:07:07,949 - __main__ - WARNING - Error fetching page 2 for capi_checklist_id 341 (attempt 2): 404 Client Error: Not Found for url: https://api.axismyindia.in/v1/admin/surveyors/qc-service/surveyor-responses/341?page=2&size=500&startDate=2025-01-28&endDate=2025-01-29
2025-01-29 02:07:15,965 - __main__ - ERROR - Failed to fetch page 2 for capi_checklist_id 341 after 3 attempts.
2025-01-29 02:07:15,965 - __main__ - ERROR - No UIDs found for capi_checklist_id 341. Exiting fetchdata2.
2025-01-29 02:07:15,976 - __main__ - INFO - Fetching data for date range: 2025-01-28 to 2025-01-29
2025-01-29 02:07:15,993 - __main__ - INFO - Fetched 193 existing UIDs from the database.
2025-01-29 02:07:16,179 - __main__ - INFO - Fetched page 1 successfully with 45 responses .
2025-01-29 02:07:16,368 - __main__ - WARNING - Error fetching page 2 for capi_checklist_id 355 (attempt 1): 404 Client Error: Not Found for url: https://api.axismyindia.in/v1/admin/surveyors/qc-service/surveyor-responses/355?page=2&size=500&startDate=2025-01-28&endDate=2025-01-29
2025-01-29 02:07:20,562 - __main__ - WARNING - Error fetching page 2 for capi_checklist_id 355 (attempt 2): 404 Client Error: Not Found for url: https://api.axismyindia.in/v1/admin/surveyors/qc-service/surveyor-responses/355?page=2&size=500&startDate=2025-01-28&endDate=2025-01-29
2025-01-29 02:07:28,564 - __main__ - ERROR - Failed to fetch page 2 for capi_checklist_id 355 after 3 attempts.
2025-01-29 02:07:28,564 - __main__ - ERROR - No UIDs found for capi_checklist_id 355. Exiting fetchdata2.
2025-01-29 02:07:28,575 - __main__ - INFO - Fetching data for date range: 2025-01-28 to 2025-01-29
2025-01-29 02:07:28,575 - __main__ - INFO - Fetched 22 existing UIDs from the database.
2025-01-29 02:07:28,750 - __main__ - WARNING - Error fetching page 1 for capi_checklist_id 403 (attempt 1): 404 Client Error: Not Found for url: https://api.axismyindia.in/v1/admin/surveyors/qc-service/surveyor-responses/403?page=1&size=500&startDate=2025-01-28&endDate=2025-01-29
2025-01-29 02:07:32,925 - __main__ - WARNING - Error fetching page 1 for capi_checklist_id 403 (attempt 2): 404 Client Error: Not Found for url: https://api.axismyindia.in/v1/admin/surveyors/qc-service/surveyor-responses/403?page=1&size=500&startDate=2025-01-28&endDate=2025-01-29
2025-01-29 02:07:40,930 - __main__ - ERROR - Failed to fetch page 1 for capi_checklist_id 403 after 3 attempts.
2025-01-29 02:07:40,936 - __main__ - ERROR - No UIDs found for capi_checklist_id 403. Exiting fetchdata2.
2025-01-29 02:07:40,967 - __main__ - INFO - Fetching data for date range: 2025-01-28 to 2025-01-29
2025-01-29 02:07:40,983 - __main__ - INFO - Fetched 53 existing UIDs from the database.
2025-01-29 02:07:41,172 - __main__ - WARNING - Error fetching page 1 for capi_checklist_id 404 (attempt 1): 404 Client Error: Not Found for url: https://api.axismyindia.in/v1/admin/surveyors/qc-service/surveyor-responses/404?page=1&size=500&startDate=2025-01-28&endDate=2025-01-29
2025-01-29 02:07:45,337 - __main__ - WARNING - Error fetching page 1 for capi_checklist_id 404 (attempt 2): 404 Client Error: Not Found for url: https://api.axismyindia.in/v1/admin/surveyors/qc-service/surveyor-responses/404?page=1&size=500&startDate=2025-01-28&endDate=2025-01-29
2025-01-29 02:07:53,343 - __main__ - ERROR - Failed to fetch page 1 for capi_checklist_id 404 after 3 attempts.
2025-01-29 02:07:53,359 - __main__ - ERROR - No UIDs found for capi_checklist_id 404. Exiting fetchdata2.
2025-01-29 02:07:53,405 - __main__ - INFO - Fetching data for date range: 2025-01-28 to 2025-01-29
2025-01-29 02:07:53,421 - __main__ - INFO - Fetched 3 existing UIDs from the database.
2025-01-29 02:07:53,609 - __main__ - WARNING - Error fetching page 1 for capi_checklist_id 363 (attempt 1): 404 Client Error: Not Found for url: https://api.axismyindia.in/v1/admin/surveyors/qc-service/surveyor-responses/363?page=1&size=500&startDate=2025-01-28&endDate=2025-01-29
2025-01-29 02:07:57,774 - __main__ - WARNING - Error fetching page 1 for capi_checklist_id 363 (attempt 2): 404 Client Error: Not Found for url: https://api.axismyindia.in/v1/admin/surveyors/qc-service/surveyor-responses/363?page=1&size=500&startDate=2025-01-28&endDate=2025-01-29
2025-01-29 02:08:05,787 - __main__ - ERROR - Failed to fetch page 1 for capi_checklist_id 363 after 3 attempts.
2025-01-29 02:08:05,822 - __main__ - ERROR - No UIDs found for capi_checklist_id 363. Exiting fetchdata2.
2025-01-29 02:08:05,880 - __main__ - INFO - Fetching data for date range: 2025-01-28 to 2025-01-29
2025-01-29 02:08:05,880 - __main__ - INFO - Fetched 7 existing UIDs from the database.
2025-01-29 02:08:06,068 - __main__ - INFO - Fetched page 1 successfully with 1 responses .
2025-01-29 02:08:06,225 - __main__ - WARNING - Error fetching page 2 for capi_checklist_id 352 (attempt 1): 404 Client Error: Not Found for url: https://api.axismyindia.in/v1/admin/surveyors/qc-service/surveyor-responses/352?page=2&size=500&startDate=2025-01-28&endDate=2025-01-29
2025-01-29 02:08:10,391 - __main__ - WARNING - Error fetching page 2 for capi_checklist_id 352 (attempt 2): 404 Client Error: Not Found for url: https://api.axismyindia.in/v1/admin/surveyors/qc-service/surveyor-responses/352?page=2&size=500&startDate=2025-01-28&endDate=2025-01-29
2025-01-29 02:08:18,413 - __main__ - ERROR - Failed to fetch page 2 for capi_checklist_id 352 after 3 attempts.
2025-01-29 02:08:18,585 - __main__ - ERROR - No UIDs found for capi_checklist_id 352. Exiting fetchdata2.
2025-01-29 02:08:18,713 - __main__ - INFO - Fetching data for date range: 2025-01-28 to 2025-01-29
2025-01-29 02:08:18,745 - __main__ - INFO - Fetched 12 existing UIDs from the database.
2025-01-29 02:08:19,016 - __main__ - INFO - Fetched page 1 successfully with 5 responses .
2025-01-29 02:08:19,219 - __main__ - WARNING - Error fetching page 2 for capi_checklist_id 330 (attempt 1): 404 Client Error: Not Found for url: https://api.axismyindia.in/v1/admin/surveyors/qc-service/surveyor-responses/330?page=2&size=500&startDate=2025-01-28&endDate=2025-01-29
2025-01-29 02:08:23,576 - __main__ - WARNING - Error fetching page 2 for capi_checklist_id 330 (attempt 2): 404 Client Error: Not Found for url: https://api.axismyindia.in/v1/admin/surveyors/qc-service/surveyor-responses/330?page=2&size=500&startDate=2025-01-28&endDate=2025-01-29
2025-01-29 02:08:31,590 - __main__ - ERROR - Failed to fetch page 2 for capi_checklist_id 330 after 3 attempts.
2025-01-29 02:08:31,617 - __main__ - ERROR - No UIDs found for capi_checklist_id 330. Exiting fetchdata2.
2025-01-29 02:08:31,680 - __main__ - INFO - Fetching data for date range: 2025-01-28 to 2025-01-29
2025-01-29 02:08:31,697 - __main__ - INFO - Fetched 13 existing UIDs from the database.
2025-01-29 02:08:31,915 - __main__ - WARNING - Error fetching page 1 for capi_checklist_id 348 (attempt 1): 404 Client Error: Not Found for url: https://api.axismyindia.in/v1/admin/surveyors/qc-service/surveyor-responses/348?page=1&size=500&startDate=2025-01-28&endDate=2025-01-29
2025-01-29 02:08:36,088 - __main__ - WARNING - Error fetching page 1 for capi_checklist_id 348 (attempt 2): 404 Client Error: Not Found for url: https://api.axismyindia.in/v1/admin/surveyors/qc-service/surveyor-responses/348?page=1&size=500&startDate=2025-01-28&endDate=2025-01-29
2025-01-29 02:08:44,103 - __main__ - ERROR - Failed to fetch page 1 for capi_checklist_id 348 after 3 attempts.
2025-01-29 02:08:44,109 - __main__ - ERROR - No UIDs found for capi_checklist_id 348. Exiting fetchdata2.
2025-01-29 02:08:44,172 - __main__ - INFO - Fetching data for date range: 2025-01-28 to 2025-01-29
2025-01-29 02:08:44,172 - __main__ - INFO - Fetched 0 existing UIDs from the database.
2025-01-29 02:08:44,346 - __main__ - WARNING - Error fetching page 1 for capi_checklist_id 290 (attempt 1): 404 Client Error: Not Found for url: https://api.axismyindia.in/v1/admin/surveyors/qc-service/surveyor-responses/290?page=1&size=500&startDate=2025-01-28&endDate=2025-01-29
2025-01-29 02:08:48,520 - __main__ - WARNING - Error fetching page 1 for capi_checklist_id 290 (attempt 2): 404 Client Error: Not Found for url: https://api.axismyindia.in/v1/admin/surveyors/qc-service/surveyor-responses/290?page=1&size=500&startDate=2025-01-28&endDate=2025-01-29
2025-01-29 02:08:56,533 - __main__ - ERROR - Failed to fetch page 1 for capi_checklist_id 290 after 3 attempts.
2025-01-29 02:08:56,550 - __main__ - ERROR - No UIDs found for capi_checklist_id 290. Exiting fetchdata2.
2025-01-29 02:08:56,577 - __main__ - INFO - Fetching data for date range: 2025-01-28 to 2025-01-29
2025-01-29 02:08:56,592 - __main__ - INFO - Fetched 20 existing UIDs from the database.
2025-01-29 02:08:56,765 - __main__ - WARNING - Error fetching page 1 for capi_checklist_id 291 (attempt 1): 404 Client Error: Not Found for url: https://api.axismyindia.in/v1/admin/surveyors/qc-service/surveyor-responses/291?page=1&size=500&startDate=2025-01-28&endDate=2025-01-29
2025-01-29 02:09:00,948 - __main__ - WARNING - Error fetching page 1 for capi_checklist_id 291 (attempt 2): 404 Client Error: Not Found for url: https://api.axismyindia.in/v1/admin/surveyors/qc-service/surveyor-responses/291?page=1&size=500&startDate=2025-01-28&endDate=2025-01-29
2025-01-29 02:09:08,951 - __main__ - ERROR - Failed to fetch page 1 for capi_checklist_id 291 after 3 attempts.
2025-01-29 02:09:08,954 - __main__ - ERROR - No UIDs found for capi_checklist_id 291. Exiting fetchdata2.
2025-01-29 02:09:08,962 - __main__ - INFO - Fetching data for date range: 2025-01-28 to 2025-01-29
2025-01-29 02:09:08,980 - __main__ - INFO - Fetched 58 existing UIDs from the database.
2025-01-29 02:09:09,152 - __main__ - INFO - Fetched page 1 successfully with 11 responses .
2025-01-29 02:09:09,309 - __main__ - WARNING - Error fetching page 2 for capi_checklist_id 326 (attempt 1): 404 Client Error: Not Found for url: https://api.axismyindia.in/v1/admin/surveyors/qc-service/surveyor-responses/326?page=2&size=500&startDate=2025-01-28&endDate=2025-01-29
2025-01-29 02:09:13,482 - __main__ - WARNING - Error fetching page 2 for capi_checklist_id 326 (attempt 2): 404 Client Error: Not Found for url: https://api.axismyindia.in/v1/admin/surveyors/qc-service/surveyor-responses/326?page=2&size=500&startDate=2025-01-28&endDate=2025-01-29
2025-01-29 02:09:21,491 - __main__ - ERROR - Failed to fetch page 2 for capi_checklist_id 326 after 3 attempts.
2025-01-29 02:09:21,495 - __main__ - ERROR - No UIDs found for capi_checklist_id 326. Exiting fetchdata2.
2025-01-29 02:09:21,513 - __main__ - INFO - Fetching data for date range: 2025-01-28 to 2025-01-29
2025-01-29 02:09:21,513 - __main__ - INFO - Fetched 14 existing UIDs from the database.
2025-01-29 02:09:21,700 - __main__ - WARNING - Error fetching page 1 for capi_checklist_id 350 (attempt 1): 404 Client Error: Not Found for url: https://api.axismyindia.in/v1/admin/surveyors/qc-service/surveyor-responses/350?page=1&size=500&startDate=2025-01-28&endDate=2025-01-29
2025-01-29 02:09:25,857 - __main__ - WARNING - Error fetching page 1 for capi_checklist_id 350 (attempt 2): 404 Client Error: Not Found for url: https://api.axismyindia.in/v1/admin/surveyors/qc-service/surveyor-responses/350?page=1&size=500&startDate=2025-01-28&endDate=2025-01-29
2025-01-29 02:09:33,874 - __main__ - ERROR - Failed to fetch page 1 for capi_checklist_id 350 after 3 attempts.
2025-01-29 02:09:33,875 - __main__ - ERROR - No UIDs found for capi_checklist_id 350. Exiting fetchdata2.
2025-01-29 02:09:33,891 - __main__ - INFO - Fetching data for date range: 2025-01-28 to 2025-01-29
2025-01-29 02:09:33,906 - __main__ - INFO - Fetched 296 existing UIDs from the database.
2025-01-29 02:09:34,095 - __main__ - INFO - Fetched page 1 successfully with 81 responses .
2025-01-29 02:09:34,252 - __main__ - WARNING - Error fetching page 2 for capi_checklist_id 342 (attempt 1): 404 Client Error: Not Found for url: https://api.axismyindia.in/v1/admin/surveyors/qc-service/surveyor-responses/342?page=2&size=500&startDate=2025-01-28&endDate=2025-01-29
2025-01-29 02:09:38,417 - __main__ - WARNING - Error fetching page 2 for capi_checklist_id 342 (attempt 2): 404 Client Error: Not Found for url: https://api.axismyindia.in/v1/admin/surveyors/qc-service/surveyor-responses/342?page=2&size=500&startDate=2025-01-28&endDate=2025-01-29
2025-01-29 02:09:46,430 - __main__ - ERROR - Failed to fetch page 2 for capi_checklist_id 342 after 3 attempts.
2025-01-29 02:09:46,461 - __main__ - INFO - Fetched UIDs: defaultdict(<class 'list'>, {342: [15763]})
2025-01-29 02:09:47,574 - __main__ - INFO - Fetched data for UID 15763
2025-01-29 02:09:48,952 - __main__ - INFO - Fetching data for date range: 2025-01-28 to 2025-01-29
2025-01-29 02:09:48,968 - __main__ - INFO - Fetched 5 existing UIDs from the database.
2025-01-29 02:09:49,124 - __main__ - INFO - Fetched page 1 successfully with 1 responses .
2025-01-29 02:09:49,297 - __main__ - WARNING - Error fetching page 2 for capi_checklist_id 319 (attempt 1): 404 Client Error: Not Found for url: https://api.axismyindia.in/v1/admin/surveyors/qc-service/surveyor-responses/319?page=2&size=500&startDate=2025-01-28&endDate=2025-01-29
2025-01-29 02:09:53,498 - __main__ - WARNING - Error fetching page 2 for capi_checklist_id 319 (attempt 2): 404 Client Error: Not Found for url: https://api.axismyindia.in/v1/admin/surveyors/qc-service/surveyor-responses/319?page=2&size=500&startDate=2025-01-28&endDate=2025-01-29
2025-01-29 02:10:01,503 - __main__ - ERROR - Failed to fetch page 2 for capi_checklist_id 319 after 3 attempts.
2025-01-29 02:10:01,508 - __main__ - ERROR - No UIDs found for capi_checklist_id 319. Exiting fetchdata2.
2025-01-29 02:10:01,570 - __main__ - INFO - Fetching data for date range: 2025-01-28 to 2025-01-29
2025-01-29 02:10:01,585 - __main__ - INFO - Fetched 5 existing UIDs from the database.
2025-01-29 02:10:01,774 - __main__ - WARNING - Error fetching page 1 for capi_checklist_id 320 (attempt 1): 404 Client Error: Not Found for url: https://api.axismyindia.in/v1/admin/surveyors/qc-service/surveyor-responses/320?page=1&size=500&startDate=2025-01-28&endDate=2025-01-29
2025-01-29 02:10:05,957 - __main__ - WARNING - Error fetching page 1 for capi_checklist_id 320 (attempt 2): 404 Client Error: Not Found for url: https://api.axismyindia.in/v1/admin/surveyors/qc-service/surveyor-responses/320?page=1&size=500&startDate=2025-01-28&endDate=2025-01-29
2025-01-29 02:10:13,972 - __main__ - ERROR - Failed to fetch page 1 for capi_checklist_id 320 after 3 attempts.
2025-01-29 02:10:14,043 - __main__ - ERROR - No UIDs found for capi_checklist_id 320. Exiting fetchdata2.
2025-01-29 02:10:14,257 - __main__ - INFO - Fetching data for date range: 2025-01-28 to 2025-01-29
2025-01-29 02:10:14,327 - __main__ - INFO - Fetched 152 existing UIDs from the database.
2025-01-29 02:10:14,641 - __main__ - INFO - Fetched page 1 successfully with 55 responses .
2025-01-29 02:10:14,813 - __main__ - WARNING - Error fetching page 2 for capi_checklist_id 344 (attempt 1): 404 Client Error: Not Found for url: https://api.axismyindia.in/v1/admin/surveyors/qc-service/surveyor-responses/344?page=2&size=500&startDate=2025-01-28&endDate=2025-01-29
2025-01-29 02:10:19,122 - __main__ - WARNING - Error fetching page 2 for capi_checklist_id 344 (attempt 2): 404 Client Error: Not Found for url: https://api.axismyindia.in/v1/admin/surveyors/qc-service/surveyor-responses/344?page=2&size=500&startDate=2025-01-28&endDate=2025-01-29
2025-01-29 02:10:27,203 - __main__ - ERROR - Failed to fetch page 2 for capi_checklist_id 344 after 3 attempts.
2025-01-29 02:10:27,720 - __main__ - ERROR - No UIDs found for capi_checklist_id 344. Exiting fetchdata2.
2025-01-29 02:10:28,020 - __main__ - INFO - Fetching data for date range: 2025-01-28 to 2025-01-29
2025-01-29 02:10:28,109 - __main__ - INFO - Fetched 97 existing UIDs from the database.
2025-01-29 02:10:28,920 - __main__ - INFO - Fetched page 1 successfully with 13 responses .
2025-01-29 02:10:29,225 - __main__ - WARNING - Error fetching page 2 for capi_checklist_id 332 (attempt 1): 404 Client Error: Not Found for url: https://api.axismyindia.in/v1/admin/surveyors/qc-service/surveyor-responses/332?page=2&size=500&startDate=2025-01-28&endDate=2025-01-29
2025-01-29 02:10:33,434 - __main__ - WARNING - Error fetching page 2 for capi_checklist_id 332 (attempt 2): 404 Client Error: Not Found for url: https://api.axismyindia.in/v1/admin/surveyors/qc-service/surveyor-responses/332?page=2&size=500&startDate=2025-01-28&endDate=2025-01-29
2025-01-29 02:10:41,443 - __main__ - ERROR - Failed to fetch page 2 for capi_checklist_id 332 after 3 attempts.
2025-01-29 02:10:41,475 - __main__ - ERROR - No UIDs found for capi_checklist_id 332. Exiting fetchdata2.
2025-01-29 02:10:41,522 - __main__ - INFO - Fetching data for date range: 2025-01-28 to 2025-01-29
2025-01-29 02:10:41,537 - __main__ - INFO - Fetched 10 existing UIDs from the database.
2025-01-29 02:10:41,726 - __main__ - WARNING - Error fetching page 1 for capi_checklist_id 335 (attempt 1): 404 Client Error: Not Found for url: https://api.axismyindia.in/v1/admin/surveyors/qc-service/surveyor-responses/335?page=1&size=500&startDate=2025-01-28&endDate=2025-01-29
2025-01-29 02:10:45,904 - __main__ - WARNING - Error fetching page 1 for capi_checklist_id 335 (attempt 2): 404 Client Error: Not Found for url: https://api.axismyindia.in/v1/admin/surveyors/qc-service/surveyor-responses/335?page=1&size=500&startDate=2025-01-28&endDate=2025-01-29
2025-01-29 02:10:53,926 - __main__ - ERROR - Failed to fetch page 1 for capi_checklist_id 335 after 3 attempts.
2025-01-29 02:10:53,992 - __main__ - ERROR - No UIDs found for capi_checklist_id 335. Exiting fetchdata2.
2025-01-29 02:10:54,121 - __main__ - INFO - Fetching data for date range: 2025-01-28 to 2025-01-29
2025-01-29 02:10:54,171 - __main__ - INFO - Fetched 47 existing UIDs from the database.
2025-01-29 02:10:54,485 - __main__ - INFO - Fetched page 1 successfully with 14 responses .
2025-01-29 02:10:54,652 - __main__ - WARNING - Error fetching page 2 for capi_checklist_id 325 (attempt 1): 404 Client Error: Not Found for url: https://api.axismyindia.in/v1/admin/surveyors/qc-service/surveyor-responses/325?page=2&size=500&startDate=2025-01-28&endDate=2025-01-29
2025-01-29 02:10:58,944 - __main__ - WARNING - Error fetching page 2 for capi_checklist_id 325 (attempt 2): 404 Client Error: Not Found for url: https://api.axismyindia.in/v1/admin/surveyors/qc-service/surveyor-responses/325?page=2&size=500&startDate=2025-01-28&endDate=2025-01-29
2025-01-29 02:11:06,968 - __main__ - ERROR - Failed to fetch page 2 for capi_checklist_id 325 after 3 attempts.
2025-01-29 02:11:07,080 - __main__ - ERROR - No UIDs found for capi_checklist_id 325. Exiting fetchdata2.
2025-01-29 02:11:07,204 - __main__ - INFO - Fetching data for date range: 2025-01-28 to 2025-01-29
2025-01-29 02:11:07,298 - __main__ - INFO - Fetched 253 existing UIDs from the database.
2025-01-29 02:11:07,644 - __main__ - INFO - Fetched page 1 successfully with 42 responses .
2025-01-29 02:11:07,817 - __main__ - WARNING - Error fetching page 2 for capi_checklist_id 347 (attempt 1): 404 Client Error: Not Found for url: https://api.axismyindia.in/v1/admin/surveyors/qc-service/surveyor-responses/347?page=2&size=500&startDate=2025-01-28&endDate=2025-01-29
2025-01-29 02:11:12,009 - __main__ - WARNING - Error fetching page 2 for capi_checklist_id 347 (attempt 2): 404 Client Error: Not Found for url: https://api.axismyindia.in/v1/admin/surveyors/qc-service/surveyor-responses/347?page=2&size=500&startDate=2025-01-28&endDate=2025-01-29
2025-01-29 02:11:20,026 - __main__ - ERROR - Failed to fetch page 2 for capi_checklist_id 347 after 3 attempts.
2025-01-29 02:11:20,053 - __main__ - ERROR - No UIDs found for capi_checklist_id 347. Exiting fetchdata2.
2025-01-29 02:11:20,101 - __main__ - INFO - Fetching data for date range: 2025-01-28 to 2025-01-29
2025-01-29 02:11:20,101 - __main__ - INFO - Fetched 11 existing UIDs from the database.
2025-01-29 02:11:20,291 - __main__ - WARNING - Error fetching page 1 for capi_checklist_id 382 (attempt 1): 404 Client Error: Not Found for url: https://api.axismyindia.in/v1/admin/surveyors/qc-service/surveyor-responses/382?page=1&size=500&startDate=2025-01-28&endDate=2025-01-29
2025-01-29 02:11:24,461 - __main__ - WARNING - Error fetching page 1 for capi_checklist_id 382 (attempt 2): 404 Client Error: Not Found for url: https://api.axismyindia.in/v1/admin/surveyors/qc-service/surveyor-responses/382?page=1&size=500&startDate=2025-01-28&endDate=2025-01-29
2025-01-29 02:11:32,467 - __main__ - ERROR - Failed to fetch page 1 for capi_checklist_id 382 after 3 attempts.
2025-01-29 02:11:32,480 - __main__ - ERROR - No UIDs found for capi_checklist_id 382. Exiting fetchdata2.
2025-01-29 02:11:32,511 - __main__ - INFO - Fetching data for date range: 2025-01-28 to 2025-01-29
2025-01-29 02:11:32,511 - __main__ - INFO - Fetched 38 existing UIDs from the database.
2025-01-29 02:11:32,684 - __main__ - WARNING - Error fetching page 1 for capi_checklist_id 339 (attempt 1): 404 Client Error: Not Found for url: https://api.axismyindia.in/v1/admin/surveyors/qc-service/surveyor-responses/339?page=1&size=500&startDate=2025-01-28&endDate=2025-01-29
2025-01-29 02:11:37,089 - __main__ - WARNING - Error fetching page 1 for capi_checklist_id 339 (attempt 2): 404 Client Error: Not Found for url: https://api.axismyindia.in/v1/admin/surveyors/qc-service/surveyor-responses/339?page=1&size=500&startDate=2025-01-28&endDate=2025-01-29
2025-01-29 02:11:45,099 - __main__ - ERROR - Failed to fetch page 1 for capi_checklist_id 339 after 3 attempts.
2025-01-29 02:11:45,137 - __main__ - ERROR - No UIDs found for capi_checklist_id 339. Exiting fetchdata2.
2025-01-29 02:11:45,191 - __main__ - INFO - Fetching data for date range: 2025-01-28 to 2025-01-29
2025-01-29 02:11:45,207 - __main__ - INFO - Fetched 1 existing UIDs from the database.
2025-01-29 02:11:45,379 - __main__ - WARNING - Error fetching page 1 for capi_checklist_id 334 (attempt 1): 404 Client Error: Not Found for url: https://api.axismyindia.in/v1/admin/surveyors/qc-service/surveyor-responses/334?page=1&size=500&startDate=2025-01-28&endDate=2025-01-29
2025-01-29 02:11:49,550 - __main__ - WARNING - Error fetching page 1 for capi_checklist_id 334 (attempt 2): 404 Client Error: Not Found for url: https://api.axismyindia.in/v1/admin/surveyors/qc-service/surveyor-responses/334?page=1&size=500&startDate=2025-01-28&endDate=2025-01-29
2025-01-29 02:11:57,551 - __main__ - ERROR - Failed to fetch page 1 for capi_checklist_id 334 after 3 attempts.
2025-01-29 02:11:57,574 - __main__ - ERROR - No UIDs found for capi_checklist_id 334. Exiting fetchdata2.
2025-01-29 02:11:57,615 - __main__ - INFO - Fetching data for date range: 2025-01-28 to 2025-01-29
2025-01-29 02:11:57,693 - __main__ - INFO - Fetched 6098 existing UIDs from the database.
2025-01-29 02:11:57,925 - __main__ - INFO - Fetched page 1 successfully with 41 responses .
2025-01-29 02:11:58,087 - __main__ - WARNING - Error fetching page 2 for capi_checklist_id 321 (attempt 1): 404 Client Error: Not Found for url: https://api.axismyindia.in/v1/admin/surveyors/qc-service/surveyor-responses/321?page=2&size=500&startDate=2025-01-28&endDate=2025-01-29
2025-01-29 02:12:02,261 - __main__ - WARNING - Error fetching page 2 for capi_checklist_id 321 (attempt 2): 404 Client Error: Not Found for url: https://api.axismyindia.in/v1/admin/surveyors/qc-service/surveyor-responses/321?page=2&size=500&startDate=2025-01-28&endDate=2025-01-29
2025-01-29 02:12:10,267 - __main__ - ERROR - Failed to fetch page 2 for capi_checklist_id 321 after 3 attempts.
2025-01-29 02:12:10,273 - __main__ - ERROR - No UIDs found for capi_checklist_id 321. Exiting fetchdata2.
2025-01-29 03:04:56,374 - __main__ - INFO - Fetching data for date range: 2025-01-28 to 2025-01-29
2025-01-29 03:04:56,374 - __main__ - INFO - Fetched 2 existing UIDs from the database.
2025-01-29 03:04:56,578 - __main__ - WARNING - Error fetching page 1 for capi_checklist_id 397 (attempt 1): 404 Client Error: Not Found for url: https://api.axismyindia.in/v1/admin/surveyors/qc-service/surveyor-responses/397?page=1&size=500&startDate=2025-01-28&endDate=2025-01-29
2025-01-29 03:05:00,741 - __main__ - WARNING - Error fetching page 1 for capi_checklist_id 397 (attempt 2): 404 Client Error: Not Found for url: https://api.axismyindia.in/v1/admin/surveyors/qc-service/surveyor-responses/397?page=1&size=500&startDate=2025-01-28&endDate=2025-01-29
2025-01-29 03:05:08,750 - __main__ - ERROR - Failed to fetch page 1 for capi_checklist_id 397 after 3 attempts.
2025-01-29 03:05:08,760 - __main__ - ERROR - No UIDs found for capi_checklist_id 397. Exiting fetchdata2.
2025-01-29 03:05:08,823 - __main__ - INFO - Fetching data for date range: 2025-01-28 to 2025-01-29
2025-01-29 03:05:08,840 - __main__ - INFO - Fetched 0 existing UIDs from the database.
2025-01-29 03:05:09,011 - __main__ - WARNING - Error fetching page 1 for capi_checklist_id 400 (attempt 1): 404 Client Error: Not Found for url: https://api.axismyindia.in/v1/admin/surveyors/qc-service/surveyor-responses/400?page=1&size=500&startDate=2025-01-28&endDate=2025-01-29
2025-01-29 03:05:13,191 - __main__ - WARNING - Error fetching page 1 for capi_checklist_id 400 (attempt 2): 404 Client Error: Not Found for url: https://api.axismyindia.in/v1/admin/surveyors/qc-service/surveyor-responses/400?page=1&size=500&startDate=2025-01-28&endDate=2025-01-29
2025-01-29 03:05:21,195 - __main__ - ERROR - Failed to fetch page 1 for capi_checklist_id 400 after 3 attempts.
2025-01-29 03:05:21,226 - __main__ - ERROR - No UIDs found for capi_checklist_id 400. Exiting fetchdata2.
2025-01-29 03:05:21,250 - __main__ - INFO - Fetching data for date range: 2025-01-28 to 2025-01-29
2025-01-29 03:05:21,266 - __main__ - INFO - Fetched 26 existing UIDs from the database.
2025-01-29 03:05:21,467 - __main__ - INFO - Fetched page 1 successfully with 18 responses .
2025-01-29 03:05:21,628 - __main__ - WARNING - Error fetching page 2 for capi_checklist_id 354 (attempt 1): 404 Client Error: Not Found for url: https://api.axismyindia.in/v1/admin/surveyors/qc-service/surveyor-responses/354?page=2&size=500&startDate=2025-01-28&endDate=2025-01-29
2025-01-29 03:05:25,791 - __main__ - WARNING - Error fetching page 2 for capi_checklist_id 354 (attempt 2): 404 Client Error: Not Found for url: https://api.axismyindia.in/v1/admin/surveyors/qc-service/surveyor-responses/354?page=2&size=500&startDate=2025-01-28&endDate=2025-01-29
2025-01-29 03:05:33,821 - __main__ - ERROR - Failed to fetch page 2 for capi_checklist_id 354 after 3 attempts.
2025-01-29 03:05:33,899 - __main__ - ERROR - No UIDs found for capi_checklist_id 354. Exiting fetchdata2.
2025-01-29 03:05:34,070 - __main__ - INFO - Fetching data for date range: 2025-01-28 to 2025-01-29
2025-01-29 03:05:34,089 - __main__ - INFO - Fetched 7 existing UIDs from the database.
2025-01-29 03:05:34,405 - __main__ - WARNING - Error fetching page 1 for capi_checklist_id 329 (attempt 1): 404 Client Error: Not Found for url: https://api.axismyindia.in/v1/admin/surveyors/qc-service/surveyor-responses/329?page=1&size=500&startDate=2025-01-28&endDate=2025-01-29
2025-01-29 03:05:38,678 - __main__ - WARNING - Error fetching page 1 for capi_checklist_id 329 (attempt 2): 404 Client Error: Not Found for url: https://api.axismyindia.in/v1/admin/surveyors/qc-service/surveyor-responses/329?page=1&size=500&startDate=2025-01-28&endDate=2025-01-29
2025-01-29 03:05:46,709 - __main__ - ERROR - Failed to fetch page 1 for capi_checklist_id 329 after 3 attempts.
2025-01-29 03:05:46,835 - __main__ - ERROR - No UIDs found for capi_checklist_id 329. Exiting fetchdata2.
2025-01-29 03:05:47,425 - __main__ - INFO - Fetching data for date range: 2025-01-28 to 2025-01-29
2025-01-29 03:05:47,447 - __main__ - INFO - Fetched 2 existing UIDs from the database.
2025-01-29 03:05:47,814 - __main__ - WARNING - Error fetching page 1 for capi_checklist_id 346 (attempt 1): 404 Client Error: Not Found for url: https://api.axismyindia.in/v1/admin/surveyors/qc-service/surveyor-responses/346?page=1&size=500&startDate=2025-01-28&endDate=2025-01-29
2025-01-29 03:05:52,044 - __main__ - WARNING - Error fetching page 1 for capi_checklist_id 346 (attempt 2): 404 Client Error: Not Found for url: https://api.axismyindia.in/v1/admin/surveyors/qc-service/surveyor-responses/346?page=1&size=500&startDate=2025-01-28&endDate=2025-01-29
2025-01-29 03:06:00,049 - __main__ - ERROR - Failed to fetch page 1 for capi_checklist_id 346 after 3 attempts.
2025-01-29 03:06:00,069 - __main__ - ERROR - No UIDs found for capi_checklist_id 346. Exiting fetchdata2.
2025-01-29 03:06:00,137 - __main__ - INFO - Fetching data for date range: 2025-01-28 to 2025-01-29
2025-01-29 03:06:00,137 - __main__ - INFO - Fetched 1 existing UIDs from the database.
2025-01-29 03:06:00,324 - __main__ - WARNING - Error fetching page 1 for capi_checklist_id 331 (attempt 1): 404 Client Error: Not Found for url: https://api.axismyindia.in/v1/admin/surveyors/qc-service/surveyor-responses/331?page=1&size=500&startDate=2025-01-28&endDate=2025-01-29
2025-01-29 03:06:04,711 - __main__ - WARNING - Error fetching page 1 for capi_checklist_id 331 (attempt 2): 404 Client Error: Not Found for url: https://api.axismyindia.in/v1/admin/surveyors/qc-service/surveyor-responses/331?page=1&size=500&startDate=2025-01-28&endDate=2025-01-29
2025-01-29 03:06:12,717 - __main__ - ERROR - Failed to fetch page 1 for capi_checklist_id 331 after 3 attempts.
2025-01-29 03:06:12,733 - __main__ - ERROR - No UIDs found for capi_checklist_id 331. Exiting fetchdata2.
2025-01-29 03:06:12,780 - __main__ - INFO - Fetching data for date range: 2025-01-28 to 2025-01-29
2025-01-29 03:06:12,795 - __main__ - INFO - Fetched 4 existing UIDs from the database.
2025-01-29 03:06:12,968 - __main__ - WARNING - Error fetching page 1 for capi_checklist_id 337 (attempt 1): 404 Client Error: Not Found for url: https://api.axismyindia.in/v1/admin/surveyors/qc-service/surveyor-responses/337?page=1&size=500&startDate=2025-01-28&endDate=2025-01-29
2025-01-29 03:06:17,129 - __main__ - WARNING - Error fetching page 1 for capi_checklist_id 337 (attempt 2): 404 Client Error: Not Found for url: https://api.axismyindia.in/v1/admin/surveyors/qc-service/surveyor-responses/337?page=1&size=500&startDate=2025-01-28&endDate=2025-01-29
2025-01-29 03:06:25,138 - __main__ - ERROR - Failed to fetch page 1 for capi_checklist_id 337 after 3 attempts.
2025-01-29 03:06:25,201 - __main__ - ERROR - No UIDs found for capi_checklist_id 337. Exiting fetchdata2.
2025-01-29 03:06:25,311 - __main__ - INFO - Fetching data for date range: 2025-01-28 to 2025-01-29
2025-01-29 03:06:25,342 - __main__ - INFO - Fetched 44 existing UIDs from the database.
2025-01-29 03:06:25,610 - __main__ - WARNING - Error fetching page 1 for capi_checklist_id 349 (attempt 1): 404 Client Error: Not Found for url: https://api.axismyindia.in/v1/admin/surveyors/qc-service/surveyor-responses/349?page=1&size=500&startDate=2025-01-28&endDate=2025-01-29
2025-01-29 03:06:29,883 - __main__ - WARNING - Error fetching page 1 for capi_checklist_id 349 (attempt 2): 404 Client Error: Not Found for url: https://api.axismyindia.in/v1/admin/surveyors/qc-service/surveyor-responses/349?page=1&size=500&startDate=2025-01-28&endDate=2025-01-29
2025-01-29 03:06:37,993 - __main__ - ERROR - Failed to fetch page 1 for capi_checklist_id 349 after 3 attempts.
2025-01-29 03:06:38,127 - __main__ - ERROR - No UIDs found for capi_checklist_id 349. Exiting fetchdata2.
2025-01-29 03:06:38,513 - __main__ - INFO - Fetching data for date range: 2025-01-28 to 2025-01-29
2025-01-29 03:06:38,607 - __main__ - INFO - Fetched 66 existing UIDs from the database.
2025-01-29 03:06:39,227 - __main__ - INFO - Fetched page 1 successfully with 24 responses .
2025-01-29 03:06:39,652 - __main__ - WARNING - Error fetching page 2 for capi_checklist_id 343 (attempt 1): 404 Client Error: Not Found for url: https://api.axismyindia.in/v1/admin/surveyors/qc-service/surveyor-responses/343?page=2&size=500&startDate=2025-01-28&endDate=2025-01-29
2025-01-29 03:06:43,941 - __main__ - WARNING - Error fetching page 2 for capi_checklist_id 343 (attempt 2): 404 Client Error: Not Found for url: https://api.axismyindia.in/v1/admin/surveyors/qc-service/surveyor-responses/343?page=2&size=500&startDate=2025-01-28&endDate=2025-01-29
2025-01-29 03:06:51,970 - __main__ - ERROR - Failed to fetch page 2 for capi_checklist_id 343 after 3 attempts.
2025-01-29 03:06:52,017 - __main__ - ERROR - No UIDs found for capi_checklist_id 343. Exiting fetchdata2.
2025-01-29 03:06:52,089 - __main__ - INFO - Fetching data for date range: 2025-01-28 to 2025-01-29
2025-01-29 03:06:52,105 - __main__ - INFO - Fetched 94 existing UIDs from the database.
2025-01-29 03:06:52,326 - __main__ - INFO - Fetched page 1 successfully with 25 responses .
2025-01-29 03:06:52,495 - __main__ - WARNING - Error fetching page 2 for capi_checklist_id 340 (attempt 1): 404 Client Error: Not Found for url: https://api.axismyindia.in/v1/admin/surveyors/qc-service/surveyor-responses/340?page=2&size=500&startDate=2025-01-28&endDate=2025-01-29
2025-01-29 03:06:56,657 - __main__ - WARNING - Error fetching page 2 for capi_checklist_id 340 (attempt 2): 404 Client Error: Not Found for url: https://api.axismyindia.in/v1/admin/surveyors/qc-service/surveyor-responses/340?page=2&size=500&startDate=2025-01-28&endDate=2025-01-29
2025-01-29 03:07:04,675 - __main__ - ERROR - Failed to fetch page 2 for capi_checklist_id 340 after 3 attempts.
2025-01-29 03:07:04,690 - __main__ - ERROR - No UIDs found for capi_checklist_id 340. Exiting fetchdata2.
2025-01-29 03:07:04,722 - __main__ - INFO - Fetching data for date range: 2025-01-28 to 2025-01-29
2025-01-29 03:07:04,738 - __main__ - INFO - Fetched 121 existing UIDs from the database.
2025-01-29 03:07:04,925 - __main__ - INFO - Fetched page 1 successfully with 27 responses .
2025-01-29 03:07:05,098 - __main__ - WARNING - Error fetching page 2 for capi_checklist_id 341 (attempt 1): 404 Client Error: Not Found for url: https://api.axismyindia.in/v1/admin/surveyors/qc-service/surveyor-responses/341?page=2&size=500&startDate=2025-01-28&endDate=2025-01-29
2025-01-29 03:07:09,271 - __main__ - WARNING - Error fetching page 2 for capi_checklist_id 341 (attempt 2): 404 Client Error: Not Found for url: https://api.axismyindia.in/v1/admin/surveyors/qc-service/surveyor-responses/341?page=2&size=500&startDate=2025-01-28&endDate=2025-01-29
2025-01-29 03:07:17,279 - __main__ - ERROR - Failed to fetch page 2 for capi_checklist_id 341 after 3 attempts.
2025-01-29 03:07:17,298 - __main__ - ERROR - No UIDs found for capi_checklist_id 341. Exiting fetchdata2.
2025-01-29 03:07:17,345 - __main__ - INFO - Fetching data for date range: 2025-01-28 to 2025-01-29
2025-01-29 03:07:17,361 - __main__ - INFO - Fetched 193 existing UIDs from the database.
2025-01-29 03:07:17,565 - __main__ - INFO - Fetched page 1 successfully with 45 responses .
2025-01-29 03:07:17,723 - __main__ - WARNING - Error fetching page 2 for capi_checklist_id 355 (attempt 1): 404 Client Error: Not Found for url: https://api.axismyindia.in/v1/admin/surveyors/qc-service/surveyor-responses/355?page=2&size=500&startDate=2025-01-28&endDate=2025-01-29
2025-01-29 03:07:21,903 - __main__ - WARNING - Error fetching page 2 for capi_checklist_id 355 (attempt 2): 404 Client Error: Not Found for url: https://api.axismyindia.in/v1/admin/surveyors/qc-service/surveyor-responses/355?page=2&size=500&startDate=2025-01-28&endDate=2025-01-29
2025-01-29 03:07:29,918 - __main__ - ERROR - Failed to fetch page 2 for capi_checklist_id 355 after 3 attempts.
2025-01-29 03:07:29,918 - __main__ - ERROR - No UIDs found for capi_checklist_id 355. Exiting fetchdata2.
2025-01-29 03:07:29,933 - __main__ - INFO - Fetching data for date range: 2025-01-28 to 2025-01-29
2025-01-29 03:07:29,933 - __main__ - INFO - Fetched 22 existing UIDs from the database.
2025-01-29 03:07:30,121 - __main__ - WARNING - Error fetching page 1 for capi_checklist_id 403 (attempt 1): 404 Client Error: Not Found for url: https://api.axismyindia.in/v1/admin/surveyors/qc-service/surveyor-responses/403?page=1&size=500&startDate=2025-01-28&endDate=2025-01-29
2025-01-29 03:07:34,287 - __main__ - WARNING - Error fetching page 1 for capi_checklist_id 403 (attempt 2): 404 Client Error: Not Found for url: https://api.axismyindia.in/v1/admin/surveyors/qc-service/surveyor-responses/403?page=1&size=500&startDate=2025-01-28&endDate=2025-01-29
2025-01-29 03:07:42,294 - __main__ - ERROR - Failed to fetch page 1 for capi_checklist_id 403 after 3 attempts.
2025-01-29 03:07:42,305 - __main__ - ERROR - No UIDs found for capi_checklist_id 403. Exiting fetchdata2.
2025-01-29 03:07:42,352 - __main__ - INFO - Fetching data for date range: 2025-01-28 to 2025-01-29
2025-01-29 03:07:42,352 - __main__ - INFO - Fetched 53 existing UIDs from the database.
2025-01-29 03:07:42,540 - __main__ - WARNING - Error fetching page 1 for capi_checklist_id 404 (attempt 1): 404 Client Error: Not Found for url: https://api.axismyindia.in/v1/admin/surveyors/qc-service/surveyor-responses/404?page=1&size=500&startDate=2025-01-28&endDate=2025-01-29
2025-01-29 03:07:46,726 - __main__ - WARNING - Error fetching page 1 for capi_checklist_id 404 (attempt 2): 404 Client Error: Not Found for url: https://api.axismyindia.in/v1/admin/surveyors/qc-service/surveyor-responses/404?page=1&size=500&startDate=2025-01-28&endDate=2025-01-29
2025-01-29 03:07:54,733 - __main__ - ERROR - Failed to fetch page 1 for capi_checklist_id 404 after 3 attempts.
2025-01-29 03:07:54,733 - __main__ - ERROR - No UIDs found for capi_checklist_id 404. Exiting fetchdata2.
2025-01-29 03:07:54,780 - __main__ - INFO - Fetching data for date range: 2025-01-28 to 2025-01-29
2025-01-29 03:07:54,796 - __main__ - INFO - Fetched 3 existing UIDs from the database.
2025-01-29 03:07:54,983 - __main__ - WARNING - Error fetching page 1 for capi_checklist_id 363 (attempt 1): 404 Client Error: Not Found for url: https://api.axismyindia.in/v1/admin/surveyors/qc-service/surveyor-responses/363?page=1&size=500&startDate=2025-01-28&endDate=2025-01-29
2025-01-29 03:07:59,174 - __main__ - WARNING - Error fetching page 1 for capi_checklist_id 363 (attempt 2): 404 Client Error: Not Found for url: https://api.axismyindia.in/v1/admin/surveyors/qc-service/surveyor-responses/363?page=1&size=500&startDate=2025-01-28&endDate=2025-01-29
2025-01-29 03:08:07,177 - __main__ - ERROR - Failed to fetch page 1 for capi_checklist_id 363 after 3 attempts.
2025-01-29 03:08:07,177 - __main__ - ERROR - No UIDs found for capi_checklist_id 363. Exiting fetchdata2.
2025-01-29 03:08:07,188 - __main__ - INFO - Fetching data for date range: 2025-01-28 to 2025-01-29
2025-01-29 03:08:07,193 - __main__ - INFO - Fetched 7 existing UIDs from the database.
2025-01-29 03:08:07,350 - __main__ - INFO - Fetched page 1 successfully with 1 responses .
2025-01-29 03:08:07,523 - __main__ - WARNING - Error fetching page 2 for capi_checklist_id 352 (attempt 1): 404 Client Error: Not Found for url: https://api.axismyindia.in/v1/admin/surveyors/qc-service/surveyor-responses/352?page=2&size=500&startDate=2025-01-28&endDate=2025-01-29
2025-01-29 03:08:11,689 - __main__ - WARNING - Error fetching page 2 for capi_checklist_id 352 (attempt 2): 404 Client Error: Not Found for url: https://api.axismyindia.in/v1/admin/surveyors/qc-service/surveyor-responses/352?page=2&size=500&startDate=2025-01-28&endDate=2025-01-29
2025-01-29 03:08:19,700 - __main__ - ERROR - Failed to fetch page 2 for capi_checklist_id 352 after 3 attempts.
2025-01-29 03:08:19,703 - __main__ - ERROR - No UIDs found for capi_checklist_id 352. Exiting fetchdata2.
2025-01-29 03:08:19,734 - __main__ - INFO - Fetching data for date range: 2025-01-28 to 2025-01-29
2025-01-29 03:08:19,750 - __main__ - INFO - Fetched 12 existing UIDs from the database.
2025-01-29 03:08:19,938 - __main__ - INFO - Fetched page 1 successfully with 5 responses .
2025-01-29 03:08:20,094 - __main__ - WARNING - Error fetching page 2 for capi_checklist_id 330 (attempt 1): 404 Client Error: Not Found for url: https://api.axismyindia.in/v1/admin/surveyors/qc-service/surveyor-responses/330?page=2&size=500&startDate=2025-01-28&endDate=2025-01-29
2025-01-29 03:08:24,261 - __main__ - WARNING - Error fetching page 2 for capi_checklist_id 330 (attempt 2): 404 Client Error: Not Found for url: https://api.axismyindia.in/v1/admin/surveyors/qc-service/surveyor-responses/330?page=2&size=500&startDate=2025-01-28&endDate=2025-01-29
2025-01-29 03:08:32,263 - __main__ - ERROR - Failed to fetch page 2 for capi_checklist_id 330 after 3 attempts.
2025-01-29 03:08:32,275 - __main__ - ERROR - No UIDs found for capi_checklist_id 330. Exiting fetchdata2.
2025-01-29 03:08:32,288 - __main__ - INFO - Fetching data for date range: 2025-01-28 to 2025-01-29
2025-01-29 03:08:32,288 - __main__ - INFO - Fetched 13 existing UIDs from the database.
2025-01-29 03:08:32,459 - __main__ - WARNING - Error fetching page 1 for capi_checklist_id 348 (attempt 1): 404 Client Error: Not Found for url: https://api.axismyindia.in/v1/admin/surveyors/qc-service/surveyor-responses/348?page=1&size=500&startDate=2025-01-28&endDate=2025-01-29
2025-01-29 03:08:36,981 - __main__ - WARNING - Error fetching page 1 for capi_checklist_id 348 (attempt 2): 404 Client Error: Not Found for url: https://api.axismyindia.in/v1/admin/surveyors/qc-service/surveyor-responses/348?page=1&size=500&startDate=2025-01-28&endDate=2025-01-29
2025-01-29 03:08:44,997 - __main__ - ERROR - Failed to fetch page 1 for capi_checklist_id 348 after 3 attempts.
2025-01-29 03:08:45,019 - __main__ - ERROR - No UIDs found for capi_checklist_id 348. Exiting fetchdata2.
2025-01-29 03:08:45,068 - __main__ - INFO - Fetching data for date range: 2025-01-28 to 2025-01-29
2025-01-29 03:08:45,068 - __main__ - INFO - Fetched 0 existing UIDs from the database.
2025-01-29 03:08:45,257 - __main__ - WARNING - Error fetching page 1 for capi_checklist_id 290 (attempt 1): 404 Client Error: Not Found for url: https://api.axismyindia.in/v1/admin/surveyors/qc-service/surveyor-responses/290?page=1&size=500&startDate=2025-01-28&endDate=2025-01-29
2025-01-29 03:08:49,438 - __main__ - WARNING - Error fetching page 1 for capi_checklist_id 290 (attempt 2): 404 Client Error: Not Found for url: https://api.axismyindia.in/v1/admin/surveyors/qc-service/surveyor-responses/290?page=1&size=500&startDate=2025-01-28&endDate=2025-01-29
2025-01-29 03:08:57,441 - __main__ - ERROR - Failed to fetch page 1 for capi_checklist_id 290 after 3 attempts.
2025-01-29 03:08:57,441 - __main__ - ERROR - No UIDs found for capi_checklist_id 290. Exiting fetchdata2.
2025-01-29 03:08:57,447 - __main__ - INFO - Fetching data for date range: 2025-01-28 to 2025-01-29
2025-01-29 03:08:57,447 - __main__ - INFO - Fetched 20 existing UIDs from the database.
2025-01-29 03:08:57,619 - __main__ - WARNING - Error fetching page 1 for capi_checklist_id 291 (attempt 1): 404 Client Error: Not Found for url: https://api.axismyindia.in/v1/admin/surveyors/qc-service/surveyor-responses/291?page=1&size=500&startDate=2025-01-28&endDate=2025-01-29
2025-01-29 03:09:01,787 - __main__ - WARNING - Error fetching page 1 for capi_checklist_id 291 (attempt 2): 404 Client Error: Not Found for url: https://api.axismyindia.in/v1/admin/surveyors/qc-service/surveyor-responses/291?page=1&size=500&startDate=2025-01-28&endDate=2025-01-29
2025-01-29 03:09:09,803 - __main__ - ERROR - Failed to fetch page 1 for capi_checklist_id 291 after 3 attempts.
2025-01-29 03:09:09,827 - __main__ - ERROR - No UIDs found for capi_checklist_id 291. Exiting fetchdata2.
2025-01-29 03:09:09,875 - __main__ - INFO - Fetching data for date range: 2025-01-28 to 2025-01-29
2025-01-29 03:09:09,906 - __main__ - INFO - Fetched 58 existing UIDs from the database.
2025-01-29 03:09:10,094 - __main__ - INFO - Fetched page 1 successfully with 11 responses .
2025-01-29 03:09:10,250 - __main__ - WARNING - Error fetching page 2 for capi_checklist_id 326 (attempt 1): 404 Client Error: Not Found for url: https://api.axismyindia.in/v1/admin/surveyors/qc-service/surveyor-responses/326?page=2&size=500&startDate=2025-01-28&endDate=2025-01-29
2025-01-29 03:09:14,398 - __main__ - WARNING - Error fetching page 2 for capi_checklist_id 326 (attempt 2): 404 Client Error: Not Found for url: https://api.axismyindia.in/v1/admin/surveyors/qc-service/surveyor-responses/326?page=2&size=500&startDate=2025-01-28&endDate=2025-01-29
2025-01-29 03:09:22,412 - __main__ - ERROR - Failed to fetch page 2 for capi_checklist_id 326 after 3 attempts.
2025-01-29 03:09:22,422 - __main__ - ERROR - No UIDs found for capi_checklist_id 326. Exiting fetchdata2.
2025-01-29 03:09:22,453 - __main__ - INFO - Fetching data for date range: 2025-01-28 to 2025-01-29
2025-01-29 03:09:22,468 - __main__ - INFO - Fetched 14 existing UIDs from the database.
2025-01-29 03:09:22,641 - __main__ - WARNING - Error fetching page 1 for capi_checklist_id 350 (attempt 1): 404 Client Error: Not Found for url: https://api.axismyindia.in/v1/admin/surveyors/qc-service/surveyor-responses/350?page=1&size=500&startDate=2025-01-28&endDate=2025-01-29
2025-01-29 03:09:26,829 - __main__ - WARNING - Error fetching page 1 for capi_checklist_id 350 (attempt 2): 404 Client Error: Not Found for url: https://api.axismyindia.in/v1/admin/surveyors/qc-service/surveyor-responses/350?page=1&size=500&startDate=2025-01-28&endDate=2025-01-29
2025-01-29 03:09:34,843 - __main__ - ERROR - Failed to fetch page 1 for capi_checklist_id 350 after 3 attempts.
2025-01-29 03:09:34,850 - __main__ - ERROR - No UIDs found for capi_checklist_id 350. Exiting fetchdata2.
2025-01-29 03:09:34,882 - __main__ - INFO - Fetching data for date range: 2025-01-28 to 2025-01-29
2025-01-29 03:09:34,897 - __main__ - INFO - Fetched 296 existing UIDs from the database.
2025-01-29 03:09:35,101 - __main__ - INFO - Fetched page 1 successfully with 81 responses .
2025-01-29 03:09:35,264 - __main__ - WARNING - Error fetching page 2 for capi_checklist_id 342 (attempt 1): 404 Client Error: Not Found for url: https://api.axismyindia.in/v1/admin/surveyors/qc-service/surveyor-responses/342?page=2&size=500&startDate=2025-01-28&endDate=2025-01-29
2025-01-29 03:09:39,428 - __main__ - WARNING - Error fetching page 2 for capi_checklist_id 342 (attempt 2): 404 Client Error: Not Found for url: https://api.axismyindia.in/v1/admin/surveyors/qc-service/surveyor-responses/342?page=2&size=500&startDate=2025-01-28&endDate=2025-01-29
2025-01-29 03:09:47,431 - __main__ - ERROR - Failed to fetch page 2 for capi_checklist_id 342 after 3 attempts.
2025-01-29 03:09:47,447 - __main__ - INFO - Fetched UIDs: defaultdict(<class 'list'>, {342: [15763]})
2025-01-29 03:09:48,667 - __main__ - INFO - Fetched data for UID 15763
2025-01-29 03:09:50,071 - __main__ - INFO - Fetching data for date range: 2025-01-28 to 2025-01-29
2025-01-29 03:09:50,075 - __main__ - INFO - Fetched 5 existing UIDs from the database.
2025-01-29 03:09:50,236 - __main__ - INFO - Fetched page 1 successfully with 1 responses .
2025-01-29 03:09:50,423 - __main__ - WARNING - Error fetching page 2 for capi_checklist_id 319 (attempt 1): 404 Client Error: Not Found for url: https://api.axismyindia.in/v1/admin/surveyors/qc-service/surveyor-responses/319?page=2&size=500&startDate=2025-01-28&endDate=2025-01-29
2025-01-29 03:09:54,583 - __main__ - WARNING - Error fetching page 2 for capi_checklist_id 319 (attempt 2): 404 Client Error: Not Found for url: https://api.axismyindia.in/v1/admin/surveyors/qc-service/surveyor-responses/319?page=2&size=500&startDate=2025-01-28&endDate=2025-01-29
2025-01-29 03:10:02,604 - __main__ - ERROR - Failed to fetch page 2 for capi_checklist_id 319 after 3 attempts.
2025-01-29 03:10:02,644 - __main__ - ERROR - No UIDs found for capi_checklist_id 319. Exiting fetchdata2.
2025-01-29 03:10:02,702 - __main__ - INFO - Fetching data for date range: 2025-01-28 to 2025-01-29
2025-01-29 03:10:02,714 - __main__ - INFO - Fetched 5 existing UIDs from the database.
2025-01-29 03:10:02,903 - __main__ - WARNING - Error fetching page 1 for capi_checklist_id 320 (attempt 1): 404 Client Error: Not Found for url: https://api.axismyindia.in/v1/admin/surveyors/qc-service/surveyor-responses/320?page=1&size=500&startDate=2025-01-28&endDate=2025-01-29
2025-01-29 03:10:07,045 - __main__ - WARNING - Error fetching page 1 for capi_checklist_id 320 (attempt 2): 404 Client Error: Not Found for url: https://api.axismyindia.in/v1/admin/surveyors/qc-service/surveyor-responses/320?page=1&size=500&startDate=2025-01-28&endDate=2025-01-29
2025-01-29 03:10:15,057 - __main__ - ERROR - Failed to fetch page 1 for capi_checklist_id 320 after 3 attempts.
2025-01-29 03:10:15,057 - __main__ - ERROR - No UIDs found for capi_checklist_id 320. Exiting fetchdata2.
2025-01-29 03:10:15,072 - __main__ - INFO - Fetching data for date range: 2025-01-28 to 2025-01-29
2025-01-29 03:10:15,087 - __main__ - INFO - Fetched 152 existing UIDs from the database.
2025-01-29 03:10:15,279 - __main__ - INFO - Fetched page 1 successfully with 55 responses .
2025-01-29 03:10:15,438 - __main__ - WARNING - Error fetching page 2 for capi_checklist_id 344 (attempt 1): 404 Client Error: Not Found for url: https://api.axismyindia.in/v1/admin/surveyors/qc-service/surveyor-responses/344?page=2&size=500&startDate=2025-01-28&endDate=2025-01-29
2025-01-29 03:10:19,613 - __main__ - WARNING - Error fetching page 2 for capi_checklist_id 344 (attempt 2): 404 Client Error: Not Found for url: https://api.axismyindia.in/v1/admin/surveyors/qc-service/surveyor-responses/344?page=2&size=500&startDate=2025-01-28&endDate=2025-01-29
2025-01-29 03:10:27,629 - __main__ - ERROR - Failed to fetch page 2 for capi_checklist_id 344 after 3 attempts.
2025-01-29 03:10:27,660 - __main__ - ERROR - No UIDs found for capi_checklist_id 344. Exiting fetchdata2.
2025-01-29 03:10:27,708 - __main__ - INFO - Fetching data for date range: 2025-01-28 to 2025-01-29
2025-01-29 03:10:27,740 - __main__ - INFO - Fetched 97 existing UIDs from the database.
2025-01-29 03:10:27,936 - __main__ - INFO - Fetched page 1 successfully with 13 responses .
2025-01-29 03:10:28,118 - __main__ - WARNING - Error fetching page 2 for capi_checklist_id 332 (attempt 1): 404 Client Error: Not Found for url: https://api.axismyindia.in/v1/admin/surveyors/qc-service/surveyor-responses/332?page=2&size=500&startDate=2025-01-28&endDate=2025-01-29
2025-01-29 03:10:32,288 - __main__ - WARNING - Error fetching page 2 for capi_checklist_id 332 (attempt 2): 404 Client Error: Not Found for url: https://api.axismyindia.in/v1/admin/surveyors/qc-service/surveyor-responses/332?page=2&size=500&startDate=2025-01-28&endDate=2025-01-29
2025-01-29 03:10:40,300 - __main__ - ERROR - Failed to fetch page 2 for capi_checklist_id 332 after 3 attempts.
2025-01-29 03:10:40,303 - __main__ - ERROR - No UIDs found for capi_checklist_id 332. Exiting fetchdata2.
2025-01-29 03:10:40,320 - __main__ - INFO - Fetching data for date range: 2025-01-28 to 2025-01-29
2025-01-29 03:10:40,320 - __main__ - INFO - Fetched 10 existing UIDs from the database.
2025-01-29 03:10:40,474 - __main__ - WARNING - Error fetching page 1 for capi_checklist_id 335 (attempt 1): 404 Client Error: Not Found for url: https://api.axismyindia.in/v1/admin/surveyors/qc-service/surveyor-responses/335?page=1&size=500&startDate=2025-01-28&endDate=2025-01-29
2025-01-29 03:10:44,660 - __main__ - WARNING - Error fetching page 1 for capi_checklist_id 335 (attempt 2): 404 Client Error: Not Found for url: https://api.axismyindia.in/v1/admin/surveyors/qc-service/surveyor-responses/335?page=1&size=500&startDate=2025-01-28&endDate=2025-01-29
2025-01-29 03:10:52,669 - __main__ - ERROR - Failed to fetch page 1 for capi_checklist_id 335 after 3 attempts.
2025-01-29 03:10:52,669 - __main__ - ERROR - No UIDs found for capi_checklist_id 335. Exiting fetchdata2.
2025-01-29 03:10:52,716 - __main__ - INFO - Fetching data for date range: 2025-01-28 to 2025-01-29
2025-01-29 03:10:52,732 - __main__ - INFO - Fetched 47 existing UIDs from the database.
2025-01-29 03:10:52,920 - __main__ - INFO - Fetched page 1 successfully with 14 responses .
2025-01-29 03:10:53,077 - __main__ - WARNING - Error fetching page 2 for capi_checklist_id 325 (attempt 1): 404 Client Error: Not Found for url: https://api.axismyindia.in/v1/admin/surveyors/qc-service/surveyor-responses/325?page=2&size=500&startDate=2025-01-28&endDate=2025-01-29
2025-01-29 03:10:57,257 - __main__ - WARNING - Error fetching page 2 for capi_checklist_id 325 (attempt 2): 404 Client Error: Not Found for url: https://api.axismyindia.in/v1/admin/surveyors/qc-service/surveyor-responses/325?page=2&size=500&startDate=2025-01-28&endDate=2025-01-29
2025-01-29 03:11:05,268 - __main__ - ERROR - Failed to fetch page 2 for capi_checklist_id 325 after 3 attempts.
2025-01-29 03:11:05,320 - __main__ - ERROR - No UIDs found for capi_checklist_id 325. Exiting fetchdata2.
2025-01-29 03:11:05,398 - __main__ - INFO - Fetching data for date range: 2025-01-28 to 2025-01-29
2025-01-29 03:11:05,419 - __main__ - INFO - Fetched 253 existing UIDs from the database.
2025-01-29 03:11:05,622 - __main__ - INFO - Fetched page 1 successfully with 42 responses .
2025-01-29 03:11:05,794 - __main__ - WARNING - Error fetching page 2 for capi_checklist_id 347 (attempt 1): 404 Client Error: Not Found for url: https://api.axismyindia.in/v1/admin/surveyors/qc-service/surveyor-responses/347?page=2&size=500&startDate=2025-01-28&endDate=2025-01-29
2025-01-29 03:11:09,949 - __main__ - WARNING - Error fetching page 2 for capi_checklist_id 347 (attempt 2): 404 Client Error: Not Found for url: https://api.axismyindia.in/v1/admin/surveyors/qc-service/surveyor-responses/347?page=2&size=500&startDate=2025-01-28&endDate=2025-01-29
2025-01-29 03:11:17,968 - __main__ - ERROR - Failed to fetch page 2 for capi_checklist_id 347 after 3 attempts.
2025-01-29 03:11:17,981 - __main__ - ERROR - No UIDs found for capi_checklist_id 347. Exiting fetchdata2.
2025-01-29 03:11:18,001 - __main__ - INFO - Fetching data for date range: 2025-01-28 to 2025-01-29
2025-01-29 03:11:18,001 - __main__ - INFO - Fetched 11 existing UIDs from the database.
2025-01-29 03:11:18,172 - __main__ - WARNING - Error fetching page 1 for capi_checklist_id 382 (attempt 1): 404 Client Error: Not Found for url: https://api.axismyindia.in/v1/admin/surveyors/qc-service/surveyor-responses/382?page=1&size=500&startDate=2025-01-28&endDate=2025-01-29
2025-01-29 03:11:22,342 - __main__ - WARNING - Error fetching page 1 for capi_checklist_id 382 (attempt 2): 404 Client Error: Not Found for url: https://api.axismyindia.in/v1/admin/surveyors/qc-service/surveyor-responses/382?page=1&size=500&startDate=2025-01-28&endDate=2025-01-29
2025-01-29 03:11:30,350 - __main__ - ERROR - Failed to fetch page 1 for capi_checklist_id 382 after 3 attempts.
2025-01-29 03:11:30,352 - __main__ - ERROR - No UIDs found for capi_checklist_id 382. Exiting fetchdata2.
2025-01-29 03:11:30,353 - __main__ - INFO - Fetching data for date range: 2025-01-28 to 2025-01-29
2025-01-29 03:11:30,367 - __main__ - INFO - Fetched 38 existing UIDs from the database.
2025-01-29 03:11:30,540 - __main__ - WARNING - Error fetching page 1 for capi_checklist_id 339 (attempt 1): 404 Client Error: Not Found for url: https://api.axismyindia.in/v1/admin/surveyors/qc-service/surveyor-responses/339?page=1&size=500&startDate=2025-01-28&endDate=2025-01-29
2025-01-29 03:11:34,712 - __main__ - WARNING - Error fetching page 1 for capi_checklist_id 339 (attempt 2): 404 Client Error: Not Found for url: https://api.axismyindia.in/v1/admin/surveyors/qc-service/surveyor-responses/339?page=1&size=500&startDate=2025-01-28&endDate=2025-01-29
2025-01-29 03:11:42,722 - __main__ - ERROR - Failed to fetch page 1 for capi_checklist_id 339 after 3 attempts.
2025-01-29 03:11:42,735 - __main__ - ERROR - No UIDs found for capi_checklist_id 339. Exiting fetchdata2.
2025-01-29 03:11:42,798 - __main__ - INFO - Fetching data for date range: 2025-01-28 to 2025-01-29
2025-01-29 03:11:42,798 - __main__ - INFO - Fetched 1 existing UIDs from the database.
2025-01-29 03:11:42,971 - __main__ - WARNING - Error fetching page 1 for capi_checklist_id 334 (attempt 1): 404 Client Error: Not Found for url: https://api.axismyindia.in/v1/admin/surveyors/qc-service/surveyor-responses/334?page=1&size=500&startDate=2025-01-28&endDate=2025-01-29
2025-01-29 03:11:47,137 - __main__ - WARNING - Error fetching page 1 for capi_checklist_id 334 (attempt 2): 404 Client Error: Not Found for url: https://api.axismyindia.in/v1/admin/surveyors/qc-service/surveyor-responses/334?page=1&size=500&startDate=2025-01-28&endDate=2025-01-29
2025-01-29 03:11:55,152 - __main__ - ERROR - Failed to fetch page 1 for capi_checklist_id 334 after 3 attempts.
2025-01-29 03:11:55,222 - __main__ - ERROR - No UIDs found for capi_checklist_id 334. Exiting fetchdata2.
2025-01-29 03:11:55,330 - __main__ - INFO - Fetching data for date range: 2025-01-28 to 2025-01-29
2025-01-29 03:11:55,543 - __main__ - INFO - Fetched 6098 existing UIDs from the database.
2025-01-29 03:11:55,841 - __main__ - INFO - Fetched page 1 successfully with 41 responses .
2025-01-29 03:11:56,017 - __main__ - WARNING - Error fetching page 2 for capi_checklist_id 321 (attempt 1): 404 Client Error: Not Found for url: https://api.axismyindia.in/v1/admin/surveyors/qc-service/surveyor-responses/321?page=2&size=500&startDate=2025-01-28&endDate=2025-01-29
2025-01-29 03:12:00,170 - __main__ - WARNING - Error fetching page 2 for capi_checklist_id 321 (attempt 2): 404 Client Error: Not Found for url: https://api.axismyindia.in/v1/admin/surveyors/qc-service/surveyor-responses/321?page=2&size=500&startDate=2025-01-28&endDate=2025-01-29
2025-01-29 03:12:08,199 - __main__ - ERROR - Failed to fetch page 2 for capi_checklist_id 321 after 3 attempts.
2025-01-29 03:12:08,230 - __main__ - ERROR - No UIDs found for capi_checklist_id 321. Exiting fetchdata2.
2025-01-29 04:04:56,695 - __main__ - INFO - Fetching data for date range: 2025-01-28 to 2025-01-29
2025-01-29 04:04:56,710 - __main__ - INFO - Fetched 2 existing UIDs from the database.
2025-01-29 04:04:56,898 - __main__ - WARNING - Error fetching page 1 for capi_checklist_id 397 (attempt 1): 404 Client Error: Not Found for url: https://api.axismyindia.in/v1/admin/surveyors/qc-service/surveyor-responses/397?page=1&size=500&startDate=2025-01-28&endDate=2025-01-29
2025-01-29 04:05:01,062 - __main__ - WARNING - Error fetching page 1 for capi_checklist_id 397 (attempt 2): 404 Client Error: Not Found for url: https://api.axismyindia.in/v1/admin/surveyors/qc-service/surveyor-responses/397?page=1&size=500&startDate=2025-01-28&endDate=2025-01-29
2025-01-29 04:05:09,063 - __main__ - ERROR - Failed to fetch page 1 for capi_checklist_id 397 after 3 attempts.
2025-01-29 04:05:09,076 - __main__ - ERROR - No UIDs found for capi_checklist_id 397. Exiting fetchdata2.
2025-01-29 04:05:09,104 - __main__ - INFO - Fetching data for date range: 2025-01-28 to 2025-01-29
2025-01-29 04:05:09,104 - __main__ - INFO - Fetched 0 existing UIDs from the database.
2025-01-29 04:05:09,276 - __main__ - WARNING - Error fetching page 1 for capi_checklist_id 400 (attempt 1): 404 Client Error: Not Found for url: https://api.axismyindia.in/v1/admin/surveyors/qc-service/surveyor-responses/400?page=1&size=500&startDate=2025-01-28&endDate=2025-01-29
2025-01-29 04:05:13,440 - __main__ - WARNING - Error fetching page 1 for capi_checklist_id 400 (attempt 2): 404 Client Error: Not Found for url: https://api.axismyindia.in/v1/admin/surveyors/qc-service/surveyor-responses/400?page=1&size=500&startDate=2025-01-28&endDate=2025-01-29
2025-01-29 04:05:21,453 - __main__ - ERROR - Failed to fetch page 1 for capi_checklist_id 400 after 3 attempts.
2025-01-29 04:05:21,500 - __main__ - ERROR - No UIDs found for capi_checklist_id 400. Exiting fetchdata2.
2025-01-29 04:05:21,619 - __main__ - INFO - Fetching data for date range: 2025-01-28 to 2025-01-29
2025-01-29 04:05:21,642 - __main__ - INFO - Fetched 26 existing UIDs from the database.
2025-01-29 04:05:21,964 - __main__ - INFO - Fetched page 1 successfully with 18 responses .
2025-01-29 04:05:22,141 - __main__ - WARNING - Error fetching page 2 for capi_checklist_id 354 (attempt 1): 404 Client Error: Not Found for url: https://api.axismyindia.in/v1/admin/surveyors/qc-service/surveyor-responses/354?page=2&size=500&startDate=2025-01-28&endDate=2025-01-29
2025-01-29 04:05:26,406 - __main__ - WARNING - Error fetching page 2 for capi_checklist_id 354 (attempt 2): 404 Client Error: Not Found for url: https://api.axismyindia.in/v1/admin/surveyors/qc-service/surveyor-responses/354?page=2&size=500&startDate=2025-01-28&endDate=2025-01-29
2025-01-29 04:05:34,430 - __main__ - ERROR - Failed to fetch page 2 for capi_checklist_id 354 after 3 attempts.
2025-01-29 04:05:34,455 - __main__ - ERROR - No UIDs found for capi_checklist_id 354. Exiting fetchdata2.
2025-01-29 04:05:34,517 - __main__ - INFO - Fetching data for date range: 2025-01-28 to 2025-01-29
2025-01-29 04:05:34,533 - __main__ - INFO - Fetched 7 existing UIDs from the database.
2025-01-29 04:05:34,737 - __main__ - WARNING - Error fetching page 1 for capi_checklist_id 329 (attempt 1): 404 Client Error: Not Found for url: https://api.axismyindia.in/v1/admin/surveyors/qc-service/surveyor-responses/329?page=1&size=500&startDate=2025-01-28&endDate=2025-01-29
2025-01-29 04:05:38,901 - __main__ - WARNING - Error fetching page 1 for capi_checklist_id 329 (attempt 2): 404 Client Error: Not Found for url: https://api.axismyindia.in/v1/admin/surveyors/qc-service/surveyor-responses/329?page=1&size=500&startDate=2025-01-28&endDate=2025-01-29
2025-01-29 04:05:46,911 - __main__ - ERROR - Failed to fetch page 1 for capi_checklist_id 329 after 3 attempts.
2025-01-29 04:05:46,916 - __main__ - ERROR - No UIDs found for capi_checklist_id 329. Exiting fetchdata2.
2025-01-29 04:05:46,932 - __main__ - INFO - Fetching data for date range: 2025-01-28 to 2025-01-29
2025-01-29 04:05:46,932 - __main__ - INFO - Fetched 2 existing UIDs from the database.
2025-01-29 04:05:47,104 - __main__ - WARNING - Error fetching page 1 for capi_checklist_id 346 (attempt 1): 404 Client Error: Not Found for url: https://api.axismyindia.in/v1/admin/surveyors/qc-service/surveyor-responses/346?page=1&size=500&startDate=2025-01-28&endDate=2025-01-29
2025-01-29 04:05:51,269 - __main__ - WARNING - Error fetching page 1 for capi_checklist_id 346 (attempt 2): 404 Client Error: Not Found for url: https://api.axismyindia.in/v1/admin/surveyors/qc-service/surveyor-responses/346?page=1&size=500&startDate=2025-01-28&endDate=2025-01-29
2025-01-29 04:05:59,271 - __main__ - ERROR - Failed to fetch page 1 for capi_checklist_id 346 after 3 attempts.
2025-01-29 04:05:59,283 - __main__ - ERROR - No UIDs found for capi_checklist_id 346. Exiting fetchdata2.
2025-01-29 04:05:59,330 - __main__ - INFO - Fetching data for date range: 2025-01-28 to 2025-01-29
2025-01-29 04:05:59,346 - __main__ - INFO - Fetched 1 existing UIDs from the database.
2025-01-29 04:05:59,503 - __main__ - WARNING - Error fetching page 1 for capi_checklist_id 331 (attempt 1): 404 Client Error: Not Found for url: https://api.axismyindia.in/v1/admin/surveyors/qc-service/surveyor-responses/331?page=1&size=500&startDate=2025-01-28&endDate=2025-01-29
2025-01-29 04:06:03,677 - __main__ - WARNING - Error fetching page 1 for capi_checklist_id 331 (attempt 2): 404 Client Error: Not Found for url: https://api.axismyindia.in/v1/admin/surveyors/qc-service/surveyor-responses/331?page=1&size=500&startDate=2025-01-28&endDate=2025-01-29
2025-01-29 04:06:11,688 - __main__ - ERROR - Failed to fetch page 1 for capi_checklist_id 331 after 3 attempts.
2025-01-29 04:06:11,696 - __main__ - ERROR - No UIDs found for capi_checklist_id 331. Exiting fetchdata2.
2025-01-29 04:06:11,722 - __main__ - INFO - Fetching data for date range: 2025-01-28 to 2025-01-29
2025-01-29 04:06:11,731 - __main__ - INFO - Fetched 4 existing UIDs from the database.
2025-01-29 04:06:11,910 - __main__ - WARNING - Error fetching page 1 for capi_checklist_id 337 (attempt 1): 404 Client Error: Not Found for url: https://api.axismyindia.in/v1/admin/surveyors/qc-service/surveyor-responses/337?page=1&size=500&startDate=2025-01-28&endDate=2025-01-29
2025-01-29 04:06:16,063 - __main__ - WARNING - Error fetching page 1 for capi_checklist_id 337 (attempt 2): 404 Client Error: Not Found for url: https://api.axismyindia.in/v1/admin/surveyors/qc-service/surveyor-responses/337?page=1&size=500&startDate=2025-01-28&endDate=2025-01-29
2025-01-29 04:06:24,095 - __main__ - ERROR - Failed to fetch page 1 for capi_checklist_id 337 after 3 attempts.
2025-01-29 04:06:24,198 - __main__ - ERROR - No UIDs found for capi_checklist_id 337. Exiting fetchdata2.
2025-01-29 04:06:24,338 - __main__ - INFO - Fetching data for date range: 2025-01-28 to 2025-01-29
2025-01-29 04:06:24,378 - __main__ - INFO - Fetched 44 existing UIDs from the database.
2025-01-29 04:06:24,667 - __main__ - WARNING - Error fetching page 1 for capi_checklist_id 349 (attempt 1): 404 Client Error: Not Found for url: https://api.axismyindia.in/v1/admin/surveyors/qc-service/surveyor-responses/349?page=1&size=500&startDate=2025-01-28&endDate=2025-01-29
2025-01-29 04:06:29,100 - __main__ - WARNING - Error fetching page 1 for capi_checklist_id 349 (attempt 2): 404 Client Error: Not Found for url: https://api.axismyindia.in/v1/admin/surveyors/qc-service/surveyor-responses/349?page=1&size=500&startDate=2025-01-28&endDate=2025-01-29
2025-01-29 04:06:37,111 - __main__ - ERROR - Failed to fetch page 1 for capi_checklist_id 349 after 3 attempts.
2025-01-29 04:06:37,146 - __main__ - ERROR - No UIDs found for capi_checklist_id 349. Exiting fetchdata2.
2025-01-29 04:06:37,226 - __main__ - INFO - Fetching data for date range: 2025-01-28 to 2025-01-29
2025-01-29 04:06:37,239 - __main__ - INFO - Fetched 66 existing UIDs from the database.
2025-01-29 04:06:37,769 - __main__ - INFO - Fetched page 1 successfully with 24 responses .
2025-01-29 04:06:37,929 - __main__ - WARNING - Error fetching page 2 for capi_checklist_id 343 (attempt 1): 404 Client Error: Not Found for url: https://api.axismyindia.in/v1/admin/surveyors/qc-service/surveyor-responses/343?page=2&size=500&startDate=2025-01-28&endDate=2025-01-29
2025-01-29 04:06:42,097 - __main__ - WARNING - Error fetching page 2 for capi_checklist_id 343 (attempt 2): 404 Client Error: Not Found for url: https://api.axismyindia.in/v1/admin/surveyors/qc-service/surveyor-responses/343?page=2&size=500&startDate=2025-01-28&endDate=2025-01-29
2025-01-29 04:06:50,105 - __main__ - ERROR - Failed to fetch page 2 for capi_checklist_id 343 after 3 attempts.
2025-01-29 04:06:50,109 - __main__ - ERROR - No UIDs found for capi_checklist_id 343. Exiting fetchdata2.
2025-01-29 04:06:50,116 - __main__ - INFO - Fetching data for date range: 2025-01-28 to 2025-01-29
2025-01-29 04:06:50,125 - __main__ - INFO - Fetched 94 existing UIDs from the database.
2025-01-29 04:06:50,316 - __main__ - INFO - Fetched page 1 successfully with 25 responses .
2025-01-29 04:06:50,487 - __main__ - WARNING - Error fetching page 2 for capi_checklist_id 340 (attempt 1): 404 Client Error: Not Found for url: https://api.axismyindia.in/v1/admin/surveyors/qc-service/surveyor-responses/340?page=2&size=500&startDate=2025-01-28&endDate=2025-01-29
2025-01-29 04:06:54,676 - __main__ - WARNING - Error fetching page 2 for capi_checklist_id 340 (attempt 2): 404 Client Error: Not Found for url: https://api.axismyindia.in/v1/admin/surveyors/qc-service/surveyor-responses/340?page=2&size=500&startDate=2025-01-28&endDate=2025-01-29
2025-01-29 04:07:02,688 - __main__ - ERROR - Failed to fetch page 2 for capi_checklist_id 340 after 3 attempts.
2025-01-29 04:07:02,718 - __main__ - ERROR - No UIDs found for capi_checklist_id 340. Exiting fetchdata2.
2025-01-29 04:07:02,774 - __main__ - INFO - Fetching data for date range: 2025-01-28 to 2025-01-29
2025-01-29 04:07:02,789 - __main__ - INFO - Fetched 121 existing UIDs from the database.
2025-01-29 04:07:02,995 - __main__ - INFO - Fetched page 1 successfully with 27 responses .
2025-01-29 04:07:03,166 - __main__ - WARNING - Error fetching page 2 for capi_checklist_id 341 (attempt 1): 404 Client Error: Not Found for url: https://api.axismyindia.in/v1/admin/surveyors/qc-service/surveyor-responses/341?page=2&size=500&startDate=2025-01-28&endDate=2025-01-29
2025-01-29 04:07:07,392 - __main__ - WARNING - Error fetching page 2 for capi_checklist_id 341 (attempt 2): 404 Client Error: Not Found for url: https://api.axismyindia.in/v1/admin/surveyors/qc-service/surveyor-responses/341?page=2&size=500&startDate=2025-01-28&endDate=2025-01-29
2025-01-29 04:07:15,405 - __main__ - ERROR - Failed to fetch page 2 for capi_checklist_id 341 after 3 attempts.
2025-01-29 04:07:15,427 - __main__ - ERROR - No UIDs found for capi_checklist_id 341. Exiting fetchdata2.
2025-01-29 04:07:15,473 - __main__ - INFO - Fetching data for date range: 2025-01-28 to 2025-01-29
2025-01-29 04:07:15,504 - __main__ - INFO - Fetched 193 existing UIDs from the database.
2025-01-29 04:07:15,708 - __main__ - INFO - Fetched page 1 successfully with 45 responses .
2025-01-29 04:07:15,864 - __main__ - WARNING - Error fetching page 2 for capi_checklist_id 355 (attempt 1): 404 Client Error: Not Found for url: https://api.axismyindia.in/v1/admin/surveyors/qc-service/surveyor-responses/355?page=2&size=500&startDate=2025-01-28&endDate=2025-01-29
2025-01-29 04:07:20,052 - __main__ - WARNING - Error fetching page 2 for capi_checklist_id 355 (attempt 2): 404 Client Error: Not Found for url: https://api.axismyindia.in/v1/admin/surveyors/qc-service/surveyor-responses/355?page=2&size=500&startDate=2025-01-28&endDate=2025-01-29
2025-01-29 04:07:28,054 - __main__ - ERROR - Failed to fetch page 2 for capi_checklist_id 355 after 3 attempts.
2025-01-29 04:07:28,087 - __main__ - ERROR - No UIDs found for capi_checklist_id 355. Exiting fetchdata2.
2025-01-29 04:07:28,173 - __main__ - INFO - Fetching data for date range: 2025-01-28 to 2025-01-29
2025-01-29 04:07:28,173 - __main__ - INFO - Fetched 22 existing UIDs from the database.
2025-01-29 04:07:28,360 - __main__ - WARNING - Error fetching page 1 for capi_checklist_id 403 (attempt 1): 404 Client Error: Not Found for url: https://api.axismyindia.in/v1/admin/surveyors/qc-service/surveyor-responses/403?page=1&size=500&startDate=2025-01-28&endDate=2025-01-29
2025-01-29 04:07:32,546 - __main__ - WARNING - Error fetching page 1 for capi_checklist_id 403 (attempt 2): 404 Client Error: Not Found for url: https://api.axismyindia.in/v1/admin/surveyors/qc-service/surveyor-responses/403?page=1&size=500&startDate=2025-01-28&endDate=2025-01-29
2025-01-29 04:07:40,552 - __main__ - ERROR - Failed to fetch page 1 for capi_checklist_id 403 after 3 attempts.
2025-01-29 04:07:40,593 - __main__ - ERROR - No UIDs found for capi_checklist_id 403. Exiting fetchdata2.
2025-01-29 04:07:40,728 - __main__ - INFO - Fetching data for date range: 2025-01-28 to 2025-01-29
2025-01-29 04:07:40,782 - __main__ - INFO - Fetched 53 existing UIDs from the database.
2025-01-29 04:07:41,082 - __main__ - WARNING - Error fetching page 1 for capi_checklist_id 404 (attempt 1): 404 Client Error: Not Found for url: https://api.axismyindia.in/v1/admin/surveyors/qc-service/surveyor-responses/404?page=1&size=500&startDate=2025-01-28&endDate=2025-01-29
2025-01-29 04:07:45,354 - __main__ - WARNING - Error fetching page 1 for capi_checklist_id 404 (attempt 2): 404 Client Error: Not Found for url: https://api.axismyindia.in/v1/admin/surveyors/qc-service/surveyor-responses/404?page=1&size=500&startDate=2025-01-28&endDate=2025-01-29
2025-01-29 04:07:53,374 - __main__ - ERROR - Failed to fetch page 1 for capi_checklist_id 404 after 3 attempts.
2025-01-29 04:07:53,387 - __main__ - ERROR - No UIDs found for capi_checklist_id 404. Exiting fetchdata2.
2025-01-29 04:07:53,465 - __main__ - INFO - Fetching data for date range: 2025-01-28 to 2025-01-29
2025-01-29 04:07:53,465 - __main__ - INFO - Fetched 3 existing UIDs from the database.
2025-01-29 04:07:53,652 - __main__ - WARNING - Error fetching page 1 for capi_checklist_id 363 (attempt 1): 404 Client Error: Not Found for url: https://api.axismyindia.in/v1/admin/surveyors/qc-service/surveyor-responses/363?page=1&size=500&startDate=2025-01-28&endDate=2025-01-29
2025-01-29 04:07:57,817 - __main__ - WARNING - Error fetching page 1 for capi_checklist_id 363 (attempt 2): 404 Client Error: Not Found for url: https://api.axismyindia.in/v1/admin/surveyors/qc-service/surveyor-responses/363?page=1&size=500&startDate=2025-01-28&endDate=2025-01-29
2025-01-29 04:08:05,836 - __main__ - ERROR - Failed to fetch page 1 for capi_checklist_id 363 after 3 attempts.
2025-01-29 04:08:05,852 - __main__ - ERROR - No UIDs found for capi_checklist_id 363. Exiting fetchdata2.
2025-01-29 04:08:05,883 - __main__ - INFO - Fetching data for date range: 2025-01-28 to 2025-01-29
2025-01-29 04:08:05,883 - __main__ - INFO - Fetched 7 existing UIDs from the database.
2025-01-29 04:08:06,071 - __main__ - INFO - Fetched page 1 successfully with 1 responses .
2025-01-29 04:08:06,228 - __main__ - WARNING - Error fetching page 2 for capi_checklist_id 352 (attempt 1): 404 Client Error: Not Found for url: https://api.axismyindia.in/v1/admin/surveyors/qc-service/surveyor-responses/352?page=2&size=500&startDate=2025-01-28&endDate=2025-01-29
2025-01-29 04:08:10,393 - __main__ - WARNING - Error fetching page 2 for capi_checklist_id 352 (attempt 2): 404 Client Error: Not Found for url: https://api.axismyindia.in/v1/admin/surveyors/qc-service/surveyor-responses/352?page=2&size=500&startDate=2025-01-28&endDate=2025-01-29
2025-01-29 04:08:18,406 - __main__ - ERROR - Failed to fetch page 2 for capi_checklist_id 352 after 3 attempts.
2025-01-29 04:08:18,421 - __main__ - ERROR - No UIDs found for capi_checklist_id 352. Exiting fetchdata2.
2025-01-29 04:08:18,484 - __main__ - INFO - Fetching data for date range: 2025-01-28 to 2025-01-29
2025-01-29 04:08:18,484 - __main__ - INFO - Fetched 12 existing UIDs from the database.
2025-01-29 04:08:18,657 - __main__ - INFO - Fetched page 1 successfully with 5 responses .
2025-01-29 04:08:18,830 - __main__ - WARNING - Error fetching page 2 for capi_checklist_id 330 (attempt 1): 404 Client Error: Not Found for url: https://api.axismyindia.in/v1/admin/surveyors/qc-service/surveyor-responses/330?page=2&size=500&startDate=2025-01-28&endDate=2025-01-29
2025-01-29 04:08:23,017 - __main__ - WARNING - Error fetching page 2 for capi_checklist_id 330 (attempt 2): 404 Client Error: Not Found for url: https://api.axismyindia.in/v1/admin/surveyors/qc-service/surveyor-responses/330?page=2&size=500&startDate=2025-01-28&endDate=2025-01-29
2025-01-29 04:08:31,024 - __main__ - ERROR - Failed to fetch page 2 for capi_checklist_id 330 after 3 attempts.
2025-01-29 04:08:31,055 - __main__ - ERROR - No UIDs found for capi_checklist_id 330. Exiting fetchdata2.
2025-01-29 04:08:31,118 - __main__ - INFO - Fetching data for date range: 2025-01-28 to 2025-01-29
2025-01-29 04:08:31,118 - __main__ - INFO - Fetched 13 existing UIDs from the database.
2025-01-29 04:08:31,321 - __main__ - WARNING - Error fetching page 1 for capi_checklist_id 348 (attempt 1): 404 Client Error: Not Found for url: https://api.axismyindia.in/v1/admin/surveyors/qc-service/surveyor-responses/348?page=1&size=500&startDate=2025-01-28&endDate=2025-01-29
2025-01-29 04:08:35,516 - __main__ - WARNING - Error fetching page 1 for capi_checklist_id 348 (attempt 2): 404 Client Error: Not Found for url: https://api.axismyindia.in/v1/admin/surveyors/qc-service/surveyor-responses/348?page=1&size=500&startDate=2025-01-28&endDate=2025-01-29
2025-01-29 04:08:43,520 - __main__ - ERROR - Failed to fetch page 1 for capi_checklist_id 348 after 3 attempts.
2025-01-29 04:08:43,520 - __main__ - ERROR - No UIDs found for capi_checklist_id 348. Exiting fetchdata2.
2025-01-29 04:08:43,536 - __main__ - INFO - Fetching data for date range: 2025-01-28 to 2025-01-29
2025-01-29 04:08:43,551 - __main__ - INFO - Fetched 0 existing UIDs from the database.
2025-01-29 04:08:43,723 - __main__ - WARNING - Error fetching page 1 for capi_checklist_id 290 (attempt 1): 404 Client Error: Not Found for url: https://api.axismyindia.in/v1/admin/surveyors/qc-service/surveyor-responses/290?page=1&size=500&startDate=2025-01-28&endDate=2025-01-29
2025-01-29 04:08:47,900 - __main__ - WARNING - Error fetching page 1 for capi_checklist_id 290 (attempt 2): 404 Client Error: Not Found for url: https://api.axismyindia.in/v1/admin/surveyors/qc-service/surveyor-responses/290?page=1&size=500&startDate=2025-01-28&endDate=2025-01-29
2025-01-29 04:08:55,932 - __main__ - ERROR - Failed to fetch page 1 for capi_checklist_id 290 after 3 attempts.
2025-01-29 04:08:56,064 - __main__ - ERROR - No UIDs found for capi_checklist_id 290. Exiting fetchdata2.
2025-01-29 04:08:56,247 - __main__ - INFO - Fetching data for date range: 2025-01-28 to 2025-01-29
2025-01-29 04:08:56,278 - __main__ - INFO - Fetched 20 existing UIDs from the database.
2025-01-29 04:08:56,625 - __main__ - WARNING - Error fetching page 1 for capi_checklist_id 291 (attempt 1): 404 Client Error: Not Found for url: https://api.axismyindia.in/v1/admin/surveyors/qc-service/surveyor-responses/291?page=1&size=500&startDate=2025-01-28&endDate=2025-01-29
2025-01-29 04:09:00,921 - __main__ - WARNING - Error fetching page 1 for capi_checklist_id 291 (attempt 2): 404 Client Error: Not Found for url: https://api.axismyindia.in/v1/admin/surveyors/qc-service/surveyor-responses/291?page=1&size=500&startDate=2025-01-28&endDate=2025-01-29
2025-01-29 04:09:08,930 - __main__ - ERROR - Failed to fetch page 1 for capi_checklist_id 291 after 3 attempts.
2025-01-29 04:09:08,977 - __main__ - ERROR - No UIDs found for capi_checklist_id 291. Exiting fetchdata2.
2025-01-29 04:09:09,055 - __main__ - INFO - Fetching data for date range: 2025-01-28 to 2025-01-29
2025-01-29 04:09:09,086 - __main__ - INFO - Fetched 58 existing UIDs from the database.
2025-01-29 04:09:09,291 - __main__ - INFO - Fetched page 1 successfully with 11 responses .
2025-01-29 04:09:09,448 - __main__ - WARNING - Error fetching page 2 for capi_checklist_id 326 (attempt 1): 404 Client Error: Not Found for url: https://api.axismyindia.in/v1/admin/surveyors/qc-service/surveyor-responses/326?page=2&size=500&startDate=2025-01-28&endDate=2025-01-29
2025-01-29 04:09:13,649 - __main__ - WARNING - Error fetching page 2 for capi_checklist_id 326 (attempt 2): 404 Client Error: Not Found for url: https://api.axismyindia.in/v1/admin/surveyors/qc-service/surveyor-responses/326?page=2&size=500&startDate=2025-01-28&endDate=2025-01-29
2025-01-29 04:09:21,664 - __main__ - ERROR - Failed to fetch page 2 for capi_checklist_id 326 after 3 attempts.
2025-01-29 04:09:21,680 - __main__ - ERROR - No UIDs found for capi_checklist_id 326. Exiting fetchdata2.
2025-01-29 04:09:21,726 - __main__ - INFO - Fetching data for date range: 2025-01-28 to 2025-01-29
2025-01-29 04:09:21,742 - __main__ - INFO - Fetched 14 existing UIDs from the database.
2025-01-29 04:09:21,930 - __main__ - WARNING - Error fetching page 1 for capi_checklist_id 350 (attempt 1): 404 Client Error: Not Found for url: https://api.axismyindia.in/v1/admin/surveyors/qc-service/surveyor-responses/350?page=1&size=500&startDate=2025-01-28&endDate=2025-01-29
2025-01-29 04:09:26,092 - __main__ - WARNING - Error fetching page 1 for capi_checklist_id 350 (attempt 2): 404 Client Error: Not Found for url: https://api.axismyindia.in/v1/admin/surveyors/qc-service/surveyor-responses/350?page=1&size=500&startDate=2025-01-28&endDate=2025-01-29
2025-01-29 04:09:34,123 - __main__ - ERROR - Failed to fetch page 1 for capi_checklist_id 350 after 3 attempts.
2025-01-29 04:09:34,217 - __main__ - ERROR - No UIDs found for capi_checklist_id 350. Exiting fetchdata2.
2025-01-29 04:09:34,342 - __main__ - INFO - Fetching data for date range: 2025-01-28 to 2025-01-29
2025-01-29 04:09:34,409 - __main__ - INFO - Fetched 296 existing UIDs from the database.
2025-01-29 04:09:34,689 - __main__ - INFO - Fetched page 1 successfully with 81 responses .
2025-01-29 04:09:34,883 - __main__ - WARNING - Error fetching page 2 for capi_checklist_id 342 (attempt 1): 404 Client Error: Not Found for url: https://api.axismyindia.in/v1/admin/surveyors/qc-service/surveyor-responses/342?page=2&size=500&startDate=2025-01-28&endDate=2025-01-29
2025-01-29 04:09:39,230 - __main__ - WARNING - Error fetching page 2 for capi_checklist_id 342 (attempt 2): 404 Client Error: Not Found for url: https://api.axismyindia.in/v1/admin/surveyors/qc-service/surveyor-responses/342?page=2&size=500&startDate=2025-01-28&endDate=2025-01-29
2025-01-29 04:09:47,260 - __main__ - ERROR - Failed to fetch page 2 for capi_checklist_id 342 after 3 attempts.
2025-01-29 04:09:47,292 - __main__ - INFO - Fetched UIDs: defaultdict(<class 'list'>, {342: [15763]})
2025-01-29 04:09:48,454 - __main__ - INFO - Fetched data for UID 15763
2025-01-29 04:09:49,901 - __main__ - INFO - Fetching data for date range: 2025-01-28 to 2025-01-29
2025-01-29 04:09:49,901 - __main__ - INFO - Fetched 5 existing UIDs from the database.
2025-01-29 04:09:50,074 - __main__ - INFO - Fetched page 1 successfully with 1 responses .
2025-01-29 04:09:50,231 - __main__ - WARNING - Error fetching page 2 for capi_checklist_id 319 (attempt 1): 404 Client Error: Not Found for url: https://api.axismyindia.in/v1/admin/surveyors/qc-service/surveyor-responses/319?page=2&size=500&startDate=2025-01-28&endDate=2025-01-29
2025-01-29 04:09:54,404 - __main__ - WARNING - Error fetching page 2 for capi_checklist_id 319 (attempt 2): 404 Client Error: Not Found for url: https://api.axismyindia.in/v1/admin/surveyors/qc-service/surveyor-responses/319?page=2&size=500&startDate=2025-01-28&endDate=2025-01-29
2025-01-29 04:10:02,413 - __main__ - ERROR - Failed to fetch page 2 for capi_checklist_id 319 after 3 attempts.
2025-01-29 04:10:02,452 - __main__ - ERROR - No UIDs found for capi_checklist_id 319. Exiting fetchdata2.
2025-01-29 04:10:02,504 - __main__ - INFO - Fetching data for date range: 2025-01-28 to 2025-01-29
2025-01-29 04:10:02,520 - __main__ - INFO - Fetched 5 existing UIDs from the database.
2025-01-29 04:10:02,693 - __main__ - WARNING - Error fetching page 1 for capi_checklist_id 320 (attempt 1): 404 Client Error: Not Found for url: https://api.axismyindia.in/v1/admin/surveyors/qc-service/surveyor-responses/320?page=1&size=500&startDate=2025-01-28&endDate=2025-01-29
2025-01-29 04:10:06,859 - __main__ - WARNING - Error fetching page 1 for capi_checklist_id 320 (attempt 2): 404 Client Error: Not Found for url: https://api.axismyindia.in/v1/admin/surveyors/qc-service/surveyor-responses/320?page=1&size=500&startDate=2025-01-28&endDate=2025-01-29
2025-01-29 04:10:14,874 - __main__ - ERROR - Failed to fetch page 1 for capi_checklist_id 320 after 3 attempts.
2025-01-29 04:10:14,889 - __main__ - ERROR - No UIDs found for capi_checklist_id 320. Exiting fetchdata2.
2025-01-29 04:10:14,904 - __main__ - INFO - Fetching data for date range: 2025-01-28 to 2025-01-29
2025-01-29 04:10:14,920 - __main__ - INFO - Fetched 152 existing UIDs from the database.
2025-01-29 04:10:15,109 - __main__ - INFO - Fetched page 1 successfully with 55 responses .
2025-01-29 04:10:15,266 - __main__ - WARNING - Error fetching page 2 for capi_checklist_id 344 (attempt 1): 404 Client Error: Not Found for url: https://api.axismyindia.in/v1/admin/surveyors/qc-service/surveyor-responses/344?page=2&size=500&startDate=2025-01-28&endDate=2025-01-29
2025-01-29 04:10:19,442 - __main__ - WARNING - Error fetching page 2 for capi_checklist_id 344 (attempt 2): 404 Client Error: Not Found for url: https://api.axismyindia.in/v1/admin/surveyors/qc-service/surveyor-responses/344?page=2&size=500&startDate=2025-01-28&endDate=2025-01-29
2025-01-29 04:10:27,444 - __main__ - ERROR - Failed to fetch page 2 for capi_checklist_id 344 after 3 attempts.
2025-01-29 04:10:27,455 - __main__ - ERROR - No UIDs found for capi_checklist_id 344. Exiting fetchdata2.
2025-01-29 04:10:27,503 - __main__ - INFO - Fetching data for date range: 2025-01-28 to 2025-01-29
2025-01-29 04:10:27,518 - __main__ - INFO - Fetched 97 existing UIDs from the database.
2025-01-29 04:10:27,691 - __main__ - INFO - Fetched page 1 successfully with 13 responses .
2025-01-29 04:10:27,864 - __main__ - WARNING - Error fetching page 2 for capi_checklist_id 332 (attempt 1): 404 Client Error: Not Found for url: https://api.axismyindia.in/v1/admin/surveyors/qc-service/surveyor-responses/332?page=2&size=500&startDate=2025-01-28&endDate=2025-01-29
2025-01-29 04:10:32,049 - __main__ - WARNING - Error fetching page 2 for capi_checklist_id 332 (attempt 2): 404 Client Error: Not Found for url: https://api.axismyindia.in/v1/admin/surveyors/qc-service/surveyor-responses/332?page=2&size=500&startDate=2025-01-28&endDate=2025-01-29
2025-01-29 04:10:40,059 - __main__ - ERROR - Failed to fetch page 2 for capi_checklist_id 332 after 3 attempts.
2025-01-29 04:10:40,075 - __main__ - ERROR - No UIDs found for capi_checklist_id 332. Exiting fetchdata2.
2025-01-29 04:10:40,090 - __main__ - INFO - Fetching data for date range: 2025-01-28 to 2025-01-29
2025-01-29 04:10:40,106 - __main__ - INFO - Fetched 10 existing UIDs from the database.
2025-01-29 04:10:40,278 - __main__ - WARNING - Error fetching page 1 for capi_checklist_id 335 (attempt 1): 404 Client Error: Not Found for url: https://api.axismyindia.in/v1/admin/surveyors/qc-service/surveyor-responses/335?page=1&size=500&startDate=2025-01-28&endDate=2025-01-29
2025-01-29 04:10:44,453 - __main__ - WARNING - Error fetching page 1 for capi_checklist_id 335 (attempt 2): 404 Client Error: Not Found for url: https://api.axismyindia.in/v1/admin/surveyors/qc-service/surveyor-responses/335?page=1&size=500&startDate=2025-01-28&endDate=2025-01-29
2025-01-29 04:10:52,465 - __main__ - ERROR - Failed to fetch page 1 for capi_checklist_id 335 after 3 attempts.
2025-01-29 04:10:52,469 - __main__ - ERROR - No UIDs found for capi_checklist_id 335. Exiting fetchdata2.
2025-01-29 04:10:52,475 - __main__ - INFO - Fetching data for date range: 2025-01-28 to 2025-01-29
2025-01-29 04:10:52,485 - __main__ - INFO - Fetched 47 existing UIDs from the database.
2025-01-29 04:10:52,658 - __main__ - INFO - Fetched page 1 successfully with 14 responses .
2025-01-29 04:10:52,845 - __main__ - WARNING - Error fetching page 2 for capi_checklist_id 325 (attempt 1): 404 Client Error: Not Found for url: https://api.axismyindia.in/v1/admin/surveyors/qc-service/surveyor-responses/325?page=2&size=500&startDate=2025-01-28&endDate=2025-01-29
2025-01-29 04:10:57,021 - __main__ - WARNING - Error fetching page 2 for capi_checklist_id 325 (attempt 2): 404 Client Error: Not Found for url: https://api.axismyindia.in/v1/admin/surveyors/qc-service/surveyor-responses/325?page=2&size=500&startDate=2025-01-28&endDate=2025-01-29
2025-01-29 04:11:05,027 - __main__ - ERROR - Failed to fetch page 2 for capi_checklist_id 325 after 3 attempts.
2025-01-29 04:11:05,031 - __main__ - ERROR - No UIDs found for capi_checklist_id 325. Exiting fetchdata2.
2025-01-29 04:11:05,031 - __main__ - INFO - Fetching data for date range: 2025-01-28 to 2025-01-29
2025-01-29 04:11:05,047 - __main__ - INFO - Fetched 253 existing UIDs from the database.
2025-01-29 04:11:05,234 - __main__ - INFO - Fetched page 1 successfully with 42 responses .
2025-01-29 04:11:05,407 - __main__ - WARNING - Error fetching page 2 for capi_checklist_id 347 (attempt 1): 404 Client Error: Not Found for url: https://api.axismyindia.in/v1/admin/surveyors/qc-service/surveyor-responses/347?page=2&size=500&startDate=2025-01-28&endDate=2025-01-29
2025-01-29 04:11:09,571 - __main__ - WARNING - Error fetching page 2 for capi_checklist_id 347 (attempt 2): 404 Client Error: Not Found for url: https://api.axismyindia.in/v1/admin/surveyors/qc-service/surveyor-responses/347?page=2&size=500&startDate=2025-01-28&endDate=2025-01-29
2025-01-29 04:11:17,594 - __main__ - ERROR - Failed to fetch page 2 for capi_checklist_id 347 after 3 attempts.
2025-01-29 04:11:17,721 - __main__ - ERROR - No UIDs found for capi_checklist_id 347. Exiting fetchdata2.
2025-01-29 04:11:17,901 - __main__ - INFO - Fetching data for date range: 2025-01-28 to 2025-01-29
2025-01-29 04:11:17,926 - __main__ - INFO - Fetched 11 existing UIDs from the database.
2025-01-29 04:11:18,243 - __main__ - WARNING - Error fetching page 1 for capi_checklist_id 382 (attempt 1): 404 Client Error: Not Found for url: https://api.axismyindia.in/v1/admin/surveyors/qc-service/surveyor-responses/382?page=1&size=500&startDate=2025-01-28&endDate=2025-01-29
2025-01-29 04:11:22,553 - __main__ - WARNING - Error fetching page 1 for capi_checklist_id 382 (attempt 2): 404 Client Error: Not Found for url: https://api.axismyindia.in/v1/admin/surveyors/qc-service/surveyor-responses/382?page=1&size=500&startDate=2025-01-28&endDate=2025-01-29
2025-01-29 04:11:30,631 - __main__ - ERROR - Failed to fetch page 1 for capi_checklist_id 382 after 3 attempts.
2025-01-29 04:11:30,952 - __main__ - ERROR - No UIDs found for capi_checklist_id 382. Exiting fetchdata2.
2025-01-29 04:11:31,188 - __main__ - INFO - Fetching data for date range: 2025-01-28 to 2025-01-29
2025-01-29 04:11:31,267 - __main__ - INFO - Fetched 38 existing UIDs from the database.
2025-01-29 04:11:31,580 - __main__ - WARNING - Error fetching page 1 for capi_checklist_id 339 (attempt 1): 404 Client Error: Not Found for url: https://api.axismyindia.in/v1/admin/surveyors/qc-service/surveyor-responses/339?page=1&size=500&startDate=2025-01-28&endDate=2025-01-29
2025-01-29 04:11:35,796 - __main__ - WARNING - Error fetching page 1 for capi_checklist_id 339 (attempt 2): 404 Client Error: Not Found for url: https://api.axismyindia.in/v1/admin/surveyors/qc-service/surveyor-responses/339?page=1&size=500&startDate=2025-01-28&endDate=2025-01-29
2025-01-29 04:11:43,813 - __main__ - ERROR - Failed to fetch page 1 for capi_checklist_id 339 after 3 attempts.
2025-01-29 04:11:43,847 - __main__ - ERROR - No UIDs found for capi_checklist_id 339. Exiting fetchdata2.
2025-01-29 04:11:43,908 - __main__ - INFO - Fetching data for date range: 2025-01-28 to 2025-01-29
2025-01-29 04:11:43,909 - __main__ - INFO - Fetched 1 existing UIDs from the database.
2025-01-29 04:11:44,081 - __main__ - WARNING - Error fetching page 1 for capi_checklist_id 334 (attempt 1): 404 Client Error: Not Found for url: https://api.axismyindia.in/v1/admin/surveyors/qc-service/surveyor-responses/334?page=1&size=500&startDate=2025-01-28&endDate=2025-01-29
2025-01-29 04:11:48,274 - __main__ - WARNING - Error fetching page 1 for capi_checklist_id 334 (attempt 2): 404 Client Error: Not Found for url: https://api.axismyindia.in/v1/admin/surveyors/qc-service/surveyor-responses/334?page=1&size=500&startDate=2025-01-28&endDate=2025-01-29
2025-01-29 04:11:56,275 - __main__ - ERROR - Failed to fetch page 1 for capi_checklist_id 334 after 3 attempts.
2025-01-29 04:11:56,280 - __main__ - ERROR - No UIDs found for capi_checklist_id 334. Exiting fetchdata2.
2025-01-29 04:11:56,313 - __main__ - INFO - Fetching data for date range: 2025-01-28 to 2025-01-29
2025-01-29 04:11:56,376 - __main__ - INFO - Fetched 6098 existing UIDs from the database.
2025-01-29 04:11:56,609 - __main__ - INFO - Fetched page 1 successfully with 41 responses .
2025-01-29 04:11:56,768 - __main__ - WARNING - Error fetching page 2 for capi_checklist_id 321 (attempt 1): 404 Client Error: Not Found for url: https://api.axismyindia.in/v1/admin/surveyors/qc-service/surveyor-responses/321?page=2&size=500&startDate=2025-01-28&endDate=2025-01-29
2025-01-29 04:12:00,932 - __main__ - WARNING - Error fetching page 2 for capi_checklist_id 321 (attempt 2): 404 Client Error: Not Found for url: https://api.axismyindia.in/v1/admin/surveyors/qc-service/surveyor-responses/321?page=2&size=500&startDate=2025-01-28&endDate=2025-01-29
2025-01-29 04:12:08,945 - __main__ - ERROR - Failed to fetch page 2 for capi_checklist_id 321 after 3 attempts.
2025-01-29 04:12:08,958 - __main__ - ERROR - No UIDs found for capi_checklist_id 321. Exiting fetchdata2.
2025-01-29 05:04:56,555 - __main__ - INFO - Fetching data for date range: 2025-01-28 to 2025-01-29
2025-01-29 05:04:56,571 - __main__ - INFO - Fetched 2 existing UIDs from the database.
2025-01-29 05:04:56,775 - __main__ - WARNING - Error fetching page 1 for capi_checklist_id 397 (attempt 1): 404 Client Error: Not Found for url: https://api.axismyindia.in/v1/admin/surveyors/qc-service/surveyor-responses/397?page=1&size=500&startDate=2025-01-28&endDate=2025-01-29
2025-01-29 05:05:00,940 - __main__ - WARNING - Error fetching page 1 for capi_checklist_id 397 (attempt 2): 404 Client Error: Not Found for url: https://api.axismyindia.in/v1/admin/surveyors/qc-service/surveyor-responses/397?page=1&size=500&startDate=2025-01-28&endDate=2025-01-29
2025-01-29 05:05:08,949 - __main__ - ERROR - Failed to fetch page 1 for capi_checklist_id 397 after 3 attempts.
2025-01-29 05:05:09,042 - __main__ - ERROR - No UIDs found for capi_checklist_id 397. Exiting fetchdata2.
2025-01-29 05:05:09,089 - __main__ - INFO - Fetching data for date range: 2025-01-28 to 2025-01-29
2025-01-29 05:05:09,105 - __main__ - INFO - Fetched 0 existing UIDs from the database.
2025-01-29 05:05:09,294 - __main__ - WARNING - Error fetching page 1 for capi_checklist_id 400 (attempt 1): 404 Client Error: Not Found for url: https://api.axismyindia.in/v1/admin/surveyors/qc-service/surveyor-responses/400?page=1&size=500&startDate=2025-01-28&endDate=2025-01-29
2025-01-29 05:05:13,479 - __main__ - WARNING - Error fetching page 1 for capi_checklist_id 400 (attempt 2): 404 Client Error: Not Found for url: https://api.axismyindia.in/v1/admin/surveyors/qc-service/surveyor-responses/400?page=1&size=500&startDate=2025-01-28&endDate=2025-01-29
2025-01-29 05:05:21,491 - __main__ - ERROR - Failed to fetch page 1 for capi_checklist_id 400 after 3 attempts.
2025-01-29 05:05:21,497 - __main__ - ERROR - No UIDs found for capi_checklist_id 400. Exiting fetchdata2.
2025-01-29 05:05:21,513 - __main__ - INFO - Fetching data for date range: 2025-01-28 to 2025-01-29
2025-01-29 05:05:21,529 - __main__ - INFO - Fetched 26 existing UIDs from the database.
2025-01-29 05:05:21,717 - __main__ - INFO - Fetched page 1 successfully with 18 responses .
2025-01-29 05:05:21,904 - __main__ - WARNING - Error fetching page 2 for capi_checklist_id 354 (attempt 1): 404 Client Error: Not Found for url: https://api.axismyindia.in/v1/admin/surveyors/qc-service/surveyor-responses/354?page=2&size=500&startDate=2025-01-28&endDate=2025-01-29
2025-01-29 05:05:26,076 - __main__ - WARNING - Error fetching page 2 for capi_checklist_id 354 (attempt 2): 404 Client Error: Not Found for url: https://api.axismyindia.in/v1/admin/surveyors/qc-service/surveyor-responses/354?page=2&size=500&startDate=2025-01-28&endDate=2025-01-29
2025-01-29 05:05:34,082 - __main__ - ERROR - Failed to fetch page 2 for capi_checklist_id 354 after 3 attempts.
2025-01-29 05:05:34,082 - __main__ - ERROR - No UIDs found for capi_checklist_id 354. Exiting fetchdata2.
2025-01-29 05:05:34,089 - __main__ - INFO - Fetching data for date range: 2025-01-28 to 2025-01-29
2025-01-29 05:05:34,089 - __main__ - INFO - Fetched 7 existing UIDs from the database.
2025-01-29 05:05:34,276 - __main__ - WARNING - Error fetching page 1 for capi_checklist_id 329 (attempt 1): 404 Client Error: Not Found for url: https://api.axismyindia.in/v1/admin/surveyors/qc-service/surveyor-responses/329?page=1&size=500&startDate=2025-01-28&endDate=2025-01-29
2025-01-29 05:05:38,467 - __main__ - WARNING - Error fetching page 1 for capi_checklist_id 329 (attempt 2): 404 Client Error: Not Found for url: https://api.axismyindia.in/v1/admin/surveyors/qc-service/surveyor-responses/329?page=1&size=500&startDate=2025-01-28&endDate=2025-01-29
2025-01-29 05:05:46,472 - __main__ - ERROR - Failed to fetch page 1 for capi_checklist_id 329 after 3 attempts.
2025-01-29 05:05:46,520 - __main__ - ERROR - No UIDs found for capi_checklist_id 329. Exiting fetchdata2.
2025-01-29 05:05:46,613 - __main__ - INFO - Fetching data for date range: 2025-01-28 to 2025-01-29
2025-01-29 05:05:46,629 - __main__ - INFO - Fetched 2 existing UIDs from the database.
2025-01-29 05:05:46,896 - __main__ - WARNING - Error fetching page 1 for capi_checklist_id 346 (attempt 1): 404 Client Error: Not Found for url: https://api.axismyindia.in/v1/admin/surveyors/qc-service/surveyor-responses/346?page=1&size=500&startDate=2025-01-28&endDate=2025-01-29
2025-01-29 05:05:51,283 - __main__ - WARNING - Error fetching page 1 for capi_checklist_id 346 (attempt 2): 404 Client Error: Not Found for url: https://api.axismyindia.in/v1/admin/surveyors/qc-service/surveyor-responses/346?page=1&size=500&startDate=2025-01-28&endDate=2025-01-29
2025-01-29 05:05:59,388 - __main__ - ERROR - Failed to fetch page 1 for capi_checklist_id 346 after 3 attempts.
2025-01-29 05:05:59,565 - __main__ - ERROR - No UIDs found for capi_checklist_id 346. Exiting fetchdata2.
2025-01-29 05:05:59,988 - __main__ - INFO - Fetching data for date range: 2025-01-28 to 2025-01-29
2025-01-29 05:06:00,046 - __main__ - INFO - Fetched 1 existing UIDs from the database.
2025-01-29 05:06:00,574 - __main__ - WARNING - Error fetching page 1 for capi_checklist_id 331 (attempt 1): 404 Client Error: Not Found for url: https://api.axismyindia.in/v1/admin/surveyors/qc-service/surveyor-responses/331?page=1&size=500&startDate=2025-01-28&endDate=2025-01-29
2025-01-29 05:06:05,241 - __main__ - WARNING - Error fetching page 1 for capi_checklist_id 331 (attempt 2): 404 Client Error: Not Found for url: https://api.axismyindia.in/v1/admin/surveyors/qc-service/surveyor-responses/331?page=1&size=500&startDate=2025-01-28&endDate=2025-01-29
2025-01-29 05:06:13,255 - __main__ - ERROR - Failed to fetch page 1 for capi_checklist_id 331 after 3 attempts.
2025-01-29 05:06:13,286 - __main__ - ERROR - No UIDs found for capi_checklist_id 331. Exiting fetchdata2.
2025-01-29 05:06:13,364 - __main__ - INFO - Fetching data for date range: 2025-01-28 to 2025-01-29
2025-01-29 05:06:13,380 - __main__ - INFO - Fetched 4 existing UIDs from the database.
2025-01-29 05:06:13,589 - __main__ - WARNING - Error fetching page 1 for capi_checklist_id 337 (attempt 1): 404 Client Error: Not Found for url: https://api.axismyindia.in/v1/admin/surveyors/qc-service/surveyor-responses/337?page=1&size=500&startDate=2025-01-28&endDate=2025-01-29
2025-01-29 05:06:17,759 - __main__ - WARNING - Error fetching page 1 for capi_checklist_id 337 (attempt 2): 404 Client Error: Not Found for url: https://api.axismyindia.in/v1/admin/surveyors/qc-service/surveyor-responses/337?page=1&size=500&startDate=2025-01-28&endDate=2025-01-29
2025-01-29 05:06:25,773 - __main__ - ERROR - Failed to fetch page 1 for capi_checklist_id 337 after 3 attempts.
2025-01-29 05:06:25,800 - __main__ - ERROR - No UIDs found for capi_checklist_id 337. Exiting fetchdata2.
2025-01-29 05:06:25,850 - __main__ - INFO - Fetching data for date range: 2025-01-28 to 2025-01-29
2025-01-29 05:06:25,867 - __main__ - INFO - Fetched 44 existing UIDs from the database.
2025-01-29 05:06:26,054 - __main__ - WARNING - Error fetching page 1 for capi_checklist_id 349 (attempt 1): 404 Client Error: Not Found for url: https://api.axismyindia.in/v1/admin/surveyors/qc-service/surveyor-responses/349?page=1&size=500&startDate=2025-01-28&endDate=2025-01-29
2025-01-29 05:06:30,228 - __main__ - WARNING - Error fetching page 1 for capi_checklist_id 349 (attempt 2): 404 Client Error: Not Found for url: https://api.axismyindia.in/v1/admin/surveyors/qc-service/surveyor-responses/349?page=1&size=500&startDate=2025-01-28&endDate=2025-01-29
2025-01-29 05:06:38,233 - __main__ - ERROR - Failed to fetch page 1 for capi_checklist_id 349 after 3 attempts.
2025-01-29 05:06:38,282 - __main__ - ERROR - No UIDs found for capi_checklist_id 349. Exiting fetchdata2.
2025-01-29 05:06:38,338 - __main__ - INFO - Fetching data for date range: 2025-01-28 to 2025-01-29
2025-01-29 05:06:38,354 - __main__ - INFO - Fetched 66 existing UIDs from the database.
2025-01-29 05:06:38,636 - __main__ - INFO - Fetched page 1 successfully with 24 responses .
2025-01-29 05:06:38,809 - __main__ - WARNING - Error fetching page 2 for capi_checklist_id 343 (attempt 1): 404 Client Error: Not Found for url: https://api.axismyindia.in/v1/admin/surveyors/qc-service/surveyor-responses/343?page=2&size=500&startDate=2025-01-28&endDate=2025-01-29
2025-01-29 05:06:42,990 - __main__ - WARNING - Error fetching page 2 for capi_checklist_id 343 (attempt 2): 404 Client Error: Not Found for url: https://api.axismyindia.in/v1/admin/surveyors/qc-service/surveyor-responses/343?page=2&size=500&startDate=2025-01-28&endDate=2025-01-29
2025-01-29 05:06:51,004 - __main__ - ERROR - Failed to fetch page 2 for capi_checklist_id 343 after 3 attempts.
2025-01-29 05:06:51,022 - __main__ - ERROR - No UIDs found for capi_checklist_id 343. Exiting fetchdata2.
2025-01-29 05:06:51,069 - __main__ - INFO - Fetching data for date range: 2025-01-28 to 2025-01-29
2025-01-29 05:06:51,085 - __main__ - INFO - Fetched 94 existing UIDs from the database.
2025-01-29 05:06:51,274 - __main__ - INFO - Fetched page 1 successfully with 25 responses .
2025-01-29 05:06:51,446 - __main__ - WARNING - Error fetching page 2 for capi_checklist_id 340 (attempt 1): 404 Client Error: Not Found for url: https://api.axismyindia.in/v1/admin/surveyors/qc-service/surveyor-responses/340?page=2&size=500&startDate=2025-01-28&endDate=2025-01-29
2025-01-29 05:06:55,633 - __main__ - WARNING - Error fetching page 2 for capi_checklist_id 340 (attempt 2): 404 Client Error: Not Found for url: https://api.axismyindia.in/v1/admin/surveyors/qc-service/surveyor-responses/340?page=2&size=500&startDate=2025-01-28&endDate=2025-01-29
2025-01-29 05:07:03,645 - __main__ - ERROR - Failed to fetch page 2 for capi_checklist_id 340 after 3 attempts.
2025-01-29 05:07:03,666 - __main__ - ERROR - No UIDs found for capi_checklist_id 340. Exiting fetchdata2.
2025-01-29 05:07:03,724 - __main__ - INFO - Fetching data for date range: 2025-01-28 to 2025-01-29
2025-01-29 05:07:03,740 - __main__ - INFO - Fetched 121 existing UIDs from the database.
2025-01-29 05:07:03,944 - __main__ - INFO - Fetched page 1 successfully with 27 responses .
2025-01-29 05:07:04,102 - __main__ - WARNING - Error fetching page 2 for capi_checklist_id 341 (attempt 1): 404 Client Error: Not Found for url: https://api.axismyindia.in/v1/admin/surveyors/qc-service/surveyor-responses/341?page=2&size=500&startDate=2025-01-28&endDate=2025-01-29
2025-01-29 05:07:08,291 - __main__ - WARNING - Error fetching page 2 for capi_checklist_id 341 (attempt 2): 404 Client Error: Not Found for url: https://api.axismyindia.in/v1/admin/surveyors/qc-service/surveyor-responses/341?page=2&size=500&startDate=2025-01-28&endDate=2025-01-29
2025-01-29 05:07:16,304 - __main__ - ERROR - Failed to fetch page 2 for capi_checklist_id 341 after 3 attempts.
2025-01-29 05:07:16,335 - __main__ - ERROR - No UIDs found for capi_checklist_id 341. Exiting fetchdata2.
2025-01-29 05:07:16,405 - __main__ - INFO - Fetching data for date range: 2025-01-28 to 2025-01-29
2025-01-29 05:07:16,440 - __main__ - INFO - Fetched 193 existing UIDs from the database.
2025-01-29 05:07:16,671 - __main__ - INFO - Fetched page 1 successfully with 45 responses .
2025-01-29 05:07:16,869 - __main__ - WARNING - Error fetching page 2 for capi_checklist_id 355 (attempt 1): 404 Client Error: Not Found for url: https://api.axismyindia.in/v1/admin/surveyors/qc-service/surveyor-responses/355?page=2&size=500&startDate=2025-01-28&endDate=2025-01-29
2025-01-29 05:07:21,032 - __main__ - WARNING - Error fetching page 2 for capi_checklist_id 355 (attempt 2): 404 Client Error: Not Found for url: https://api.axismyindia.in/v1/admin/surveyors/qc-service/surveyor-responses/355?page=2&size=500&startDate=2025-01-28&endDate=2025-01-29
2025-01-29 05:07:29,044 - __main__ - ERROR - Failed to fetch page 2 for capi_checklist_id 355 after 3 attempts.
2025-01-29 05:07:29,047 - __main__ - ERROR - No UIDs found for capi_checklist_id 355. Exiting fetchdata2.
2025-01-29 05:07:29,063 - __main__ - INFO - Fetching data for date range: 2025-01-28 to 2025-01-29
2025-01-29 05:07:29,072 - __main__ - INFO - Fetched 22 existing UIDs from the database.
2025-01-29 05:07:29,252 - __main__ - WARNING - Error fetching page 1 for capi_checklist_id 403 (attempt 1): 404 Client Error: Not Found for url: https://api.axismyindia.in/v1/admin/surveyors/qc-service/surveyor-responses/403?page=1&size=500&startDate=2025-01-28&endDate=2025-01-29
2025-01-29 05:07:33,415 - __main__ - WARNING - Error fetching page 1 for capi_checklist_id 403 (attempt 2): 404 Client Error: Not Found for url: https://api.axismyindia.in/v1/admin/surveyors/qc-service/surveyor-responses/403?page=1&size=500&startDate=2025-01-28&endDate=2025-01-29
2025-01-29 05:07:41,427 - __main__ - ERROR - Failed to fetch page 1 for capi_checklist_id 403 after 3 attempts.
2025-01-29 05:07:41,455 - __main__ - ERROR - No UIDs found for capi_checklist_id 403. Exiting fetchdata2.
2025-01-29 05:07:41,502 - __main__ - INFO - Fetching data for date range: 2025-01-28 to 2025-01-29
2025-01-29 05:07:41,502 - __main__ - INFO - Fetched 53 existing UIDs from the database.
2025-01-29 05:07:41,675 - __main__ - WARNING - Error fetching page 1 for capi_checklist_id 404 (attempt 1): 404 Client Error: Not Found for url: https://api.axismyindia.in/v1/admin/surveyors/qc-service/surveyor-responses/404?page=1&size=500&startDate=2025-01-28&endDate=2025-01-29
2025-01-29 05:07:45,836 - __main__ - WARNING - Error fetching page 1 for capi_checklist_id 404 (attempt 2): 404 Client Error: Not Found for url: https://api.axismyindia.in/v1/admin/surveyors/qc-service/surveyor-responses/404?page=1&size=500&startDate=2025-01-28&endDate=2025-01-29
2025-01-29 05:07:53,845 - __main__ - ERROR - Failed to fetch page 1 for capi_checklist_id 404 after 3 attempts.
2025-01-29 05:07:53,864 - __main__ - ERROR - No UIDs found for capi_checklist_id 404. Exiting fetchdata2.
2025-01-29 05:07:53,927 - __main__ - INFO - Fetching data for date range: 2025-01-28 to 2025-01-29
2025-01-29 05:07:53,927 - __main__ - INFO - Fetched 3 existing UIDs from the database.
2025-01-29 05:07:54,115 - __main__ - WARNING - Error fetching page 1 for capi_checklist_id 363 (attempt 1): 404 Client Error: Not Found for url: https://api.axismyindia.in/v1/admin/surveyors/qc-service/surveyor-responses/363?page=1&size=500&startDate=2025-01-28&endDate=2025-01-29
2025-01-29 05:07:58,295 - __main__ - WARNING - Error fetching page 1 for capi_checklist_id 363 (attempt 2): 404 Client Error: Not Found for url: https://api.axismyindia.in/v1/admin/surveyors/qc-service/surveyor-responses/363?page=1&size=500&startDate=2025-01-28&endDate=2025-01-29
2025-01-29 05:08:06,298 - __main__ - ERROR - Failed to fetch page 1 for capi_checklist_id 363 after 3 attempts.
2025-01-29 05:08:06,327 - __main__ - ERROR - No UIDs found for capi_checklist_id 363. Exiting fetchdata2.
2025-01-29 05:08:06,389 - __main__ - INFO - Fetching data for date range: 2025-01-28 to 2025-01-29
2025-01-29 05:08:06,389 - __main__ - INFO - Fetched 7 existing UIDs from the database.
2025-01-29 05:08:06,592 - __main__ - INFO - Fetched page 1 successfully with 1 responses .
2025-01-29 05:08:06,765 - __main__ - WARNING - Error fetching page 2 for capi_checklist_id 352 (attempt 1): 404 Client Error: Not Found for url: https://api.axismyindia.in/v1/admin/surveyors/qc-service/surveyor-responses/352?page=2&size=500&startDate=2025-01-28&endDate=2025-01-29
2025-01-29 05:08:10,943 - __main__ - WARNING - Error fetching page 2 for capi_checklist_id 352 (attempt 2): 404 Client Error: Not Found for url: https://api.axismyindia.in/v1/admin/surveyors/qc-service/surveyor-responses/352?page=2&size=500&startDate=2025-01-28&endDate=2025-01-29
2025-01-29 05:08:18,947 - __main__ - ERROR - Failed to fetch page 2 for capi_checklist_id 352 after 3 attempts.
2025-01-29 05:08:18,979 - __main__ - ERROR - No UIDs found for capi_checklist_id 352. Exiting fetchdata2.
2025-01-29 05:08:19,057 - __main__ - INFO - Fetching data for date range: 2025-01-28 to 2025-01-29
2025-01-29 05:08:19,072 - __main__ - INFO - Fetched 12 existing UIDs from the database.
2025-01-29 05:08:19,260 - __main__ - INFO - Fetched page 1 successfully with 5 responses .
2025-01-29 05:08:19,432 - __main__ - WARNING - Error fetching page 2 for capi_checklist_id 330 (attempt 1): 404 Client Error: Not Found for url: https://api.axismyindia.in/v1/admin/surveyors/qc-service/surveyor-responses/330?page=2&size=500&startDate=2025-01-28&endDate=2025-01-29
2025-01-29 05:08:23,594 - __main__ - WARNING - Error fetching page 2 for capi_checklist_id 330 (attempt 2): 404 Client Error: Not Found for url: https://api.axismyindia.in/v1/admin/surveyors/qc-service/surveyor-responses/330?page=2&size=500&startDate=2025-01-28&endDate=2025-01-29
2025-01-29 05:08:31,595 - __main__ - ERROR - Failed to fetch page 2 for capi_checklist_id 330 after 3 attempts.
2025-01-29 05:08:31,604 - __main__ - ERROR - No UIDs found for capi_checklist_id 330. Exiting fetchdata2.
2025-01-29 05:08:31,652 - __main__ - INFO - Fetching data for date range: 2025-01-28 to 2025-01-29
2025-01-29 05:08:31,667 - __main__ - INFO - Fetched 13 existing UIDs from the database.
2025-01-29 05:08:31,855 - __main__ - WARNING - Error fetching page 1 for capi_checklist_id 348 (attempt 1): 404 Client Error: Not Found for url: https://api.axismyindia.in/v1/admin/surveyors/qc-service/surveyor-responses/348?page=1&size=500&startDate=2025-01-28&endDate=2025-01-29
2025-01-29 05:08:36,035 - __main__ - WARNING - Error fetching page 1 for capi_checklist_id 348 (attempt 2): 404 Client Error: Not Found for url: https://api.axismyindia.in/v1/admin/surveyors/qc-service/surveyor-responses/348?page=1&size=500&startDate=2025-01-28&endDate=2025-01-29
2025-01-29 05:08:44,045 - __main__ - ERROR - Failed to fetch page 1 for capi_checklist_id 348 after 3 attempts.
2025-01-29 05:08:44,045 - __main__ - ERROR - No UIDs found for capi_checklist_id 348. Exiting fetchdata2.
2025-01-29 05:08:44,049 - __main__ - INFO - Fetching data for date range: 2025-01-28 to 2025-01-29
2025-01-29 05:08:44,049 - __main__ - INFO - Fetched 0 existing UIDs from the database.
2025-01-29 05:08:44,205 - __main__ - WARNING - Error fetching page 1 for capi_checklist_id 290 (attempt 1): 404 Client Error: Not Found for url: https://api.axismyindia.in/v1/admin/surveyors/qc-service/surveyor-responses/290?page=1&size=500&startDate=2025-01-28&endDate=2025-01-29
2025-01-29 05:08:48,388 - __main__ - WARNING - Error fetching page 1 for capi_checklist_id 290 (attempt 2): 404 Client Error: Not Found for url: https://api.axismyindia.in/v1/admin/surveyors/qc-service/surveyor-responses/290?page=1&size=500&startDate=2025-01-28&endDate=2025-01-29
2025-01-29 05:08:56,404 - __main__ - ERROR - Failed to fetch page 1 for capi_checklist_id 290 after 3 attempts.
2025-01-29 05:08:56,436 - __main__ - ERROR - No UIDs found for capi_checklist_id 290. Exiting fetchdata2.
2025-01-29 05:08:56,514 - __main__ - INFO - Fetching data for date range: 2025-01-28 to 2025-01-29
2025-01-29 05:08:56,514 - __main__ - INFO - Fetched 20 existing UIDs from the database.
2025-01-29 05:08:56,718 - __main__ - WARNING - Error fetching page 1 for capi_checklist_id 291 (attempt 1): 404 Client Error: Not Found for url: https://api.axismyindia.in/v1/admin/surveyors/qc-service/surveyor-responses/291?page=1&size=500&startDate=2025-01-28&endDate=2025-01-29
2025-01-29 05:09:00,917 - __main__ - WARNING - Error fetching page 1 for capi_checklist_id 291 (attempt 2): 404 Client Error: Not Found for url: https://api.axismyindia.in/v1/admin/surveyors/qc-service/surveyor-responses/291?page=1&size=500&startDate=2025-01-28&endDate=2025-01-29
2025-01-29 05:09:08,925 - __main__ - ERROR - Failed to fetch page 1 for capi_checklist_id 291 after 3 attempts.
2025-01-29 05:09:08,964 - __main__ - ERROR - No UIDs found for capi_checklist_id 291. Exiting fetchdata2.
2025-01-29 05:09:09,036 - __main__ - INFO - Fetching data for date range: 2025-01-28 to 2025-01-29
2025-01-29 05:09:09,051 - __main__ - INFO - Fetched 58 existing UIDs from the database.
2025-01-29 05:09:09,257 - __main__ - INFO - Fetched page 1 successfully with 11 responses .
2025-01-29 05:09:09,429 - __main__ - WARNING - Error fetching page 2 for capi_checklist_id 326 (attempt 1): 404 Client Error: Not Found for url: https://api.axismyindia.in/v1/admin/surveyors/qc-service/surveyor-responses/326?page=2&size=500&startDate=2025-01-28&endDate=2025-01-29
2025-01-29 05:09:13,599 - __main__ - WARNING - Error fetching page 2 for capi_checklist_id 326 (attempt 2): 404 Client Error: Not Found for url: https://api.axismyindia.in/v1/admin/surveyors/qc-service/surveyor-responses/326?page=2&size=500&startDate=2025-01-28&endDate=2025-01-29
2025-01-29 05:09:21,603 - __main__ - ERROR - Failed to fetch page 2 for capi_checklist_id 326 after 3 attempts.
2025-01-29 05:09:21,603 - __main__ - ERROR - No UIDs found for capi_checklist_id 326. Exiting fetchdata2.
2025-01-29 05:09:21,611 - __main__ - INFO - Fetching data for date range: 2025-01-28 to 2025-01-29
2025-01-29 05:09:21,627 - __main__ - INFO - Fetched 14 existing UIDs from the database.
2025-01-29 05:09:21,799 - __main__ - WARNING - Error fetching page 1 for capi_checklist_id 350 (attempt 1): 404 Client Error: Not Found for url: https://api.axismyindia.in/v1/admin/surveyors/qc-service/surveyor-responses/350?page=1&size=500&startDate=2025-01-28&endDate=2025-01-29
2025-01-29 05:09:25,980 - __main__ - WARNING - Error fetching page 1 for capi_checklist_id 350 (attempt 2): 404 Client Error: Not Found for url: https://api.axismyindia.in/v1/admin/surveyors/qc-service/surveyor-responses/350?page=1&size=500&startDate=2025-01-28&endDate=2025-01-29
2025-01-29 05:09:33,984 - __main__ - ERROR - Failed to fetch page 1 for capi_checklist_id 350 after 3 attempts.
2025-01-29 05:09:34,011 - __main__ - ERROR - No UIDs found for capi_checklist_id 350. Exiting fetchdata2.
2025-01-29 05:09:34,094 - __main__ - INFO - Fetching data for date range: 2025-01-28 to 2025-01-29
2025-01-29 05:09:34,153 - __main__ - INFO - Fetched 296 existing UIDs from the database.
2025-01-29 05:09:34,403 - __main__ - INFO - Fetched page 1 successfully with 81 responses .
2025-01-29 05:09:34,575 - __main__ - WARNING - Error fetching page 2 for capi_checklist_id 342 (attempt 1): 404 Client Error: Not Found for url: https://api.axismyindia.in/v1/admin/surveyors/qc-service/surveyor-responses/342?page=2&size=500&startDate=2025-01-28&endDate=2025-01-29
2025-01-29 05:09:38,720 - __main__ - WARNING - Error fetching page 2 for capi_checklist_id 342 (attempt 2): 404 Client Error: Not Found for url: https://api.axismyindia.in/v1/admin/surveyors/qc-service/surveyor-responses/342?page=2&size=500&startDate=2025-01-28&endDate=2025-01-29
2025-01-29 05:09:46,739 - __main__ - ERROR - Failed to fetch page 2 for capi_checklist_id 342 after 3 attempts.
2025-01-29 05:09:46,771 - __main__ - INFO - Fetched UIDs: defaultdict(<class 'list'>, {342: [15763]})
2025-01-29 05:09:47,913 - __main__ - INFO - Fetched data for UID 15763
2025-01-29 05:09:49,336 - __main__ - INFO - Fetching data for date range: 2025-01-28 to 2025-01-29
2025-01-29 05:09:49,336 - __main__ - INFO - Fetched 5 existing UIDs from the database.
2025-01-29 05:09:49,509 - __main__ - INFO - Fetched page 1 successfully with 1 responses .
2025-01-29 05:09:49,682 - __main__ - WARNING - Error fetching page 2 for capi_checklist_id 319 (attempt 1): 404 Client Error: Not Found for url: https://api.axismyindia.in/v1/admin/surveyors/qc-service/surveyor-responses/319?page=2&size=500&startDate=2025-01-28&endDate=2025-01-29
2025-01-29 05:09:53,866 - __main__ - WARNING - Error fetching page 2 for capi_checklist_id 319 (attempt 2): 404 Client Error: Not Found for url: https://api.axismyindia.in/v1/admin/surveyors/qc-service/surveyor-responses/319?page=2&size=500&startDate=2025-01-28&endDate=2025-01-29
2025-01-29 05:10:01,878 - __main__ - ERROR - Failed to fetch page 2 for capi_checklist_id 319 after 3 attempts.
2025-01-29 05:10:01,892 - __main__ - ERROR - No UIDs found for capi_checklist_id 319. Exiting fetchdata2.
2025-01-29 05:10:01,946 - __main__ - INFO - Fetching data for date range: 2025-01-28 to 2025-01-29
2025-01-29 05:10:01,946 - __main__ - INFO - Fetched 5 existing UIDs from the database.
2025-01-29 05:10:02,119 - __main__ - WARNING - Error fetching page 1 for capi_checklist_id 320 (attempt 1): 404 Client Error: Not Found for url: https://api.axismyindia.in/v1/admin/surveyors/qc-service/surveyor-responses/320?page=1&size=500&startDate=2025-01-28&endDate=2025-01-29
2025-01-29 05:10:06,302 - __main__ - WARNING - Error fetching page 1 for capi_checklist_id 320 (attempt 2): 404 Client Error: Not Found for url: https://api.axismyindia.in/v1/admin/surveyors/qc-service/surveyor-responses/320?page=1&size=500&startDate=2025-01-28&endDate=2025-01-29
2025-01-29 05:10:14,341 - __main__ - ERROR - Failed to fetch page 1 for capi_checklist_id 320 after 3 attempts.
2025-01-29 05:10:14,421 - __main__ - ERROR - No UIDs found for capi_checklist_id 320. Exiting fetchdata2.
2025-01-29 05:10:14,483 - __main__ - INFO - Fetching data for date range: 2025-01-28 to 2025-01-29
2025-01-29 05:10:14,514 - __main__ - INFO - Fetched 152 existing UIDs from the database.
2025-01-29 05:10:14,718 - __main__ - INFO - Fetched page 1 successfully with 55 responses .
2025-01-29 05:10:14,877 - __main__ - WARNING - Error fetching page 2 for capi_checklist_id 344 (attempt 1): 404 Client Error: Not Found for url: https://api.axismyindia.in/v1/admin/surveyors/qc-service/surveyor-responses/344?page=2&size=500&startDate=2025-01-28&endDate=2025-01-29
2025-01-29 05:10:19,064 - __main__ - WARNING - Error fetching page 2 for capi_checklist_id 344 (attempt 2): 404 Client Error: Not Found for url: https://api.axismyindia.in/v1/admin/surveyors/qc-service/surveyor-responses/344?page=2&size=500&startDate=2025-01-28&endDate=2025-01-29
2025-01-29 05:10:27,073 - __main__ - ERROR - Failed to fetch page 2 for capi_checklist_id 344 after 3 attempts.
2025-01-29 05:10:27,086 - __main__ - ERROR - No UIDs found for capi_checklist_id 344. Exiting fetchdata2.
2025-01-29 05:10:27,149 - __main__ - INFO - Fetching data for date range: 2025-01-28 to 2025-01-29
2025-01-29 05:10:27,165 - __main__ - INFO - Fetched 97 existing UIDs from the database.
2025-01-29 05:10:27,368 - __main__ - INFO - Fetched page 1 successfully with 13 responses .
2025-01-29 05:10:27,525 - __main__ - WARNING - Error fetching page 2 for capi_checklist_id 332 (attempt 1): 404 Client Error: Not Found for url: https://api.axismyindia.in/v1/admin/surveyors/qc-service/surveyor-responses/332?page=2&size=500&startDate=2025-01-28&endDate=2025-01-29
2025-01-29 05:10:31,718 - __main__ - WARNING - Error fetching page 2 for capi_checklist_id 332 (attempt 2): 404 Client Error: Not Found for url: https://api.axismyindia.in/v1/admin/surveyors/qc-service/surveyor-responses/332?page=2&size=500&startDate=2025-01-28&endDate=2025-01-29
2025-01-29 05:10:39,719 - __main__ - ERROR - Failed to fetch page 2 for capi_checklist_id 332 after 3 attempts.
2025-01-29 05:10:39,722 - __main__ - ERROR - No UIDs found for capi_checklist_id 332. Exiting fetchdata2.
2025-01-29 05:10:39,731 - __main__ - INFO - Fetching data for date range: 2025-01-28 to 2025-01-29
2025-01-29 05:10:39,738 - __main__ - INFO - Fetched 10 existing UIDs from the database.
2025-01-29 05:10:39,895 - __main__ - WARNING - Error fetching page 1 for capi_checklist_id 335 (attempt 1): 404 Client Error: Not Found for url: https://api.axismyindia.in/v1/admin/surveyors/qc-service/surveyor-responses/335?page=1&size=500&startDate=2025-01-28&endDate=2025-01-29
2025-01-29 05:10:44,073 - __main__ - WARNING - Error fetching page 1 for capi_checklist_id 335 (attempt 2): 404 Client Error: Not Found for url: https://api.axismyindia.in/v1/admin/surveyors/qc-service/surveyor-responses/335?page=1&size=500&startDate=2025-01-28&endDate=2025-01-29
2025-01-29 05:10:52,090 - __main__ - ERROR - Failed to fetch page 1 for capi_checklist_id 335 after 3 attempts.
2025-01-29 05:10:52,090 - __main__ - ERROR - No UIDs found for capi_checklist_id 335. Exiting fetchdata2.
2025-01-29 05:10:52,105 - __main__ - INFO - Fetching data for date range: 2025-01-28 to 2025-01-29
2025-01-29 05:10:52,105 - __main__ - INFO - Fetched 47 existing UIDs from the database.
2025-01-29 05:10:52,293 - __main__ - INFO - Fetched page 1 successfully with 14 responses .
2025-01-29 05:10:52,452 - __main__ - WARNING - Error fetching page 2 for capi_checklist_id 325 (attempt 1): 404 Client Error: Not Found for url: https://api.axismyindia.in/v1/admin/surveyors/qc-service/surveyor-responses/325?page=2&size=500&startDate=2025-01-28&endDate=2025-01-29
2025-01-29 05:10:56,623 - __main__ - WARNING - Error fetching page 2 for capi_checklist_id 325 (attempt 2): 404 Client Error: Not Found for url: https://api.axismyindia.in/v1/admin/surveyors/qc-service/surveyor-responses/325?page=2&size=500&startDate=2025-01-28&endDate=2025-01-29
2025-01-29 05:11:04,639 - __main__ - ERROR - Failed to fetch page 2 for capi_checklist_id 325 after 3 attempts.
2025-01-29 05:11:04,674 - __main__ - ERROR - No UIDs found for capi_checklist_id 325. Exiting fetchdata2.
2025-01-29 05:11:04,733 - __main__ - INFO - Fetching data for date range: 2025-01-28 to 2025-01-29
2025-01-29 05:11:04,765 - __main__ - INFO - Fetched 253 existing UIDs from the database.
2025-01-29 05:11:05,017 - __main__ - INFO - Fetched page 1 successfully with 42 responses .
2025-01-29 05:11:05,174 - __main__ - WARNING - Error fetching page 2 for capi_checklist_id 347 (attempt 1): 404 Client Error: Not Found for url: https://api.axismyindia.in/v1/admin/surveyors/qc-service/surveyor-responses/347?page=2&size=500&startDate=2025-01-28&endDate=2025-01-29
2025-01-29 05:11:09,320 - __main__ - WARNING - Error fetching page 2 for capi_checklist_id 347 (attempt 2): 404 Client Error: Not Found for url: https://api.axismyindia.in/v1/admin/surveyors/qc-service/surveyor-responses/347?page=2&size=500&startDate=2025-01-28&endDate=2025-01-29
2025-01-29 05:11:17,336 - __main__ - ERROR - Failed to fetch page 2 for capi_checklist_id 347 after 3 attempts.
2025-01-29 05:11:17,347 - __main__ - ERROR - No UIDs found for capi_checklist_id 347. Exiting fetchdata2.
2025-01-29 05:11:17,379 - __main__ - INFO - Fetching data for date range: 2025-01-28 to 2025-01-29
2025-01-29 05:11:17,394 - __main__ - INFO - Fetched 11 existing UIDs from the database.
2025-01-29 05:11:17,565 - __main__ - WARNING - Error fetching page 1 for capi_checklist_id 382 (attempt 1): 404 Client Error: Not Found for url: https://api.axismyindia.in/v1/admin/surveyors/qc-service/surveyor-responses/382?page=1&size=500&startDate=2025-01-28&endDate=2025-01-29
2025-01-29 05:11:21,730 - __main__ - WARNING - Error fetching page 1 for capi_checklist_id 382 (attempt 2): 404 Client Error: Not Found for url: https://api.axismyindia.in/v1/admin/surveyors/qc-service/surveyor-responses/382?page=1&size=500&startDate=2025-01-28&endDate=2025-01-29
2025-01-29 05:11:29,741 - __main__ - ERROR - Failed to fetch page 1 for capi_checklist_id 382 after 3 attempts.
2025-01-29 05:11:29,752 - __main__ - ERROR - No UIDs found for capi_checklist_id 382. Exiting fetchdata2.
2025-01-29 05:11:29,815 - __main__ - INFO - Fetching data for date range: 2025-01-28 to 2025-01-29
2025-01-29 05:11:29,830 - __main__ - INFO - Fetched 38 existing UIDs from the database.
2025-01-29 05:11:30,003 - __main__ - WARNING - Error fetching page 1 for capi_checklist_id 339 (attempt 1): 404 Client Error: Not Found for url: https://api.axismyindia.in/v1/admin/surveyors/qc-service/surveyor-responses/339?page=1&size=500&startDate=2025-01-28&endDate=2025-01-29
2025-01-29 05:11:34,185 - __main__ - WARNING - Error fetching page 1 for capi_checklist_id 339 (attempt 2): 404 Client Error: Not Found for url: https://api.axismyindia.in/v1/admin/surveyors/qc-service/surveyor-responses/339?page=1&size=500&startDate=2025-01-28&endDate=2025-01-29
2025-01-29 05:11:42,188 - __main__ - ERROR - Failed to fetch page 1 for capi_checklist_id 339 after 3 attempts.
2025-01-29 05:11:42,191 - __main__ - ERROR - No UIDs found for capi_checklist_id 339. Exiting fetchdata2.
2025-01-29 05:11:42,194 - __main__ - INFO - Fetching data for date range: 2025-01-28 to 2025-01-29
2025-01-29 05:11:42,198 - __main__ - INFO - Fetched 1 existing UIDs from the database.
2025-01-29 05:11:42,359 - __main__ - WARNING - Error fetching page 1 for capi_checklist_id 334 (attempt 1): 404 Client Error: Not Found for url: https://api.axismyindia.in/v1/admin/surveyors/qc-service/surveyor-responses/334?page=1&size=500&startDate=2025-01-28&endDate=2025-01-29
2025-01-29 05:11:46,530 - __main__ - WARNING - Error fetching page 1 for capi_checklist_id 334 (attempt 2): 404 Client Error: Not Found for url: https://api.axismyindia.in/v1/admin/surveyors/qc-service/surveyor-responses/334?page=1&size=500&startDate=2025-01-28&endDate=2025-01-29
2025-01-29 05:11:54,545 - __main__ - ERROR - Failed to fetch page 1 for capi_checklist_id 334 after 3 attempts.
2025-01-29 05:11:54,608 - __main__ - ERROR - No UIDs found for capi_checklist_id 334. Exiting fetchdata2.
2025-01-29 05:11:54,764 - __main__ - INFO - Fetching data for date range: 2025-01-28 to 2025-01-29
2025-01-29 05:11:54,954 - __main__ - INFO - Fetched 6098 existing UIDs from the database.
2025-01-29 05:11:55,292 - __main__ - INFO - Fetched page 1 successfully with 41 responses .
2025-01-29 05:11:55,460 - __main__ - WARNING - Error fetching page 2 for capi_checklist_id 321 (attempt 1): 404 Client Error: Not Found for url: https://api.axismyindia.in/v1/admin/surveyors/qc-service/surveyor-responses/321?page=2&size=500&startDate=2025-01-28&endDate=2025-01-29
2025-01-29 05:11:59,640 - __main__ - WARNING - Error fetching page 2 for capi_checklist_id 321 (attempt 2): 404 Client Error: Not Found for url: https://api.axismyindia.in/v1/admin/surveyors/qc-service/surveyor-responses/321?page=2&size=500&startDate=2025-01-28&endDate=2025-01-29
2025-01-29 05:12:07,654 - __main__ - ERROR - Failed to fetch page 2 for capi_checklist_id 321 after 3 attempts.
2025-01-29 05:12:07,670 - __main__ - ERROR - No UIDs found for capi_checklist_id 321. Exiting fetchdata2.
2025-01-29 06:04:56,637 - __main__ - INFO - Fetching data for date range: 2025-01-28 to 2025-01-29
2025-01-29 06:04:56,653 - __main__ - INFO - Fetched 2 existing UIDs from the database.
2025-01-29 06:04:56,857 - __main__ - WARNING - Error fetching page 1 for capi_checklist_id 397 (attempt 1): 404 Client Error: Not Found for url: https://api.axismyindia.in/v1/admin/surveyors/qc-service/surveyor-responses/397?page=1&size=500&startDate=2025-01-28&endDate=2025-01-29
2025-01-29 06:05:01,026 - __main__ - WARNING - Error fetching page 1 for capi_checklist_id 397 (attempt 2): 404 Client Error: Not Found for url: https://api.axismyindia.in/v1/admin/surveyors/qc-service/surveyor-responses/397?page=1&size=500&startDate=2025-01-28&endDate=2025-01-29
2025-01-29 06:05:09,041 - __main__ - ERROR - Failed to fetch page 1 for capi_checklist_id 397 after 3 attempts.
2025-01-29 06:05:09,068 - __main__ - ERROR - No UIDs found for capi_checklist_id 397. Exiting fetchdata2.
2025-01-29 06:05:09,130 - __main__ - INFO - Fetching data for date range: 2025-01-28 to 2025-01-29
2025-01-29 06:05:09,130 - __main__ - INFO - Fetched 0 existing UIDs from the database.
2025-01-29 06:05:09,334 - __main__ - WARNING - Error fetching page 1 for capi_checklist_id 400 (attempt 1): 404 Client Error: Not Found for url: https://api.axismyindia.in/v1/admin/surveyors/qc-service/surveyor-responses/400?page=1&size=500&startDate=2025-01-28&endDate=2025-01-29
2025-01-29 06:05:13,496 - __main__ - WARNING - Error fetching page 1 for capi_checklist_id 400 (attempt 2): 404 Client Error: Not Found for url: https://api.axismyindia.in/v1/admin/surveyors/qc-service/surveyor-responses/400?page=1&size=500&startDate=2025-01-28&endDate=2025-01-29
2025-01-29 06:05:21,526 - __main__ - ERROR - Failed to fetch page 1 for capi_checklist_id 400 after 3 attempts.
2025-01-29 06:05:21,586 - __main__ - ERROR - No UIDs found for capi_checklist_id 400. Exiting fetchdata2.
2025-01-29 06:05:21,728 - __main__ - INFO - Fetching data for date range: 2025-01-28 to 2025-01-29
2025-01-29 06:05:21,760 - __main__ - INFO - Fetched 26 existing UIDs from the database.
2025-01-29 06:05:22,018 - __main__ - INFO - Fetched page 1 successfully with 18 responses .
2025-01-29 06:05:22,185 - __main__ - WARNING - Error fetching page 2 for capi_checklist_id 354 (attempt 1): 404 Client Error: Not Found for url: https://api.axismyindia.in/v1/admin/surveyors/qc-service/surveyor-responses/354?page=2&size=500&startDate=2025-01-28&endDate=2025-01-29
2025-01-29 06:05:26,389 - __main__ - WARNING - Error fetching page 2 for capi_checklist_id 354 (attempt 2): 404 Client Error: Not Found for url: https://api.axismyindia.in/v1/admin/surveyors/qc-service/surveyor-responses/354?page=2&size=500&startDate=2025-01-28&endDate=2025-01-29
2025-01-29 06:05:34,399 - __main__ - ERROR - Failed to fetch page 2 for capi_checklist_id 354 after 3 attempts.
2025-01-29 06:05:34,415 - __main__ - ERROR - No UIDs found for capi_checklist_id 354. Exiting fetchdata2.
2025-01-29 06:05:34,478 - __main__ - INFO - Fetching data for date range: 2025-01-28 to 2025-01-29
2025-01-29 06:05:34,494 - __main__ - INFO - Fetched 7 existing UIDs from the database.
2025-01-29 06:05:34,681 - __main__ - WARNING - Error fetching page 1 for capi_checklist_id 329 (attempt 1): 404 Client Error: Not Found for url: https://api.axismyindia.in/v1/admin/surveyors/qc-service/surveyor-responses/329?page=1&size=500&startDate=2025-01-28&endDate=2025-01-29
2025-01-29 06:05:38,860 - __main__ - WARNING - Error fetching page 1 for capi_checklist_id 329 (attempt 2): 404 Client Error: Not Found for url: https://api.axismyindia.in/v1/admin/surveyors/qc-service/surveyor-responses/329?page=1&size=500&startDate=2025-01-28&endDate=2025-01-29
2025-01-29 06:05:46,865 - __main__ - ERROR - Failed to fetch page 1 for capi_checklist_id 329 after 3 attempts.
2025-01-29 06:05:46,865 - __main__ - ERROR - No UIDs found for capi_checklist_id 329. Exiting fetchdata2.
2025-01-29 06:05:46,870 - __main__ - INFO - Fetching data for date range: 2025-01-28 to 2025-01-29
2025-01-29 06:05:46,870 - __main__ - INFO - Fetched 2 existing UIDs from the database.
2025-01-29 06:05:47,044 - __main__ - WARNING - Error fetching page 1 for capi_checklist_id 346 (attempt 1): 404 Client Error: Not Found for url: https://api.axismyindia.in/v1/admin/surveyors/qc-service/surveyor-responses/346?page=1&size=500&startDate=2025-01-28&endDate=2025-01-29
2025-01-29 06:05:51,227 - __main__ - WARNING - Error fetching page 1 for capi_checklist_id 346 (attempt 2): 404 Client Error: Not Found for url: https://api.axismyindia.in/v1/admin/surveyors/qc-service/surveyor-responses/346?page=1&size=500&startDate=2025-01-28&endDate=2025-01-29
2025-01-29 06:05:59,229 - __main__ - ERROR - Failed to fetch page 1 for capi_checklist_id 346 after 3 attempts.
2025-01-29 06:05:59,245 - __main__ - ERROR - No UIDs found for capi_checklist_id 346. Exiting fetchdata2.
2025-01-29 06:05:59,271 - __main__ - INFO - Fetching data for date range: 2025-01-28 to 2025-01-29
2025-01-29 06:05:59,276 - __main__ - INFO - Fetched 1 existing UIDs from the database.
2025-01-29 06:05:59,433 - __main__ - WARNING - Error fetching page 1 for capi_checklist_id 331 (attempt 1): 404 Client Error: Not Found for url: https://api.axismyindia.in/v1/admin/surveyors/qc-service/surveyor-responses/331?page=1&size=500&startDate=2025-01-28&endDate=2025-01-29
2025-01-29 06:06:03,595 - __main__ - WARNING - Error fetching page 1 for capi_checklist_id 331 (attempt 2): 404 Client Error: Not Found for url: https://api.axismyindia.in/v1/admin/surveyors/qc-service/surveyor-responses/331?page=1&size=500&startDate=2025-01-28&endDate=2025-01-29
2025-01-29 06:06:11,609 - __main__ - ERROR - Failed to fetch page 1 for capi_checklist_id 331 after 3 attempts.
2025-01-29 06:06:11,609 - __main__ - ERROR - No UIDs found for capi_checklist_id 331. Exiting fetchdata2.
2025-01-29 06:06:11,612 - __main__ - INFO - Fetching data for date range: 2025-01-28 to 2025-01-29
2025-01-29 06:06:11,615 - __main__ - INFO - Fetched 4 existing UIDs from the database.
2025-01-29 06:06:11,772 - __main__ - WARNING - Error fetching page 1 for capi_checklist_id 337 (attempt 1): 404 Client Error: Not Found for url: https://api.axismyindia.in/v1/admin/surveyors/qc-service/surveyor-responses/337?page=1&size=500&startDate=2025-01-28&endDate=2025-01-29
2025-01-29 06:06:15,942 - __main__ - WARNING - Error fetching page 1 for capi_checklist_id 337 (attempt 2): 404 Client Error: Not Found for url: https://api.axismyindia.in/v1/admin/surveyors/qc-service/surveyor-responses/337?page=1&size=500&startDate=2025-01-28&endDate=2025-01-29
2025-01-29 06:06:23,948 - __main__ - ERROR - Failed to fetch page 1 for capi_checklist_id 337 after 3 attempts.
2025-01-29 06:06:23,970 - __main__ - ERROR - No UIDs found for capi_checklist_id 337. Exiting fetchdata2.
2025-01-29 06:06:24,027 - __main__ - INFO - Fetching data for date range: 2025-01-28 to 2025-01-29
2025-01-29 06:06:24,033 - __main__ - INFO - Fetched 44 existing UIDs from the database.
2025-01-29 06:06:24,206 - __main__ - WARNING - Error fetching page 1 for capi_checklist_id 349 (attempt 1): 404 Client Error: Not Found for url: https://api.axismyindia.in/v1/admin/surveyors/qc-service/surveyor-responses/349?page=1&size=500&startDate=2025-01-28&endDate=2025-01-29
2025-01-29 06:06:28,349 - __main__ - WARNING - Error fetching page 1 for capi_checklist_id 349 (attempt 2): 404 Client Error: Not Found for url: https://api.axismyindia.in/v1/admin/surveyors/qc-service/surveyor-responses/349?page=1&size=500&startDate=2025-01-28&endDate=2025-01-29
2025-01-29 06:06:36,380 - __main__ - ERROR - Failed to fetch page 1 for capi_checklist_id 349 after 3 attempts.
2025-01-29 06:06:36,510 - __main__ - ERROR - No UIDs found for capi_checklist_id 349. Exiting fetchdata2.
2025-01-29 06:06:36,650 - __main__ - INFO - Fetching data for date range: 2025-01-28 to 2025-01-29
2025-01-29 06:06:36,698 - __main__ - INFO - Fetched 66 existing UIDs from the database.
2025-01-29 06:06:37,200 - __main__ - INFO - Fetched page 1 successfully with 24 responses .
2025-01-29 06:06:37,388 - __main__ - WARNING - Error fetching page 2 for capi_checklist_id 343 (attempt 1): 404 Client Error: Not Found for url: https://api.axismyindia.in/v1/admin/surveyors/qc-service/surveyor-responses/343?page=2&size=500&startDate=2025-01-28&endDate=2025-01-29
2025-01-29 06:06:41,748 - __main__ - WARNING - Error fetching page 2 for capi_checklist_id 343 (attempt 2): 404 Client Error: Not Found for url: https://api.axismyindia.in/v1/admin/surveyors/qc-service/surveyor-responses/343?page=2&size=500&startDate=2025-01-28&endDate=2025-01-29
2025-01-29 06:06:49,769 - __main__ - ERROR - Failed to fetch page 2 for capi_checklist_id 343 after 3 attempts.
2025-01-29 06:06:49,791 - __main__ - ERROR - No UIDs found for capi_checklist_id 343. Exiting fetchdata2.
2025-01-29 06:06:49,854 - __main__ - INFO - Fetching data for date range: 2025-01-28 to 2025-01-29
2025-01-29 06:06:49,869 - __main__ - INFO - Fetched 94 existing UIDs from the database.
2025-01-29 06:06:50,065 - __main__ - INFO - Fetched page 1 successfully with 25 responses .
2025-01-29 06:06:50,230 - __main__ - WARNING - Error fetching page 2 for capi_checklist_id 340 (attempt 1): 404 Client Error: Not Found for url: https://api.axismyindia.in/v1/admin/surveyors/qc-service/surveyor-responses/340?page=2&size=500&startDate=2025-01-28&endDate=2025-01-29
2025-01-29 06:06:54,402 - __main__ - WARNING - Error fetching page 2 for capi_checklist_id 340 (attempt 2): 404 Client Error: Not Found for url: https://api.axismyindia.in/v1/admin/surveyors/qc-service/surveyor-responses/340?page=2&size=500&startDate=2025-01-28&endDate=2025-01-29
2025-01-29 06:07:02,412 - __main__ - ERROR - Failed to fetch page 2 for capi_checklist_id 340 after 3 attempts.
2025-01-29 06:07:02,417 - __main__ - ERROR - No UIDs found for capi_checklist_id 340. Exiting fetchdata2.
2025-01-29 06:07:02,449 - __main__ - INFO - Fetching data for date range: 2025-01-28 to 2025-01-29
2025-01-29 06:07:02,464 - __main__ - INFO - Fetched 121 existing UIDs from the database.
2025-01-29 06:07:02,636 - __main__ - INFO - Fetched page 1 successfully with 27 responses .
2025-01-29 06:07:02,809 - __main__ - WARNING - Error fetching page 2 for capi_checklist_id 341 (attempt 1): 404 Client Error: Not Found for url: https://api.axismyindia.in/v1/admin/surveyors/qc-service/surveyor-responses/341?page=2&size=500&startDate=2025-01-28&endDate=2025-01-29
2025-01-29 06:07:06,980 - __main__ - WARNING - Error fetching page 2 for capi_checklist_id 341 (attempt 2): 404 Client Error: Not Found for url: https://api.axismyindia.in/v1/admin/surveyors/qc-service/surveyor-responses/341?page=2&size=500&startDate=2025-01-28&endDate=2025-01-29
2025-01-29 06:07:14,991 - __main__ - ERROR - Failed to fetch page 2 for capi_checklist_id 341 after 3 attempts.
2025-01-29 06:07:15,019 - __main__ - ERROR - No UIDs found for capi_checklist_id 341. Exiting fetchdata2.
2025-01-29 06:07:15,064 - __main__ - INFO - Fetching data for date range: 2025-01-28 to 2025-01-29
2025-01-29 06:07:15,095 - __main__ - INFO - Fetched 193 existing UIDs from the database.
2025-01-29 06:07:15,298 - __main__ - INFO - Fetched page 1 successfully with 45 responses .
2025-01-29 06:07:15,457 - __main__ - WARNING - Error fetching page 2 for capi_checklist_id 355 (attempt 1): 404 Client Error: Not Found for url: https://api.axismyindia.in/v1/admin/surveyors/qc-service/surveyor-responses/355?page=2&size=500&startDate=2025-01-28&endDate=2025-01-29
2025-01-29 06:07:19,629 - __main__ - WARNING - Error fetching page 2 for capi_checklist_id 355 (attempt 2): 404 Client Error: Not Found for url: https://api.axismyindia.in/v1/admin/surveyors/qc-service/surveyor-responses/355?page=2&size=500&startDate=2025-01-28&endDate=2025-01-29
2025-01-29 06:07:27,641 - __main__ - ERROR - Failed to fetch page 2 for capi_checklist_id 355 after 3 attempts.
2025-01-29 06:07:27,649 - __main__ - ERROR - No UIDs found for capi_checklist_id 355. Exiting fetchdata2.
2025-01-29 06:07:27,665 - __main__ - INFO - Fetching data for date range: 2025-01-28 to 2025-01-29
2025-01-29 06:07:27,669 - __main__ - INFO - Fetched 22 existing UIDs from the database.
2025-01-29 06:07:27,834 - __main__ - WARNING - Error fetching page 1 for capi_checklist_id 403 (attempt 1): 404 Client Error: Not Found for url: https://api.axismyindia.in/v1/admin/surveyors/qc-service/surveyor-responses/403?page=1&size=500&startDate=2025-01-28&endDate=2025-01-29
2025-01-29 06:07:32,029 - __main__ - WARNING - Error fetching page 1 for capi_checklist_id 403 (attempt 2): 404 Client Error: Not Found for url: https://api.axismyindia.in/v1/admin/surveyors/qc-service/surveyor-responses/403?page=1&size=500&startDate=2025-01-28&endDate=2025-01-29
2025-01-29 06:07:40,033 - __main__ - ERROR - Failed to fetch page 1 for capi_checklist_id 403 after 3 attempts.
2025-01-29 06:07:40,033 - __main__ - ERROR - No UIDs found for capi_checklist_id 403. Exiting fetchdata2.
2025-01-29 06:07:40,033 - __main__ - INFO - Fetching data for date range: 2025-01-28 to 2025-01-29
2025-01-29 06:07:40,041 - __main__ - INFO - Fetched 53 existing UIDs from the database.
2025-01-29 06:07:40,214 - __main__ - WARNING - Error fetching page 1 for capi_checklist_id 404 (attempt 1): 404 Client Error: Not Found for url: https://api.axismyindia.in/v1/admin/surveyors/qc-service/surveyor-responses/404?page=1&size=500&startDate=2025-01-28&endDate=2025-01-29
2025-01-29 06:07:44,386 - __main__ - WARNING - Error fetching page 1 for capi_checklist_id 404 (attempt 2): 404 Client Error: Not Found for url: https://api.axismyindia.in/v1/admin/surveyors/qc-service/surveyor-responses/404?page=1&size=500&startDate=2025-01-28&endDate=2025-01-29
2025-01-29 06:07:52,411 - __main__ - ERROR - Failed to fetch page 1 for capi_checklist_id 404 after 3 attempts.
2025-01-29 06:07:52,505 - __main__ - ERROR - No UIDs found for capi_checklist_id 404. Exiting fetchdata2.
2025-01-29 06:07:52,662 - __main__ - INFO - Fetching data for date range: 2025-01-28 to 2025-01-29
2025-01-29 06:07:52,678 - __main__ - INFO - Fetched 3 existing UIDs from the database.
2025-01-29 06:07:52,945 - __main__ - WARNING - Error fetching page 1 for capi_checklist_id 363 (attempt 1): 404 Client Error: Not Found for url: https://api.axismyindia.in/v1/admin/surveyors/qc-service/surveyor-responses/363?page=1&size=500&startDate=2025-01-28&endDate=2025-01-29
2025-01-29 06:07:57,277 - __main__ - WARNING - Error fetching page 1 for capi_checklist_id 363 (attempt 2): 404 Client Error: Not Found for url: https://api.axismyindia.in/v1/admin/surveyors/qc-service/surveyor-responses/363?page=1&size=500&startDate=2025-01-28&endDate=2025-01-29
2025-01-29 06:08:05,320 - __main__ - ERROR - Failed to fetch page 1 for capi_checklist_id 363 after 3 attempts.
2025-01-29 06:08:05,462 - __main__ - ERROR - No UIDs found for capi_checklist_id 363. Exiting fetchdata2.
2025-01-29 06:08:05,826 - __main__ - INFO - Fetching data for date range: 2025-01-28 to 2025-01-29
2025-01-29 06:08:05,856 - __main__ - INFO - Fetched 7 existing UIDs from the database.
2025-01-29 06:08:06,301 - __main__ - INFO - Fetched page 1 successfully with 1 responses .
2025-01-29 06:08:06,519 - __main__ - WARNING - Error fetching page 2 for capi_checklist_id 352 (attempt 1): 404 Client Error: Not Found for url: https://api.axismyindia.in/v1/admin/surveyors/qc-service/surveyor-responses/352?page=2&size=500&startDate=2025-01-28&endDate=2025-01-29
2025-01-29 06:08:10,731 - __main__ - WARNING - Error fetching page 2 for capi_checklist_id 352 (attempt 2): 404 Client Error: Not Found for url: https://api.axismyindia.in/v1/admin/surveyors/qc-service/surveyor-responses/352?page=2&size=500&startDate=2025-01-28&endDate=2025-01-29
2025-01-29 06:08:18,738 - __main__ - ERROR - Failed to fetch page 2 for capi_checklist_id 352 after 3 attempts.
2025-01-29 06:08:18,766 - __main__ - ERROR - No UIDs found for capi_checklist_id 352. Exiting fetchdata2.
2025-01-29 06:08:18,844 - __main__ - INFO - Fetching data for date range: 2025-01-28 to 2025-01-29
2025-01-29 06:08:18,860 - __main__ - INFO - Fetched 12 existing UIDs from the database.
2025-01-29 06:08:19,064 - __main__ - INFO - Fetched page 1 successfully with 5 responses .
2025-01-29 06:08:19,220 - __main__ - WARNING - Error fetching page 2 for capi_checklist_id 330 (attempt 1): 404 Client Error: Not Found for url: https://api.axismyindia.in/v1/admin/surveyors/qc-service/surveyor-responses/330?page=2&size=500&startDate=2025-01-28&endDate=2025-01-29
2025-01-29 06:08:23,394 - __main__ - WARNING - Error fetching page 2 for capi_checklist_id 330 (attempt 2): 404 Client Error: Not Found for url: https://api.axismyindia.in/v1/admin/surveyors/qc-service/surveyor-responses/330?page=2&size=500&startDate=2025-01-28&endDate=2025-01-29
2025-01-29 06:08:31,410 - __main__ - ERROR - Failed to fetch page 2 for capi_checklist_id 330 after 3 attempts.
2025-01-29 06:08:31,425 - __main__ - ERROR - No UIDs found for capi_checklist_id 330. Exiting fetchdata2.
2025-01-29 06:08:31,489 - __main__ - INFO - Fetching data for date range: 2025-01-28 to 2025-01-29
2025-01-29 06:08:31,504 - __main__ - INFO - Fetched 13 existing UIDs from the database.
2025-01-29 06:08:31,692 - __main__ - WARNING - Error fetching page 1 for capi_checklist_id 348 (attempt 1): 404 Client Error: Not Found for url: https://api.axismyindia.in/v1/admin/surveyors/qc-service/surveyor-responses/348?page=1&size=500&startDate=2025-01-28&endDate=2025-01-29
2025-01-29 06:08:35,885 - __main__ - WARNING - Error fetching page 1 for capi_checklist_id 348 (attempt 2): 404 Client Error: Not Found for url: https://api.axismyindia.in/v1/admin/surveyors/qc-service/surveyor-responses/348?page=1&size=500&startDate=2025-01-28&endDate=2025-01-29
2025-01-29 06:08:43,897 - __main__ - ERROR - Failed to fetch page 1 for capi_checklist_id 348 after 3 attempts.
2025-01-29 06:08:43,908 - __main__ - ERROR - No UIDs found for capi_checklist_id 348. Exiting fetchdata2.
2025-01-29 06:08:43,971 - __main__ - INFO - Fetching data for date range: 2025-01-28 to 2025-01-29
2025-01-29 06:08:43,971 - __main__ - INFO - Fetched 0 existing UIDs from the database.
2025-01-29 06:08:44,159 - __main__ - WARNING - Error fetching page 1 for capi_checklist_id 290 (attempt 1): 404 Client Error: Not Found for url: https://api.axismyindia.in/v1/admin/surveyors/qc-service/surveyor-responses/290?page=1&size=500&startDate=2025-01-28&endDate=2025-01-29
2025-01-29 06:08:48,341 - __main__ - WARNING - Error fetching page 1 for capi_checklist_id 290 (attempt 2): 404 Client Error: Not Found for url: https://api.axismyindia.in/v1/admin/surveyors/qc-service/surveyor-responses/290?page=1&size=500&startDate=2025-01-28&endDate=2025-01-29
2025-01-29 06:08:56,352 - __main__ - ERROR - Failed to fetch page 1 for capi_checklist_id 290 after 3 attempts.
2025-01-29 06:08:56,352 - __main__ - ERROR - No UIDs found for capi_checklist_id 290. Exiting fetchdata2.
2025-01-29 06:08:56,431 - __main__ - INFO - Fetching data for date range: 2025-01-28 to 2025-01-29
2025-01-29 06:08:56,447 - __main__ - INFO - Fetched 20 existing UIDs from the database.
2025-01-29 06:08:56,621 - __main__ - WARNING - Error fetching page 1 for capi_checklist_id 291 (attempt 1): 404 Client Error: Not Found for url: https://api.axismyindia.in/v1/admin/surveyors/qc-service/surveyor-responses/291?page=1&size=500&startDate=2025-01-28&endDate=2025-01-29
2025-01-29 06:09:00,775 - __main__ - WARNING - Error fetching page 1 for capi_checklist_id 291 (attempt 2): 404 Client Error: Not Found for url: https://api.axismyindia.in/v1/admin/surveyors/qc-service/surveyor-responses/291?page=1&size=500&startDate=2025-01-28&endDate=2025-01-29
2025-01-29 06:09:08,790 - __main__ - ERROR - Failed to fetch page 1 for capi_checklist_id 291 after 3 attempts.
2025-01-29 06:09:08,790 - __main__ - ERROR - No UIDs found for capi_checklist_id 291. Exiting fetchdata2.
2025-01-29 06:09:08,790 - __main__ - INFO - Fetching data for date range: 2025-01-28 to 2025-01-29
2025-01-29 06:09:08,801 - __main__ - INFO - Fetched 58 existing UIDs from the database.
2025-01-29 06:09:08,985 - __main__ - INFO - Fetched page 1 successfully with 11 responses .
2025-01-29 06:09:09,147 - __main__ - WARNING - Error fetching page 2 for capi_checklist_id 326 (attempt 1): 404 Client Error: Not Found for url: https://api.axismyindia.in/v1/admin/surveyors/qc-service/surveyor-responses/326?page=2&size=500&startDate=2025-01-28&endDate=2025-01-29
2025-01-29 06:09:13,307 - __main__ - WARNING - Error fetching page 2 for capi_checklist_id 326 (attempt 2): 404 Client Error: Not Found for url: https://api.axismyindia.in/v1/admin/surveyors/qc-service/surveyor-responses/326?page=2&size=500&startDate=2025-01-28&endDate=2025-01-29
2025-01-29 06:09:21,352 - __main__ - ERROR - Failed to fetch page 2 for capi_checklist_id 326 after 3 attempts.
2025-01-29 06:09:21,640 - __main__ - ERROR - No UIDs found for capi_checklist_id 326. Exiting fetchdata2.
2025-01-29 06:09:21,861 - __main__ - INFO - Fetching data for date range: 2025-01-28 to 2025-01-29
2025-01-29 06:09:21,957 - __main__ - INFO - Fetched 14 existing UIDs from the database.
2025-01-29 06:09:22,272 - __main__ - WARNING - Error fetching page 1 for capi_checklist_id 350 (attempt 1): 404 Client Error: Not Found for url: https://api.axismyindia.in/v1/admin/surveyors/qc-service/surveyor-responses/350?page=1&size=500&startDate=2025-01-28&endDate=2025-01-29
2025-01-29 06:09:26,600 - __main__ - WARNING - Error fetching page 1 for capi_checklist_id 350 (attempt 2): 404 Client Error: Not Found for url: https://api.axismyindia.in/v1/admin/surveyors/qc-service/surveyor-responses/350?page=1&size=500&startDate=2025-01-28&endDate=2025-01-29
2025-01-29 06:09:34,635 - __main__ - ERROR - Failed to fetch page 1 for capi_checklist_id 350 after 3 attempts.
2025-01-29 06:09:34,729 - __main__ - ERROR - No UIDs found for capi_checklist_id 350. Exiting fetchdata2.
2025-01-29 06:09:34,885 - __main__ - INFO - Fetching data for date range: 2025-01-28 to 2025-01-29
2025-01-29 06:09:34,948 - __main__ - INFO - Fetched 296 existing UIDs from the database.
2025-01-29 06:09:35,262 - __main__ - INFO - Fetched page 1 successfully with 81 responses .
2025-01-29 06:09:35,418 - __main__ - WARNING - Error fetching page 2 for capi_checklist_id 342 (attempt 1): 404 Client Error: Not Found for url: https://api.axismyindia.in/v1/admin/surveyors/qc-service/surveyor-responses/342?page=2&size=500&startDate=2025-01-28&endDate=2025-01-29
2025-01-29 06:09:39,592 - __main__ - WARNING - Error fetching page 2 for capi_checklist_id 342 (attempt 2): 404 Client Error: Not Found for url: https://api.axismyindia.in/v1/admin/surveyors/qc-service/surveyor-responses/342?page=2&size=500&startDate=2025-01-28&endDate=2025-01-29
2025-01-29 06:09:47,610 - __main__ - ERROR - Failed to fetch page 2 for capi_checklist_id 342 after 3 attempts.
2025-01-29 06:09:47,626 - __main__ - INFO - Fetched UIDs: defaultdict(<class 'list'>, {342: [15763]})
2025-01-29 06:09:48,816 - __main__ - INFO - Fetched data for UID 15763
2025-01-29 06:09:50,213 - __main__ - INFO - Fetching data for date range: 2025-01-28 to 2025-01-29
2025-01-29 06:09:50,213 - __main__ - INFO - Fetched 5 existing UIDs from the database.
2025-01-29 06:09:50,370 - __main__ - INFO - Fetched page 1 successfully with 1 responses .
2025-01-29 06:09:50,543 - __main__ - WARNING - Error fetching page 2 for capi_checklist_id 319 (attempt 1): 404 Client Error: Not Found for url: https://api.axismyindia.in/v1/admin/surveyors/qc-service/surveyor-responses/319?page=2&size=500&startDate=2025-01-28&endDate=2025-01-29
2025-01-29 06:09:54,711 - __main__ - WARNING - Error fetching page 2 for capi_checklist_id 319 (attempt 2): 404 Client Error: Not Found for url: https://api.axismyindia.in/v1/admin/surveyors/qc-service/surveyor-responses/319?page=2&size=500&startDate=2025-01-28&endDate=2025-01-29
2025-01-29 06:10:02,718 - __main__ - ERROR - Failed to fetch page 2 for capi_checklist_id 319 after 3 attempts.
2025-01-29 06:10:02,718 - __main__ - ERROR - No UIDs found for capi_checklist_id 319. Exiting fetchdata2.
2025-01-29 06:10:02,748 - __main__ - INFO - Fetching data for date range: 2025-01-28 to 2025-01-29
2025-01-29 06:10:02,748 - __main__ - INFO - Fetched 5 existing UIDs from the database.
2025-01-29 06:10:02,920 - __main__ - WARNING - Error fetching page 1 for capi_checklist_id 320 (attempt 1): 404 Client Error: Not Found for url: https://api.axismyindia.in/v1/admin/surveyors/qc-service/surveyor-responses/320?page=1&size=500&startDate=2025-01-28&endDate=2025-01-29
2025-01-29 06:10:07,089 - __main__ - WARNING - Error fetching page 1 for capi_checklist_id 320 (attempt 2): 404 Client Error: Not Found for url: https://api.axismyindia.in/v1/admin/surveyors/qc-service/surveyor-responses/320?page=1&size=500&startDate=2025-01-28&endDate=2025-01-29
2025-01-29 06:10:15,099 - __main__ - ERROR - Failed to fetch page 1 for capi_checklist_id 320 after 3 attempts.
2025-01-29 06:10:15,120 - __main__ - ERROR - No UIDs found for capi_checklist_id 320. Exiting fetchdata2.
2025-01-29 06:10:15,151 - __main__ - INFO - Fetching data for date range: 2025-01-28 to 2025-01-29
2025-01-29 06:10:15,170 - __main__ - INFO - Fetched 152 existing UIDs from the database.
2025-01-29 06:10:15,379 - __main__ - INFO - Fetched page 1 successfully with 55 responses .
2025-01-29 06:10:15,543 - __main__ - WARNING - Error fetching page 2 for capi_checklist_id 344 (attempt 1): 404 Client Error: Not Found for url: https://api.axismyindia.in/v1/admin/surveyors/qc-service/surveyor-responses/344?page=2&size=500&startDate=2025-01-28&endDate=2025-01-29
2025-01-29 06:10:19,710 - __main__ - WARNING - Error fetching page 2 for capi_checklist_id 344 (attempt 2): 404 Client Error: Not Found for url: https://api.axismyindia.in/v1/admin/surveyors/qc-service/surveyor-responses/344?page=2&size=500&startDate=2025-01-28&endDate=2025-01-29
2025-01-29 06:10:27,723 - __main__ - ERROR - Failed to fetch page 2 for capi_checklist_id 344 after 3 attempts.
2025-01-29 06:10:27,814 - __main__ - ERROR - No UIDs found for capi_checklist_id 344. Exiting fetchdata2.
2025-01-29 06:10:27,864 - __main__ - INFO - Fetching data for date range: 2025-01-28 to 2025-01-29
2025-01-29 06:10:27,896 - __main__ - INFO - Fetched 97 existing UIDs from the database.
2025-01-29 06:10:28,087 - __main__ - INFO - Fetched page 1 successfully with 13 responses .
2025-01-29 06:10:28,290 - __main__ - WARNING - Error fetching page 2 for capi_checklist_id 332 (attempt 1): 404 Client Error: Not Found for url: https://api.axismyindia.in/v1/admin/surveyors/qc-service/surveyor-responses/332?page=2&size=500&startDate=2025-01-28&endDate=2025-01-29
2025-01-29 06:10:32,495 - __main__ - WARNING - Error fetching page 2 for capi_checklist_id 332 (attempt 2): 404 Client Error: Not Found for url: https://api.axismyindia.in/v1/admin/surveyors/qc-service/surveyor-responses/332?page=2&size=500&startDate=2025-01-28&endDate=2025-01-29
2025-01-29 06:10:40,496 - __main__ - ERROR - Failed to fetch page 2 for capi_checklist_id 332 after 3 attempts.
2025-01-29 06:10:40,496 - __main__ - ERROR - No UIDs found for capi_checklist_id 332. Exiting fetchdata2.
2025-01-29 06:10:40,526 - __main__ - INFO - Fetching data for date range: 2025-01-28 to 2025-01-29
2025-01-29 06:10:40,526 - __main__ - INFO - Fetched 10 existing UIDs from the database.
2025-01-29 06:10:40,696 - __main__ - WARNING - Error fetching page 1 for capi_checklist_id 335 (attempt 1): 404 Client Error: Not Found for url: https://api.axismyindia.in/v1/admin/surveyors/qc-service/surveyor-responses/335?page=1&size=500&startDate=2025-01-28&endDate=2025-01-29
2025-01-29 06:10:44,890 - __main__ - WARNING - Error fetching page 1 for capi_checklist_id 335 (attempt 2): 404 Client Error: Not Found for url: https://api.axismyindia.in/v1/admin/surveyors/qc-service/surveyor-responses/335?page=1&size=500&startDate=2025-01-28&endDate=2025-01-29
2025-01-29 06:10:52,896 - __main__ - ERROR - Failed to fetch page 1 for capi_checklist_id 335 after 3 attempts.
2025-01-29 06:10:52,910 - __main__ - ERROR - No UIDs found for capi_checklist_id 335. Exiting fetchdata2.
2025-01-29 06:10:52,957 - __main__ - INFO - Fetching data for date range: 2025-01-28 to 2025-01-29
2025-01-29 06:10:52,972 - __main__ - INFO - Fetched 47 existing UIDs from the database.
2025-01-29 06:10:53,160 - __main__ - INFO - Fetched page 1 successfully with 14 responses .
2025-01-29 06:10:53,319 - __main__ - WARNING - Error fetching page 2 for capi_checklist_id 325 (attempt 1): 404 Client Error: Not Found for url: https://api.axismyindia.in/v1/admin/surveyors/qc-service/surveyor-responses/325?page=2&size=500&startDate=2025-01-28&endDate=2025-01-29
2025-01-29 06:10:57,497 - __main__ - WARNING - Error fetching page 2 for capi_checklist_id 325 (attempt 2): 404 Client Error: Not Found for url: https://api.axismyindia.in/v1/admin/surveyors/qc-service/surveyor-responses/325?page=2&size=500&startDate=2025-01-28&endDate=2025-01-29
2025-01-29 06:11:05,529 - __main__ - ERROR - Failed to fetch page 2 for capi_checklist_id 325 after 3 attempts.
2025-01-29 06:11:05,617 - __main__ - ERROR - No UIDs found for capi_checklist_id 325. Exiting fetchdata2.
2025-01-29 06:11:05,730 - __main__ - INFO - Fetching data for date range: 2025-01-28 to 2025-01-29
2025-01-29 06:11:05,807 - __main__ - INFO - Fetched 253 existing UIDs from the database.
2025-01-29 06:11:06,112 - __main__ - INFO - Fetched page 1 successfully with 42 responses .
2025-01-29 06:11:06,279 - __main__ - WARNING - Error fetching page 2 for capi_checklist_id 347 (attempt 1): 404 Client Error: Not Found for url: https://api.axismyindia.in/v1/admin/surveyors/qc-service/surveyor-responses/347?page=2&size=500&startDate=2025-01-28&endDate=2025-01-29
2025-01-29 06:11:10,556 - __main__ - WARNING - Error fetching page 2 for capi_checklist_id 347 (attempt 2): 404 Client Error: Not Found for url: https://api.axismyindia.in/v1/admin/surveyors/qc-service/surveyor-responses/347?page=2&size=500&startDate=2025-01-28&endDate=2025-01-29
2025-01-29 06:11:18,602 - __main__ - ERROR - Failed to fetch page 2 for capi_checklist_id 347 after 3 attempts.
2025-01-29 06:11:18,839 - __main__ - ERROR - No UIDs found for capi_checklist_id 347. Exiting fetchdata2.
2025-01-29 06:11:19,124 - __main__ - INFO - Fetching data for date range: 2025-01-28 to 2025-01-29
2025-01-29 06:11:19,155 - __main__ - INFO - Fetched 11 existing UIDs from the database.
2025-01-29 06:11:19,502 - __main__ - WARNING - Error fetching page 1 for capi_checklist_id 382 (attempt 1): 404 Client Error: Not Found for url: https://api.axismyindia.in/v1/admin/surveyors/qc-service/surveyor-responses/382?page=1&size=500&startDate=2025-01-28&endDate=2025-01-29
2025-01-29 06:11:23,860 - __main__ - WARNING - Error fetching page 1 for capi_checklist_id 382 (attempt 2): 404 Client Error: Not Found for url: https://api.axismyindia.in/v1/admin/surveyors/qc-service/surveyor-responses/382?page=1&size=500&startDate=2025-01-28&endDate=2025-01-29
2025-01-29 06:11:31,876 - __main__ - ERROR - Failed to fetch page 1 for capi_checklist_id 382 after 3 attempts.
2025-01-29 06:11:31,892 - __main__ - ERROR - No UIDs found for capi_checklist_id 382. Exiting fetchdata2.
2025-01-29 06:11:31,955 - __main__ - INFO - Fetching data for date range: 2025-01-28 to 2025-01-29
2025-01-29 06:11:31,970 - __main__ - INFO - Fetched 38 existing UIDs from the database.
2025-01-29 06:11:32,158 - __main__ - WARNING - Error fetching page 1 for capi_checklist_id 339 (attempt 1): 404 Client Error: Not Found for url: https://api.axismyindia.in/v1/admin/surveyors/qc-service/surveyor-responses/339?page=1&size=500&startDate=2025-01-28&endDate=2025-01-29
2025-01-29 06:11:36,329 - __main__ - WARNING - Error fetching page 1 for capi_checklist_id 339 (attempt 2): 404 Client Error: Not Found for url: https://api.axismyindia.in/v1/admin/surveyors/qc-service/surveyor-responses/339?page=1&size=500&startDate=2025-01-28&endDate=2025-01-29
2025-01-29 06:11:44,331 - __main__ - ERROR - Failed to fetch page 1 for capi_checklist_id 339 after 3 attempts.
2025-01-29 06:11:44,369 - __main__ - ERROR - No UIDs found for capi_checklist_id 339. Exiting fetchdata2.
2025-01-29 06:11:44,432 - __main__ - INFO - Fetching data for date range: 2025-01-28 to 2025-01-29
2025-01-29 06:11:44,432 - __main__ - INFO - Fetched 1 existing UIDs from the database.
2025-01-29 06:11:44,622 - __main__ - WARNING - Error fetching page 1 for capi_checklist_id 334 (attempt 1): 404 Client Error: Not Found for url: https://api.axismyindia.in/v1/admin/surveyors/qc-service/surveyor-responses/334?page=1&size=500&startDate=2025-01-28&endDate=2025-01-29
2025-01-29 06:11:48,768 - __main__ - WARNING - Error fetching page 1 for capi_checklist_id 334 (attempt 2): 404 Client Error: Not Found for url: https://api.axismyindia.in/v1/admin/surveyors/qc-service/surveyor-responses/334?page=1&size=500&startDate=2025-01-28&endDate=2025-01-29
2025-01-29 06:11:56,777 - __main__ - ERROR - Failed to fetch page 1 for capi_checklist_id 334 after 3 attempts.
2025-01-29 06:11:56,803 - __main__ - ERROR - No UIDs found for capi_checklist_id 334. Exiting fetchdata2.
2025-01-29 06:11:56,856 - __main__ - INFO - Fetching data for date range: 2025-01-28 to 2025-01-29
2025-01-29 06:11:56,918 - __main__ - INFO - Fetched 6098 existing UIDs from the database.
2025-01-29 06:11:57,121 - __main__ - INFO - Fetched page 1 successfully with 41 responses .
2025-01-29 06:11:57,294 - __main__ - WARNING - Error fetching page 2 for capi_checklist_id 321 (attempt 1): 404 Client Error: Not Found for url: https://api.axismyindia.in/v1/admin/surveyors/qc-service/surveyor-responses/321?page=2&size=500&startDate=2025-01-28&endDate=2025-01-29
2025-01-29 06:12:01,465 - __main__ - WARNING - Error fetching page 2 for capi_checklist_id 321 (attempt 2): 404 Client Error: Not Found for url: https://api.axismyindia.in/v1/admin/surveyors/qc-service/surveyor-responses/321?page=2&size=500&startDate=2025-01-28&endDate=2025-01-29
2025-01-29 06:12:09,475 - __main__ - ERROR - Failed to fetch page 2 for capi_checklist_id 321 after 3 attempts.
2025-01-29 06:12:09,484 - __main__ - ERROR - No UIDs found for capi_checklist_id 321. Exiting fetchdata2.
2025-01-29 07:04:57,033 - __main__ - INFO - Fetching data for date range: 2025-01-28 to 2025-01-29
2025-01-29 07:04:57,048 - __main__ - INFO - Fetched 2 existing UIDs from the database.
2025-01-29 07:04:57,270 - __main__ - WARNING - Error fetching page 1 for capi_checklist_id 397 (attempt 1): 404 Client Error: Not Found for url: https://api.axismyindia.in/v1/admin/surveyors/qc-service/surveyor-responses/397?page=1&size=500&startDate=2025-01-28&endDate=2025-01-29
2025-01-29 07:05:01,448 - __main__ - WARNING - Error fetching page 1 for capi_checklist_id 397 (attempt 2): 404 Client Error: Not Found for url: https://api.axismyindia.in/v1/admin/surveyors/qc-service/surveyor-responses/397?page=1&size=500&startDate=2025-01-28&endDate=2025-01-29
2025-01-29 07:05:09,455 - __main__ - ERROR - Failed to fetch page 1 for capi_checklist_id 397 after 3 attempts.
2025-01-29 07:05:09,475 - __main__ - ERROR - No UIDs found for capi_checklist_id 397. Exiting fetchdata2.
2025-01-29 07:05:09,538 - __main__ - INFO - Fetching data for date range: 2025-01-28 to 2025-01-29
2025-01-29 07:05:09,538 - __main__ - INFO - Fetched 0 existing UIDs from the database.
2025-01-29 07:05:09,711 - __main__ - WARNING - Error fetching page 1 for capi_checklist_id 400 (attempt 1): 404 Client Error: Not Found for url: https://api.axismyindia.in/v1/admin/surveyors/qc-service/surveyor-responses/400?page=1&size=500&startDate=2025-01-28&endDate=2025-01-29
2025-01-29 07:05:13,881 - __main__ - WARNING - Error fetching page 1 for capi_checklist_id 400 (attempt 2): 404 Client Error: Not Found for url: https://api.axismyindia.in/v1/admin/surveyors/qc-service/surveyor-responses/400?page=1&size=500&startDate=2025-01-28&endDate=2025-01-29
2025-01-29 07:05:21,896 - __main__ - ERROR - Failed to fetch page 1 for capi_checklist_id 400 after 3 attempts.
2025-01-29 07:05:21,912 - __main__ - ERROR - No UIDs found for capi_checklist_id 400. Exiting fetchdata2.
2025-01-29 07:05:21,974 - __main__ - INFO - Fetching data for date range: 2025-01-28 to 2025-01-29
2025-01-29 07:05:21,990 - __main__ - INFO - Fetched 26 existing UIDs from the database.
2025-01-29 07:05:22,178 - __main__ - INFO - Fetched page 1 successfully with 18 responses .
2025-01-29 07:05:22,365 - __main__ - WARNING - Error fetching page 2 for capi_checklist_id 354 (attempt 1): 404 Client Error: Not Found for url: https://api.axismyindia.in/v1/admin/surveyors/qc-service/surveyor-responses/354?page=2&size=500&startDate=2025-01-28&endDate=2025-01-29
2025-01-29 07:05:26,525 - __main__ - WARNING - Error fetching page 2 for capi_checklist_id 354 (attempt 2): 404 Client Error: Not Found for url: https://api.axismyindia.in/v1/admin/surveyors/qc-service/surveyor-responses/354?page=2&size=500&startDate=2025-01-28&endDate=2025-01-29
2025-01-29 07:05:34,527 - __main__ - ERROR - Failed to fetch page 2 for capi_checklist_id 354 after 3 attempts.
2025-01-29 07:05:34,558 - __main__ - ERROR - No UIDs found for capi_checklist_id 354. Exiting fetchdata2.
2025-01-29 07:05:34,621 - __main__ - INFO - Fetching data for date range: 2025-01-28 to 2025-01-29
2025-01-29 07:05:34,637 - __main__ - INFO - Fetched 7 existing UIDs from the database.
2025-01-29 07:05:34,825 - __main__ - WARNING - Error fetching page 1 for capi_checklist_id 329 (attempt 1): 404 Client Error: Not Found for url: https://api.axismyindia.in/v1/admin/surveyors/qc-service/surveyor-responses/329?page=1&size=500&startDate=2025-01-28&endDate=2025-01-29
2025-01-29 07:05:39,003 - __main__ - WARNING - Error fetching page 1 for capi_checklist_id 329 (attempt 2): 404 Client Error: Not Found for url: https://api.axismyindia.in/v1/admin/surveyors/qc-service/surveyor-responses/329?page=1&size=500&startDate=2025-01-28&endDate=2025-01-29
2025-01-29 07:05:47,004 - __main__ - ERROR - Failed to fetch page 1 for capi_checklist_id 329 after 3 attempts.
2025-01-29 07:05:47,012 - __main__ - ERROR - No UIDs found for capi_checklist_id 329. Exiting fetchdata2.
2025-01-29 07:05:47,043 - __main__ - INFO - Fetching data for date range: 2025-01-28 to 2025-01-29
2025-01-29 07:05:47,043 - __main__ - INFO - Fetched 2 existing UIDs from the database.
2025-01-29 07:05:47,215 - __main__ - WARNING - Error fetching page 1 for capi_checklist_id 346 (attempt 1): 404 Client Error: Not Found for url: https://api.axismyindia.in/v1/admin/surveyors/qc-service/surveyor-responses/346?page=1&size=500&startDate=2025-01-28&endDate=2025-01-29
2025-01-29 07:05:51,380 - __main__ - WARNING - Error fetching page 1 for capi_checklist_id 346 (attempt 2): 404 Client Error: Not Found for url: https://api.axismyindia.in/v1/admin/surveyors/qc-service/surveyor-responses/346?page=1&size=500&startDate=2025-01-28&endDate=2025-01-29
2025-01-29 07:05:59,398 - __main__ - ERROR - Failed to fetch page 1 for capi_checklist_id 346 after 3 attempts.
2025-01-29 07:05:59,438 - __main__ - ERROR - No UIDs found for capi_checklist_id 346. Exiting fetchdata2.
2025-01-29 07:05:59,493 - __main__ - INFO - Fetching data for date range: 2025-01-28 to 2025-01-29
2025-01-29 07:05:59,509 - __main__ - INFO - Fetched 1 existing UIDs from the database.
2025-01-29 07:05:59,698 - __main__ - WARNING - Error fetching page 1 for capi_checklist_id 331 (attempt 1): 404 Client Error: Not Found for url: https://api.axismyindia.in/v1/admin/surveyors/qc-service/surveyor-responses/331?page=1&size=500&startDate=2025-01-28&endDate=2025-01-29
2025-01-29 07:06:03,839 - __main__ - WARNING - Error fetching page 1 for capi_checklist_id 331 (attempt 2): 404 Client Error: Not Found for url: https://api.axismyindia.in/v1/admin/surveyors/qc-service/surveyor-responses/331?page=1&size=500&startDate=2025-01-28&endDate=2025-01-29
2025-01-29 07:06:11,854 - __main__ - ERROR - Failed to fetch page 1 for capi_checklist_id 331 after 3 attempts.
2025-01-29 07:06:11,886 - __main__ - ERROR - No UIDs found for capi_checklist_id 331. Exiting fetchdata2.
2025-01-29 07:06:11,933 - __main__ - INFO - Fetching data for date range: 2025-01-28 to 2025-01-29
2025-01-29 07:06:11,933 - __main__ - INFO - Fetched 4 existing UIDs from the database.
2025-01-29 07:06:12,107 - __main__ - WARNING - Error fetching page 1 for capi_checklist_id 337 (attempt 1): 404 Client Error: Not Found for url: https://api.axismyindia.in/v1/admin/surveyors/qc-service/surveyor-responses/337?page=1&size=500&startDate=2025-01-28&endDate=2025-01-29
2025-01-29 07:06:16,271 - __main__ - WARNING - Error fetching page 1 for capi_checklist_id 337 (attempt 2): 404 Client Error: Not Found for url: https://api.axismyindia.in/v1/admin/surveyors/qc-service/surveyor-responses/337?page=1&size=500&startDate=2025-01-28&endDate=2025-01-29
2025-01-29 07:06:24,280 - __main__ - ERROR - Failed to fetch page 1 for capi_checklist_id 337 after 3 attempts.
2025-01-29 07:06:24,296 - __main__ - ERROR - No UIDs found for capi_checklist_id 337. Exiting fetchdata2.
2025-01-29 07:06:24,334 - __main__ - INFO - Fetching data for date range: 2025-01-28 to 2025-01-29
2025-01-29 07:06:24,334 - __main__ - INFO - Fetched 44 existing UIDs from the database.
2025-01-29 07:06:24,546 - __main__ - WARNING - Error fetching page 1 for capi_checklist_id 349 (attempt 1): 404 Client Error: Not Found for url: https://api.axismyindia.in/v1/admin/surveyors/qc-service/surveyor-responses/349?page=1&size=500&startDate=2025-01-28&endDate=2025-01-29
2025-01-29 07:06:28,714 - __main__ - WARNING - Error fetching page 1 for capi_checklist_id 349 (attempt 2): 404 Client Error: Not Found for url: https://api.axismyindia.in/v1/admin/surveyors/qc-service/surveyor-responses/349?page=1&size=500&startDate=2025-01-28&endDate=2025-01-29
2025-01-29 07:06:36,724 - __main__ - ERROR - Failed to fetch page 1 for capi_checklist_id 349 after 3 attempts.
2025-01-29 07:06:36,767 - __main__ - ERROR - No UIDs found for capi_checklist_id 349. Exiting fetchdata2.
2025-01-29 07:06:36,819 - __main__ - INFO - Fetching data for date range: 2025-01-28 to 2025-01-29
2025-01-29 07:06:36,835 - __main__ - INFO - Fetched 66 existing UIDs from the database.
2025-01-29 07:06:37,156 - __main__ - INFO - Fetched page 1 successfully with 24 responses .
2025-01-29 07:06:37,342 - __main__ - WARNING - Error fetching page 2 for capi_checklist_id 343 (attempt 1): 404 Client Error: Not Found for url: https://api.axismyindia.in/v1/admin/surveyors/qc-service/surveyor-responses/343?page=2&size=500&startDate=2025-01-28&endDate=2025-01-29
2025-01-29 07:06:41,505 - __main__ - WARNING - Error fetching page 2 for capi_checklist_id 343 (attempt 2): 404 Client Error: Not Found for url: https://api.axismyindia.in/v1/admin/surveyors/qc-service/surveyor-responses/343?page=2&size=500&startDate=2025-01-28&endDate=2025-01-29
2025-01-29 07:06:49,518 - __main__ - ERROR - Failed to fetch page 2 for capi_checklist_id 343 after 3 attempts.
2025-01-29 07:06:49,531 - __main__ - ERROR - No UIDs found for capi_checklist_id 343. Exiting fetchdata2.
2025-01-29 07:06:49,563 - __main__ - INFO - Fetching data for date range: 2025-01-28 to 2025-01-29
2025-01-29 07:06:49,579 - __main__ - INFO - Fetched 94 existing UIDs from the database.
2025-01-29 07:06:49,753 - __main__ - INFO - Fetched page 1 successfully with 25 responses .
2025-01-29 07:06:49,941 - __main__ - WARNING - Error fetching page 2 for capi_checklist_id 340 (attempt 1): 404 Client Error: Not Found for url: https://api.axismyindia.in/v1/admin/surveyors/qc-service/surveyor-responses/340?page=2&size=500&startDate=2025-01-28&endDate=2025-01-29
2025-01-29 07:06:54,096 - __main__ - WARNING - Error fetching page 2 for capi_checklist_id 340 (attempt 2): 404 Client Error: Not Found for url: https://api.axismyindia.in/v1/admin/surveyors/qc-service/surveyor-responses/340?page=2&size=500&startDate=2025-01-28&endDate=2025-01-29
2025-01-29 07:07:02,114 - __main__ - ERROR - Failed to fetch page 2 for capi_checklist_id 340 after 3 attempts.
2025-01-29 07:07:02,145 - __main__ - ERROR - No UIDs found for capi_checklist_id 340. Exiting fetchdata2.
2025-01-29 07:07:02,239 - __main__ - INFO - Fetching data for date range: 2025-01-28 to 2025-01-29
2025-01-29 07:07:02,271 - __main__ - INFO - Fetched 121 existing UIDs from the database.
2025-01-29 07:07:02,590 - __main__ - INFO - Fetched page 1 successfully with 27 responses .
2025-01-29 07:07:02,743 - __main__ - WARNING - Error fetching page 2 for capi_checklist_id 341 (attempt 1): 404 Client Error: Not Found for url: https://api.axismyindia.in/v1/admin/surveyors/qc-service/surveyor-responses/341?page=2&size=500&startDate=2025-01-28&endDate=2025-01-29
2025-01-29 07:07:06,914 - __main__ - WARNING - Error fetching page 2 for capi_checklist_id 341 (attempt 2): 404 Client Error: Not Found for url: https://api.axismyindia.in/v1/admin/surveyors/qc-service/surveyor-responses/341?page=2&size=500&startDate=2025-01-28&endDate=2025-01-29
2025-01-29 07:07:14,923 - __main__ - ERROR - Failed to fetch page 2 for capi_checklist_id 341 after 3 attempts.
2025-01-29 07:07:14,954 - __main__ - ERROR - No UIDs found for capi_checklist_id 341. Exiting fetchdata2.
2025-01-29 07:07:15,016 - __main__ - INFO - Fetching data for date range: 2025-01-28 to 2025-01-29
2025-01-29 07:07:15,032 - __main__ - INFO - Fetched 193 existing UIDs from the database.
2025-01-29 07:07:15,267 - __main__ - INFO - Fetched page 1 successfully with 45 responses .
2025-01-29 07:07:15,439 - __main__ - WARNING - Error fetching page 2 for capi_checklist_id 355 (attempt 1): 404 Client Error: Not Found for url: https://api.axismyindia.in/v1/admin/surveyors/qc-service/surveyor-responses/355?page=2&size=500&startDate=2025-01-28&endDate=2025-01-29
2025-01-29 07:07:19,613 - __main__ - WARNING - Error fetching page 2 for capi_checklist_id 355 (attempt 2): 404 Client Error: Not Found for url: https://api.axismyindia.in/v1/admin/surveyors/qc-service/surveyor-responses/355?page=2&size=500&startDate=2025-01-28&endDate=2025-01-29
2025-01-29 07:07:27,630 - __main__ - ERROR - Failed to fetch page 2 for capi_checklist_id 355 after 3 attempts.
2025-01-29 07:07:27,643 - __main__ - ERROR - No UIDs found for capi_checklist_id 355. Exiting fetchdata2.
2025-01-29 07:07:27,659 - __main__ - INFO - Fetching data for date range: 2025-01-28 to 2025-01-29
2025-01-29 07:07:27,675 - __main__ - INFO - Fetched 22 existing UIDs from the database.
2025-01-29 07:07:27,862 - __main__ - WARNING - Error fetching page 1 for capi_checklist_id 403 (attempt 1): 404 Client Error: Not Found for url: https://api.axismyindia.in/v1/admin/surveyors/qc-service/surveyor-responses/403?page=1&size=500&startDate=2025-01-28&endDate=2025-01-29
2025-01-29 07:07:32,040 - __main__ - WARNING - Error fetching page 1 for capi_checklist_id 403 (attempt 2): 404 Client Error: Not Found for url: https://api.axismyindia.in/v1/admin/surveyors/qc-service/surveyor-responses/403?page=1&size=500&startDate=2025-01-28&endDate=2025-01-29
2025-01-29 07:07:40,056 - __main__ - ERROR - Failed to fetch page 1 for capi_checklist_id 403 after 3 attempts.
2025-01-29 07:07:40,098 - __main__ - ERROR - No UIDs found for capi_checklist_id 403. Exiting fetchdata2.
2025-01-29 07:07:40,165 - __main__ - INFO - Fetching data for date range: 2025-01-28 to 2025-01-29
2025-01-29 07:07:40,180 - __main__ - INFO - Fetched 53 existing UIDs from the database.
2025-01-29 07:07:40,384 - __main__ - WARNING - Error fetching page 1 for capi_checklist_id 404 (attempt 1): 404 Client Error: Not Found for url: https://api.axismyindia.in/v1/admin/surveyors/qc-service/surveyor-responses/404?page=1&size=500&startDate=2025-01-28&endDate=2025-01-29
2025-01-29 07:07:44,568 - __main__ - WARNING - Error fetching page 1 for capi_checklist_id 404 (attempt 2): 404 Client Error: Not Found for url: https://api.axismyindia.in/v1/admin/surveyors/qc-service/surveyor-responses/404?page=1&size=500&startDate=2025-01-28&endDate=2025-01-29
2025-01-29 07:07:52,577 - __main__ - ERROR - Failed to fetch page 1 for capi_checklist_id 404 after 3 attempts.
2025-01-29 07:07:52,591 - __main__ - ERROR - No UIDs found for capi_checklist_id 404. Exiting fetchdata2.
2025-01-29 07:07:52,623 - __main__ - INFO - Fetching data for date range: 2025-01-28 to 2025-01-29
2025-01-29 07:07:52,623 - __main__ - INFO - Fetched 3 existing UIDs from the database.
2025-01-29 07:07:52,827 - __main__ - WARNING - Error fetching page 1 for capi_checklist_id 363 (attempt 1): 404 Client Error: Not Found for url: https://api.axismyindia.in/v1/admin/surveyors/qc-service/surveyor-responses/363?page=1&size=500&startDate=2025-01-28&endDate=2025-01-29
2025-01-29 07:07:56,994 - __main__ - WARNING - Error fetching page 1 for capi_checklist_id 363 (attempt 2): 404 Client Error: Not Found for url: https://api.axismyindia.in/v1/admin/surveyors/qc-service/surveyor-responses/363?page=1&size=500&startDate=2025-01-28&endDate=2025-01-29
2025-01-29 07:08:05,000 - __main__ - ERROR - Failed to fetch page 1 for capi_checklist_id 363 after 3 attempts.
2025-01-29 07:08:05,025 - __main__ - ERROR - No UIDs found for capi_checklist_id 363. Exiting fetchdata2.
2025-01-29 07:08:05,072 - __main__ - INFO - Fetching data for date range: 2025-01-28 to 2025-01-29
2025-01-29 07:08:05,080 - __main__ - INFO - Fetched 7 existing UIDs from the database.
2025-01-29 07:08:05,261 - __main__ - INFO - Fetched page 1 successfully with 1 responses .
2025-01-29 07:08:05,417 - __main__ - WARNING - Error fetching page 2 for capi_checklist_id 352 (attempt 1): 404 Client Error: Not Found for url: https://api.axismyindia.in/v1/admin/surveyors/qc-service/surveyor-responses/352?page=2&size=500&startDate=2025-01-28&endDate=2025-01-29
2025-01-29 07:08:09,600 - __main__ - WARNING - Error fetching page 2 for capi_checklist_id 352 (attempt 2): 404 Client Error: Not Found for url: https://api.axismyindia.in/v1/admin/surveyors/qc-service/surveyor-responses/352?page=2&size=500&startDate=2025-01-28&endDate=2025-01-29
2025-01-29 07:08:17,606 - __main__ - ERROR - Failed to fetch page 2 for capi_checklist_id 352 after 3 attempts.
2025-01-29 07:08:17,641 - __main__ - ERROR - No UIDs found for capi_checklist_id 352. Exiting fetchdata2.
2025-01-29 07:08:17,690 - __main__ - INFO - Fetching data for date range: 2025-01-28 to 2025-01-29
2025-01-29 07:08:17,690 - __main__ - INFO - Fetched 12 existing UIDs from the database.
2025-01-29 07:08:17,893 - __main__ - INFO - Fetched page 1 successfully with 5 responses .
2025-01-29 07:08:18,081 - __main__ - WARNING - Error fetching page 2 for capi_checklist_id 330 (attempt 1): 404 Client Error: Not Found for url: https://api.axismyindia.in/v1/admin/surveyors/qc-service/surveyor-responses/330?page=2&size=500&startDate=2025-01-28&endDate=2025-01-29
2025-01-29 07:08:22,268 - __main__ - WARNING - Error fetching page 2 for capi_checklist_id 330 (attempt 2): 404 Client Error: Not Found for url: https://api.axismyindia.in/v1/admin/surveyors/qc-service/surveyor-responses/330?page=2&size=500&startDate=2025-01-28&endDate=2025-01-29
2025-01-29 07:08:30,286 - __main__ - ERROR - Failed to fetch page 2 for capi_checklist_id 330 after 3 attempts.
2025-01-29 07:08:30,353 - __main__ - ERROR - No UIDs found for capi_checklist_id 330. Exiting fetchdata2.
2025-01-29 07:08:30,449 - __main__ - INFO - Fetching data for date range: 2025-01-28 to 2025-01-29
2025-01-29 07:08:30,463 - __main__ - INFO - Fetched 13 existing UIDs from the database.
2025-01-29 07:08:30,786 - __main__ - WARNING - Error fetching page 1 for capi_checklist_id 348 (attempt 1): 404 Client Error: Not Found for url: https://api.axismyindia.in/v1/admin/surveyors/qc-service/surveyor-responses/348?page=1&size=500&startDate=2025-01-28&endDate=2025-01-29
2025-01-29 07:08:34,956 - __main__ - WARNING - Error fetching page 1 for capi_checklist_id 348 (attempt 2): 404 Client Error: Not Found for url: https://api.axismyindia.in/v1/admin/surveyors/qc-service/surveyor-responses/348?page=1&size=500&startDate=2025-01-28&endDate=2025-01-29
2025-01-29 07:08:42,975 - __main__ - ERROR - Failed to fetch page 1 for capi_checklist_id 348 after 3 attempts.
2025-01-29 07:08:43,001 - __main__ - ERROR - No UIDs found for capi_checklist_id 348. Exiting fetchdata2.
2025-01-29 07:08:43,080 - __main__ - INFO - Fetching data for date range: 2025-01-28 to 2025-01-29
2025-01-29 07:08:43,082 - __main__ - INFO - Fetched 0 existing UIDs from the database.
2025-01-29 07:08:43,254 - __main__ - WARNING - Error fetching page 1 for capi_checklist_id 290 (attempt 1): 404 Client Error: Not Found for url: https://api.axismyindia.in/v1/admin/surveyors/qc-service/surveyor-responses/290?page=1&size=500&startDate=2025-01-28&endDate=2025-01-29
2025-01-29 07:08:47,444 - __main__ - WARNING - Error fetching page 1 for capi_checklist_id 290 (attempt 2): 404 Client Error: Not Found for url: https://api.axismyindia.in/v1/admin/surveyors/qc-service/surveyor-responses/290?page=1&size=500&startDate=2025-01-28&endDate=2025-01-29
2025-01-29 07:08:55,451 - __main__ - ERROR - Failed to fetch page 1 for capi_checklist_id 290 after 3 attempts.
2025-01-29 07:08:55,466 - __main__ - ERROR - No UIDs found for capi_checklist_id 290. Exiting fetchdata2.
2025-01-29 07:08:55,528 - __main__ - INFO - Fetching data for date range: 2025-01-28 to 2025-01-29
2025-01-29 07:08:55,545 - __main__ - INFO - Fetched 20 existing UIDs from the database.
2025-01-29 07:08:55,732 - __main__ - WARNING - Error fetching page 1 for capi_checklist_id 291 (attempt 1): 404 Client Error: Not Found for url: https://api.axismyindia.in/v1/admin/surveyors/qc-service/surveyor-responses/291?page=1&size=500&startDate=2025-01-28&endDate=2025-01-29
2025-01-29 07:08:59,935 - __main__ - WARNING - Error fetching page 1 for capi_checklist_id 291 (attempt 2): 404 Client Error: Not Found for url: https://api.axismyindia.in/v1/admin/surveyors/qc-service/surveyor-responses/291?page=1&size=500&startDate=2025-01-28&endDate=2025-01-29
2025-01-29 07:09:07,947 - __main__ - ERROR - Failed to fetch page 1 for capi_checklist_id 291 after 3 attempts.
2025-01-29 07:09:07,963 - __main__ - ERROR - No UIDs found for capi_checklist_id 291. Exiting fetchdata2.
2025-01-29 07:09:08,025 - __main__ - INFO - Fetching data for date range: 2025-01-28 to 2025-01-29
2025-01-29 07:09:08,041 - __main__ - INFO - Fetched 58 existing UIDs from the database.
2025-01-29 07:09:08,213 - __main__ - INFO - Fetched page 1 successfully with 11 responses .
2025-01-29 07:09:08,369 - __main__ - WARNING - Error fetching page 2 for capi_checklist_id 326 (attempt 1): 404 Client Error: Not Found for url: https://api.axismyindia.in/v1/admin/surveyors/qc-service/surveyor-responses/326?page=2&size=500&startDate=2025-01-28&endDate=2025-01-29
2025-01-29 07:09:12,549 - __main__ - WARNING - Error fetching page 2 for capi_checklist_id 326 (attempt 2): 404 Client Error: Not Found for url: https://api.axismyindia.in/v1/admin/surveyors/qc-service/surveyor-responses/326?page=2&size=500&startDate=2025-01-28&endDate=2025-01-29
2025-01-29 07:09:20,580 - __main__ - ERROR - Failed to fetch page 2 for capi_checklist_id 326 after 3 attempts.
2025-01-29 07:09:20,674 - __main__ - ERROR - No UIDs found for capi_checklist_id 326. Exiting fetchdata2.
2025-01-29 07:09:20,800 - __main__ - INFO - Fetching data for date range: 2025-01-28 to 2025-01-29
2025-01-29 07:09:20,823 - __main__ - INFO - Fetched 14 existing UIDs from the database.
2025-01-29 07:09:21,084 - __main__ - WARNING - Error fetching page 1 for capi_checklist_id 350 (attempt 1): 404 Client Error: Not Found for url: https://api.axismyindia.in/v1/admin/surveyors/qc-service/surveyor-responses/350?page=1&size=500&startDate=2025-01-28&endDate=2025-01-29
2025-01-29 07:09:25,264 - __main__ - WARNING - Error fetching page 1 for capi_checklist_id 350 (attempt 2): 404 Client Error: Not Found for url: https://api.axismyindia.in/v1/admin/surveyors/qc-service/surveyor-responses/350?page=1&size=500&startDate=2025-01-28&endDate=2025-01-29
2025-01-29 07:09:33,284 - __main__ - ERROR - Failed to fetch page 1 for capi_checklist_id 350 after 3 attempts.
2025-01-29 07:09:33,315 - __main__ - ERROR - No UIDs found for capi_checklist_id 350. Exiting fetchdata2.
2025-01-29 07:09:33,366 - __main__ - INFO - Fetching data for date range: 2025-01-28 to 2025-01-29
2025-01-29 07:09:33,394 - __main__ - INFO - Fetched 296 existing UIDs from the database.
2025-01-29 07:09:33,600 - __main__ - INFO - Fetched page 1 successfully with 81 responses .
2025-01-29 07:09:33,773 - __main__ - WARNING - Error fetching page 2 for capi_checklist_id 342 (attempt 1): 404 Client Error: Not Found for url: https://api.axismyindia.in/v1/admin/surveyors/qc-service/surveyor-responses/342?page=2&size=500&startDate=2025-01-28&endDate=2025-01-29
2025-01-29 07:09:37,936 - __main__ - WARNING - Error fetching page 2 for capi_checklist_id 342 (attempt 2): 404 Client Error: Not Found for url: https://api.axismyindia.in/v1/admin/surveyors/qc-service/surveyor-responses/342?page=2&size=500&startDate=2025-01-28&endDate=2025-01-29
2025-01-29 07:09:45,949 - __main__ - ERROR - Failed to fetch page 2 for capi_checklist_id 342 after 3 attempts.
2025-01-29 07:09:45,949 - __main__ - INFO - Fetched UIDs: defaultdict(<class 'list'>, {342: [15763]})
2025-01-29 07:09:47,095 - __main__ - INFO - Fetched data for UID 15763
2025-01-29 07:09:48,502 - __main__ - INFO - Fetching data for date range: 2025-01-28 to 2025-01-29
2025-01-29 07:09:48,504 - __main__ - INFO - Fetched 5 existing UIDs from the database.
2025-01-29 07:09:48,664 - __main__ - INFO - Fetched page 1 successfully with 1 responses .
2025-01-29 07:09:48,837 - __main__ - WARNING - Error fetching page 2 for capi_checklist_id 319 (attempt 1): 404 Client Error: Not Found for url: https://api.axismyindia.in/v1/admin/surveyors/qc-service/surveyor-responses/319?page=2&size=500&startDate=2025-01-28&endDate=2025-01-29
2025-01-29 07:09:53,019 - __main__ - WARNING - Error fetching page 2 for capi_checklist_id 319 (attempt 2): 404 Client Error: Not Found for url: https://api.axismyindia.in/v1/admin/surveyors/qc-service/surveyor-responses/319?page=2&size=500&startDate=2025-01-28&endDate=2025-01-29
2025-01-29 07:10:01,025 - __main__ - ERROR - Failed to fetch page 2 for capi_checklist_id 319 after 3 attempts.
2025-01-29 07:10:01,045 - __main__ - ERROR - No UIDs found for capi_checklist_id 319. Exiting fetchdata2.
2025-01-29 07:10:01,104 - __main__ - INFO - Fetching data for date range: 2025-01-28 to 2025-01-29
2025-01-29 07:10:01,119 - __main__ - INFO - Fetched 5 existing UIDs from the database.
2025-01-29 07:10:01,309 - __main__ - WARNING - Error fetching page 1 for capi_checklist_id 320 (attempt 1): 404 Client Error: Not Found for url: https://api.axismyindia.in/v1/admin/surveyors/qc-service/surveyor-responses/320?page=1&size=500&startDate=2025-01-28&endDate=2025-01-29
2025-01-29 07:10:05,475 - __main__ - WARNING - Error fetching page 1 for capi_checklist_id 320 (attempt 2): 404 Client Error: Not Found for url: https://api.axismyindia.in/v1/admin/surveyors/qc-service/surveyor-responses/320?page=1&size=500&startDate=2025-01-28&endDate=2025-01-29
2025-01-29 07:10:13,592 - __main__ - ERROR - Failed to fetch page 1 for capi_checklist_id 320 after 3 attempts.
2025-01-29 07:10:13,829 - __main__ - ERROR - No UIDs found for capi_checklist_id 320. Exiting fetchdata2.
2025-01-29 07:10:14,097 - __main__ - INFO - Fetching data for date range: 2025-01-28 to 2025-01-29
2025-01-29 07:10:14,176 - __main__ - INFO - Fetched 152 existing UIDs from the database.
2025-01-29 07:10:14,648 - __main__ - INFO - Fetched page 1 successfully with 55 responses .
2025-01-29 07:10:14,838 - __main__ - WARNING - Error fetching page 2 for capi_checklist_id 344 (attempt 1): 404 Client Error: Not Found for url: https://api.axismyindia.in/v1/admin/surveyors/qc-service/surveyor-responses/344?page=2&size=500&startDate=2025-01-28&endDate=2025-01-29
2025-01-29 07:10:19,077 - __main__ - WARNING - Error fetching page 2 for capi_checklist_id 344 (attempt 2): 404 Client Error: Not Found for url: https://api.axismyindia.in/v1/admin/surveyors/qc-service/surveyor-responses/344?page=2&size=500&startDate=2025-01-28&endDate=2025-01-29
2025-01-29 07:10:27,084 - __main__ - ERROR - Failed to fetch page 2 for capi_checklist_id 344 after 3 attempts.
2025-01-29 07:10:27,100 - __main__ - ERROR - No UIDs found for capi_checklist_id 344. Exiting fetchdata2.
2025-01-29 07:10:27,162 - __main__ - INFO - Fetching data for date range: 2025-01-28 to 2025-01-29
2025-01-29 07:10:27,178 - __main__ - INFO - Fetched 97 existing UIDs from the database.
2025-01-29 07:10:27,382 - __main__ - INFO - Fetched page 1 successfully with 13 responses .
2025-01-29 07:10:27,568 - __main__ - WARNING - Error fetching page 2 for capi_checklist_id 332 (attempt 1): 404 Client Error: Not Found for url: https://api.axismyindia.in/v1/admin/surveyors/qc-service/surveyor-responses/332?page=2&size=500&startDate=2025-01-28&endDate=2025-01-29
2025-01-29 07:10:31,737 - __main__ - WARNING - Error fetching page 2 for capi_checklist_id 332 (attempt 2): 404 Client Error: Not Found for url: https://api.axismyindia.in/v1/admin/surveyors/qc-service/surveyor-responses/332?page=2&size=500&startDate=2025-01-28&endDate=2025-01-29
2025-01-29 07:10:39,780 - __main__ - ERROR - Failed to fetch page 2 for capi_checklist_id 332 after 3 attempts.
2025-01-29 07:10:39,900 - __main__ - ERROR - No UIDs found for capi_checklist_id 332. Exiting fetchdata2.
2025-01-29 07:10:40,044 - __main__ - INFO - Fetching data for date range: 2025-01-28 to 2025-01-29
2025-01-29 07:10:40,075 - __main__ - INFO - Fetched 10 existing UIDs from the database.
2025-01-29 07:10:40,577 - __main__ - WARNING - Error fetching page 1 for capi_checklist_id 335 (attempt 1): 404 Client Error: Not Found for url: https://api.axismyindia.in/v1/admin/surveyors/qc-service/surveyor-responses/335?page=1&size=500&startDate=2025-01-28&endDate=2025-01-29
2025-01-29 07:10:45,019 - __main__ - WARNING - Error fetching page 1 for capi_checklist_id 335 (attempt 2): 404 Client Error: Not Found for url: https://api.axismyindia.in/v1/admin/surveyors/qc-service/surveyor-responses/335?page=1&size=500&startDate=2025-01-28&endDate=2025-01-29
2025-01-29 07:10:53,051 - __main__ - ERROR - Failed to fetch page 1 for capi_checklist_id 335 after 3 attempts.
2025-01-29 07:10:53,082 - __main__ - ERROR - No UIDs found for capi_checklist_id 335. Exiting fetchdata2.
2025-01-29 07:10:53,145 - __main__ - INFO - Fetching data for date range: 2025-01-28 to 2025-01-29
2025-01-29 07:10:53,160 - __main__ - INFO - Fetched 47 existing UIDs from the database.
2025-01-29 07:10:53,365 - __main__ - INFO - Fetched page 1 successfully with 14 responses .
2025-01-29 07:10:53,536 - __main__ - WARNING - Error fetching page 2 for capi_checklist_id 325 (attempt 1): 404 Client Error: Not Found for url: https://api.axismyindia.in/v1/admin/surveyors/qc-service/surveyor-responses/325?page=2&size=500&startDate=2025-01-28&endDate=2025-01-29
2025-01-29 07:10:57,709 - __main__ - WARNING - Error fetching page 2 for capi_checklist_id 325 (attempt 2): 404 Client Error: Not Found for url: https://api.axismyindia.in/v1/admin/surveyors/qc-service/surveyor-responses/325?page=2&size=500&startDate=2025-01-28&endDate=2025-01-29
2025-01-29 07:11:05,710 - __main__ - ERROR - Failed to fetch page 2 for capi_checklist_id 325 after 3 attempts.
2025-01-29 07:11:05,717 - __main__ - ERROR - No UIDs found for capi_checklist_id 325. Exiting fetchdata2.
2025-01-29 07:11:05,764 - __main__ - INFO - Fetching data for date range: 2025-01-28 to 2025-01-29
2025-01-29 07:11:05,795 - __main__ - INFO - Fetched 253 existing UIDs from the database.
2025-01-29 07:11:06,001 - __main__ - INFO - Fetched page 1 successfully with 42 responses .
2025-01-29 07:11:06,156 - __main__ - WARNING - Error fetching page 2 for capi_checklist_id 347 (attempt 1): 404 Client Error: Not Found for url: https://api.axismyindia.in/v1/admin/surveyors/qc-service/surveyor-responses/347?page=2&size=500&startDate=2025-01-28&endDate=2025-01-29
2025-01-29 07:11:10,337 - __main__ - WARNING - Error fetching page 2 for capi_checklist_id 347 (attempt 2): 404 Client Error: Not Found for url: https://api.axismyindia.in/v1/admin/surveyors/qc-service/surveyor-responses/347?page=2&size=500&startDate=2025-01-28&endDate=2025-01-29
2025-01-29 07:11:18,350 - __main__ - ERROR - Failed to fetch page 2 for capi_checklist_id 347 after 3 attempts.
2025-01-29 07:11:18,372 - __main__ - ERROR - No UIDs found for capi_checklist_id 347. Exiting fetchdata2.
2025-01-29 07:11:18,418 - __main__ - INFO - Fetching data for date range: 2025-01-28 to 2025-01-29
2025-01-29 07:11:18,434 - __main__ - INFO - Fetched 11 existing UIDs from the database.
2025-01-29 07:11:18,622 - __main__ - WARNING - Error fetching page 1 for capi_checklist_id 382 (attempt 1): 404 Client Error: Not Found for url: https://api.axismyindia.in/v1/admin/surveyors/qc-service/surveyor-responses/382?page=1&size=500&startDate=2025-01-28&endDate=2025-01-29
2025-01-29 07:11:22,787 - __main__ - WARNING - Error fetching page 1 for capi_checklist_id 382 (attempt 2): 404 Client Error: Not Found for url: https://api.axismyindia.in/v1/admin/surveyors/qc-service/surveyor-responses/382?page=1&size=500&startDate=2025-01-28&endDate=2025-01-29
2025-01-29 07:11:30,800 - __main__ - ERROR - Failed to fetch page 1 for capi_checklist_id 382 after 3 attempts.
2025-01-29 07:11:30,814 - __main__ - ERROR - No UIDs found for capi_checklist_id 382. Exiting fetchdata2.
2025-01-29 07:11:30,861 - __main__ - INFO - Fetching data for date range: 2025-01-28 to 2025-01-29
2025-01-29 07:11:30,861 - __main__ - INFO - Fetched 38 existing UIDs from the database.
2025-01-29 07:11:31,034 - __main__ - WARNING - Error fetching page 1 for capi_checklist_id 339 (attempt 1): 404 Client Error: Not Found for url: https://api.axismyindia.in/v1/admin/surveyors/qc-service/surveyor-responses/339?page=1&size=500&startDate=2025-01-28&endDate=2025-01-29
2025-01-29 07:11:35,233 - __main__ - WARNING - Error fetching page 1 for capi_checklist_id 339 (attempt 2): 404 Client Error: Not Found for url: https://api.axismyindia.in/v1/admin/surveyors/qc-service/surveyor-responses/339?page=1&size=500&startDate=2025-01-28&endDate=2025-01-29
2025-01-29 07:11:43,252 - __main__ - ERROR - Failed to fetch page 1 for capi_checklist_id 339 after 3 attempts.
2025-01-29 07:11:43,362 - __main__ - ERROR - No UIDs found for capi_checklist_id 339. Exiting fetchdata2.
2025-01-29 07:11:43,487 - __main__ - INFO - Fetching data for date range: 2025-01-28 to 2025-01-29
2025-01-29 07:11:43,487 - __main__ - INFO - Fetched 1 existing UIDs from the database.
2025-01-29 07:11:43,786 - __main__ - WARNING - Error fetching page 1 for capi_checklist_id 334 (attempt 1): 404 Client Error: Not Found for url: https://api.axismyindia.in/v1/admin/surveyors/qc-service/surveyor-responses/334?page=1&size=500&startDate=2025-01-28&endDate=2025-01-29
2025-01-29 07:11:48,340 - __main__ - WARNING - Error fetching page 1 for capi_checklist_id 334 (attempt 2): 404 Client Error: Not Found for url: https://api.axismyindia.in/v1/admin/surveyors/qc-service/surveyor-responses/334?page=1&size=500&startDate=2025-01-28&endDate=2025-01-29
2025-01-29 07:11:56,365 - __main__ - ERROR - Failed to fetch page 1 for capi_checklist_id 334 after 3 attempts.
2025-01-29 07:11:56,459 - __main__ - ERROR - No UIDs found for capi_checklist_id 334. Exiting fetchdata2.
2025-01-29 07:11:56,554 - __main__ - INFO - Fetching data for date range: 2025-01-28 to 2025-01-29
2025-01-29 07:11:56,647 - __main__ - INFO - Fetched 6098 existing UIDs from the database.
2025-01-29 07:11:56,913 - __main__ - INFO - Fetched page 1 successfully with 41 responses .
2025-01-29 07:11:57,095 - __main__ - WARNING - Error fetching page 2 for capi_checklist_id 321 (attempt 1): 404 Client Error: Not Found for url: https://api.axismyindia.in/v1/admin/surveyors/qc-service/surveyor-responses/321?page=2&size=500&startDate=2025-01-28&endDate=2025-01-29
2025-01-29 07:12:01,266 - __main__ - WARNING - Error fetching page 2 for capi_checklist_id 321 (attempt 2): 404 Client Error: Not Found for url: https://api.axismyindia.in/v1/admin/surveyors/qc-service/surveyor-responses/321?page=2&size=500&startDate=2025-01-28&endDate=2025-01-29
2025-01-29 07:12:09,295 - __main__ - ERROR - Failed to fetch page 2 for capi_checklist_id 321 after 3 attempts.
2025-01-29 07:12:09,424 - __main__ - ERROR - No UIDs found for capi_checklist_id 321. Exiting fetchdata2.
2025-01-29 08:04:56,769 - __main__ - INFO - Fetching data for date range: 2025-01-28 to 2025-01-29
2025-01-29 08:04:56,782 - __main__ - INFO - Fetched 2 existing UIDs from the database.
2025-01-29 08:04:57,033 - __main__ - WARNING - Error fetching page 1 for capi_checklist_id 397 (attempt 1): 404 Client Error: Not Found for url: https://api.axismyindia.in/v1/admin/surveyors/qc-service/surveyor-responses/397?page=1&size=500&startDate=2025-01-28&endDate=2025-01-29
2025-01-29 08:05:01,207 - __main__ - WARNING - Error fetching page 1 for capi_checklist_id 397 (attempt 2): 404 Client Error: Not Found for url: https://api.axismyindia.in/v1/admin/surveyors/qc-service/surveyor-responses/397?page=1&size=500&startDate=2025-01-28&endDate=2025-01-29
2025-01-29 08:05:09,220 - __main__ - ERROR - Failed to fetch page 1 for capi_checklist_id 397 after 3 attempts.
2025-01-29 08:05:09,226 - __main__ - ERROR - No UIDs found for capi_checklist_id 397. Exiting fetchdata2.
2025-01-29 08:05:09,269 - __main__ - INFO - Fetching data for date range: 2025-01-28 to 2025-01-29
2025-01-29 08:05:09,284 - __main__ - INFO - Fetched 0 existing UIDs from the database.
2025-01-29 08:05:09,426 - __main__ - WARNING - Error fetching page 1 for capi_checklist_id 400 (attempt 1): 404 Client Error: Not Found for url: https://api.axismyindia.in/v1/admin/surveyors/qc-service/surveyor-responses/400?page=1&size=500&startDate=2025-01-28&endDate=2025-01-29
2025-01-29 08:05:13,604 - __main__ - WARNING - Error fetching page 1 for capi_checklist_id 400 (attempt 2): 404 Client Error: Not Found for url: https://api.axismyindia.in/v1/admin/surveyors/qc-service/surveyor-responses/400?page=1&size=500&startDate=2025-01-28&endDate=2025-01-29
2025-01-29 08:05:21,618 - __main__ - ERROR - Failed to fetch page 1 for capi_checklist_id 400 after 3 attempts.
2025-01-29 08:05:21,712 - __main__ - ERROR - No UIDs found for capi_checklist_id 400. Exiting fetchdata2.
2025-01-29 08:05:21,879 - __main__ - INFO - Fetching data for date range: 2025-01-28 to 2025-01-29
2025-01-29 08:05:21,907 - __main__ - INFO - Fetched 26 existing UIDs from the database.
2025-01-29 08:05:22,233 - __main__ - INFO - Fetched page 1 successfully with 18 responses .
2025-01-29 08:05:22,408 - __main__ - WARNING - Error fetching page 2 for capi_checklist_id 354 (attempt 1): 404 Client Error: Not Found for url: https://api.axismyindia.in/v1/admin/surveyors/qc-service/surveyor-responses/354?page=2&size=500&startDate=2025-01-28&endDate=2025-01-29
2025-01-29 08:05:26,677 - __main__ - WARNING - Error fetching page 2 for capi_checklist_id 354 (attempt 2): 404 Client Error: Not Found for url: https://api.axismyindia.in/v1/admin/surveyors/qc-service/surveyor-responses/354?page=2&size=500&startDate=2025-01-28&endDate=2025-01-29
2025-01-29 08:05:34,698 - __main__ - ERROR - Failed to fetch page 2 for capi_checklist_id 354 after 3 attempts.
2025-01-29 08:05:34,756 - __main__ - ERROR - No UIDs found for capi_checklist_id 354. Exiting fetchdata2.
2025-01-29 08:05:34,834 - __main__ - INFO - Fetching data for date range: 2025-01-28 to 2025-01-29
2025-01-29 08:05:34,834 - __main__ - INFO - Fetched 7 existing UIDs from the database.
2025-01-29 08:05:35,068 - __main__ - WARNING - Error fetching page 1 for capi_checklist_id 329 (attempt 1): 404 Client Error: Not Found for url: https://api.axismyindia.in/v1/admin/surveyors/qc-service/surveyor-responses/329?page=1&size=500&startDate=2025-01-28&endDate=2025-01-29
2025-01-29 08:05:39,278 - __main__ - WARNING - Error fetching page 1 for capi_checklist_id 329 (attempt 2): 404 Client Error: Not Found for url: https://api.axismyindia.in/v1/admin/surveyors/qc-service/surveyor-responses/329?page=1&size=500&startDate=2025-01-28&endDate=2025-01-29
2025-01-29 08:05:47,299 - __main__ - ERROR - Failed to fetch page 1 for capi_checklist_id 329 after 3 attempts.
2025-01-29 08:05:47,406 - __main__ - ERROR - No UIDs found for capi_checklist_id 329. Exiting fetchdata2.
2025-01-29 08:05:47,548 - __main__ - INFO - Fetching data for date range: 2025-01-28 to 2025-01-29
2025-01-29 08:05:47,567 - __main__ - INFO - Fetched 2 existing UIDs from the database.
2025-01-29 08:05:47,994 - __main__ - WARNING - Error fetching page 1 for capi_checklist_id 346 (attempt 1): 404 Client Error: Not Found for url: https://api.axismyindia.in/v1/admin/surveyors/qc-service/surveyor-responses/346?page=1&size=500&startDate=2025-01-28&endDate=2025-01-29
2025-01-29 08:05:52,491 - __main__ - WARNING - Error fetching page 1 for capi_checklist_id 346 (attempt 2): 404 Client Error: Not Found for url: https://api.axismyindia.in/v1/admin/surveyors/qc-service/surveyor-responses/346?page=1&size=500&startDate=2025-01-28&endDate=2025-01-29
2025-01-29 08:06:00,512 - __main__ - ERROR - Failed to fetch page 1 for capi_checklist_id 346 after 3 attempts.
2025-01-29 08:06:00,554 - __main__ - ERROR - No UIDs found for capi_checklist_id 346. Exiting fetchdata2.
2025-01-29 08:06:00,625 - __main__ - INFO - Fetching data for date range: 2025-01-28 to 2025-01-29
2025-01-29 08:06:00,639 - __main__ - INFO - Fetched 1 existing UIDs from the database.
2025-01-29 08:06:00,859 - __main__ - WARNING - Error fetching page 1 for capi_checklist_id 331 (attempt 1): 404 Client Error: Not Found for url: https://api.axismyindia.in/v1/admin/surveyors/qc-service/surveyor-responses/331?page=1&size=500&startDate=2025-01-28&endDate=2025-01-29
2025-01-29 08:06:05,008 - __main__ - WARNING - Error fetching page 1 for capi_checklist_id 331 (attempt 2): 404 Client Error: Not Found for url: https://api.axismyindia.in/v1/admin/surveyors/qc-service/surveyor-responses/331?page=1&size=500&startDate=2025-01-28&endDate=2025-01-29
2025-01-29 08:06:13,016 - __main__ - ERROR - Failed to fetch page 1 for capi_checklist_id 331 after 3 attempts.
2025-01-29 08:06:13,020 - __main__ - ERROR - No UIDs found for capi_checklist_id 331. Exiting fetchdata2.
2025-01-29 08:06:13,020 - __main__ - INFO - Fetching data for date range: 2025-01-28 to 2025-01-29
2025-01-29 08:06:13,032 - __main__ - INFO - Fetched 4 existing UIDs from the database.
2025-01-29 08:06:13,203 - __main__ - WARNING - Error fetching page 1 for capi_checklist_id 337 (attempt 1): 404 Client Error: Not Found for url: https://api.axismyindia.in/v1/admin/surveyors/qc-service/surveyor-responses/337?page=1&size=500&startDate=2025-01-28&endDate=2025-01-29
2025-01-29 08:06:17,374 - __main__ - WARNING - Error fetching page 1 for capi_checklist_id 337 (attempt 2): 404 Client Error: Not Found for url: https://api.axismyindia.in/v1/admin/surveyors/qc-service/surveyor-responses/337?page=1&size=500&startDate=2025-01-28&endDate=2025-01-29
2025-01-29 08:06:25,403 - __main__ - ERROR - Failed to fetch page 1 for capi_checklist_id 337 after 3 attempts.
2025-01-29 08:06:25,492 - __main__ - ERROR - No UIDs found for capi_checklist_id 337. Exiting fetchdata2.
2025-01-29 08:06:25,590 - __main__ - INFO - Fetching data for date range: 2025-01-28 to 2025-01-29
2025-01-29 08:06:25,622 - __main__ - INFO - Fetched 44 existing UIDs from the database.
2025-01-29 08:06:25,906 - __main__ - WARNING - Error fetching page 1 for capi_checklist_id 349 (attempt 1): 404 Client Error: Not Found for url: https://api.axismyindia.in/v1/admin/surveyors/qc-service/surveyor-responses/349?page=1&size=500&startDate=2025-01-28&endDate=2025-01-29
2025-01-29 08:06:30,220 - __main__ - WARNING - Error fetching page 1 for capi_checklist_id 349 (attempt 2): 404 Client Error: Not Found for url: https://api.axismyindia.in/v1/admin/surveyors/qc-service/surveyor-responses/349?page=1&size=500&startDate=2025-01-28&endDate=2025-01-29
2025-01-29 08:06:38,237 - __main__ - ERROR - Failed to fetch page 1 for capi_checklist_id 349 after 3 attempts.
2025-01-29 08:06:38,276 - __main__ - ERROR - No UIDs found for capi_checklist_id 349. Exiting fetchdata2.
2025-01-29 08:06:38,347 - __main__ - INFO - Fetching data for date range: 2025-01-28 to 2025-01-29
2025-01-29 08:06:38,363 - __main__ - INFO - Fetched 66 existing UIDs from the database.
2025-01-29 08:06:38,649 - __main__ - INFO - Fetched page 1 successfully with 24 responses .
2025-01-29 08:06:38,805 - __main__ - WARNING - Error fetching page 2 for capi_checklist_id 343 (attempt 1): 404 Client Error: Not Found for url: https://api.axismyindia.in/v1/admin/surveyors/qc-service/surveyor-responses/343?page=2&size=500&startDate=2025-01-28&endDate=2025-01-29
2025-01-29 08:06:42,965 - __main__ - WARNING - Error fetching page 2 for capi_checklist_id 343 (attempt 2): 404 Client Error: Not Found for url: https://api.axismyindia.in/v1/admin/surveyors/qc-service/surveyor-responses/343?page=2&size=500&startDate=2025-01-28&endDate=2025-01-29
2025-01-29 08:06:50,975 - __main__ - ERROR - Failed to fetch page 2 for capi_checklist_id 343 after 3 attempts.
2025-01-29 08:06:51,000 - __main__ - ERROR - No UIDs found for capi_checklist_id 343. Exiting fetchdata2.
2025-01-29 08:06:51,044 - __main__ - INFO - Fetching data for date range: 2025-01-28 to 2025-01-29
2025-01-29 08:06:51,067 - __main__ - INFO - Fetched 94 existing UIDs from the database.
2025-01-29 08:06:51,247 - __main__ - INFO - Fetched page 1 successfully with 25 responses .
2025-01-29 08:06:51,420 - __main__ - WARNING - Error fetching page 2 for capi_checklist_id 340 (attempt 1): 404 Client Error: Not Found for url: https://api.axismyindia.in/v1/admin/surveyors/qc-service/surveyor-responses/340?page=2&size=500&startDate=2025-01-28&endDate=2025-01-29
2025-01-29 08:06:55,596 - __main__ - WARNING - Error fetching page 2 for capi_checklist_id 340 (attempt 2): 404 Client Error: Not Found for url: https://api.axismyindia.in/v1/admin/surveyors/qc-service/surveyor-responses/340?page=2&size=500&startDate=2025-01-28&endDate=2025-01-29
2025-01-29 08:07:03,603 - __main__ - ERROR - Failed to fetch page 2 for capi_checklist_id 340 after 3 attempts.
2025-01-29 08:07:03,621 - __main__ - ERROR - No UIDs found for capi_checklist_id 340. Exiting fetchdata2.
2025-01-29 08:07:03,682 - __main__ - INFO - Fetching data for date range: 2025-01-28 to 2025-01-29
2025-01-29 08:07:03,698 - __main__ - INFO - Fetched 121 existing UIDs from the database.
2025-01-29 08:07:03,901 - __main__ - INFO - Fetched page 1 successfully with 27 responses .
2025-01-29 08:07:04,089 - __main__ - WARNING - Error fetching page 2 for capi_checklist_id 341 (attempt 1): 404 Client Error: Not Found for url: https://api.axismyindia.in/v1/admin/surveyors/qc-service/surveyor-responses/341?page=2&size=500&startDate=2025-01-28&endDate=2025-01-29
2025-01-29 08:07:08,254 - __main__ - WARNING - Error fetching page 2 for capi_checklist_id 341 (attempt 2): 404 Client Error: Not Found for url: https://api.axismyindia.in/v1/admin/surveyors/qc-service/surveyor-responses/341?page=2&size=500&startDate=2025-01-28&endDate=2025-01-29
2025-01-29 08:07:16,256 - __main__ - ERROR - Failed to fetch page 2 for capi_checklist_id 341 after 3 attempts.
2025-01-29 08:07:16,283 - __main__ - ERROR - No UIDs found for capi_checklist_id 341. Exiting fetchdata2.
2025-01-29 08:07:16,346 - __main__ - INFO - Fetching data for date range: 2025-01-28 to 2025-01-29
2025-01-29 08:07:16,363 - __main__ - INFO - Fetched 193 existing UIDs from the database.
2025-01-29 08:07:16,571 - __main__ - INFO - Fetched page 1 successfully with 45 responses .
2025-01-29 08:07:16,723 - __main__ - WARNING - Error fetching page 2 for capi_checklist_id 355 (attempt 1): 404 Client Error: Not Found for url: https://api.axismyindia.in/v1/admin/surveyors/qc-service/surveyor-responses/355?page=2&size=500&startDate=2025-01-28&endDate=2025-01-29
2025-01-29 08:07:20,879 - __main__ - WARNING - Error fetching page 2 for capi_checklist_id 355 (attempt 2): 404 Client Error: Not Found for url: https://api.axismyindia.in/v1/admin/surveyors/qc-service/surveyor-responses/355?page=2&size=500&startDate=2025-01-28&endDate=2025-01-29
2025-01-29 08:07:28,884 - __main__ - ERROR - Failed to fetch page 2 for capi_checklist_id 355 after 3 attempts.
2025-01-29 08:07:28,925 - __main__ - ERROR - No UIDs found for capi_checklist_id 355. Exiting fetchdata2.
2025-01-29 08:07:28,986 - __main__ - INFO - Fetching data for date range: 2025-01-28 to 2025-01-29
2025-01-29 08:07:29,002 - __main__ - INFO - Fetched 22 existing UIDs from the database.
2025-01-29 08:07:29,190 - __main__ - WARNING - Error fetching page 1 for capi_checklist_id 403 (attempt 1): 404 Client Error: Not Found for url: https://api.axismyindia.in/v1/admin/surveyors/qc-service/surveyor-responses/403?page=1&size=500&startDate=2025-01-28&endDate=2025-01-29
2025-01-29 08:07:33,347 - __main__ - WARNING - Error fetching page 1 for capi_checklist_id 403 (attempt 2): 404 Client Error: Not Found for url: https://api.axismyindia.in/v1/admin/surveyors/qc-service/surveyor-responses/403?page=1&size=500&startDate=2025-01-28&endDate=2025-01-29
2025-01-29 08:07:41,352 - __main__ - ERROR - Failed to fetch page 1 for capi_checklist_id 403 after 3 attempts.
2025-01-29 08:07:41,373 - __main__ - ERROR - No UIDs found for capi_checklist_id 403. Exiting fetchdata2.
2025-01-29 08:07:41,448 - __main__ - INFO - Fetching data for date range: 2025-01-28 to 2025-01-29
2025-01-29 08:07:41,463 - __main__ - INFO - Fetched 53 existing UIDs from the database.
2025-01-29 08:07:41,651 - __main__ - WARNING - Error fetching page 1 for capi_checklist_id 404 (attempt 1): 404 Client Error: Not Found for url: https://api.axismyindia.in/v1/admin/surveyors/qc-service/surveyor-responses/404?page=1&size=500&startDate=2025-01-28&endDate=2025-01-29
2025-01-29 08:07:45,820 - __main__ - WARNING - Error fetching page 1 for capi_checklist_id 404 (attempt 2): 404 Client Error: Not Found for url: https://api.axismyindia.in/v1/admin/surveyors/qc-service/surveyor-responses/404?page=1&size=500&startDate=2025-01-28&endDate=2025-01-29
2025-01-29 08:07:53,836 - __main__ - ERROR - Failed to fetch page 1 for capi_checklist_id 404 after 3 attempts.
2025-01-29 08:07:53,938 - __main__ - ERROR - No UIDs found for capi_checklist_id 404. Exiting fetchdata2.
2025-01-29 08:07:54,076 - __main__ - INFO - Fetching data for date range: 2025-01-28 to 2025-01-29
2025-01-29 08:07:54,088 - __main__ - INFO - Fetched 3 existing UIDs from the database.
2025-01-29 08:07:54,324 - __main__ - WARNING - Error fetching page 1 for capi_checklist_id 363 (attempt 1): 404 Client Error: Not Found for url: https://api.axismyindia.in/v1/admin/surveyors/qc-service/surveyor-responses/363?page=1&size=500&startDate=2025-01-28&endDate=2025-01-29
2025-01-29 08:07:58,679 - __main__ - WARNING - Error fetching page 1 for capi_checklist_id 363 (attempt 2): 404 Client Error: Not Found for url: https://api.axismyindia.in/v1/admin/surveyors/qc-service/surveyor-responses/363?page=1&size=500&startDate=2025-01-28&endDate=2025-01-29
2025-01-29 08:08:06,717 - __main__ - ERROR - Failed to fetch page 1 for capi_checklist_id 363 after 3 attempts.
2025-01-29 08:08:06,805 - __main__ - ERROR - No UIDs found for capi_checklist_id 363. Exiting fetchdata2.
2025-01-29 08:08:06,922 - __main__ - INFO - Fetching data for date range: 2025-01-28 to 2025-01-29
2025-01-29 08:08:06,938 - __main__ - INFO - Fetched 7 existing UIDs from the database.
2025-01-29 08:08:07,189 - __main__ - INFO - Fetched page 1 successfully with 1 responses .
2025-01-29 08:08:07,394 - __main__ - WARNING - Error fetching page 2 for capi_checklist_id 352 (attempt 1): 404 Client Error: Not Found for url: https://api.axismyindia.in/v1/admin/surveyors/qc-service/surveyor-responses/352?page=2&size=500&startDate=2025-01-28&endDate=2025-01-29
2025-01-29 08:08:11,794 - __main__ - WARNING - Error fetching page 2 for capi_checklist_id 352 (attempt 2): 404 Client Error: Not Found for url: https://api.axismyindia.in/v1/admin/surveyors/qc-service/surveyor-responses/352?page=2&size=500&startDate=2025-01-28&endDate=2025-01-29
2025-01-29 08:08:19,821 - __main__ - ERROR - Failed to fetch page 2 for capi_checklist_id 352 after 3 attempts.
2025-01-29 08:08:19,850 - __main__ - ERROR - No UIDs found for capi_checklist_id 352. Exiting fetchdata2.
2025-01-29 08:08:19,932 - __main__ - INFO - Fetching data for date range: 2025-01-28 to 2025-01-29
2025-01-29 08:08:19,953 - __main__ - INFO - Fetched 12 existing UIDs from the database.
2025-01-29 08:08:20,164 - __main__ - INFO - Fetched page 1 successfully with 5 responses .
2025-01-29 08:08:20,323 - __main__ - WARNING - Error fetching page 2 for capi_checklist_id 330 (attempt 1): 404 Client Error: Not Found for url: https://api.axismyindia.in/v1/admin/surveyors/qc-service/surveyor-responses/330?page=2&size=500&startDate=2025-01-28&endDate=2025-01-29
2025-01-29 08:08:24,498 - __main__ - WARNING - Error fetching page 2 for capi_checklist_id 330 (attempt 2): 404 Client Error: Not Found for url: https://api.axismyindia.in/v1/admin/surveyors/qc-service/surveyor-responses/330?page=2&size=500&startDate=2025-01-28&endDate=2025-01-29
2025-01-29 08:08:32,507 - __main__ - ERROR - Failed to fetch page 2 for capi_checklist_id 330 after 3 attempts.
2025-01-29 08:08:32,536 - __main__ - ERROR - No UIDs found for capi_checklist_id 330. Exiting fetchdata2.
2025-01-29 08:08:32,594 - __main__ - INFO - Fetching data for date range: 2025-01-28 to 2025-01-29
2025-01-29 08:08:32,594 - __main__ - INFO - Fetched 13 existing UIDs from the database.
2025-01-29 08:08:32,801 - __main__ - WARNING - Error fetching page 1 for capi_checklist_id 348 (attempt 1): 404 Client Error: Not Found for url: https://api.axismyindia.in/v1/admin/surveyors/qc-service/surveyor-responses/348?page=1&size=500&startDate=2025-01-28&endDate=2025-01-29
2025-01-29 08:08:37,122 - __main__ - WARNING - Error fetching page 1 for capi_checklist_id 348 (attempt 2): 404 Client Error: Not Found for url: https://api.axismyindia.in/v1/admin/surveyors/qc-service/surveyor-responses/348?page=1&size=500&startDate=2025-01-28&endDate=2025-01-29
2025-01-29 08:08:45,137 - __main__ - ERROR - Failed to fetch page 1 for capi_checklist_id 348 after 3 attempts.
2025-01-29 08:08:45,150 - __main__ - ERROR - No UIDs found for capi_checklist_id 348. Exiting fetchdata2.
2025-01-29 08:08:45,181 - __main__ - INFO - Fetching data for date range: 2025-01-28 to 2025-01-29
2025-01-29 08:08:45,181 - __main__ - INFO - Fetched 0 existing UIDs from the database.
2025-01-29 08:08:45,369 - __main__ - WARNING - Error fetching page 1 for capi_checklist_id 290 (attempt 1): 404 Client Error: Not Found for url: https://api.axismyindia.in/v1/admin/surveyors/qc-service/surveyor-responses/290?page=1&size=500&startDate=2025-01-28&endDate=2025-01-29
2025-01-29 08:08:49,513 - __main__ - WARNING - Error fetching page 1 for capi_checklist_id 290 (attempt 2): 404 Client Error: Not Found for url: https://api.axismyindia.in/v1/admin/surveyors/qc-service/surveyor-responses/290?page=1&size=500&startDate=2025-01-28&endDate=2025-01-29
2025-01-29 08:08:57,529 - __main__ - ERROR - Failed to fetch page 1 for capi_checklist_id 290 after 3 attempts.
2025-01-29 08:08:57,561 - __main__ - ERROR - No UIDs found for capi_checklist_id 290. Exiting fetchdata2.
2025-01-29 08:08:57,622 - __main__ - INFO - Fetching data for date range: 2025-01-28 to 2025-01-29
2025-01-29 08:08:57,637 - __main__ - INFO - Fetched 20 existing UIDs from the database.
2025-01-29 08:08:57,809 - __main__ - WARNING - Error fetching page 1 for capi_checklist_id 291 (attempt 1): 404 Client Error: Not Found for url: https://api.axismyindia.in/v1/admin/surveyors/qc-service/surveyor-responses/291?page=1&size=500&startDate=2025-01-28&endDate=2025-01-29
2025-01-29 08:09:01,976 - __main__ - WARNING - Error fetching page 1 for capi_checklist_id 291 (attempt 2): 404 Client Error: Not Found for url: https://api.axismyindia.in/v1/admin/surveyors/qc-service/surveyor-responses/291?page=1&size=500&startDate=2025-01-28&endDate=2025-01-29
2025-01-29 08:09:09,991 - __main__ - ERROR - Failed to fetch page 1 for capi_checklist_id 291 after 3 attempts.
2025-01-29 08:09:10,000 - __main__ - ERROR - No UIDs found for capi_checklist_id 291. Exiting fetchdata2.
2025-01-29 08:09:10,029 - __main__ - INFO - Fetching data for date range: 2025-01-28 to 2025-01-29
2025-01-29 08:09:10,058 - __main__ - INFO - Fetched 58 existing UIDs from the database.
2025-01-29 08:09:10,230 - __main__ - INFO - Fetched page 1 successfully with 11 responses .
2025-01-29 08:09:10,402 - __main__ - WARNING - Error fetching page 2 for capi_checklist_id 326 (attempt 1): 404 Client Error: Not Found for url: https://api.axismyindia.in/v1/admin/surveyors/qc-service/surveyor-responses/326?page=2&size=500&startDate=2025-01-28&endDate=2025-01-29
2025-01-29 08:09:14,569 - __main__ - WARNING - Error fetching page 2 for capi_checklist_id 326 (attempt 2): 404 Client Error: Not Found for url: https://api.axismyindia.in/v1/admin/surveyors/qc-service/surveyor-responses/326?page=2&size=500&startDate=2025-01-28&endDate=2025-01-29
2025-01-29 08:09:22,585 - __main__ - ERROR - Failed to fetch page 2 for capi_checklist_id 326 after 3 attempts.
2025-01-29 08:09:22,618 - __main__ - ERROR - No UIDs found for capi_checklist_id 326. Exiting fetchdata2.
2025-01-29 08:09:22,679 - __main__ - INFO - Fetching data for date range: 2025-01-28 to 2025-01-29
2025-01-29 08:09:22,679 - __main__ - INFO - Fetched 14 existing UIDs from the database.
2025-01-29 08:09:22,866 - __main__ - WARNING - Error fetching page 1 for capi_checklist_id 350 (attempt 1): 404 Client Error: Not Found for url: https://api.axismyindia.in/v1/admin/surveyors/qc-service/surveyor-responses/350?page=1&size=500&startDate=2025-01-28&endDate=2025-01-29
2025-01-29 08:09:27,027 - __main__ - WARNING - Error fetching page 1 for capi_checklist_id 350 (attempt 2): 404 Client Error: Not Found for url: https://api.axismyindia.in/v1/admin/surveyors/qc-service/surveyor-responses/350?page=1&size=500&startDate=2025-01-28&endDate=2025-01-29
2025-01-29 08:09:35,055 - __main__ - ERROR - Failed to fetch page 1 for capi_checklist_id 350 after 3 attempts.
2025-01-29 08:09:35,160 - __main__ - ERROR - No UIDs found for capi_checklist_id 350. Exiting fetchdata2.
2025-01-29 08:09:35,356 - __main__ - INFO - Fetching data for date range: 2025-01-28 to 2025-01-29
2025-01-29 08:09:35,449 - __main__ - INFO - Fetched 296 existing UIDs from the database.
2025-01-29 08:09:35,779 - __main__ - INFO - Fetched page 1 successfully with 81 responses .
2025-01-29 08:09:35,967 - __main__ - WARNING - Error fetching page 2 for capi_checklist_id 342 (attempt 1): 404 Client Error: Not Found for url: https://api.axismyindia.in/v1/admin/surveyors/qc-service/surveyor-responses/342?page=2&size=500&startDate=2025-01-28&endDate=2025-01-29
2025-01-29 08:09:40,240 - __main__ - WARNING - Error fetching page 2 for capi_checklist_id 342 (attempt 2): 404 Client Error: Not Found for url: https://api.axismyindia.in/v1/admin/surveyors/qc-service/surveyor-responses/342?page=2&size=500&startDate=2025-01-28&endDate=2025-01-29
2025-01-29 08:09:48,362 - __main__ - ERROR - Failed to fetch page 2 for capi_checklist_id 342 after 3 attempts.
2025-01-29 08:09:48,804 - __main__ - INFO - Fetched UIDs: defaultdict(<class 'list'>, {342: [15763]})
2025-01-29 08:09:50,189 - __main__ - INFO - Fetched data for UID 15763
2025-01-29 08:09:52,169 - __main__ - INFO - Fetching data for date range: 2025-01-28 to 2025-01-29
2025-01-29 08:09:52,186 - __main__ - INFO - Fetched 5 existing UIDs from the database.
2025-01-29 08:09:52,358 - __main__ - INFO - Fetched page 1 successfully with 1 responses .
2025-01-29 08:09:52,530 - __main__ - WARNING - Error fetching page 2 for capi_checklist_id 319 (attempt 1): 404 Client Error: Not Found for url: https://api.axismyindia.in/v1/admin/surveyors/qc-service/surveyor-responses/319?page=2&size=500&startDate=2025-01-28&endDate=2025-01-29
2025-01-29 08:09:56,711 - __main__ - WARNING - Error fetching page 2 for capi_checklist_id 319 (attempt 2): 404 Client Error: Not Found for url: https://api.axismyindia.in/v1/admin/surveyors/qc-service/surveyor-responses/319?page=2&size=500&startDate=2025-01-28&endDate=2025-01-29
2025-01-29 08:10:04,721 - __main__ - ERROR - Failed to fetch page 2 for capi_checklist_id 319 after 3 attempts.
2025-01-29 08:10:04,752 - __main__ - ERROR - No UIDs found for capi_checklist_id 319. Exiting fetchdata2.
2025-01-29 08:10:04,815 - __main__ - INFO - Fetching data for date range: 2025-01-28 to 2025-01-29
2025-01-29 08:10:04,831 - __main__ - INFO - Fetched 5 existing UIDs from the database.
2025-01-29 08:10:05,050 - __main__ - WARNING - Error fetching page 1 for capi_checklist_id 320 (attempt 1): 404 Client Error: Not Found for url: https://api.axismyindia.in/v1/admin/surveyors/qc-service/surveyor-responses/320?page=1&size=500&startDate=2025-01-28&endDate=2025-01-29
2025-01-29 08:10:09,206 - __main__ - WARNING - Error fetching page 1 for capi_checklist_id 320 (attempt 2): 404 Client Error: Not Found for url: https://api.axismyindia.in/v1/admin/surveyors/qc-service/surveyor-responses/320?page=1&size=500&startDate=2025-01-28&endDate=2025-01-29
2025-01-29 08:10:17,232 - __main__ - ERROR - Failed to fetch page 1 for capi_checklist_id 320 after 3 attempts.
2025-01-29 08:10:17,347 - __main__ - ERROR - No UIDs found for capi_checklist_id 320. Exiting fetchdata2.
2025-01-29 08:10:17,579 - __main__ - INFO - Fetching data for date range: 2025-01-28 to 2025-01-29
2025-01-29 08:10:17,661 - __main__ - INFO - Fetched 152 existing UIDs from the database.
2025-01-29 08:10:17,987 - __main__ - INFO - Fetched page 1 successfully with 55 responses .
2025-01-29 08:10:18,143 - __main__ - WARNING - Error fetching page 2 for capi_checklist_id 344 (attempt 1): 404 Client Error: Not Found for url: https://api.axismyindia.in/v1/admin/surveyors/qc-service/surveyor-responses/344?page=2&size=500&startDate=2025-01-28&endDate=2025-01-29
2025-01-29 08:10:22,514 - __main__ - WARNING - Error fetching page 2 for capi_checklist_id 344 (attempt 2): 404 Client Error: Not Found for url: https://api.axismyindia.in/v1/admin/surveyors/qc-service/surveyor-responses/344?page=2&size=500&startDate=2025-01-28&endDate=2025-01-29
2025-01-29 08:10:30,557 - __main__ - ERROR - Failed to fetch page 2 for capi_checklist_id 344 after 3 attempts.
2025-01-29 08:10:30,737 - __main__ - ERROR - No UIDs found for capi_checklist_id 344. Exiting fetchdata2.
2025-01-29 08:10:31,161 - __main__ - INFO - Fetching data for date range: 2025-01-28 to 2025-01-29
2025-01-29 08:10:31,445 - __main__ - INFO - Fetched 97 existing UIDs from the database.
2025-01-29 08:10:31,993 - __main__ - INFO - Fetched page 1 successfully with 13 responses .
2025-01-29 08:10:32,247 - __main__ - WARNING - Error fetching page 2 for capi_checklist_id 332 (attempt 1): 404 Client Error: Not Found for url: https://api.axismyindia.in/v1/admin/surveyors/qc-service/surveyor-responses/332?page=2&size=500&startDate=2025-01-28&endDate=2025-01-29
2025-01-29 08:10:36,833 - __main__ - WARNING - Error fetching page 2 for capi_checklist_id 332 (attempt 2): 404 Client Error: Not Found for url: https://api.axismyindia.in/v1/admin/surveyors/qc-service/surveyor-responses/332?page=2&size=500&startDate=2025-01-28&endDate=2025-01-29
2025-01-29 08:10:44,851 - __main__ - ERROR - Failed to fetch page 2 for capi_checklist_id 332 after 3 attempts.
2025-01-29 08:10:44,877 - __main__ - ERROR - No UIDs found for capi_checklist_id 332. Exiting fetchdata2.
2025-01-29 08:10:44,949 - __main__ - INFO - Fetching data for date range: 2025-01-28 to 2025-01-29
2025-01-29 08:10:44,949 - __main__ - INFO - Fetched 10 existing UIDs from the database.
2025-01-29 08:10:45,152 - __main__ - WARNING - Error fetching page 1 for capi_checklist_id 335 (attempt 1): 404 Client Error: Not Found for url: https://api.axismyindia.in/v1/admin/surveyors/qc-service/surveyor-responses/335?page=1&size=500&startDate=2025-01-28&endDate=2025-01-29
2025-01-29 08:10:49,352 - __main__ - WARNING - Error fetching page 1 for capi_checklist_id 335 (attempt 2): 404 Client Error: Not Found for url: https://api.axismyindia.in/v1/admin/surveyors/qc-service/surveyor-responses/335?page=1&size=500&startDate=2025-01-28&endDate=2025-01-29
2025-01-29 08:10:57,388 - __main__ - ERROR - Failed to fetch page 1 for capi_checklist_id 335 after 3 attempts.
2025-01-29 08:10:57,497 - __main__ - ERROR - No UIDs found for capi_checklist_id 335. Exiting fetchdata2.
2025-01-29 08:10:57,687 - __main__ - INFO - Fetching data for date range: 2025-01-28 to 2025-01-29
2025-01-29 08:10:57,762 - __main__ - INFO - Fetched 47 existing UIDs from the database.
2025-01-29 08:10:58,144 - __main__ - INFO - Fetched page 1 successfully with 14 responses .
2025-01-29 08:10:58,348 - __main__ - WARNING - Error fetching page 2 for capi_checklist_id 325 (attempt 1): 404 Client Error: Not Found for url: https://api.axismyindia.in/v1/admin/surveyors/qc-service/surveyor-responses/325?page=2&size=500&startDate=2025-01-28&endDate=2025-01-29
2025-01-29 08:11:02,876 - __main__ - WARNING - Error fetching page 2 for capi_checklist_id 325 (attempt 2): 404 Client Error: Not Found for url: https://api.axismyindia.in/v1/admin/surveyors/qc-service/surveyor-responses/325?page=2&size=500&startDate=2025-01-28&endDate=2025-01-29
2025-01-29 08:11:10,908 - __main__ - ERROR - Failed to fetch page 2 for capi_checklist_id 325 after 3 attempts.
2025-01-29 08:11:11,039 - __main__ - ERROR - No UIDs found for capi_checklist_id 325. Exiting fetchdata2.
2025-01-29 08:11:11,367 - __main__ - INFO - Fetching data for date range: 2025-01-28 to 2025-01-29
2025-01-29 08:11:11,455 - __main__ - INFO - Fetched 253 existing UIDs from the database.
2025-01-29 08:11:12,018 - __main__ - INFO - Fetched page 1 successfully with 42 responses .
2025-01-29 08:11:12,245 - __main__ - WARNING - Error fetching page 2 for capi_checklist_id 347 (attempt 1): 404 Client Error: Not Found for url: https://api.axismyindia.in/v1/admin/surveyors/qc-service/surveyor-responses/347?page=2&size=500&startDate=2025-01-28&endDate=2025-01-29
2025-01-29 08:11:16,598 - __main__ - WARNING - Error fetching page 2 for capi_checklist_id 347 (attempt 2): 404 Client Error: Not Found for url: https://api.axismyindia.in/v1/admin/surveyors/qc-service/surveyor-responses/347?page=2&size=500&startDate=2025-01-28&endDate=2025-01-29
2025-01-29 08:11:24,619 - __main__ - ERROR - Failed to fetch page 2 for capi_checklist_id 347 after 3 attempts.
2025-01-29 08:11:24,667 - __main__ - ERROR - No UIDs found for capi_checklist_id 347. Exiting fetchdata2.
2025-01-29 08:11:24,730 - __main__ - INFO - Fetching data for date range: 2025-01-28 to 2025-01-29
2025-01-29 08:11:24,730 - __main__ - INFO - Fetched 11 existing UIDs from the database.
2025-01-29 08:11:24,918 - __main__ - WARNING - Error fetching page 1 for capi_checklist_id 382 (attempt 1): 404 Client Error: Not Found for url: https://api.axismyindia.in/v1/admin/surveyors/qc-service/surveyor-responses/382?page=1&size=500&startDate=2025-01-28&endDate=2025-01-29
2025-01-29 08:11:29,088 - __main__ - WARNING - Error fetching page 1 for capi_checklist_id 382 (attempt 2): 404 Client Error: Not Found for url: https://api.axismyindia.in/v1/admin/surveyors/qc-service/surveyor-responses/382?page=1&size=500&startDate=2025-01-28&endDate=2025-01-29
2025-01-29 08:11:37,103 - __main__ - ERROR - Failed to fetch page 1 for capi_checklist_id 382 after 3 attempts.
2025-01-29 08:11:37,119 - __main__ - ERROR - No UIDs found for capi_checklist_id 382. Exiting fetchdata2.
2025-01-29 08:11:37,169 - __main__ - INFO - Fetching data for date range: 2025-01-28 to 2025-01-29
2025-01-29 08:11:37,172 - __main__ - INFO - Fetched 38 existing UIDs from the database.
2025-01-29 08:11:37,359 - __main__ - WARNING - Error fetching page 1 for capi_checklist_id 339 (attempt 1): 404 Client Error: Not Found for url: https://api.axismyindia.in/v1/admin/surveyors/qc-service/surveyor-responses/339?page=1&size=500&startDate=2025-01-28&endDate=2025-01-29
2025-01-29 08:11:41,513 - __main__ - WARNING - Error fetching page 1 for capi_checklist_id 339 (attempt 2): 404 Client Error: Not Found for url: https://api.axismyindia.in/v1/admin/surveyors/qc-service/surveyor-responses/339?page=1&size=500&startDate=2025-01-28&endDate=2025-01-29
2025-01-29 08:11:49,532 - __main__ - ERROR - Failed to fetch page 1 for capi_checklist_id 339 after 3 attempts.
2025-01-29 08:11:49,540 - __main__ - ERROR - No UIDs found for capi_checklist_id 339. Exiting fetchdata2.
2025-01-29 08:11:49,555 - __main__ - INFO - Fetching data for date range: 2025-01-28 to 2025-01-29
2025-01-29 08:11:49,555 - __main__ - INFO - Fetched 1 existing UIDs from the database.
2025-01-29 08:11:49,727 - __main__ - WARNING - Error fetching page 1 for capi_checklist_id 334 (attempt 1): 404 Client Error: Not Found for url: https://api.axismyindia.in/v1/admin/surveyors/qc-service/surveyor-responses/334?page=1&size=500&startDate=2025-01-28&endDate=2025-01-29
2025-01-29 08:11:53,906 - __main__ - WARNING - Error fetching page 1 for capi_checklist_id 334 (attempt 2): 404 Client Error: Not Found for url: https://api.axismyindia.in/v1/admin/surveyors/qc-service/surveyor-responses/334?page=1&size=500&startDate=2025-01-28&endDate=2025-01-29
2025-01-29 08:12:01,914 - __main__ - ERROR - Failed to fetch page 1 for capi_checklist_id 334 after 3 attempts.
2025-01-29 08:12:01,921 - __main__ - ERROR - No UIDs found for capi_checklist_id 334. Exiting fetchdata2.
2025-01-29 08:12:01,952 - __main__ - INFO - Fetching data for date range: 2025-01-28 to 2025-01-29
2025-01-29 08:12:02,030 - __main__ - INFO - Fetched 6098 existing UIDs from the database.
2025-01-29 08:12:02,250 - __main__ - INFO - Fetched page 1 successfully with 41 responses .
2025-01-29 08:12:02,408 - __main__ - WARNING - Error fetching page 2 for capi_checklist_id 321 (attempt 1): 404 Client Error: Not Found for url: https://api.axismyindia.in/v1/admin/surveyors/qc-service/surveyor-responses/321?page=2&size=500&startDate=2025-01-28&endDate=2025-01-29
2025-01-29 08:12:06,595 - __main__ - WARNING - Error fetching page 2 for capi_checklist_id 321 (attempt 2): 404 Client Error: Not Found for url: https://api.axismyindia.in/v1/admin/surveyors/qc-service/surveyor-responses/321?page=2&size=500&startDate=2025-01-28&endDate=2025-01-29
2025-01-29 08:12:14,606 - __main__ - ERROR - Failed to fetch page 2 for capi_checklist_id 321 after 3 attempts.
2025-01-29 08:12:14,606 - __main__ - ERROR - No UIDs found for capi_checklist_id 321. Exiting fetchdata2.
2025-01-29 09:04:56,785 - __main__ - INFO - Fetching data for date range: 2025-01-28 to 2025-01-29
2025-01-29 09:04:56,801 - __main__ - INFO - Fetched 2 existing UIDs from the database.
2025-01-29 09:04:56,989 - __main__ - WARNING - Error fetching page 1 for capi_checklist_id 397 (attempt 1): 404 Client Error: Not Found for url: https://api.axismyindia.in/v1/admin/surveyors/qc-service/surveyor-responses/397?page=1&size=500&startDate=2025-01-28&endDate=2025-01-29
2025-01-29 09:05:01,155 - __main__ - WARNING - Error fetching page 1 for capi_checklist_id 397 (attempt 2): 404 Client Error: Not Found for url: https://api.axismyindia.in/v1/admin/surveyors/qc-service/surveyor-responses/397?page=1&size=500&startDate=2025-01-28&endDate=2025-01-29
2025-01-29 09:05:09,157 - __main__ - ERROR - Failed to fetch page 1 for capi_checklist_id 397 after 3 attempts.
2025-01-29 09:05:09,168 - __main__ - ERROR - No UIDs found for capi_checklist_id 397. Exiting fetchdata2.
2025-01-29 09:05:09,215 - __main__ - INFO - Fetching data for date range: 2025-01-28 to 2025-01-29
2025-01-29 09:05:09,230 - __main__ - INFO - Fetched 0 existing UIDs from the database.
2025-01-29 09:05:09,390 - __main__ - WARNING - Error fetching page 1 for capi_checklist_id 400 (attempt 1): 404 Client Error: Not Found for url: https://api.axismyindia.in/v1/admin/surveyors/qc-service/surveyor-responses/400?page=1&size=500&startDate=2025-01-28&endDate=2025-01-29
2025-01-29 09:05:13,571 - __main__ - WARNING - Error fetching page 1 for capi_checklist_id 400 (attempt 2): 404 Client Error: Not Found for url: https://api.axismyindia.in/v1/admin/surveyors/qc-service/surveyor-responses/400?page=1&size=500&startDate=2025-01-28&endDate=2025-01-29
2025-01-29 09:05:21,575 - __main__ - ERROR - Failed to fetch page 1 for capi_checklist_id 400 after 3 attempts.
2025-01-29 09:05:21,590 - __main__ - ERROR - No UIDs found for capi_checklist_id 400. Exiting fetchdata2.
2025-01-29 09:05:21,637 - __main__ - INFO - Fetching data for date range: 2025-01-28 to 2025-01-29
2025-01-29 09:05:21,653 - __main__ - INFO - Fetched 26 existing UIDs from the database.
2025-01-29 09:05:21,840 - __main__ - INFO - Fetched page 1 successfully with 18 responses .
2025-01-29 09:05:22,028 - __main__ - WARNING - Error fetching page 2 for capi_checklist_id 354 (attempt 1): 404 Client Error: Not Found for url: https://api.axismyindia.in/v1/admin/surveyors/qc-service/surveyor-responses/354?page=2&size=500&startDate=2025-01-28&endDate=2025-01-29
2025-01-29 09:05:26,205 - __main__ - WARNING - Error fetching page 2 for capi_checklist_id 354 (attempt 2): 404 Client Error: Not Found for url: https://api.axismyindia.in/v1/admin/surveyors/qc-service/surveyor-responses/354?page=2&size=500&startDate=2025-01-28&endDate=2025-01-29
2025-01-29 09:05:34,211 - __main__ - ERROR - Failed to fetch page 2 for capi_checklist_id 354 after 3 attempts.
2025-01-29 09:05:34,217 - __main__ - ERROR - No UIDs found for capi_checklist_id 354. Exiting fetchdata2.
2025-01-29 09:05:34,233 - __main__ - INFO - Fetching data for date range: 2025-01-28 to 2025-01-29
2025-01-29 09:05:34,233 - __main__ - INFO - Fetched 7 existing UIDs from the database.
2025-01-29 09:05:34,420 - __main__ - WARNING - Error fetching page 1 for capi_checklist_id 329 (attempt 1): 404 Client Error: Not Found for url: https://api.axismyindia.in/v1/admin/surveyors/qc-service/surveyor-responses/329?page=1&size=500&startDate=2025-01-28&endDate=2025-01-29
2025-01-29 09:05:38,596 - __main__ - WARNING - Error fetching page 1 for capi_checklist_id 329 (attempt 2): 404 Client Error: Not Found for url: https://api.axismyindia.in/v1/admin/surveyors/qc-service/surveyor-responses/329?page=1&size=500&startDate=2025-01-28&endDate=2025-01-29
2025-01-29 09:05:46,601 - __main__ - ERROR - Failed to fetch page 1 for capi_checklist_id 329 after 3 attempts.
2025-01-29 09:05:46,629 - __main__ - ERROR - No UIDs found for capi_checklist_id 329. Exiting fetchdata2.
2025-01-29 09:05:46,691 - __main__ - INFO - Fetching data for date range: 2025-01-28 to 2025-01-29
2025-01-29 09:05:46,691 - __main__ - INFO - Fetched 2 existing UIDs from the database.
2025-01-29 09:05:46,894 - __main__ - WARNING - Error fetching page 1 for capi_checklist_id 346 (attempt 1): 404 Client Error: Not Found for url: https://api.axismyindia.in/v1/admin/surveyors/qc-service/surveyor-responses/346?page=1&size=500&startDate=2025-01-28&endDate=2025-01-29
2025-01-29 09:05:51,057 - __main__ - WARNING - Error fetching page 1 for capi_checklist_id 346 (attempt 2): 404 Client Error: Not Found for url: https://api.axismyindia.in/v1/admin/surveyors/qc-service/surveyor-responses/346?page=1&size=500&startDate=2025-01-28&endDate=2025-01-29
2025-01-29 09:05:59,068 - __main__ - ERROR - Failed to fetch page 1 for capi_checklist_id 346 after 3 attempts.
2025-01-29 09:05:59,110 - __main__ - ERROR - No UIDs found for capi_checklist_id 346. Exiting fetchdata2.
2025-01-29 09:05:59,154 - __main__ - INFO - Fetching data for date range: 2025-01-28 to 2025-01-29
2025-01-29 09:05:59,170 - __main__ - INFO - Fetched 1 existing UIDs from the database.
2025-01-29 09:05:59,361 - __main__ - WARNING - Error fetching page 1 for capi_checklist_id 331 (attempt 1): 404 Client Error: Not Found for url: https://api.axismyindia.in/v1/admin/surveyors/qc-service/surveyor-responses/331?page=1&size=500&startDate=2025-01-28&endDate=2025-01-29
2025-01-29 09:06:03,520 - __main__ - WARNING - Error fetching page 1 for capi_checklist_id 331 (attempt 2): 404 Client Error: Not Found for url: https://api.axismyindia.in/v1/admin/surveyors/qc-service/surveyor-responses/331?page=1&size=500&startDate=2025-01-28&endDate=2025-01-29
2025-01-29 09:06:11,535 - __main__ - ERROR - Failed to fetch page 1 for capi_checklist_id 331 after 3 attempts.
2025-01-29 09:06:11,557 - __main__ - ERROR - No UIDs found for capi_checklist_id 331. Exiting fetchdata2.
2025-01-29 09:06:11,583 - __main__ - INFO - Fetching data for date range: 2025-01-28 to 2025-01-29
2025-01-29 09:06:11,583 - __main__ - INFO - Fetched 4 existing UIDs from the database.
2025-01-29 09:06:11,771 - __main__ - WARNING - Error fetching page 1 for capi_checklist_id 337 (attempt 1): 404 Client Error: Not Found for url: https://api.axismyindia.in/v1/admin/surveyors/qc-service/surveyor-responses/337?page=1&size=500&startDate=2025-01-28&endDate=2025-01-29
2025-01-29 09:06:15,954 - __main__ - WARNING - Error fetching page 1 for capi_checklist_id 337 (attempt 2): 404 Client Error: Not Found for url: https://api.axismyindia.in/v1/admin/surveyors/qc-service/surveyor-responses/337?page=1&size=500&startDate=2025-01-28&endDate=2025-01-29
2025-01-29 09:06:23,959 - __main__ - ERROR - Failed to fetch page 1 for capi_checklist_id 337 after 3 attempts.
2025-01-29 09:06:23,966 - __main__ - ERROR - No UIDs found for capi_checklist_id 337. Exiting fetchdata2.
2025-01-29 09:06:24,001 - __main__ - INFO - Fetching data for date range: 2025-01-28 to 2025-01-29
2025-01-29 09:06:24,014 - __main__ - INFO - Fetched 44 existing UIDs from the database.
2025-01-29 09:06:24,187 - __main__ - WARNING - Error fetching page 1 for capi_checklist_id 349 (attempt 1): 404 Client Error: Not Found for url: https://api.axismyindia.in/v1/admin/surveyors/qc-service/surveyor-responses/349?page=1&size=500&startDate=2025-01-28&endDate=2025-01-29
2025-01-29 09:06:28,351 - __main__ - WARNING - Error fetching page 1 for capi_checklist_id 349 (attempt 2): 404 Client Error: Not Found for url: https://api.axismyindia.in/v1/admin/surveyors/qc-service/surveyor-responses/349?page=1&size=500&startDate=2025-01-28&endDate=2025-01-29
2025-01-29 09:06:36,360 - __main__ - ERROR - Failed to fetch page 1 for capi_checklist_id 349 after 3 attempts.
2025-01-29 09:06:36,378 - __main__ - ERROR - No UIDs found for capi_checklist_id 349. Exiting fetchdata2.
2025-01-29 09:06:36,402 - __main__ - INFO - Fetching data for date range: 2025-01-28 to 2025-01-29
2025-01-29 09:06:36,418 - __main__ - INFO - Fetched 66 existing UIDs from the database.
2025-01-29 09:06:36,968 - __main__ - INFO - Fetched page 1 successfully with 24 responses .
2025-01-29 09:06:37,171 - __main__ - WARNING - Error fetching page 2 for capi_checklist_id 343 (attempt 1): 404 Client Error: Not Found for url: https://api.axismyindia.in/v1/admin/surveyors/qc-service/surveyor-responses/343?page=2&size=500&startDate=2025-01-28&endDate=2025-01-29
2025-01-29 09:06:41,327 - __main__ - WARNING - Error fetching page 2 for capi_checklist_id 343 (attempt 2): 404 Client Error: Not Found for url: https://api.axismyindia.in/v1/admin/surveyors/qc-service/surveyor-responses/343?page=2&size=500&startDate=2025-01-28&endDate=2025-01-29
2025-01-29 09:06:49,345 - __main__ - ERROR - Failed to fetch page 2 for capi_checklist_id 343 after 3 attempts.
2025-01-29 09:06:49,401 - __main__ - ERROR - No UIDs found for capi_checklist_id 343. Exiting fetchdata2.
2025-01-29 09:06:49,455 - __main__ - INFO - Fetching data for date range: 2025-01-28 to 2025-01-29
2025-01-29 09:06:49,471 - __main__ - INFO - Fetched 94 existing UIDs from the database.
2025-01-29 09:06:49,693 - __main__ - INFO - Fetched page 1 successfully with 25 responses .
2025-01-29 09:06:49,851 - __main__ - WARNING - Error fetching page 2 for capi_checklist_id 340 (attempt 1): 404 Client Error: Not Found for url: https://api.axismyindia.in/v1/admin/surveyors/qc-service/surveyor-responses/340?page=2&size=500&startDate=2025-01-28&endDate=2025-01-29
2025-01-29 09:06:54,026 - __main__ - WARNING - Error fetching page 2 for capi_checklist_id 340 (attempt 2): 404 Client Error: Not Found for url: https://api.axismyindia.in/v1/admin/surveyors/qc-service/surveyor-responses/340?page=2&size=500&startDate=2025-01-28&endDate=2025-01-29
2025-01-29 09:07:02,032 - __main__ - ERROR - Failed to fetch page 2 for capi_checklist_id 340 after 3 attempts.
2025-01-29 09:07:02,052 - __main__ - ERROR - No UIDs found for capi_checklist_id 340. Exiting fetchdata2.
2025-01-29 09:07:02,084 - __main__ - INFO - Fetching data for date range: 2025-01-28 to 2025-01-29
2025-01-29 09:07:02,115 - __main__ - INFO - Fetched 121 existing UIDs from the database.
2025-01-29 09:07:02,303 - __main__ - INFO - Fetched page 1 successfully with 27 responses .
2025-01-29 09:07:02,445 - __main__ - WARNING - Error fetching page 2 for capi_checklist_id 341 (attempt 1): 404 Client Error: Not Found for url: https://api.axismyindia.in/v1/admin/surveyors/qc-service/surveyor-responses/341?page=2&size=500&startDate=2025-01-28&endDate=2025-01-29
2025-01-29 09:07:06,631 - __main__ - WARNING - Error fetching page 2 for capi_checklist_id 341 (attempt 2): 404 Client Error: Not Found for url: https://api.axismyindia.in/v1/admin/surveyors/qc-service/surveyor-responses/341?page=2&size=500&startDate=2025-01-28&endDate=2025-01-29
2025-01-29 09:07:14,643 - __main__ - ERROR - Failed to fetch page 2 for capi_checklist_id 341 after 3 attempts.
2025-01-29 09:07:14,658 - __main__ - ERROR - No UIDs found for capi_checklist_id 341. Exiting fetchdata2.
2025-01-29 09:07:14,721 - __main__ - INFO - Fetching data for date range: 2025-01-28 to 2025-01-29
2025-01-29 09:07:14,736 - __main__ - INFO - Fetched 193 existing UIDs from the database.
2025-01-29 09:07:14,939 - __main__ - INFO - Fetched page 1 successfully with 45 responses .
2025-01-29 09:07:15,085 - __main__ - WARNING - Error fetching page 2 for capi_checklist_id 355 (attempt 1): 404 Client Error: Not Found for url: https://api.axismyindia.in/v1/admin/surveyors/qc-service/surveyor-responses/355?page=2&size=500&startDate=2025-01-28&endDate=2025-01-29
2025-01-29 09:07:19,275 - __main__ - WARNING - Error fetching page 2 for capi_checklist_id 355 (attempt 2): 404 Client Error: Not Found for url: https://api.axismyindia.in/v1/admin/surveyors/qc-service/surveyor-responses/355?page=2&size=500&startDate=2025-01-28&endDate=2025-01-29
2025-01-29 09:07:27,291 - __main__ - ERROR - Failed to fetch page 2 for capi_checklist_id 355 after 3 attempts.
2025-01-29 09:07:27,318 - __main__ - ERROR - No UIDs found for capi_checklist_id 355. Exiting fetchdata2.
2025-01-29 09:07:27,365 - __main__ - INFO - Fetching data for date range: 2025-01-28 to 2025-01-29
2025-01-29 09:07:27,365 - __main__ - INFO - Fetched 22 existing UIDs from the database.
2025-01-29 09:07:27,569 - __main__ - WARNING - Error fetching page 1 for capi_checklist_id 403 (attempt 1): 404 Client Error: Not Found for url: https://api.axismyindia.in/v1/admin/surveyors/qc-service/surveyor-responses/403?page=1&size=500&startDate=2025-01-28&endDate=2025-01-29
2025-01-29 09:07:31,743 - __main__ - WARNING - Error fetching page 1 for capi_checklist_id 403 (attempt 2): 404 Client Error: Not Found for url: https://api.axismyindia.in/v1/admin/surveyors/qc-service/surveyor-responses/403?page=1&size=500&startDate=2025-01-28&endDate=2025-01-29
2025-01-29 09:07:39,751 - __main__ - ERROR - Failed to fetch page 1 for capi_checklist_id 403 after 3 attempts.
2025-01-29 09:07:39,751 - __main__ - ERROR - No UIDs found for capi_checklist_id 403. Exiting fetchdata2.
2025-01-29 09:07:39,765 - __main__ - INFO - Fetching data for date range: 2025-01-28 to 2025-01-29
2025-01-29 09:07:39,765 - __main__ - INFO - Fetched 53 existing UIDs from the database.
2025-01-29 09:07:39,938 - __main__ - WARNING - Error fetching page 1 for capi_checklist_id 404 (attempt 1): 404 Client Error: Not Found for url: https://api.axismyindia.in/v1/admin/surveyors/qc-service/surveyor-responses/404?page=1&size=500&startDate=2025-01-28&endDate=2025-01-29
2025-01-29 09:07:44,097 - __main__ - WARNING - Error fetching page 1 for capi_checklist_id 404 (attempt 2): 404 Client Error: Not Found for url: https://api.axismyindia.in/v1/admin/surveyors/qc-service/surveyor-responses/404?page=1&size=500&startDate=2025-01-28&endDate=2025-01-29
2025-01-29 09:07:52,104 - __main__ - ERROR - Failed to fetch page 1 for capi_checklist_id 404 after 3 attempts.
2025-01-29 09:07:52,151 - __main__ - ERROR - No UIDs found for capi_checklist_id 404. Exiting fetchdata2.
2025-01-29 09:07:52,213 - __main__ - INFO - Fetching data for date range: 2025-01-28 to 2025-01-29
2025-01-29 09:07:52,213 - __main__ - INFO - Fetched 3 existing UIDs from the database.
2025-01-29 09:07:52,418 - __main__ - WARNING - Error fetching page 1 for capi_checklist_id 363 (attempt 1): 404 Client Error: Not Found for url: https://api.axismyindia.in/v1/admin/surveyors/qc-service/surveyor-responses/363?page=1&size=500&startDate=2025-01-28&endDate=2025-01-29
2025-01-29 09:07:56,582 - __main__ - WARNING - Error fetching page 1 for capi_checklist_id 363 (attempt 2): 404 Client Error: Not Found for url: https://api.axismyindia.in/v1/admin/surveyors/qc-service/surveyor-responses/363?page=1&size=500&startDate=2025-01-28&endDate=2025-01-29
2025-01-29 09:08:04,601 - __main__ - ERROR - Failed to fetch page 1 for capi_checklist_id 363 after 3 attempts.
2025-01-29 09:08:04,633 - __main__ - ERROR - No UIDs found for capi_checklist_id 363. Exiting fetchdata2.
2025-01-29 09:08:04,695 - __main__ - INFO - Fetching data for date range: 2025-01-28 to 2025-01-29
2025-01-29 09:08:04,711 - __main__ - INFO - Fetched 7 existing UIDs from the database.
2025-01-29 09:08:04,899 - __main__ - INFO - Fetched page 1 successfully with 1 responses .
2025-01-29 09:08:05,071 - __main__ - WARNING - Error fetching page 2 for capi_checklist_id 352 (attempt 1): 404 Client Error: Not Found for url: https://api.axismyindia.in/v1/admin/surveyors/qc-service/surveyor-responses/352?page=2&size=500&startDate=2025-01-28&endDate=2025-01-29
2025-01-29 09:08:09,248 - __main__ - WARNING - Error fetching page 2 for capi_checklist_id 352 (attempt 2): 404 Client Error: Not Found for url: https://api.axismyindia.in/v1/admin/surveyors/qc-service/surveyor-responses/352?page=2&size=500&startDate=2025-01-28&endDate=2025-01-29
2025-01-29 09:08:17,261 - __main__ - ERROR - Failed to fetch page 2 for capi_checklist_id 352 after 3 attempts.
2025-01-29 09:08:17,276 - __main__ - ERROR - No UIDs found for capi_checklist_id 352. Exiting fetchdata2.
2025-01-29 09:08:17,307 - __main__ - INFO - Fetching data for date range: 2025-01-28 to 2025-01-29
2025-01-29 09:08:17,307 - __main__ - INFO - Fetched 12 existing UIDs from the database.
2025-01-29 09:08:17,479 - __main__ - INFO - Fetched page 1 successfully with 5 responses .
2025-01-29 09:08:17,652 - __main__ - WARNING - Error fetching page 2 for capi_checklist_id 330 (attempt 1): 404 Client Error: Not Found for url: https://api.axismyindia.in/v1/admin/surveyors/qc-service/surveyor-responses/330?page=2&size=500&startDate=2025-01-28&endDate=2025-01-29
2025-01-29 09:08:21,810 - __main__ - WARNING - Error fetching page 2 for capi_checklist_id 330 (attempt 2): 404 Client Error: Not Found for url: https://api.axismyindia.in/v1/admin/surveyors/qc-service/surveyor-responses/330?page=2&size=500&startDate=2025-01-28&endDate=2025-01-29
2025-01-29 09:08:29,823 - __main__ - ERROR - Failed to fetch page 2 for capi_checklist_id 330 after 3 attempts.
2025-01-29 09:08:29,826 - __main__ - ERROR - No UIDs found for capi_checklist_id 330. Exiting fetchdata2.
2025-01-29 09:08:29,858 - __main__ - INFO - Fetching data for date range: 2025-01-28 to 2025-01-29
2025-01-29 09:08:29,858 - __main__ - INFO - Fetched 13 existing UIDs from the database.
2025-01-29 09:08:30,030 - __main__ - WARNING - Error fetching page 1 for capi_checklist_id 348 (attempt 1): 404 Client Error: Not Found for url: https://api.axismyindia.in/v1/admin/surveyors/qc-service/surveyor-responses/348?page=1&size=500&startDate=2025-01-28&endDate=2025-01-29
2025-01-29 09:08:34,191 - __main__ - WARNING - Error fetching page 1 for capi_checklist_id 348 (attempt 2): 404 Client Error: Not Found for url: https://api.axismyindia.in/v1/admin/surveyors/qc-service/surveyor-responses/348?page=1&size=500&startDate=2025-01-28&endDate=2025-01-29
2025-01-29 09:08:42,230 - __main__ - ERROR - Failed to fetch page 1 for capi_checklist_id 348 after 3 attempts.
2025-01-29 09:08:42,307 - __main__ - ERROR - No UIDs found for capi_checklist_id 348. Exiting fetchdata2.
2025-01-29 09:08:42,418 - __main__ - INFO - Fetching data for date range: 2025-01-28 to 2025-01-29
2025-01-29 09:08:42,418 - __main__ - INFO - Fetched 0 existing UIDs from the database.
2025-01-29 09:08:42,621 - __main__ - WARNING - Error fetching page 1 for capi_checklist_id 290 (attempt 1): 404 Client Error: Not Found for url: https://api.axismyindia.in/v1/admin/surveyors/qc-service/surveyor-responses/290?page=1&size=500&startDate=2025-01-28&endDate=2025-01-29
2025-01-29 09:08:46,792 - __main__ - WARNING - Error fetching page 1 for capi_checklist_id 290 (attempt 2): 404 Client Error: Not Found for url: https://api.axismyindia.in/v1/admin/surveyors/qc-service/surveyor-responses/290?page=1&size=500&startDate=2025-01-28&endDate=2025-01-29
2025-01-29 09:08:54,800 - __main__ - ERROR - Failed to fetch page 1 for capi_checklist_id 290 after 3 attempts.
2025-01-29 09:08:54,809 - __main__ - ERROR - No UIDs found for capi_checklist_id 290. Exiting fetchdata2.
2025-01-29 09:08:54,854 - __main__ - INFO - Fetching data for date range: 2025-01-28 to 2025-01-29
2025-01-29 09:08:54,885 - __main__ - INFO - Fetched 20 existing UIDs from the database.
2025-01-29 09:08:55,120 - __main__ - WARNING - Error fetching page 1 for capi_checklist_id 291 (attempt 1): 404 Client Error: Not Found for url: https://api.axismyindia.in/v1/admin/surveyors/qc-service/surveyor-responses/291?page=1&size=500&startDate=2025-01-28&endDate=2025-01-29
2025-01-29 09:08:59,283 - __main__ - WARNING - Error fetching page 1 for capi_checklist_id 291 (attempt 2): 404 Client Error: Not Found for url: https://api.axismyindia.in/v1/admin/surveyors/qc-service/surveyor-responses/291?page=1&size=500&startDate=2025-01-28&endDate=2025-01-29
2025-01-29 09:09:07,302 - __main__ - ERROR - Failed to fetch page 1 for capi_checklist_id 291 after 3 attempts.
2025-01-29 09:09:07,317 - __main__ - ERROR - No UIDs found for capi_checklist_id 291. Exiting fetchdata2.
2025-01-29 09:09:07,380 - __main__ - INFO - Fetching data for date range: 2025-01-28 to 2025-01-29
2025-01-29 09:09:07,396 - __main__ - INFO - Fetched 58 existing UIDs from the database.
2025-01-29 09:09:07,569 - __main__ - INFO - Fetched page 1 successfully with 11 responses .
2025-01-29 09:09:07,869 - __main__ - WARNING - Error fetching page 2 for capi_checklist_id 326 (attempt 1): 404 Client Error: Not Found for url: https://api.axismyindia.in/v1/admin/surveyors/qc-service/surveyor-responses/326?page=2&size=500&startDate=2025-01-28&endDate=2025-01-29
2025-01-29 09:09:12,049 - __main__ - WARNING - Error fetching page 2 for capi_checklist_id 326 (attempt 2): 404 Client Error: Not Found for url: https://api.axismyindia.in/v1/admin/surveyors/qc-service/surveyor-responses/326?page=2&size=500&startDate=2025-01-28&endDate=2025-01-29
2025-01-29 09:09:20,054 - __main__ - ERROR - Failed to fetch page 2 for capi_checklist_id 326 after 3 attempts.
2025-01-29 09:09:20,059 - __main__ - ERROR - No UIDs found for capi_checklist_id 326. Exiting fetchdata2.
2025-01-29 09:09:20,091 - __main__ - INFO - Fetching data for date range: 2025-01-28 to 2025-01-29
2025-01-29 09:09:20,091 - __main__ - INFO - Fetched 14 existing UIDs from the database.
2025-01-29 09:09:20,262 - __main__ - WARNING - Error fetching page 1 for capi_checklist_id 350 (attempt 1): 404 Client Error: Not Found for url: https://api.axismyindia.in/v1/admin/surveyors/qc-service/surveyor-responses/350?page=1&size=500&startDate=2025-01-28&endDate=2025-01-29
2025-01-29 09:09:24,439 - __main__ - WARNING - Error fetching page 1 for capi_checklist_id 350 (attempt 2): 404 Client Error: Not Found for url: https://api.axismyindia.in/v1/admin/surveyors/qc-service/surveyor-responses/350?page=1&size=500&startDate=2025-01-28&endDate=2025-01-29
2025-01-29 09:09:32,486 - __main__ - ERROR - Failed to fetch page 1 for capi_checklist_id 350 after 3 attempts.
2025-01-29 09:09:32,589 - __main__ - ERROR - No UIDs found for capi_checklist_id 350. Exiting fetchdata2.
2025-01-29 09:09:32,864 - __main__ - INFO - Fetching data for date range: 2025-01-28 to 2025-01-29
2025-01-29 09:09:32,958 - __main__ - INFO - Fetched 296 existing UIDs from the database.
2025-01-29 09:09:33,320 - __main__ - INFO - Fetched page 1 successfully with 82 responses .
2025-01-29 09:09:33,509 - __main__ - WARNING - Error fetching page 2 for capi_checklist_id 342 (attempt 1): 404 Client Error: Not Found for url: https://api.axismyindia.in/v1/admin/surveyors/qc-service/surveyor-responses/342?page=2&size=500&startDate=2025-01-28&endDate=2025-01-29
2025-01-29 09:09:37,703 - __main__ - WARNING - Error fetching page 2 for capi_checklist_id 342 (attempt 2): 404 Client Error: Not Found for url: https://api.axismyindia.in/v1/admin/surveyors/qc-service/surveyor-responses/342?page=2&size=500&startDate=2025-01-28&endDate=2025-01-29
2025-01-29 09:09:45,712 - __main__ - ERROR - Failed to fetch page 2 for capi_checklist_id 342 after 3 attempts.
2025-01-29 09:09:45,716 - __main__ - INFO - Fetched UIDs: defaultdict(<class 'list'>, {342: [15857, 15763]})
2025-01-29 09:09:46,923 - __main__ - INFO - Fetched data for UID 15857
2025-01-29 09:09:51,441 - __main__ - INFO - Fetched data for UID 15763
2025-01-29 09:09:52,808 - __main__ - INFO - Fetching data for date range: 2025-01-28 to 2025-01-29
2025-01-29 09:09:52,823 - __main__ - INFO - Fetched 5 existing UIDs from the database.
2025-01-29 09:09:52,980 - __main__ - INFO - Fetched page 1 successfully with 1 responses .
2025-01-29 09:09:53,151 - __main__ - WARNING - Error fetching page 2 for capi_checklist_id 319 (attempt 1): 404 Client Error: Not Found for url: https://api.axismyindia.in/v1/admin/surveyors/qc-service/surveyor-responses/319?page=2&size=500&startDate=2025-01-28&endDate=2025-01-29
2025-01-29 09:09:57,334 - __main__ - WARNING - Error fetching page 2 for capi_checklist_id 319 (attempt 2): 404 Client Error: Not Found for url: https://api.axismyindia.in/v1/admin/surveyors/qc-service/surveyor-responses/319?page=2&size=500&startDate=2025-01-28&endDate=2025-01-29
2025-01-29 09:10:05,345 - __main__ - ERROR - Failed to fetch page 2 for capi_checklist_id 319 after 3 attempts.
2025-01-29 09:10:05,382 - __main__ - ERROR - No UIDs found for capi_checklist_id 319. Exiting fetchdata2.
2025-01-29 09:10:05,424 - __main__ - INFO - Fetching data for date range: 2025-01-28 to 2025-01-29
2025-01-29 09:10:05,440 - __main__ - INFO - Fetched 5 existing UIDs from the database.
2025-01-29 09:10:05,628 - __main__ - WARNING - Error fetching page 1 for capi_checklist_id 320 (attempt 1): 404 Client Error: Not Found for url: https://api.axismyindia.in/v1/admin/surveyors/qc-service/surveyor-responses/320?page=1&size=500&startDate=2025-01-28&endDate=2025-01-29
2025-01-29 09:10:09,788 - __main__ - WARNING - Error fetching page 1 for capi_checklist_id 320 (attempt 2): 404 Client Error: Not Found for url: https://api.axismyindia.in/v1/admin/surveyors/qc-service/surveyor-responses/320?page=1&size=500&startDate=2025-01-28&endDate=2025-01-29
2025-01-29 09:10:17,806 - __main__ - ERROR - Failed to fetch page 1 for capi_checklist_id 320 after 3 attempts.
2025-01-29 09:10:17,806 - __main__ - ERROR - No UIDs found for capi_checklist_id 320. Exiting fetchdata2.
2025-01-29 09:10:17,854 - __main__ - INFO - Fetching data for date range: 2025-01-28 to 2025-01-29
2025-01-29 09:10:17,870 - __main__ - INFO - Fetched 152 existing UIDs from the database.
2025-01-29 09:10:18,073 - __main__ - INFO - Fetched page 1 successfully with 55 responses .
2025-01-29 09:10:18,229 - __main__ - WARNING - Error fetching page 2 for capi_checklist_id 344 (attempt 1): 404 Client Error: Not Found for url: https://api.axismyindia.in/v1/admin/surveyors/qc-service/surveyor-responses/344?page=2&size=500&startDate=2025-01-28&endDate=2025-01-29
2025-01-29 09:10:22,404 - __main__ - WARNING - Error fetching page 2 for capi_checklist_id 344 (attempt 2): 404 Client Error: Not Found for url: https://api.axismyindia.in/v1/admin/surveyors/qc-service/surveyor-responses/344?page=2&size=500&startDate=2025-01-28&endDate=2025-01-29
2025-01-29 09:10:30,409 - __main__ - ERROR - Failed to fetch page 2 for capi_checklist_id 344 after 3 attempts.
2025-01-29 09:10:30,417 - __main__ - ERROR - No UIDs found for capi_checklist_id 344. Exiting fetchdata2.
2025-01-29 09:10:30,464 - __main__ - INFO - Fetching data for date range: 2025-01-28 to 2025-01-29
2025-01-29 09:10:30,495 - __main__ - INFO - Fetched 97 existing UIDs from the database.
2025-01-29 09:10:30,683 - __main__ - INFO - Fetched page 1 successfully with 13 responses .
2025-01-29 09:10:30,855 - __main__ - WARNING - Error fetching page 2 for capi_checklist_id 332 (attempt 1): 404 Client Error: Not Found for url: https://api.axismyindia.in/v1/admin/surveyors/qc-service/surveyor-responses/332?page=2&size=500&startDate=2025-01-28&endDate=2025-01-29
2025-01-29 09:10:35,032 - __main__ - WARNING - Error fetching page 2 for capi_checklist_id 332 (attempt 2): 404 Client Error: Not Found for url: https://api.axismyindia.in/v1/admin/surveyors/qc-service/surveyor-responses/332?page=2&size=500&startDate=2025-01-28&endDate=2025-01-29
2025-01-29 09:10:43,059 - __main__ - ERROR - Failed to fetch page 2 for capi_checklist_id 332 after 3 attempts.
2025-01-29 09:10:43,139 - __main__ - ERROR - No UIDs found for capi_checklist_id 332. Exiting fetchdata2.
2025-01-29 09:10:43,263 - __main__ - INFO - Fetching data for date range: 2025-01-28 to 2025-01-29
2025-01-29 09:10:43,309 - __main__ - INFO - Fetched 10 existing UIDs from the database.
2025-01-29 09:10:43,724 - __main__ - WARNING - Error fetching page 1 for capi_checklist_id 335 (attempt 1): 404 Client Error: Not Found for url: https://api.axismyindia.in/v1/admin/surveyors/qc-service/surveyor-responses/335?page=1&size=500&startDate=2025-01-28&endDate=2025-01-29
2025-01-29 09:10:47,919 - __main__ - WARNING - Error fetching page 1 for capi_checklist_id 335 (attempt 2): 404 Client Error: Not Found for url: https://api.axismyindia.in/v1/admin/surveyors/qc-service/surveyor-responses/335?page=1&size=500&startDate=2025-01-28&endDate=2025-01-29
2025-01-29 09:10:55,930 - __main__ - ERROR - Failed to fetch page 1 for capi_checklist_id 335 after 3 attempts.
2025-01-29 09:10:55,961 - __main__ - ERROR - No UIDs found for capi_checklist_id 335. Exiting fetchdata2.
2025-01-29 09:10:56,024 - __main__ - INFO - Fetching data for date range: 2025-01-28 to 2025-01-29
2025-01-29 09:10:56,039 - __main__ - INFO - Fetched 47 existing UIDs from the database.
2025-01-29 09:10:56,243 - __main__ - INFO - Fetched page 1 successfully with 14 responses .
2025-01-29 09:10:56,431 - __main__ - WARNING - Error fetching page 2 for capi_checklist_id 325 (attempt 1): 404 Client Error: Not Found for url: https://api.axismyindia.in/v1/admin/surveyors/qc-service/surveyor-responses/325?page=2&size=500&startDate=2025-01-28&endDate=2025-01-29
2025-01-29 09:11:00,608 - __main__ - WARNING - Error fetching page 2 for capi_checklist_id 325 (attempt 2): 404 Client Error: Not Found for url: https://api.axismyindia.in/v1/admin/surveyors/qc-service/surveyor-responses/325?page=2&size=500&startDate=2025-01-28&endDate=2025-01-29
2025-01-29 09:11:08,609 - __main__ - ERROR - Failed to fetch page 2 for capi_checklist_id 325 after 3 attempts.
2025-01-29 09:11:08,635 - __main__ - ERROR - No UIDs found for capi_checklist_id 325. Exiting fetchdata2.
2025-01-29 09:11:08,682 - __main__ - INFO - Fetching data for date range: 2025-01-28 to 2025-01-29
2025-01-29 09:11:08,698 - __main__ - INFO - Fetched 253 existing UIDs from the database.
2025-01-29 09:11:08,902 - __main__ - INFO - Fetched page 1 successfully with 42 responses .
2025-01-29 09:11:09,059 - __main__ - WARNING - Error fetching page 2 for capi_checklist_id 347 (attempt 1): 404 Client Error: Not Found for url: https://api.axismyindia.in/v1/admin/surveyors/qc-service/surveyor-responses/347?page=2&size=500&startDate=2025-01-28&endDate=2025-01-29
2025-01-29 09:11:13,221 - __main__ - WARNING - Error fetching page 2 for capi_checklist_id 347 (attempt 2): 404 Client Error: Not Found for url: https://api.axismyindia.in/v1/admin/surveyors/qc-service/surveyor-responses/347?page=2&size=500&startDate=2025-01-28&endDate=2025-01-29
2025-01-29 09:11:21,227 - __main__ - ERROR - Failed to fetch page 2 for capi_checklist_id 347 after 3 attempts.
2025-01-29 09:11:21,243 - __main__ - ERROR - No UIDs found for capi_checklist_id 347. Exiting fetchdata2.
2025-01-29 09:11:21,290 - __main__ - INFO - Fetching data for date range: 2025-01-28 to 2025-01-29
2025-01-29 09:11:21,306 - __main__ - INFO - Fetched 11 existing UIDs from the database.
2025-01-29 09:11:21,494 - __main__ - WARNING - Error fetching page 1 for capi_checklist_id 382 (attempt 1): 404 Client Error: Not Found for url: https://api.axismyindia.in/v1/admin/surveyors/qc-service/surveyor-responses/382?page=1&size=500&startDate=2025-01-28&endDate=2025-01-29
2025-01-29 09:11:25,778 - __main__ - WARNING - Error fetching page 1 for capi_checklist_id 382 (attempt 2): 404 Client Error: Not Found for url: https://api.axismyindia.in/v1/admin/surveyors/qc-service/surveyor-responses/382?page=1&size=500&startDate=2025-01-28&endDate=2025-01-29
2025-01-29 09:11:33,788 - __main__ - ERROR - Failed to fetch page 1 for capi_checklist_id 382 after 3 attempts.
2025-01-29 09:11:33,788 - __main__ - ERROR - No UIDs found for capi_checklist_id 382. Exiting fetchdata2.
2025-01-29 09:11:33,803 - __main__ - INFO - Fetching data for date range: 2025-01-28 to 2025-01-29
2025-01-29 09:11:33,819 - __main__ - INFO - Fetched 38 existing UIDs from the database.
2025-01-29 09:11:33,992 - __main__ - WARNING - Error fetching page 1 for capi_checklist_id 339 (attempt 1): 404 Client Error: Not Found for url: https://api.axismyindia.in/v1/admin/surveyors/qc-service/surveyor-responses/339?page=1&size=500&startDate=2025-01-28&endDate=2025-01-29
2025-01-29 09:11:38,177 - __main__ - WARNING - Error fetching page 1 for capi_checklist_id 339 (attempt 2): 404 Client Error: Not Found for url: https://api.axismyindia.in/v1/admin/surveyors/qc-service/surveyor-responses/339?page=1&size=500&startDate=2025-01-28&endDate=2025-01-29
2025-01-29 09:11:46,205 - __main__ - ERROR - Failed to fetch page 1 for capi_checklist_id 339 after 3 attempts.
2025-01-29 09:11:46,348 - __main__ - ERROR - No UIDs found for capi_checklist_id 339. Exiting fetchdata2.
2025-01-29 09:11:46,553 - __main__ - INFO - Fetching data for date range: 2025-01-28 to 2025-01-29
2025-01-29 09:11:46,586 - __main__ - INFO - Fetched 1 existing UIDs from the database.
2025-01-29 09:11:46,968 - __main__ - WARNING - Error fetching page 1 for capi_checklist_id 334 (attempt 1): 404 Client Error: Not Found for url: https://api.axismyindia.in/v1/admin/surveyors/qc-service/surveyor-responses/334?page=1&size=500&startDate=2025-01-28&endDate=2025-01-29
2025-01-29 09:11:51,204 - __main__ - WARNING - Error fetching page 1 for capi_checklist_id 334 (attempt 2): 404 Client Error: Not Found for url: https://api.axismyindia.in/v1/admin/surveyors/qc-service/surveyor-responses/334?page=1&size=500&startDate=2025-01-28&endDate=2025-01-29
2025-01-29 09:11:59,213 - __main__ - ERROR - Failed to fetch page 1 for capi_checklist_id 334 after 3 attempts.
2025-01-29 09:11:59,291 - __main__ - ERROR - No UIDs found for capi_checklist_id 334. Exiting fetchdata2.
2025-01-29 09:11:59,385 - __main__ - INFO - Fetching data for date range: 2025-01-28 to 2025-01-29
2025-01-29 09:11:59,528 - __main__ - INFO - Fetched 6098 existing UIDs from the database.
2025-01-29 09:11:59,755 - __main__ - INFO - Fetched page 1 successfully with 41 responses .
2025-01-29 09:11:59,923 - __main__ - WARNING - Error fetching page 2 for capi_checklist_id 321 (attempt 1): 404 Client Error: Not Found for url: https://api.axismyindia.in/v1/admin/surveyors/qc-service/surveyor-responses/321?page=2&size=500&startDate=2025-01-28&endDate=2025-01-29
2025-01-29 09:12:04,073 - __main__ - WARNING - Error fetching page 2 for capi_checklist_id 321 (attempt 2): 404 Client Error: Not Found for url: https://api.axismyindia.in/v1/admin/surveyors/qc-service/surveyor-responses/321?page=2&size=500&startDate=2025-01-28&endDate=2025-01-29
2025-01-29 09:12:12,087 - __main__ - ERROR - Failed to fetch page 2 for capi_checklist_id 321 after 3 attempts.
2025-01-29 09:12:12,090 - __main__ - ERROR - No UIDs found for capi_checklist_id 321. Exiting fetchdata2.
