2026-07-15 11:51:42,266 WARNING django.server "GET /static/js/todolist.js HTTP/1.1" 404 1801
2026-07-15 11:51:42,266 WARNING django.server "GET /static/js/settings.js HTTP/1.1" 404 1801
2026-07-15 11:51:42,267 WARNING django.server "GET /static/js/hoverable-collapse.js HTTP/1.1" 404 1831
2026-07-15 11:51:46,422 WARNING django.security.SuspiciousSession Session data corrupted
2026-07-15 11:51:46,423 WARNING django.security.SuspiciousSession Session data corrupted
2026-07-15 11:51:46,423 WARNING django.security.SuspiciousSession Session data corrupted
2026-07-15 11:51:46,424 WARNING django.security.SuspiciousSession Session data corrupted
2026-07-15 11:51:46,424 WARNING django.security.SuspiciousSession Session data corrupted
2026-07-15 11:51:46,425 WARNING django.security.SuspiciousSession Session data corrupted
2026-07-15 11:51:46,426 WARNING django.security.SuspiciousSession Session data corrupted
2026-07-15 11:51:46,426 WARNING django.security.SuspiciousSession Session data corrupted
2026-07-15 11:51:46,426 WARNING django.security.SuspiciousSession Session data corrupted
2026-07-15 11:51:46,427 WARNING django.security.SuspiciousSession Session data corrupted
2026-07-15 11:51:46,427 WARNING django.security.SuspiciousSession Session data corrupted
2026-07-15 11:51:46,427 WARNING django.security.SuspiciousSession Session data corrupted
2026-07-15 11:51:46,428 WARNING django.security.SuspiciousSession Session data corrupted
2026-07-15 11:51:46,428 WARNING django.security.SuspiciousSession Session data corrupted
2026-07-15 11:51:46,428 WARNING django.security.SuspiciousSession Session data corrupted
2026-07-15 11:51:46,428 WARNING django.security.SuspiciousSession Session data corrupted
2026-07-15 11:51:46,429 WARNING django.security.SuspiciousSession Session data corrupted
2026-07-15 11:51:46,429 WARNING django.security.SuspiciousSession Session data corrupted
2026-07-15 11:51:46,429 WARNING django.security.SuspiciousSession Session data corrupted
2026-07-15 11:51:46,429 WARNING django.security.SuspiciousSession Session data corrupted
2026-07-15 11:51:46,429 WARNING django.security.SuspiciousSession Session data corrupted
2026-07-15 11:51:46,430 WARNING django.security.SuspiciousSession Session data corrupted
2026-07-15 11:51:46,430 WARNING django.security.SuspiciousSession Session data corrupted
2026-07-15 11:51:46,430 WARNING django.security.SuspiciousSession Session data corrupted
2026-07-15 11:51:46,431 WARNING django.security.SuspiciousSession Session data corrupted
2026-07-15 11:51:46,431 WARNING django.security.SuspiciousSession Session data corrupted
2026-07-15 11:51:46,431 WARNING django.security.SuspiciousSession Session data corrupted
2026-07-15 11:51:46,431 WARNING django.security.SuspiciousSession Session data corrupted
2026-07-15 11:51:46,431 WARNING django.security.SuspiciousSession Session data corrupted
2026-07-15 11:51:46,432 WARNING django.security.SuspiciousSession Session data corrupted
2026-07-15 12:13:20,327 WARNING django.server "GET /static/js/hoverable-collapse.js HTTP/1.1" 404 1831
2026-07-15 12:13:20,329 WARNING django.server "GET /static/js/todolist.js HTTP/1.1" 404 1801
2026-07-15 12:13:20,329 WARNING django.server "GET /static/js/settings.js HTTP/1.1" 404 1801
2026-07-15 12:13:24,180 WARNING django.security.SuspiciousSession Session data corrupted
2026-07-15 12:13:24,181 WARNING django.security.SuspiciousSession Session data corrupted
2026-07-15 12:13:24,181 WARNING django.security.SuspiciousSession Session data corrupted
2026-07-15 12:13:24,181 WARNING django.security.SuspiciousSession Session data corrupted
2026-07-15 12:13:24,182 WARNING django.security.SuspiciousSession Session data corrupted
2026-07-15 12:13:24,182 WARNING django.security.SuspiciousSession Session data corrupted
2026-07-15 12:13:24,182 WARNING django.security.SuspiciousSession Session data corrupted
2026-07-15 12:13:24,182 WARNING django.security.SuspiciousSession Session data corrupted
2026-07-15 12:13:24,183 WARNING django.security.SuspiciousSession Session data corrupted
2026-07-15 12:13:24,183 WARNING django.security.SuspiciousSession Session data corrupted
2026-07-15 12:13:24,184 WARNING django.security.SuspiciousSession Session data corrupted
2026-07-15 12:13:24,184 WARNING django.security.SuspiciousSession Session data corrupted
2026-07-15 12:13:24,184 WARNING django.security.SuspiciousSession Session data corrupted
2026-07-15 12:13:24,185 WARNING django.security.SuspiciousSession Session data corrupted
2026-07-15 12:13:24,185 WARNING django.security.SuspiciousSession Session data corrupted
2026-07-15 12:13:24,185 WARNING django.security.SuspiciousSession Session data corrupted
2026-07-15 12:13:24,185 WARNING django.security.SuspiciousSession Session data corrupted
2026-07-15 12:13:24,186 WARNING django.security.SuspiciousSession Session data corrupted
2026-07-15 12:13:24,186 WARNING django.security.SuspiciousSession Session data corrupted
2026-07-15 12:13:24,186 WARNING django.security.SuspiciousSession Session data corrupted
2026-07-15 12:13:24,186 WARNING django.security.SuspiciousSession Session data corrupted
2026-07-15 12:13:24,187 WARNING django.security.SuspiciousSession Session data corrupted
2026-07-15 12:13:24,187 WARNING django.security.SuspiciousSession Session data corrupted
2026-07-15 12:13:24,188 WARNING django.security.SuspiciousSession Session data corrupted
2026-07-15 12:13:24,188 WARNING django.security.SuspiciousSession Session data corrupted
2026-07-15 12:13:24,188 WARNING django.security.SuspiciousSession Session data corrupted
2026-07-15 12:13:24,189 WARNING django.security.SuspiciousSession Session data corrupted
2026-07-15 12:13:24,189 WARNING django.security.SuspiciousSession Session data corrupted
2026-07-15 12:13:24,189 WARNING django.security.SuspiciousSession Session data corrupted
2026-07-15 12:14:12,980 WARNING django.server "GET /static/vendors/js/jquery.contextMenu.min.js.map HTTP/1.1" 404 1879
2026-07-15 12:14:12,980 WARNING django.server "GET /static/vendors/js/bootstrap.min.js.map HTTP/1.1" 404 1852
2026-07-15 12:14:13,111 WARNING django.server "GET /static/vendors/css/jquery.contextMenu.min.css.map HTTP/1.1" 404 1885
2026-07-15 12:14:13,874 WARNING quality.middleware Browser fingerprint mismatch user=112891 path=/.well-known/appspecific/com.chrome.devtools.json
2026-07-15 12:14:17,077 WARNING django.server "GET /static/js/todolist.js HTTP/1.1" 404 1801
2026-07-15 12:14:17,077 WARNING django.server "GET /static/js/settings.js HTTP/1.1" 404 1801
2026-07-15 12:14:17,077 WARNING django.server "GET /static/js/hoverable-collapse.js HTTP/1.1" 404 1831
2026-07-15 12:14:17,154 WARNING django.server "GET /static/vendors/js/bootstrap.min.js.map HTTP/1.1" 404 1852
2026-07-15 12:14:17,165 WARNING django.server "GET /static/vendors/css/jquery.contextMenu.min.css.map HTTP/1.1" 404 1885
2026-07-15 12:14:17,355 WARNING django.server "GET /static/vendors/js/jquery.contextMenu.min.js.map HTTP/1.1" 404 1879
2026-07-15 12:14:23,249 WARNING django.security.SuspiciousSession Session data corrupted
2026-07-15 12:14:23,250 WARNING django.security.SuspiciousSession Session data corrupted
2026-07-15 12:14:23,250 WARNING django.security.SuspiciousSession Session data corrupted
2026-07-15 12:14:23,251 WARNING django.security.SuspiciousSession Session data corrupted
2026-07-15 12:14:23,251 WARNING django.security.SuspiciousSession Session data corrupted
2026-07-15 12:14:23,251 WARNING django.security.SuspiciousSession Session data corrupted
2026-07-15 12:14:23,251 WARNING django.security.SuspiciousSession Session data corrupted
2026-07-15 12:14:23,252 WARNING django.security.SuspiciousSession Session data corrupted
2026-07-15 12:14:23,252 WARNING django.security.SuspiciousSession Session data corrupted
2026-07-15 12:14:23,252 WARNING django.security.SuspiciousSession Session data corrupted
2026-07-15 12:14:23,252 WARNING django.security.SuspiciousSession Session data corrupted
2026-07-15 12:14:23,253 WARNING django.security.SuspiciousSession Session data corrupted
2026-07-15 12:14:23,253 WARNING django.security.SuspiciousSession Session data corrupted
2026-07-15 12:14:23,254 WARNING django.security.SuspiciousSession Session data corrupted
2026-07-15 12:14:23,254 WARNING django.security.SuspiciousSession Session data corrupted
2026-07-15 12:14:23,254 WARNING django.security.SuspiciousSession Session data corrupted
2026-07-15 12:14:23,254 WARNING django.security.SuspiciousSession Session data corrupted
2026-07-15 12:14:23,255 WARNING django.security.SuspiciousSession Session data corrupted
2026-07-15 12:14:23,255 WARNING django.security.SuspiciousSession Session data corrupted
2026-07-15 12:14:23,255 WARNING django.security.SuspiciousSession Session data corrupted
2026-07-15 12:14:23,256 WARNING django.security.SuspiciousSession Session data corrupted
2026-07-15 12:14:23,256 WARNING django.security.SuspiciousSession Session data corrupted
2026-07-15 12:14:23,256 WARNING django.security.SuspiciousSession Session data corrupted
2026-07-15 12:14:23,256 WARNING django.security.SuspiciousSession Session data corrupted
2026-07-15 12:14:23,256 WARNING django.security.SuspiciousSession Session data corrupted
2026-07-15 12:14:23,256 WARNING django.security.SuspiciousSession Session data corrupted
2026-07-15 12:14:23,257 WARNING django.security.SuspiciousSession Session data corrupted
2026-07-15 12:14:23,257 WARNING django.security.SuspiciousSession Session data corrupted
2026-07-15 12:14:23,257 WARNING django.security.SuspiciousSession Session data corrupted
2026-07-15 12:14:24,820 WARNING django.server "GET /static/vendors/js/bootstrap.min.js.map HTTP/1.1" 404 1852
2026-07-15 12:14:24,850 WARNING django.server "GET /static/vendors/css/jquery.contextMenu.min.css.map HTTP/1.1" 404 1885
2026-07-15 12:14:25,047 WARNING django.server "GET /static/vendors/js/jquery.contextMenu.min.js.map HTTP/1.1" 404 1879
2026-07-15 12:14:25,848 WARNING quality.middleware Browser fingerprint mismatch user=112891 path=/.well-known/appspecific/com.chrome.devtools.json
2026-07-15 12:14:26,738 WARNING django.server "GET /static/js/settings.js HTTP/1.1" 404 1801
2026-07-15 12:14:26,738 WARNING django.server "GET /static/js/hoverable-collapse.js HTTP/1.1" 404 1831
2026-07-15 12:14:26,738 WARNING django.server "GET /static/js/todolist.js HTTP/1.1" 404 1801
2026-07-15 12:14:26,815 WARNING django.server "GET /static/vendors/js/bootstrap.min.js.map HTTP/1.1" 404 1852
2026-07-15 12:14:26,828 WARNING django.server "GET /static/vendors/css/jquery.contextMenu.min.css.map HTTP/1.1" 404 1885
2026-07-15 12:14:27,008 WARNING django.server "GET /static/vendors/js/jquery.contextMenu.min.js.map HTTP/1.1" 404 1879
2026-07-15 12:14:32,876 WARNING django.security.SuspiciousSession Session data corrupted
2026-07-15 12:14:32,877 WARNING django.security.SuspiciousSession Session data corrupted
2026-07-15 12:14:32,877 WARNING django.security.SuspiciousSession Session data corrupted
2026-07-15 12:14:32,877 WARNING django.security.SuspiciousSession Session data corrupted
2026-07-15 12:14:32,878 WARNING django.security.SuspiciousSession Session data corrupted
2026-07-15 12:14:32,878 WARNING django.security.SuspiciousSession Session data corrupted
2026-07-15 12:14:32,878 WARNING django.security.SuspiciousSession Session data corrupted
2026-07-15 12:14:32,878 WARNING django.security.SuspiciousSession Session data corrupted
2026-07-15 12:14:32,879 WARNING django.security.SuspiciousSession Session data corrupted
2026-07-15 12:14:32,879 WARNING django.security.SuspiciousSession Session data corrupted
2026-07-15 12:14:32,879 WARNING django.security.SuspiciousSession Session data corrupted
2026-07-15 12:14:32,880 WARNING django.security.SuspiciousSession Session data corrupted
2026-07-15 12:14:32,880 WARNING django.security.SuspiciousSession Session data corrupted
2026-07-15 12:14:32,880 WARNING django.security.SuspiciousSession Session data corrupted
2026-07-15 12:14:32,880 WARNING django.security.SuspiciousSession Session data corrupted
2026-07-15 12:14:32,880 WARNING django.security.SuspiciousSession Session data corrupted
2026-07-15 12:14:32,880 WARNING django.security.SuspiciousSession Session data corrupted
2026-07-15 12:14:32,881 WARNING django.security.SuspiciousSession Session data corrupted
2026-07-15 12:14:32,881 WARNING django.security.SuspiciousSession Session data corrupted
2026-07-15 12:14:32,881 WARNING django.security.SuspiciousSession Session data corrupted
2026-07-15 12:14:32,881 WARNING django.security.SuspiciousSession Session data corrupted
2026-07-15 12:14:32,881 WARNING django.security.SuspiciousSession Session data corrupted
2026-07-15 12:14:32,882 WARNING django.security.SuspiciousSession Session data corrupted
2026-07-15 12:14:32,882 WARNING django.security.SuspiciousSession Session data corrupted
2026-07-15 12:14:32,882 WARNING django.security.SuspiciousSession Session data corrupted
2026-07-15 12:14:32,882 WARNING django.security.SuspiciousSession Session data corrupted
2026-07-15 12:14:32,882 WARNING django.security.SuspiciousSession Session data corrupted
2026-07-15 12:14:32,883 WARNING django.security.SuspiciousSession Session data corrupted
2026-07-15 12:14:32,883 WARNING django.security.SuspiciousSession Session data corrupted
2026-07-15 12:14:34,427 WARNING django.server "GET /static/vendors/css/jquery.contextMenu.min.css.map HTTP/1.1" 404 1885
2026-07-15 12:14:34,533 WARNING django.server "GET /static/vendors/js/bootstrap.min.js.map HTTP/1.1" 404 1852
2026-07-15 12:14:34,862 WARNING django.server "GET /static/vendors/js/jquery.contextMenu.min.js.map HTTP/1.1" 404 1879
2026-07-15 12:14:35,491 WARNING quality.middleware Browser fingerprint mismatch user=112891 path=/.well-known/appspecific/com.chrome.devtools.json
2026-07-15 12:14:38,626 WARNING django.server "GET /static/js/hoverable-collapse.js HTTP/1.1" 404 1831
2026-07-15 12:14:38,627 WARNING django.server "GET /static/js/settings.js HTTP/1.1" 404 1801
2026-07-15 12:14:38,627 WARNING django.server "GET /static/js/todolist.js HTTP/1.1" 404 1801
2026-07-15 12:14:38,688 WARNING django.server "GET /static/vendors/css/jquery.contextMenu.min.css.map HTTP/1.1" 404 1885
2026-07-15 12:14:38,714 WARNING django.server "GET /static/vendors/js/bootstrap.min.js.map HTTP/1.1" 404 1852
2026-07-15 12:14:39,082 WARNING django.server "GET /static/vendors/js/jquery.contextMenu.min.js.map HTTP/1.1" 404 1879
2026-07-15 12:19:19,188 WARNING django.server "GET /static/js/settings.js HTTP/1.1" 404 1801
2026-07-15 12:19:19,188 WARNING django.server "GET /static/js/todolist.js HTTP/1.1" 404 1801
2026-07-15 12:19:19,189 WARNING django.server "GET /static/js/hoverable-collapse.js HTTP/1.1" 404 1831
2026-07-15 12:19:19,237 WARNING django.request Not Found: /.well-known/appspecific/com.chrome.devtools.json
2026-07-15 12:19:19,238 WARNING django.server "GET /.well-known/appspecific/com.chrome.devtools.json HTTP/1.1" 404 5928
2026-07-15 12:19:19,250 WARNING django.server "GET /static/vendors/js/bootstrap.min.js.map HTTP/1.1" 404 1852
2026-07-15 12:19:19,286 WARNING django.server "GET /static/vendors/css/jquery.contextMenu.min.css.map HTTP/1.1" 404 1885
2026-07-15 12:19:19,526 WARNING django.server "GET /static/vendors/js/jquery.contextMenu.min.js.map HTTP/1.1" 404 1879
2026-07-15 12:19:22,845 WARNING django.security.SuspiciousSession Session data corrupted
2026-07-15 12:19:22,846 WARNING django.security.SuspiciousSession Session data corrupted
2026-07-15 12:19:22,846 WARNING django.security.SuspiciousSession Session data corrupted
2026-07-15 12:19:22,847 WARNING django.security.SuspiciousSession Session data corrupted
2026-07-15 12:19:22,847 WARNING django.security.SuspiciousSession Session data corrupted
2026-07-15 12:19:22,847 WARNING django.security.SuspiciousSession Session data corrupted
2026-07-15 12:19:22,848 WARNING django.security.SuspiciousSession Session data corrupted
2026-07-15 12:19:22,848 WARNING django.security.SuspiciousSession Session data corrupted
2026-07-15 12:19:22,848 WARNING django.security.SuspiciousSession Session data corrupted
2026-07-15 12:19:22,848 WARNING django.security.SuspiciousSession Session data corrupted
2026-07-15 12:19:22,849 WARNING django.security.SuspiciousSession Session data corrupted
2026-07-15 12:19:22,849 WARNING django.security.SuspiciousSession Session data corrupted
2026-07-15 12:19:22,850 WARNING django.security.SuspiciousSession Session data corrupted
2026-07-15 12:19:22,850 WARNING django.security.SuspiciousSession Session data corrupted
2026-07-15 12:19:22,850 WARNING django.security.SuspiciousSession Session data corrupted
2026-07-15 12:19:22,851 WARNING django.security.SuspiciousSession Session data corrupted
2026-07-15 12:19:22,851 WARNING django.security.SuspiciousSession Session data corrupted
2026-07-15 12:19:22,852 WARNING django.security.SuspiciousSession Session data corrupted
2026-07-15 12:19:22,852 WARNING django.security.SuspiciousSession Session data corrupted
2026-07-15 12:19:22,852 WARNING django.security.SuspiciousSession Session data corrupted
2026-07-15 12:19:22,853 WARNING django.security.SuspiciousSession Session data corrupted
2026-07-15 12:19:22,853 WARNING django.security.SuspiciousSession Session data corrupted
2026-07-15 12:19:22,853 WARNING django.security.SuspiciousSession Session data corrupted
2026-07-15 12:19:22,853 WARNING django.security.SuspiciousSession Session data corrupted
2026-07-15 12:19:22,854 WARNING django.security.SuspiciousSession Session data corrupted
2026-07-15 12:19:22,854 WARNING django.security.SuspiciousSession Session data corrupted
2026-07-15 12:19:22,854 WARNING django.security.SuspiciousSession Session data corrupted
2026-07-15 12:19:22,855 WARNING django.security.SuspiciousSession Session data corrupted
2026-07-15 12:19:22,855 WARNING django.security.SuspiciousSession Session data corrupted
2026-07-15 12:19:24,339 WARNING django.server "GET /static/vendors/css/jquery.contextMenu.min.css.map HTTP/1.1" 404 1885
2026-07-15 12:19:24,370 WARNING django.server "GET /static/vendors/js/bootstrap.min.js.map HTTP/1.1" 404 1852
2026-07-15 12:19:24,733 WARNING django.server "GET /static/vendors/js/jquery.contextMenu.min.js.map HTTP/1.1" 404 1879
2026-07-15 12:19:25,380 WARNING django.request Not Found: /.well-known/appspecific/com.chrome.devtools.json
2026-07-15 12:19:25,381 WARNING django.server "GET /.well-known/appspecific/com.chrome.devtools.json HTTP/1.1" 404 5928
2026-07-15 12:19:27,824 WARNING django.server "GET /static/vendors/js/bootstrap.min.js.map HTTP/1.1" 404 1852
2026-07-15 12:19:27,857 WARNING django.server "GET /static/vendors/css/jquery.contextMenu.min.css.map HTTP/1.1" 404 1885
2026-07-15 12:19:28,099 WARNING django.server "GET /static/vendors/js/jquery.contextMenu.min.js.map HTTP/1.1" 404 1879
2026-07-15 12:19:28,924 WARNING django.request Not Found: /.well-known/appspecific/com.chrome.devtools.json
2026-07-15 12:19:28,925 WARNING django.server "GET /.well-known/appspecific/com.chrome.devtools.json HTTP/1.1" 404 5928
2026-07-15 12:19:35,597 WARNING django.server "GET /static/vendors/css/jquery.contextMenu.min.css.map HTTP/1.1" 404 1885
2026-07-15 12:19:35,618 WARNING django.server "GET /static/vendors/js/bootstrap.min.js.map HTTP/1.1" 404 1852
2026-07-15 12:19:35,797 WARNING django.server "GET /static/vendors/js/jquery.contextMenu.min.js.map HTTP/1.1" 404 1879
2026-07-15 12:19:36,644 WARNING django.request Not Found: /.well-known/appspecific/com.chrome.devtools.json
2026-07-15 12:19:36,645 WARNING django.server "GET /.well-known/appspecific/com.chrome.devtools.json HTTP/1.1" 404 5928
2026-07-15 12:19:38,101 WARNING django.server "GET /static/vendors/js/bootstrap.min.js.map HTTP/1.1" 404 1852
2026-07-15 12:19:38,140 WARNING django.server "GET /static/vendors/css/jquery.contextMenu.min.css.map HTTP/1.1" 404 1885
2026-07-15 12:19:38,309 WARNING django.server "GET /static/vendors/js/jquery.contextMenu.min.js.map HTTP/1.1" 404 1879
2026-07-15 12:19:39,166 WARNING django.request Not Found: /.well-known/appspecific/com.chrome.devtools.json
2026-07-15 12:19:39,167 WARNING django.server "GET /.well-known/appspecific/com.chrome.devtools.json HTTP/1.1" 404 5928
2026-07-15 12:19:40,973 WARNING django.server "GET /static/vendors/js/bootstrap.min.js.map HTTP/1.1" 404 1852
2026-07-15 12:19:41,014 WARNING django.server "GET /static/vendors/css/jquery.contextMenu.min.css.map HTTP/1.1" 404 1885
2026-07-15 12:19:41,219 WARNING django.server "GET /static/vendors/js/jquery.contextMenu.min.js.map HTTP/1.1" 404 1879
2026-07-15 12:19:42,060 WARNING django.request Not Found: /.well-known/appspecific/com.chrome.devtools.json
2026-07-15 12:19:42,062 WARNING django.server "GET /.well-known/appspecific/com.chrome.devtools.json HTTP/1.1" 404 5928
2026-07-15 12:19:48,465 WARNING django.server "GET /static/vendors/css/jquery.contextMenu.min.css.map HTTP/1.1" 404 1885
2026-07-15 12:19:48,578 WARNING django.server "GET /static/vendors/js/bootstrap.min.js.map HTTP/1.1" 404 1852
2026-07-15 12:19:48,773 WARNING django.server "GET /static/vendors/js/jquery.contextMenu.min.js.map HTTP/1.1" 404 1879
2026-07-15 12:19:49,577 WARNING django.request Not Found: /.well-known/appspecific/com.chrome.devtools.json
2026-07-15 12:19:49,579 WARNING django.server "GET /.well-known/appspecific/com.chrome.devtools.json HTTP/1.1" 404 5928
2026-07-15 12:20:13,920 WARNING django.server "GET /static/vendors/css/jquery.contextMenu.min.css.map HTTP/1.1" 404 1885
2026-07-15 12:20:13,940 WARNING django.server "GET /static/vendors/js/bootstrap.min.js.map HTTP/1.1" 404 1852
2026-07-15 12:20:14,164 WARNING django.server "GET /static/vendors/js/jquery.contextMenu.min.js.map HTTP/1.1" 404 1879
2026-07-15 12:20:14,965 WARNING django.request Not Found: /.well-known/appspecific/com.chrome.devtools.json
2026-07-15 12:20:14,968 WARNING django.server "GET /.well-known/appspecific/com.chrome.devtools.json HTTP/1.1" 404 5928
2026-07-15 12:20:16,925 WARNING django.server "GET /static/vendors/js/bootstrap.min.js.map HTTP/1.1" 404 1852
2026-07-15 12:20:16,976 WARNING django.server "GET /static/vendors/css/jquery.contextMenu.min.css.map HTTP/1.1" 404 1885
2026-07-15 12:20:17,205 WARNING django.server "GET /static/vendors/js/jquery.contextMenu.min.js.map HTTP/1.1" 404 1879
2026-07-15 12:20:17,987 WARNING django.request Not Found: /.well-known/appspecific/com.chrome.devtools.json
2026-07-15 12:20:17,989 WARNING django.server "GET /.well-known/appspecific/com.chrome.devtools.json HTTP/1.1" 404 5928
2026-07-15 12:20:40,506 WARNING django.server "GET /static/vendors/css/jquery.contextMenu.min.css.map HTTP/1.1" 404 1885
2026-07-15 12:20:40,555 WARNING django.server "GET /static/vendors/js/bootstrap.min.js.map HTTP/1.1" 404 1852
2026-07-15 12:20:40,746 WARNING django.server "GET /static/vendors/js/jquery.contextMenu.min.js.map HTTP/1.1" 404 1879
2026-07-15 12:20:41,785 WARNING django.request Not Found: /.well-known/appspecific/com.chrome.devtools.json
2026-07-15 12:20:41,786 WARNING django.server "GET /.well-known/appspecific/com.chrome.devtools.json HTTP/1.1" 404 5928
2026-07-15 12:20:47,504 WARNING django.server "GET /static/js/hoverable-collapse.js HTTP/1.1" 404 1831
2026-07-15 12:20:47,506 WARNING django.server "GET /static/js/settings.js HTTP/1.1" 404 1801
2026-07-15 12:20:47,509 WARNING django.server "GET /static/js/todolist.js HTTP/1.1" 404 1801
2026-07-15 12:20:47,517 WARNING django.request Not Found: /.well-known/appspecific/com.chrome.devtools.json
2026-07-15 12:20:47,519 WARNING django.server "GET /.well-known/appspecific/com.chrome.devtools.json HTTP/1.1" 404 5928
2026-07-15 12:20:47,569 WARNING django.server "GET /static/vendors/js/bootstrap.min.js.map HTTP/1.1" 404 1852
2026-07-15 12:20:47,585 WARNING django.server "GET /static/vendors/css/jquery.contextMenu.min.css.map HTTP/1.1" 404 1885
2026-07-15 12:20:47,784 WARNING django.server "GET /static/vendors/js/jquery.contextMenu.min.js.map HTTP/1.1" 404 1879
2026-07-15 12:20:50,733 WARNING django.security.SuspiciousSession Session data corrupted
2026-07-15 12:20:50,733 WARNING django.security.SuspiciousSession Session data corrupted
2026-07-15 12:20:50,734 WARNING django.security.SuspiciousSession Session data corrupted
2026-07-15 12:20:50,734 WARNING django.security.SuspiciousSession Session data corrupted
2026-07-15 12:20:50,735 WARNING django.security.SuspiciousSession Session data corrupted
2026-07-15 12:20:50,735 WARNING django.security.SuspiciousSession Session data corrupted
2026-07-15 12:20:50,736 WARNING django.security.SuspiciousSession Session data corrupted
2026-07-15 12:20:50,736 WARNING django.security.SuspiciousSession Session data corrupted
2026-07-15 12:20:50,736 WARNING django.security.SuspiciousSession Session data corrupted
2026-07-15 12:20:50,737 WARNING django.security.SuspiciousSession Session data corrupted
2026-07-15 12:20:50,737 WARNING django.security.SuspiciousSession Session data corrupted
2026-07-15 12:20:50,738 WARNING django.security.SuspiciousSession Session data corrupted
2026-07-15 12:20:50,739 WARNING django.security.SuspiciousSession Session data corrupted
2026-07-15 12:20:50,739 WARNING django.security.SuspiciousSession Session data corrupted
2026-07-15 12:20:50,739 WARNING django.security.SuspiciousSession Session data corrupted
2026-07-15 12:20:50,740 WARNING django.security.SuspiciousSession Session data corrupted
2026-07-15 12:20:50,740 WARNING django.security.SuspiciousSession Session data corrupted
2026-07-15 12:20:50,740 WARNING django.security.SuspiciousSession Session data corrupted
2026-07-15 12:20:50,741 WARNING django.security.SuspiciousSession Session data corrupted
2026-07-15 12:20:50,741 WARNING django.security.SuspiciousSession Session data corrupted
2026-07-15 12:20:50,741 WARNING django.security.SuspiciousSession Session data corrupted
2026-07-15 12:20:50,742 WARNING django.security.SuspiciousSession Session data corrupted
2026-07-15 12:20:50,742 WARNING django.security.SuspiciousSession Session data corrupted
2026-07-15 12:20:50,743 WARNING django.security.SuspiciousSession Session data corrupted
2026-07-15 12:20:50,743 WARNING django.security.SuspiciousSession Session data corrupted
2026-07-15 12:20:50,743 WARNING django.security.SuspiciousSession Session data corrupted
2026-07-15 12:20:50,744 WARNING django.security.SuspiciousSession Session data corrupted
2026-07-15 12:20:50,744 WARNING django.security.SuspiciousSession Session data corrupted
2026-07-15 12:20:50,745 WARNING django.security.SuspiciousSession Session data corrupted
2026-07-15 12:20:52,624 WARNING django.server "GET /static/vendors/css/jquery.contextMenu.min.css.map HTTP/1.1" 404 1885
2026-07-15 12:20:52,704 WARNING django.server "GET /static/vendors/js/bootstrap.min.js.map HTTP/1.1" 404 1852
2026-07-15 12:20:52,878 WARNING django.server "GET /static/vendors/js/jquery.contextMenu.min.js.map HTTP/1.1" 404 1879
2026-07-15 12:20:53,924 WARNING django.request Not Found: /.well-known/appspecific/com.chrome.devtools.json
2026-07-15 12:20:53,926 WARNING django.server "GET /.well-known/appspecific/com.chrome.devtools.json HTTP/1.1" 404 5928
2026-07-15 12:20:59,882 WARNING django.server "GET /static/vendors/js/bootstrap.min.js.map HTTP/1.1" 404 1852
2026-07-15 12:20:59,940 WARNING django.server "GET /static/vendors/css/jquery.contextMenu.min.css.map HTTP/1.1" 404 1885
2026-07-15 12:21:00,125 WARNING django.server "GET /static/vendors/js/jquery.contextMenu.min.js.map HTTP/1.1" 404 1879
2026-07-15 12:21:00,980 WARNING django.request Not Found: /.well-known/appspecific/com.chrome.devtools.json
2026-07-15 12:21:00,982 WARNING django.server "GET /.well-known/appspecific/com.chrome.devtools.json HTTP/1.1" 404 5928
2026-07-15 12:21:06,872 WARNING django.request The request's session was deleted before the request completed. The user may have logged out in a concurrent request, for example.: /qualityaudit
Traceback (most recent call last):
  File "C:\Users\MdHaidar.Ali\AppData\Local\Programs\Python\Python314\Lib\site-packages\django\contrib\sessions\backends\db.py", line 86, in save
    obj.save(
    ~~~~~~~~^
        force_insert=must_create, force_update=not must_create, using=using
        ^^^^^^^^^^^^^^^^^^^^^^^^^^^^^^^^^^^^^^^^^^^^^^^^^^^^^^^^^^^^^^^^^^^
    )
    ^
  File "C:\Users\MdHaidar.Ali\AppData\Local\Programs\Python\Python314\Lib\site-packages\django\db\models\base.py", line 814, in save
    self.save_base(
    ~~~~~~~~~~~~~~^
        using=using,
        ^^^^^^^^^^^^
    ...<2 lines>...
        update_fields=update_fields,
        ^^^^^^^^^^^^^^^^^^^^^^^^^^^^
    )
    ^
  File "C:\Users\MdHaidar.Ali\AppData\Local\Programs\Python\Python314\Lib\site-packages\django\db\models\base.py", line 877, in save_base
    updated = self._save_table(
        raw,
    ...<4 lines>...
        update_fields,
    )
  File "C:\Users\MdHaidar.Ali\AppData\Local\Programs\Python\Python314\Lib\site-packages\django\db\models\base.py", line 994, in _save_table
    raise DatabaseError("Forced update did not affect any rows.")
django.db.utils.DatabaseError: Forced update did not affect any rows.

During handling of the above exception, another exception occurred:

Traceback (most recent call last):
  File "C:\Users\MdHaidar.Ali\AppData\Local\Programs\Python\Python314\Lib\site-packages\django\contrib\sessions\middleware.py", line 59, in process_response
    request.session.save()
    ~~~~~~~~~~~~~~~~~~~~^^
  File "C:\Users\MdHaidar.Ali\AppData\Local\Programs\Python\Python314\Lib\site-packages\django\contrib\sessions\backends\db.py", line 95, in save
    raise UpdateError
django.contrib.sessions.backends.base.UpdateError

During handling of the above exception, another exception occurred:

Traceback (most recent call last):
  File "C:\Users\MdHaidar.Ali\AppData\Local\Programs\Python\Python314\Lib\site-packages\django\core\handlers\exception.py", line 55, in inner
    response = get_response(request)
  File "C:\Users\MdHaidar.Ali\AppData\Local\Programs\Python\Python314\Lib\site-packages\django\utils\deprecation.py", line 136, in __call__
    response = self.process_response(request, response)
  File "C:\Users\MdHaidar.Ali\AppData\Local\Programs\Python\Python314\Lib\site-packages\django\contrib\sessions\middleware.py", line 61, in process_response
    raise SessionInterrupted(
    ...<3 lines>...
    )
django.contrib.sessions.exceptions.SessionInterrupted: The request's session was deleted before the request completed. The user may have logged out in a concurrent request, for example.
2026-07-15 12:21:06,881 WARNING django.server "GET /qualityaudit HTTP/1.1" 400 110200
2026-07-15 12:21:37,604 WARNING django.server "GET /static/js/settings.js HTTP/1.1" 404 1801
2026-07-15 12:21:37,605 WARNING django.server "GET /static/js/todolist.js HTTP/1.1" 404 1801
2026-07-15 12:21:37,605 WARNING django.server "GET /static/js/hoverable-collapse.js HTTP/1.1" 404 1831
2026-07-15 12:21:43,610 WARNING django.security.SuspiciousSession Session data corrupted
2026-07-15 12:21:43,611 WARNING django.security.SuspiciousSession Session data corrupted
2026-07-15 12:21:43,611 WARNING django.security.SuspiciousSession Session data corrupted
2026-07-15 12:21:43,611 WARNING django.security.SuspiciousSession Session data corrupted
2026-07-15 12:21:43,612 WARNING django.security.SuspiciousSession Session data corrupted
2026-07-15 12:21:43,612 WARNING django.security.SuspiciousSession Session data corrupted
2026-07-15 12:21:43,612 WARNING django.security.SuspiciousSession Session data corrupted
2026-07-15 12:21:43,612 WARNING django.security.SuspiciousSession Session data corrupted
2026-07-15 12:21:43,612 WARNING django.security.SuspiciousSession Session data corrupted
2026-07-15 12:21:43,613 WARNING django.security.SuspiciousSession Session data corrupted
2026-07-15 12:21:43,613 WARNING django.security.SuspiciousSession Session data corrupted
2026-07-15 12:21:43,613 WARNING django.security.SuspiciousSession Session data corrupted
2026-07-15 12:21:43,614 WARNING django.security.SuspiciousSession Session data corrupted
2026-07-15 12:21:43,614 WARNING django.security.SuspiciousSession Session data corrupted
2026-07-15 12:21:43,614 WARNING django.security.SuspiciousSession Session data corrupted
2026-07-15 12:21:43,615 WARNING django.security.SuspiciousSession Session data corrupted
2026-07-15 12:21:43,615 WARNING django.security.SuspiciousSession Session data corrupted
2026-07-15 12:21:43,615 WARNING django.security.SuspiciousSession Session data corrupted
2026-07-15 12:21:43,616 WARNING django.security.SuspiciousSession Session data corrupted
2026-07-15 12:21:43,617 WARNING django.security.SuspiciousSession Session data corrupted
2026-07-15 12:21:43,617 WARNING django.security.SuspiciousSession Session data corrupted
2026-07-15 12:21:43,618 WARNING django.security.SuspiciousSession Session data corrupted
2026-07-15 12:21:43,618 WARNING django.security.SuspiciousSession Session data corrupted
2026-07-15 12:21:43,619 WARNING django.security.SuspiciousSession Session data corrupted
2026-07-15 12:21:43,619 WARNING django.security.SuspiciousSession Session data corrupted
2026-07-15 12:21:43,619 WARNING django.security.SuspiciousSession Session data corrupted
2026-07-15 12:21:43,620 WARNING django.security.SuspiciousSession Session data corrupted
2026-07-15 12:21:43,621 WARNING django.security.SuspiciousSession Session data corrupted
2026-07-15 12:21:43,621 WARNING django.security.SuspiciousSession Session data corrupted
2026-07-15 12:22:08,464 WARNING django.server "GET /static/vendors/js/jquery.contextMenu.min.js.map HTTP/1.1" 404 1879
2026-07-15 12:22:08,465 WARNING django.server "GET /static/vendors/js/bootstrap.min.js.map HTTP/1.1" 404 1852
2026-07-15 12:22:08,582 WARNING django.server "GET /static/vendors/css/jquery.contextMenu.min.css.map HTTP/1.1" 404 1885
2026-07-15 12:22:09,450 WARNING django.request Not Found: /.well-known/appspecific/com.chrome.devtools.json
2026-07-15 12:22:09,452 WARNING django.server "GET /.well-known/appspecific/com.chrome.devtools.json HTTP/1.1" 404 5928
2026-07-15 12:22:33,394 WARNING django.server "GET /static/vendors/css/jquery.contextMenu.min.css.map HTTP/1.1" 404 1885
2026-07-15 12:22:33,410 WARNING django.server "GET /static/vendors/js/bootstrap.min.js.map HTTP/1.1" 404 1852
2026-07-15 12:22:33,531 WARNING django.server "GET /static/vendors/js/jquery.contextMenu.min.js.map HTTP/1.1" 404 1879
2026-07-15 12:22:34,509 WARNING django.request Not Found: /.well-known/appspecific/com.chrome.devtools.json
2026-07-15 12:22:34,511 WARNING django.server "GET /.well-known/appspecific/com.chrome.devtools.json HTTP/1.1" 404 5928
2026-07-15 12:23:55,048 WARNING django.server "GET /static/vendors/css/jquery.contextMenu.min.css.map HTTP/1.1" 404 1885
2026-07-15 12:23:55,140 WARNING django.server "GET /static/vendors/js/bootstrap.min.js.map HTTP/1.1" 404 1852
2026-07-15 12:23:55,313 WARNING django.server "GET /static/vendors/js/jquery.contextMenu.min.js.map HTTP/1.1" 404 1879
2026-07-15 12:23:55,959 WARNING django.request Not Found: /.well-known/appspecific/com.chrome.devtools.json
2026-07-15 12:23:55,960 WARNING django.server "GET /.well-known/appspecific/com.chrome.devtools.json HTTP/1.1" 404 5928
2026-07-15 12:23:58,568 WARNING django.server "GET /static/vendors/js/bootstrap.min.js.map HTTP/1.1" 404 1852
2026-07-15 12:23:58,583 WARNING django.server "GET /static/vendors/css/jquery.contextMenu.min.css.map HTTP/1.1" 404 1885
2026-07-15 12:23:58,774 WARNING django.server "GET /static/vendors/js/jquery.contextMenu.min.js.map HTTP/1.1" 404 1879
2026-07-15 12:23:59,662 WARNING django.request Not Found: /.well-known/appspecific/com.chrome.devtools.json
2026-07-15 12:23:59,663 WARNING django.server "GET /.well-known/appspecific/com.chrome.devtools.json HTTP/1.1" 404 5928
2026-07-15 12:24:10,145 WARNING django.server "GET /static/js/settings.js HTTP/1.1" 404 1801
2026-07-15 12:24:10,146 WARNING django.server "GET /static/js/todolist.js HTTP/1.1" 404 1801
2026-07-15 12:24:10,146 WARNING django.server "GET /static/js/hoverable-collapse.js HTTP/1.1" 404 1831
2026-07-15 12:24:13,720 WARNING django.security.SuspiciousSession Session data corrupted
2026-07-15 12:24:13,720 WARNING django.security.SuspiciousSession Session data corrupted
2026-07-15 12:24:13,721 WARNING django.security.SuspiciousSession Session data corrupted
2026-07-15 12:24:13,721 WARNING django.security.SuspiciousSession Session data corrupted
2026-07-15 12:24:13,722 WARNING django.security.SuspiciousSession Session data corrupted
2026-07-15 12:24:13,722 WARNING django.security.SuspiciousSession Session data corrupted
2026-07-15 12:24:13,722 WARNING django.security.SuspiciousSession Session data corrupted
2026-07-15 12:24:13,722 WARNING django.security.SuspiciousSession Session data corrupted
2026-07-15 12:24:13,722 WARNING django.security.SuspiciousSession Session data corrupted
2026-07-15 12:24:13,723 WARNING django.security.SuspiciousSession Session data corrupted
2026-07-15 12:24:13,723 WARNING django.security.SuspiciousSession Session data corrupted
2026-07-15 12:24:13,723 WARNING django.security.SuspiciousSession Session data corrupted
2026-07-15 12:24:13,723 WARNING django.security.SuspiciousSession Session data corrupted
2026-07-15 12:24:13,723 WARNING django.security.SuspiciousSession Session data corrupted
2026-07-15 12:24:13,723 WARNING django.security.SuspiciousSession Session data corrupted
2026-07-15 12:24:13,727 WARNING django.security.SuspiciousSession Session data corrupted
2026-07-15 12:24:13,727 WARNING django.security.SuspiciousSession Session data corrupted
2026-07-15 12:24:13,728 WARNING django.security.SuspiciousSession Session data corrupted
2026-07-15 12:24:13,729 WARNING django.security.SuspiciousSession Session data corrupted
2026-07-15 12:24:13,730 WARNING django.security.SuspiciousSession Session data corrupted
2026-07-15 12:24:13,730 WARNING django.security.SuspiciousSession Session data corrupted
2026-07-15 12:24:13,730 WARNING django.security.SuspiciousSession Session data corrupted
2026-07-15 12:24:13,730 WARNING django.security.SuspiciousSession Session data corrupted
2026-07-15 12:24:13,731 WARNING django.security.SuspiciousSession Session data corrupted
2026-07-15 12:24:13,731 WARNING django.security.SuspiciousSession Session data corrupted
2026-07-15 12:24:13,731 WARNING django.security.SuspiciousSession Session data corrupted
2026-07-15 12:24:13,731 WARNING django.security.SuspiciousSession Session data corrupted
2026-07-15 12:24:13,731 WARNING django.security.SuspiciousSession Session data corrupted
2026-07-15 12:24:13,732 WARNING django.security.SuspiciousSession Session data corrupted
2026-07-15 12:24:21,178 WARNING django.server "GET /static/vendors/js/bootstrap.min.js.map HTTP/1.1" 404 1852
2026-07-15 12:24:21,178 WARNING django.server "GET /static/vendors/js/jquery.contextMenu.min.js.map HTTP/1.1" 404 1879
2026-07-15 12:24:21,227 WARNING django.server "GET /static/vendors/css/jquery.contextMenu.min.css.map HTTP/1.1" 404 1885
2026-07-15 12:24:22,099 WARNING django.request Not Found: /.well-known/appspecific/com.chrome.devtools.json
2026-07-15 12:24:22,099 WARNING django.server "GET /.well-known/appspecific/com.chrome.devtools.json HTTP/1.1" 404 5928
2026-07-15 12:24:35,102 WARNING django.server "GET /static/js/hoverable-collapse.js HTTP/1.1" 404 1831
2026-07-15 12:24:35,103 WARNING django.server "GET /static/js/todolist.js HTTP/1.1" 404 1801
2026-07-15 12:24:35,104 WARNING django.server "GET /static/js/settings.js HTTP/1.1" 404 1801
2026-07-15 12:24:35,162 WARNING django.request Not Found: /.well-known/appspecific/com.chrome.devtools.json
2026-07-15 12:24:35,164 WARNING django.server "GET /.well-known/appspecific/com.chrome.devtools.json HTTP/1.1" 404 5928
2026-07-15 12:24:35,180 WARNING django.server "GET /static/vendors/js/bootstrap.min.js.map HTTP/1.1" 404 1852
2026-07-15 12:24:35,200 WARNING django.server "GET /static/vendors/css/jquery.contextMenu.min.css.map HTTP/1.1" 404 1885
2026-07-15 12:24:35,400 WARNING django.server "GET /static/vendors/js/jquery.contextMenu.min.js.map HTTP/1.1" 404 1879
2026-07-15 13:01:19,893 WARNING django.server "GET /static/js/todolist.js HTTP/1.1" 404 1801
2026-07-15 13:01:19,896 WARNING django.server "GET /static/js/hoverable-collapse.js HTTP/1.1" 404 1831
2026-07-15 13:01:19,897 WARNING django.server "GET /static/js/settings.js HTTP/1.1" 404 1801
2026-07-15 13:01:19,943 WARNING django.request Not Found: /.well-known/appspecific/com.chrome.devtools.json
2026-07-15 13:01:19,945 WARNING django.server "GET /.well-known/appspecific/com.chrome.devtools.json HTTP/1.1" 404 5928
2026-07-15 13:01:20,020 WARNING django.server "GET /static/vendors/css/jquery.contextMenu.min.css.map HTTP/1.1" 404 1885
2026-07-15 13:01:20,148 WARNING django.server "GET /static/vendors/js/bootstrap.min.js.map HTTP/1.1" 404 1852
2026-07-15 13:01:20,298 WARNING django.server "GET /static/vendors/js/jquery.contextMenu.min.js.map HTTP/1.1" 404 1879
2026-07-15 13:01:25,096 WARNING django.security.SuspiciousSession Session data corrupted
2026-07-15 13:01:25,097 WARNING django.security.SuspiciousSession Session data corrupted
2026-07-15 13:01:25,098 WARNING django.security.SuspiciousSession Session data corrupted
2026-07-15 13:01:25,098 WARNING django.security.SuspiciousSession Session data corrupted
2026-07-15 13:01:25,098 WARNING django.security.SuspiciousSession Session data corrupted
2026-07-15 13:01:25,099 WARNING django.security.SuspiciousSession Session data corrupted
2026-07-15 13:01:25,099 WARNING django.security.SuspiciousSession Session data corrupted
2026-07-15 13:01:25,103 WARNING django.security.SuspiciousSession Session data corrupted
2026-07-15 13:01:25,104 WARNING django.security.SuspiciousSession Session data corrupted
2026-07-15 13:01:25,104 WARNING django.security.SuspiciousSession Session data corrupted
2026-07-15 13:01:25,104 WARNING django.security.SuspiciousSession Session data corrupted
2026-07-15 13:01:25,104 WARNING django.security.SuspiciousSession Session data corrupted
2026-07-15 13:01:25,105 WARNING django.security.SuspiciousSession Session data corrupted
2026-07-15 13:01:25,105 WARNING django.security.SuspiciousSession Session data corrupted
2026-07-15 13:01:25,105 WARNING django.security.SuspiciousSession Session data corrupted
2026-07-15 13:01:25,106 WARNING django.security.SuspiciousSession Session data corrupted
2026-07-15 13:01:25,106 WARNING django.security.SuspiciousSession Session data corrupted
2026-07-15 13:01:25,107 WARNING django.security.SuspiciousSession Session data corrupted
2026-07-15 13:01:25,108 WARNING django.security.SuspiciousSession Session data corrupted
2026-07-15 13:01:25,111 WARNING django.security.SuspiciousSession Session data corrupted
2026-07-15 13:01:25,111 WARNING django.security.SuspiciousSession Session data corrupted
2026-07-15 13:01:25,112 WARNING django.security.SuspiciousSession Session data corrupted
2026-07-15 13:01:25,112 WARNING django.security.SuspiciousSession Session data corrupted
2026-07-15 13:01:25,112 WARNING django.security.SuspiciousSession Session data corrupted
2026-07-15 13:01:25,113 WARNING django.security.SuspiciousSession Session data corrupted
2026-07-15 13:01:25,113 WARNING django.security.SuspiciousSession Session data corrupted
2026-07-15 13:01:25,113 WARNING django.security.SuspiciousSession Session data corrupted
2026-07-15 13:01:25,113 WARNING django.security.SuspiciousSession Session data corrupted
2026-07-15 13:01:25,114 WARNING django.security.SuspiciousSession Session data corrupted
2026-07-15 13:01:25,114 WARNING django.security.SuspiciousSession Session data corrupted
2026-07-15 13:01:26,777 WARNING django.server "GET /static/vendors/css/jquery.contextMenu.min.css.map HTTP/1.1" 404 1885
2026-07-15 13:01:26,972 WARNING django.server "GET /static/vendors/js/bootstrap.min.js.map HTTP/1.1" 404 1852
2026-07-15 13:01:27,213 WARNING django.server "GET /static/vendors/js/jquery.contextMenu.min.js.map HTTP/1.1" 404 1879
2026-07-15 13:01:27,815 WARNING django.request Not Found: /.well-known/appspecific/com.chrome.devtools.json
2026-07-15 13:01:27,816 WARNING django.server "GET /.well-known/appspecific/com.chrome.devtools.json HTTP/1.1" 404 5928
2026-07-15 13:01:29,401 WARNING django.server "GET /static/vendors/js/bootstrap.min.js.map HTTP/1.1" 404 1852
2026-07-15 13:01:29,447 WARNING django.server "GET /static/vendors/css/jquery.contextMenu.min.css.map HTTP/1.1" 404 1885
2026-07-15 13:01:29,626 WARNING django.server "GET /static/vendors/js/jquery.contextMenu.min.js.map HTTP/1.1" 404 1879
2026-07-15 13:01:30,482 WARNING django.request Not Found: /.well-known/appspecific/com.chrome.devtools.json
2026-07-15 13:01:30,484 WARNING django.server "GET /.well-known/appspecific/com.chrome.devtools.json HTTP/1.1" 404 5928
2026-07-15 13:01:32,835 WARNING django.server "GET /static/vendors/js/bootstrap.min.js.map HTTP/1.1" 404 1852
2026-07-15 13:01:32,859 WARNING django.server "GET /static/vendors/css/jquery.contextMenu.min.css.map HTTP/1.1" 404 1885
2026-07-15 13:01:33,039 WARNING django.server "GET /static/vendors/js/jquery.contextMenu.min.js.map HTTP/1.1" 404 1879
2026-07-15 13:01:33,900 WARNING django.request Not Found: /.well-known/appspecific/com.chrome.devtools.json
2026-07-15 13:01:33,902 WARNING django.server "GET /.well-known/appspecific/com.chrome.devtools.json HTTP/1.1" 404 5928
2026-07-15 13:01:35,250 WARNING django.server "GET /static/vendors/css/jquery.contextMenu.min.css.map HTTP/1.1" 404 1885
2026-07-15 13:01:35,258 WARNING django.server "GET /static/vendors/js/bootstrap.min.js.map HTTP/1.1" 404 1852
2026-07-15 13:01:35,437 WARNING django.server "GET /static/vendors/js/jquery.contextMenu.min.js.map HTTP/1.1" 404 1879
2026-07-15 13:01:36,296 WARNING django.request Not Found: /.well-known/appspecific/com.chrome.devtools.json
2026-07-15 13:01:36,297 WARNING django.server "GET /.well-known/appspecific/com.chrome.devtools.json HTTP/1.1" 404 5928
2026-07-15 13:01:40,902 WARNING quality.ratelimit Rate limit exceeded scope=exportdata ident=18630 path=/exportdata
2026-07-15 13:01:41,233 WARNING quality.ratelimit Rate limit exceeded scope=exportdata ident=18630 path=/exportdata
2026-07-15 13:01:41,499 WARNING quality.ratelimit Rate limit exceeded scope=exportdata ident=18630 path=/exportdata
2026-07-15 13:01:41,631 WARNING django.request Too Many Requests: /exportdata
2026-07-15 13:01:41,632 WARNING django.server "GET /exportdata?project=141&export=quality HTTP/1.1" 429 75
2026-07-15 13:01:41,773 WARNING quality.ratelimit Rate limit exceeded scope=exportdata ident=18630 path=/exportdata
2026-07-15 13:01:42,015 WARNING django.request Too Many Requests: /exportdata
2026-07-15 13:01:42,016 WARNING django.server "GET /exportdata?project=141&export=quality HTTP/1.1" 429 75
2026-07-15 13:01:42,287 WARNING django.request Too Many Requests: /exportdata
2026-07-15 13:01:42,288 WARNING django.server "GET /exportdata?project=141&export=quality HTTP/1.1" 429 75
2026-07-15 13:01:42,325 WARNING quality.ratelimit Rate limit exceeded scope=exportdata ident=18630 path=/exportdata
2026-07-15 13:01:42,599 WARNING django.request Too Many Requests: /exportdata
2026-07-15 13:01:42,600 WARNING django.server "GET /exportdata?project=141&export=quality HTTP/1.1" 429 75
2026-07-15 13:01:43,302 WARNING django.request Too Many Requests: /exportdata
2026-07-15 13:01:43,303 WARNING django.server "GET /exportdata?project=141&export=quality HTTP/1.1" 429 75
2026-07-15 13:01:43,924 WARNING quality.ratelimit Rate limit exceeded scope=exportdata ident=18630 path=/exportdata
2026-07-15 13:01:44,732 WARNING quality.ratelimit Rate limit exceeded scope=exportdata ident=18630 path=/exportdata
2026-07-15 13:01:45,845 WARNING django.request Too Many Requests: /exportdata
2026-07-15 13:01:45,847 WARNING django.server "GET /exportdata?project=141&export=quality HTTP/1.1" 429 75
2026-07-15 13:01:46,521 WARNING quality.ratelimit Rate limit exceeded scope=exportdata ident=18630 path=/exportdata
2026-07-15 13:01:46,560 WARNING django.request Too Many Requests: /exportdata
2026-07-15 13:01:46,562 WARNING django.server "GET /exportdata?project=141&export=quality HTTP/1.1" 429 75
2026-07-15 13:01:47,486 WARNING quality.ratelimit Rate limit exceeded scope=exportdata ident=18630 path=/exportdata
2026-07-15 13:01:48,068 WARNING quality.ratelimit Rate limit exceeded scope=exportdata ident=18630 path=/exportdata
2026-07-15 13:01:48,420 WARNING django.request Too Many Requests: /exportdata
2026-07-15 13:01:48,421 WARNING django.server "GET /exportdata?project=141&export=quality HTTP/1.1" 429 75
2026-07-15 13:01:49,489 WARNING django.request Too Many Requests: /exportdata
2026-07-15 13:01:49,490 WARNING django.server "GET /exportdata?project=141&export=quality HTTP/1.1" 429 75
2026-07-15 13:01:50,128 WARNING django.request Too Many Requests: /exportdata
2026-07-15 13:01:50,130 WARNING django.server "GET /exportdata?project=141&export=quality HTTP/1.1" 429 75
2026-07-15 13:02:00,259 WARNING django.request Not Found: /.well-known/appspecific/com.chrome.devtools.json
2026-07-15 13:02:00,261 WARNING django.server "GET /.well-known/appspecific/com.chrome.devtools.json HTTP/1.1" 404 5928
2026-07-15 15:47:02,386 WARNING django.server "GET /static/js/hoverable-collapse.js HTTP/1.1" 404 1831
2026-07-15 15:47:02,554 WARNING django.server "GET /static/js/settings.js HTTP/1.1" 404 1801
2026-07-15 15:47:02,557 WARNING django.server "GET /static/js/todolist.js HTTP/1.1" 404 1801
2026-07-15 15:47:50,970 WARNING django.security.SuspiciousSession Session data corrupted
2026-07-15 15:47:50,971 WARNING django.security.SuspiciousSession Session data corrupted
2026-07-15 15:47:50,971 WARNING django.security.SuspiciousSession Session data corrupted
2026-07-15 15:47:50,971 WARNING django.security.SuspiciousSession Session data corrupted
2026-07-15 15:47:50,972 WARNING django.security.SuspiciousSession Session data corrupted
2026-07-15 15:47:50,972 WARNING django.security.SuspiciousSession Session data corrupted
2026-07-15 15:47:50,972 WARNING django.security.SuspiciousSession Session data corrupted
2026-07-15 15:47:50,973 WARNING django.security.SuspiciousSession Session data corrupted
2026-07-15 15:47:50,973 WARNING django.security.SuspiciousSession Session data corrupted
2026-07-15 15:47:50,973 WARNING django.security.SuspiciousSession Session data corrupted
2026-07-15 15:47:50,977 WARNING django.security.SuspiciousSession Session data corrupted
2026-07-15 15:47:50,977 WARNING django.security.SuspiciousSession Session data corrupted
2026-07-15 15:47:50,978 WARNING django.security.SuspiciousSession Session data corrupted
2026-07-15 15:47:50,978 WARNING django.security.SuspiciousSession Session data corrupted
2026-07-15 15:47:50,978 WARNING django.security.SuspiciousSession Session data corrupted
2026-07-15 15:47:50,978 WARNING django.security.SuspiciousSession Session data corrupted
2026-07-15 15:47:50,978 WARNING django.security.SuspiciousSession Session data corrupted
2026-07-15 15:47:50,979 WARNING django.security.SuspiciousSession Session data corrupted
2026-07-15 15:47:50,980 WARNING django.security.SuspiciousSession Session data corrupted
2026-07-15 15:47:50,980 WARNING django.security.SuspiciousSession Session data corrupted
2026-07-15 15:47:50,981 WARNING django.security.SuspiciousSession Session data corrupted
2026-07-15 15:47:50,981 WARNING django.security.SuspiciousSession Session data corrupted
2026-07-15 15:47:50,981 WARNING django.security.SuspiciousSession Session data corrupted
2026-07-15 15:47:50,982 WARNING django.security.SuspiciousSession Session data corrupted
2026-07-15 15:47:50,982 WARNING django.security.SuspiciousSession Session data corrupted
2026-07-15 15:47:50,983 WARNING django.security.SuspiciousSession Session data corrupted
2026-07-15 15:47:50,989 WARNING django.security.SuspiciousSession Session data corrupted
2026-07-15 15:47:50,991 WARNING django.security.SuspiciousSession Session data corrupted
2026-07-15 15:47:50,991 WARNING django.security.SuspiciousSession Session data corrupted
2026-07-15 15:47:50,992 WARNING django.security.SuspiciousSession Session data corrupted
2026-07-15 15:47:50,992 WARNING django.security.SuspiciousSession Session data corrupted
2026-07-15 15:47:50,993 WARNING django.security.SuspiciousSession Session data corrupted
2026-07-15 15:47:50,993 WARNING django.security.SuspiciousSession Session data corrupted
2026-07-15 15:47:50,993 WARNING django.security.SuspiciousSession Session data corrupted
2026-07-15 15:47:50,994 WARNING django.security.SuspiciousSession Session data corrupted
2026-07-15 15:47:50,994 WARNING django.security.SuspiciousSession Session data corrupted
2026-07-15 19:29:39,899 WARNING django.security.SuspiciousSession Session data corrupted
2026-07-16 11:43:03,597 WARNING django.server "GET /static/js/todolist.js HTTP/1.1" 404 1801
2026-07-16 11:43:03,597 WARNING django.server "GET /static/js/settings.js HTTP/1.1" 404 1801
2026-07-16 11:43:03,598 WARNING django.server "GET /static/js/hoverable-collapse.js HTTP/1.1" 404 1831
2026-07-16 11:43:18,575 WARNING django.server "GET /static/js/hoverable-collapse.js HTTP/1.1" 404 1831
2026-07-16 11:43:18,576 WARNING django.server "GET /static/js/todolist.js HTTP/1.1" 404 1801
2026-07-16 11:43:18,577 WARNING django.server "GET /static/js/settings.js HTTP/1.1" 404 1801
2026-07-16 11:43:28,394 WARNING django.security.SuspiciousSession Session data corrupted
2026-07-16 11:43:28,395 WARNING django.security.SuspiciousSession Session data corrupted
2026-07-16 11:43:28,395 WARNING django.security.SuspiciousSession Session data corrupted
2026-07-16 11:43:28,395 WARNING django.security.SuspiciousSession Session data corrupted
2026-07-16 11:43:28,396 WARNING django.security.SuspiciousSession Session data corrupted
2026-07-16 11:43:28,396 WARNING django.security.SuspiciousSession Session data corrupted
2026-07-16 11:43:28,396 WARNING django.security.SuspiciousSession Session data corrupted
2026-07-16 11:43:28,397 WARNING django.security.SuspiciousSession Session data corrupted
2026-07-16 11:43:28,397 WARNING django.security.SuspiciousSession Session data corrupted
2026-07-16 11:43:28,397 WARNING django.security.SuspiciousSession Session data corrupted
2026-07-16 11:43:28,397 WARNING django.security.SuspiciousSession Session data corrupted
2026-07-16 11:43:28,398 WARNING django.security.SuspiciousSession Session data corrupted
2026-07-16 11:43:28,398 WARNING django.security.SuspiciousSession Session data corrupted
2026-07-16 11:43:28,399 WARNING django.security.SuspiciousSession Session data corrupted
2026-07-16 11:43:28,399 WARNING django.security.SuspiciousSession Session data corrupted
2026-07-16 11:43:28,400 WARNING django.security.SuspiciousSession Session data corrupted
2026-07-16 11:43:28,400 WARNING django.security.SuspiciousSession Session data corrupted
2026-07-16 11:43:28,401 WARNING django.security.SuspiciousSession Session data corrupted
2026-07-16 11:43:28,401 WARNING django.security.SuspiciousSession Session data corrupted
2026-07-16 11:43:28,401 WARNING django.security.SuspiciousSession Session data corrupted
2026-07-16 11:43:28,402 WARNING django.security.SuspiciousSession Session data corrupted
2026-07-16 11:43:28,402 WARNING django.security.SuspiciousSession Session data corrupted
2026-07-16 11:43:28,402 WARNING django.security.SuspiciousSession Session data corrupted
2026-07-16 11:43:28,403 WARNING django.security.SuspiciousSession Session data corrupted
2026-07-16 11:43:38,741 WARNING django.request Not Found: /logout/
2026-07-16 11:43:38,744 WARNING django.server "GET /logout/ HTTP/1.1" 404 5805
2026-07-16 11:43:44,902 WARNING django.request Not Found: /logout/
2026-07-16 11:43:44,903 WARNING django.server "GET /logout/ HTTP/1.1" 404 5805
2026-07-16 11:44:10,499 WARNING django.request Not Found: /logout/
2026-07-16 11:44:10,503 WARNING django.server "GET /logout/ HTTP/1.1" 404 5805
2026-07-16 11:46:46,286 WARNING django.request Not Found: /logout/
2026-07-16 11:46:46,287 WARNING django.server "GET /logout/ HTTP/1.1" 404 5805
2026-07-16 11:49:28,712 WARNING django.request Not Found: /logout/
2026-07-16 11:49:28,713 WARNING django.server "GET /logout/ HTTP/1.1" 404 5805
2026-07-16 11:49:33,036 WARNING django.request Not Found: /logout/
2026-07-16 11:49:33,037 WARNING django.server "GET /logout/ HTTP/1.1" 404 5805
2026-07-16 11:50:35,849 WARNING django.server "GET /static/js/hoverable-collapse.js HTTP/1.1" 404 1831
2026-07-16 11:50:35,850 WARNING django.server "GET /static/js/todolist.js HTTP/1.1" 404 1801
2026-07-16 11:50:35,853 WARNING django.server "GET /static/js/settings.js HTTP/1.1" 404 1801
2026-07-16 11:50:40,447 WARNING django.security.SuspiciousSession Session data corrupted
2026-07-16 11:50:40,447 WARNING django.security.SuspiciousSession Session data corrupted
2026-07-16 11:50:40,449 WARNING django.security.SuspiciousSession Session data corrupted
2026-07-16 11:50:40,450 WARNING django.security.SuspiciousSession Session data corrupted
2026-07-16 11:50:40,450 WARNING django.security.SuspiciousSession Session data corrupted
2026-07-16 11:50:40,450 WARNING django.security.SuspiciousSession Session data corrupted
2026-07-16 11:50:40,451 WARNING django.security.SuspiciousSession Session data corrupted
2026-07-16 11:50:40,451 WARNING django.security.SuspiciousSession Session data corrupted
2026-07-16 11:50:40,452 WARNING django.security.SuspiciousSession Session data corrupted
2026-07-16 11:50:40,452 WARNING django.security.SuspiciousSession Session data corrupted
2026-07-16 11:50:40,453 WARNING django.security.SuspiciousSession Session data corrupted
2026-07-16 11:50:40,453 WARNING django.security.SuspiciousSession Session data corrupted
2026-07-16 11:50:40,454 WARNING django.security.SuspiciousSession Session data corrupted
2026-07-16 11:50:40,455 WARNING django.security.SuspiciousSession Session data corrupted
2026-07-16 11:50:40,455 WARNING django.security.SuspiciousSession Session data corrupted
2026-07-16 11:50:40,456 WARNING django.security.SuspiciousSession Session data corrupted
2026-07-16 11:50:40,456 WARNING django.security.SuspiciousSession Session data corrupted
2026-07-16 11:50:40,457 WARNING django.security.SuspiciousSession Session data corrupted
2026-07-16 11:50:40,457 WARNING django.security.SuspiciousSession Session data corrupted
2026-07-16 11:50:40,457 WARNING django.security.SuspiciousSession Session data corrupted
2026-07-16 11:50:40,458 WARNING django.security.SuspiciousSession Session data corrupted
2026-07-16 11:50:40,458 WARNING django.security.SuspiciousSession Session data corrupted
2026-07-16 11:50:40,459 WARNING django.security.SuspiciousSession Session data corrupted
2026-07-16 11:50:44,830 WARNING django.server "GET /static/js/hoverable-collapse.js HTTP/1.1" 404 1831
2026-07-16 11:50:44,831 WARNING django.server "GET /static/js/todolist.js HTTP/1.1" 404 1801
2026-07-16 11:50:44,831 WARNING django.server "GET /static/js/settings.js HTTP/1.1" 404 1801
2026-07-16 11:50:51,112 WARNING django.security.SuspiciousSession Session data corrupted
2026-07-16 11:50:51,112 WARNING django.security.SuspiciousSession Session data corrupted
2026-07-16 11:50:51,113 WARNING django.security.SuspiciousSession Session data corrupted
2026-07-16 11:50:51,113 WARNING django.security.SuspiciousSession Session data corrupted
2026-07-16 11:50:51,113 WARNING django.security.SuspiciousSession Session data corrupted
2026-07-16 11:50:51,114 WARNING django.security.SuspiciousSession Session data corrupted
2026-07-16 11:50:51,114 WARNING django.security.SuspiciousSession Session data corrupted
2026-07-16 11:50:51,114 WARNING django.security.SuspiciousSession Session data corrupted
2026-07-16 11:50:51,115 WARNING django.security.SuspiciousSession Session data corrupted
2026-07-16 11:50:51,115 WARNING django.security.SuspiciousSession Session data corrupted
2026-07-16 11:50:51,115 WARNING django.security.SuspiciousSession Session data corrupted
2026-07-16 11:50:51,115 WARNING django.security.SuspiciousSession Session data corrupted
2026-07-16 11:50:51,116 WARNING django.security.SuspiciousSession Session data corrupted
2026-07-16 11:50:51,116 WARNING django.security.SuspiciousSession Session data corrupted
2026-07-16 11:50:51,117 WARNING django.security.SuspiciousSession Session data corrupted
2026-07-16 11:50:51,117 WARNING django.security.SuspiciousSession Session data corrupted
2026-07-16 11:50:51,118 WARNING django.security.SuspiciousSession Session data corrupted
2026-07-16 11:50:51,119 WARNING django.security.SuspiciousSession Session data corrupted
2026-07-16 11:50:51,119 WARNING django.security.SuspiciousSession Session data corrupted
2026-07-16 11:50:51,120 WARNING django.security.SuspiciousSession Session data corrupted
2026-07-16 11:50:51,120 WARNING django.security.SuspiciousSession Session data corrupted
2026-07-16 11:50:51,122 WARNING django.security.SuspiciousSession Session data corrupted
2026-07-16 11:50:51,122 WARNING django.security.SuspiciousSession Session data corrupted
2026-07-16 11:50:57,097 WARNING django.server "GET /static/js/hoverable-collapse.js HTTP/1.1" 404 1831
2026-07-16 11:50:57,100 WARNING django.server "GET /static/js/settings.js HTTP/1.1" 404 1801
2026-07-16 11:50:57,100 WARNING django.server "GET /static/js/todolist.js HTTP/1.1" 404 1801
2026-07-16 11:51:01,901 WARNING django.security.SuspiciousSession Session data corrupted
2026-07-16 11:51:01,902 WARNING django.security.SuspiciousSession Session data corrupted
2026-07-16 11:51:01,902 WARNING django.security.SuspiciousSession Session data corrupted
2026-07-16 11:51:01,902 WARNING django.security.SuspiciousSession Session data corrupted
2026-07-16 11:51:01,903 WARNING django.security.SuspiciousSession Session data corrupted
2026-07-16 11:51:01,903 WARNING django.security.SuspiciousSession Session data corrupted
2026-07-16 11:51:01,903 WARNING django.security.SuspiciousSession Session data corrupted
2026-07-16 11:51:01,904 WARNING django.security.SuspiciousSession Session data corrupted
2026-07-16 11:51:01,904 WARNING django.security.SuspiciousSession Session data corrupted
2026-07-16 11:51:01,904 WARNING django.security.SuspiciousSession Session data corrupted
2026-07-16 11:51:01,905 WARNING django.security.SuspiciousSession Session data corrupted
2026-07-16 11:51:01,905 WARNING django.security.SuspiciousSession Session data corrupted
2026-07-16 11:51:01,905 WARNING django.security.SuspiciousSession Session data corrupted
2026-07-16 11:51:01,906 WARNING django.security.SuspiciousSession Session data corrupted
2026-07-16 11:51:01,906 WARNING django.security.SuspiciousSession Session data corrupted
2026-07-16 11:51:01,907 WARNING django.security.SuspiciousSession Session data corrupted
2026-07-16 11:51:01,907 WARNING django.security.SuspiciousSession Session data corrupted
2026-07-16 11:51:01,907 WARNING django.security.SuspiciousSession Session data corrupted
2026-07-16 11:51:01,908 WARNING django.security.SuspiciousSession Session data corrupted
2026-07-16 11:51:01,908 WARNING django.security.SuspiciousSession Session data corrupted
2026-07-16 11:51:01,908 WARNING django.security.SuspiciousSession Session data corrupted
2026-07-16 11:51:01,909 WARNING django.security.SuspiciousSession Session data corrupted
2026-07-16 11:51:01,909 WARNING django.security.SuspiciousSession Session data corrupted
2026-07-16 11:51:20,904 WARNING django.server "GET /static/js/hoverable-collapse.js HTTP/1.1" 404 1831
2026-07-16 11:51:20,905 WARNING django.server "GET /static/js/settings.js HTTP/1.1" 404 1801
2026-07-16 11:51:20,905 WARNING django.server "GET /static/js/todolist.js HTTP/1.1" 404 1801
2026-07-16 11:51:24,604 WARNING django.security.SuspiciousSession Session data corrupted
2026-07-16 11:51:24,604 WARNING django.security.SuspiciousSession Session data corrupted
2026-07-16 11:51:24,605 WARNING django.security.SuspiciousSession Session data corrupted
2026-07-16 11:51:24,605 WARNING django.security.SuspiciousSession Session data corrupted
2026-07-16 11:51:24,605 WARNING django.security.SuspiciousSession Session data corrupted
2026-07-16 11:51:24,605 WARNING django.security.SuspiciousSession Session data corrupted
2026-07-16 11:51:24,606 WARNING django.security.SuspiciousSession Session data corrupted
2026-07-16 11:51:24,606 WARNING django.security.SuspiciousSession Session data corrupted
2026-07-16 11:51:24,606 WARNING django.security.SuspiciousSession Session data corrupted
2026-07-16 11:51:24,606 WARNING django.security.SuspiciousSession Session data corrupted
2026-07-16 11:51:24,607 WARNING django.security.SuspiciousSession Session data corrupted
2026-07-16 11:51:24,607 WARNING django.security.SuspiciousSession Session data corrupted
2026-07-16 11:51:24,607 WARNING django.security.SuspiciousSession Session data corrupted
2026-07-16 11:51:24,608 WARNING django.security.SuspiciousSession Session data corrupted
2026-07-16 11:51:24,613 WARNING django.security.SuspiciousSession Session data corrupted
2026-07-16 11:51:24,613 WARNING django.security.SuspiciousSession Session data corrupted
2026-07-16 11:51:24,624 WARNING django.security.SuspiciousSession Session data corrupted
2026-07-16 11:51:24,624 WARNING django.security.SuspiciousSession Session data corrupted
2026-07-16 11:51:24,624 WARNING django.security.SuspiciousSession Session data corrupted
2026-07-16 11:51:24,625 WARNING django.security.SuspiciousSession Session data corrupted
2026-07-16 11:51:24,628 WARNING django.security.SuspiciousSession Session data corrupted
2026-07-16 11:51:24,629 WARNING django.security.SuspiciousSession Session data corrupted
2026-07-16 11:51:24,629 WARNING django.security.SuspiciousSession Session data corrupted
2026-07-16 11:51:37,328 WARNING django.server "GET /static/js/hoverable-collapse.js HTTP/1.1" 404 1831
2026-07-16 11:51:37,334 WARNING django.server "GET /static/js/settings.js HTTP/1.1" 404 1801
2026-07-16 11:51:37,334 WARNING django.server "GET /static/js/todolist.js HTTP/1.1" 404 1801
2026-07-16 11:51:40,687 WARNING django.security.SuspiciousSession Session data corrupted
2026-07-16 11:51:40,688 WARNING django.security.SuspiciousSession Session data corrupted
2026-07-16 11:51:40,688 WARNING django.security.SuspiciousSession Session data corrupted
2026-07-16 11:51:40,688 WARNING django.security.SuspiciousSession Session data corrupted
2026-07-16 11:51:40,689 WARNING django.security.SuspiciousSession Session data corrupted
2026-07-16 11:51:40,689 WARNING django.security.SuspiciousSession Session data corrupted
2026-07-16 11:51:40,690 WARNING django.security.SuspiciousSession Session data corrupted
2026-07-16 11:51:40,690 WARNING django.security.SuspiciousSession Session data corrupted
2026-07-16 11:51:40,690 WARNING django.security.SuspiciousSession Session data corrupted
2026-07-16 11:51:40,691 WARNING django.security.SuspiciousSession Session data corrupted
2026-07-16 11:51:40,691 WARNING django.security.SuspiciousSession Session data corrupted
2026-07-16 11:51:40,691 WARNING django.security.SuspiciousSession Session data corrupted
2026-07-16 11:51:40,692 WARNING django.security.SuspiciousSession Session data corrupted
2026-07-16 11:51:40,692 WARNING django.security.SuspiciousSession Session data corrupted
2026-07-16 11:51:40,692 WARNING django.security.SuspiciousSession Session data corrupted
2026-07-16 11:51:40,692 WARNING django.security.SuspiciousSession Session data corrupted
2026-07-16 11:51:40,692 WARNING django.security.SuspiciousSession Session data corrupted
2026-07-16 11:51:40,693 WARNING django.security.SuspiciousSession Session data corrupted
2026-07-16 11:51:40,693 WARNING django.security.SuspiciousSession Session data corrupted
2026-07-16 11:51:40,694 WARNING django.security.SuspiciousSession Session data corrupted
2026-07-16 11:51:40,694 WARNING django.security.SuspiciousSession Session data corrupted
2026-07-16 11:51:40,694 WARNING django.security.SuspiciousSession Session data corrupted
2026-07-16 11:51:40,695 WARNING django.security.SuspiciousSession Session data corrupted
2026-07-16 11:51:53,767 WARNING django.request Not Found: /v2/dahboard
2026-07-16 11:51:53,769 WARNING django.server "GET /v2/dahboard HTTP/1.1" 404 5818
2026-07-16 13:04:16,037 WARNING django.security.SuspiciousSession Session data corrupted
2026-07-16 13:04:16,176 WARNING django.server "GET /static/js/hoverable-collapse.js HTTP/1.1" 404 1831
2026-07-16 13:04:16,176 WARNING django.server "GET /static/js/todolist.js HTTP/1.1" 404 1801
2026-07-16 13:04:16,177 WARNING django.server "GET /static/js/settings.js HTTP/1.1" 404 1801
2026-07-16 13:04:29,748 WARNING django.security.SuspiciousSession Session data corrupted
2026-07-16 13:04:29,749 WARNING django.security.SuspiciousSession Session data corrupted
2026-07-16 13:04:29,749 WARNING django.security.SuspiciousSession Session data corrupted
2026-07-16 13:04:29,750 WARNING django.security.SuspiciousSession Session data corrupted
2026-07-16 13:04:29,750 WARNING django.security.SuspiciousSession Session data corrupted
2026-07-16 13:04:29,750 WARNING django.security.SuspiciousSession Session data corrupted
2026-07-16 13:04:29,750 WARNING django.security.SuspiciousSession Session data corrupted
2026-07-16 13:04:29,751 WARNING django.security.SuspiciousSession Session data corrupted
2026-07-16 13:04:29,751 WARNING django.security.SuspiciousSession Session data corrupted
2026-07-16 13:04:29,751 WARNING django.security.SuspiciousSession Session data corrupted
2026-07-16 13:04:29,751 WARNING django.security.SuspiciousSession Session data corrupted
2026-07-16 13:04:29,752 WARNING django.security.SuspiciousSession Session data corrupted
2026-07-16 13:04:29,752 WARNING django.security.SuspiciousSession Session data corrupted
2026-07-16 13:04:29,753 WARNING django.security.SuspiciousSession Session data corrupted
2026-07-16 13:04:29,753 WARNING django.security.SuspiciousSession Session data corrupted
2026-07-16 13:04:29,753 WARNING django.security.SuspiciousSession Session data corrupted
2026-07-16 13:04:29,753 WARNING django.security.SuspiciousSession Session data corrupted
2026-07-16 13:04:29,754 WARNING django.security.SuspiciousSession Session data corrupted
2026-07-16 13:04:29,754 WARNING django.security.SuspiciousSession Session data corrupted
2026-07-16 13:04:29,754 WARNING django.security.SuspiciousSession Session data corrupted
2026-07-16 13:04:29,754 WARNING django.security.SuspiciousSession Session data corrupted
2026-07-16 13:04:29,755 WARNING django.security.SuspiciousSession Session data corrupted
2026-07-16 13:04:29,755 WARNING django.security.SuspiciousSession Session data corrupted
2026-07-16 13:04:29,755 WARNING django.security.SuspiciousSession Session data corrupted
2026-07-16 13:04:48,165 WARNING django.server "GET /static/js/todolist.js HTTP/1.1" 404 1801
2026-07-16 13:04:48,166 WARNING django.server "GET /static/js/hoverable-collapse.js HTTP/1.1" 404 1831
2026-07-16 13:04:48,166 WARNING django.server "GET /static/js/settings.js HTTP/1.1" 404 1801
2026-07-16 13:05:00,778 WARNING django.server "GET /static/js/hoverable-collapse.js HTTP/1.1" 404 1831
2026-07-16 13:05:00,779 WARNING django.server "GET /static/js/todolist.js HTTP/1.1" 404 1801
2026-07-16 13:05:00,779 WARNING django.server "GET /static/js/settings.js HTTP/1.1" 404 1801
2026-07-16 13:05:19,953 WARNING django.security.SuspiciousSession Session data corrupted
2026-07-16 13:05:20,026 WARNING django.server "GET /static/js/hoverable-collapse.js HTTP/1.1" 404 1831
2026-07-16 13:05:20,026 WARNING django.server "GET /static/js/todolist.js HTTP/1.1" 404 1801
2026-07-16 13:05:20,026 WARNING django.server "GET /static/js/settings.js HTTP/1.1" 404 1801
2026-07-16 13:05:25,561 WARNING django.security.SuspiciousSession Session data corrupted
2026-07-16 13:05:25,561 WARNING django.security.SuspiciousSession Session data corrupted
2026-07-16 13:05:25,562 WARNING django.security.SuspiciousSession Session data corrupted
2026-07-16 13:05:25,562 WARNING django.security.SuspiciousSession Session data corrupted
2026-07-16 13:05:25,562 WARNING django.security.SuspiciousSession Session data corrupted
2026-07-16 13:05:25,563 WARNING django.security.SuspiciousSession Session data corrupted
2026-07-16 13:05:25,563 WARNING django.security.SuspiciousSession Session data corrupted
2026-07-16 13:05:25,563 WARNING django.security.SuspiciousSession Session data corrupted
2026-07-16 13:05:25,563 WARNING django.security.SuspiciousSession Session data corrupted
2026-07-16 13:05:25,564 WARNING django.security.SuspiciousSession Session data corrupted
2026-07-16 13:05:25,564 WARNING django.security.SuspiciousSession Session data corrupted
2026-07-16 13:05:25,564 WARNING django.security.SuspiciousSession Session data corrupted
2026-07-16 13:05:25,565 WARNING django.security.SuspiciousSession Session data corrupted
2026-07-16 13:05:25,565 WARNING django.security.SuspiciousSession Session data corrupted
2026-07-16 13:05:25,566 WARNING django.security.SuspiciousSession Session data corrupted
2026-07-16 13:05:25,566 WARNING django.security.SuspiciousSession Session data corrupted
2026-07-16 13:05:25,566 WARNING django.security.SuspiciousSession Session data corrupted
2026-07-16 13:05:25,567 WARNING django.security.SuspiciousSession Session data corrupted
2026-07-16 13:05:25,567 WARNING django.security.SuspiciousSession Session data corrupted
2026-07-16 13:05:25,567 WARNING django.security.SuspiciousSession Session data corrupted
2026-07-16 13:05:25,568 WARNING django.security.SuspiciousSession Session data corrupted
2026-07-16 13:05:25,568 WARNING django.security.SuspiciousSession Session data corrupted
2026-07-16 13:05:25,568 WARNING django.security.SuspiciousSession Session data corrupted
2026-08-22 16:02:50,602 WARNING django.server "GET /static/js/hoverable-collapse.js HTTP/1.1" 404 1886
2026-08-22 16:02:50,614 WARNING django.server "GET /static/js/todolist.js HTTP/1.1" 404 1856
2026-08-22 16:02:50,615 WARNING django.server "GET /static/js/settings.js HTTP/1.1" 404 1856
2026-08-22 16:03:04,704 WARNING django.request Not Found: /favicon.ico
2026-08-22 16:03:04,706 WARNING django.server "GET /favicon.ico HTTP/1.1" 404 7679
2026-08-22 16:04:53,821 DEBUG tzlocal Looking up time zone info from registry
2026-08-22 16:28:00,004 ERROR django.security.DisallowedHost Invalid HTTP_HOST header: '172.21.13.27:8011'. You may need to add '172.21.13.27' to ALLOWED_HOSTS.
Traceback (most recent call last):
  File "C:\Python314\Lib\site-packages\django\core\handlers\exception.py", line 55, in inner
    response = get_response(request)
  File "C:\Python314\Lib\site-packages\django\utils\deprecation.py", line 119, in __call__
    response = self.process_request(request)
  File "C:\Python314\Lib\site-packages\django\middleware\common.py", line 48, in process_request
    host = request.get_host()
  File "C:\Python314\Lib\site-packages\django\http\request.py", line 202, in get_host
    raise DisallowedHost(msg)
django.core.exceptions.DisallowedHost: Invalid HTTP_HOST header: '172.21.13.27:8011'. You may need to add '172.21.13.27' to ALLOWED_HOSTS.
2026-08-22 16:28:00,016 WARNING django.server "GET /qcdash?project=141&from_date=2026-08-19&to_date=2026-08-19&submit=Submit HTTP/1.1" 400 74747
2026-08-22 16:28:03,676 ERROR django.security.DisallowedHost Invalid HTTP_HOST header: '172.21.13.27:8011'. You may need to add '172.21.13.27' to ALLOWED_HOSTS.
Traceback (most recent call last):
  File "C:\Python314\Lib\site-packages\django\core\handlers\exception.py", line 55, in inner
    response = get_response(request)
  File "C:\Python314\Lib\site-packages\django\utils\deprecation.py", line 119, in __call__
    response = self.process_request(request)
  File "C:\Python314\Lib\site-packages\django\middleware\common.py", line 48, in process_request
    host = request.get_host()
  File "C:\Python314\Lib\site-packages\django\http\request.py", line 202, in get_host
    raise DisallowedHost(msg)
django.core.exceptions.DisallowedHost: Invalid HTTP_HOST header: '172.21.13.27:8011'. You may need to add '172.21.13.27' to ALLOWED_HOSTS.
2026-08-22 16:28:03,684 WARNING django.server "GET /qcdash HTTP/1.1" 400 73475
2026-08-22 16:28:04,794 ERROR django.security.DisallowedHost Invalid HTTP_HOST header: '172.21.13.27:8011'. You may need to add '172.21.13.27' to ALLOWED_HOSTS.
Traceback (most recent call last):
  File "C:\Python314\Lib\site-packages\django\core\handlers\exception.py", line 55, in inner
    response = get_response(request)
  File "C:\Python314\Lib\site-packages\django\utils\deprecation.py", line 119, in __call__
    response = self.process_request(request)
  File "C:\Python314\Lib\site-packages\django\middleware\common.py", line 48, in process_request
    host = request.get_host()
  File "C:\Python314\Lib\site-packages\django\http\request.py", line 202, in get_host
    raise DisallowedHost(msg)
django.core.exceptions.DisallowedHost: Invalid HTTP_HOST header: '172.21.13.27:8011'. You may need to add '172.21.13.27' to ALLOWED_HOSTS.
2026-08-22 16:28:04,804 WARNING django.server "GET /qcdash HTTP/1.1" 400 73612
2026-08-22 16:28:08,459 ERROR django.security.DisallowedHost Invalid HTTP_HOST header: '172.21.13.27:8011'. You may need to add '172.21.13.27' to ALLOWED_HOSTS.
Traceback (most recent call last):
  File "C:\Python314\Lib\site-packages\django\core\handlers\exception.py", line 55, in inner
    response = get_response(request)
  File "C:\Python314\Lib\site-packages\django\utils\deprecation.py", line 119, in __call__
    response = self.process_request(request)
  File "C:\Python314\Lib\site-packages\django\middleware\common.py", line 48, in process_request
    host = request.get_host()
  File "C:\Python314\Lib\site-packages\django\http\request.py", line 202, in get_host
    raise DisallowedHost(msg)
django.core.exceptions.DisallowedHost: Invalid HTTP_HOST header: '172.21.13.27:8011'. You may need to add '172.21.13.27' to ALLOWED_HOSTS.
2026-08-22 16:28:08,464 WARNING django.server "GET / HTTP/1.1" 400 73241
2026-08-22 16:29:09,948 ERROR django.security.DisallowedHost Invalid HTTP_HOST header: 'internal.amiportal.in:8011'. You may need to add 'internal.amiportal.in' to ALLOWED_HOSTS.
Traceback (most recent call last):
  File "C:\Python314\Lib\site-packages\django\core\handlers\exception.py", line 55, in inner
    response = get_response(request)
  File "C:\Python314\Lib\site-packages\django\utils\deprecation.py", line 119, in __call__
    response = self.process_request(request)
  File "C:\Python314\Lib\site-packages\django\middleware\common.py", line 48, in process_request
    host = request.get_host()
  File "C:\Python314\Lib\site-packages\django\http\request.py", line 202, in get_host
    raise DisallowedHost(msg)
django.core.exceptions.DisallowedHost: Invalid HTTP_HOST header: 'internal.amiportal.in:8011'. You may need to add 'internal.amiportal.in' to ALLOWED_HOSTS.
2026-08-22 16:29:10,025 WARNING django.server "GET / HTTP/1.1" 400 73525
2026-08-22 16:29:10,577 ERROR django.security.DisallowedHost Invalid HTTP_HOST header: 'internal.amiportal.in:8011'. You may need to add 'internal.amiportal.in' to ALLOWED_HOSTS.
Traceback (most recent call last):
  File "C:\Python314\Lib\site-packages\django\core\handlers\exception.py", line 55, in inner
    response = get_response(request)
  File "C:\Python314\Lib\site-packages\django\utils\deprecation.py", line 119, in __call__
    response = self.process_request(request)
  File "C:\Python314\Lib\site-packages\django\middleware\common.py", line 48, in process_request
    host = request.get_host()
  File "C:\Python314\Lib\site-packages\django\http\request.py", line 202, in get_host
    raise DisallowedHost(msg)
django.core.exceptions.DisallowedHost: Invalid HTTP_HOST header: 'internal.amiportal.in:8011'. You may need to add 'internal.amiportal.in' to ALLOWED_HOSTS.
2026-08-22 16:29:10,647 WARNING django.server "GET /favicon.ico HTTP/1.1" 400 73491
2026-08-22 16:30:03,413 ERROR django.security.DisallowedHost Invalid HTTP_HOST header: '172.21.13.27:8011'. You may need to add '172.21.13.27' to ALLOWED_HOSTS.
Traceback (most recent call last):
  File "C:\Python314\Lib\site-packages\django\core\handlers\exception.py", line 55, in inner
    response = get_response(request)
  File "C:\Python314\Lib\site-packages\django\utils\deprecation.py", line 119, in __call__
    response = self.process_request(request)
  File "C:\Python314\Lib\site-packages\django\middleware\common.py", line 48, in process_request
    host = request.get_host()
  File "C:\Python314\Lib\site-packages\django\http\request.py", line 202, in get_host
    raise DisallowedHost(msg)
django.core.exceptions.DisallowedHost: Invalid HTTP_HOST header: '172.21.13.27:8011'. You may need to add '172.21.13.27' to ALLOWED_HOSTS.
2026-08-22 16:30:03,418 WARNING django.server "GET / HTTP/1.1" 400 73241
2026-08-22 16:32:42,986 ERROR django.security.DisallowedHost Invalid HTTP_HOST header: '172.21.13.27:8011'. You may need to add '172.21.13.27' to ALLOWED_HOSTS.
Traceback (most recent call last):
  File "C:\Python314\Lib\site-packages\django\core\handlers\exception.py", line 55, in inner
    response = get_response(request)
  File "C:\Python314\Lib\site-packages\django\utils\deprecation.py", line 119, in __call__
    response = self.process_request(request)
  File "C:\Python314\Lib\site-packages\django\middleware\common.py", line 48, in process_request
    host = request.get_host()
  File "C:\Python314\Lib\site-packages\django\http\request.py", line 202, in get_host
    raise DisallowedHost(msg)
django.core.exceptions.DisallowedHost: Invalid HTTP_HOST header: '172.21.13.27:8011'. You may need to add '172.21.13.27' to ALLOWED_HOSTS.
2026-08-22 16:32:42,997 WARNING django.server "GET / HTTP/1.1" 400 73378
2026-08-22 16:32:44,141 ERROR django.security.DisallowedHost Invalid HTTP_HOST header: '172.21.13.27:8011'. You may need to add '172.21.13.27' to ALLOWED_HOSTS.
Traceback (most recent call last):
  File "C:\Python314\Lib\site-packages\django\core\handlers\exception.py", line 55, in inner
    response = get_response(request)
  File "C:\Python314\Lib\site-packages\django\utils\deprecation.py", line 119, in __call__
    response = self.process_request(request)
  File "C:\Python314\Lib\site-packages\django\middleware\common.py", line 48, in process_request
    host = request.get_host()
  File "C:\Python314\Lib\site-packages\django\http\request.py", line 202, in get_host
    raise DisallowedHost(msg)
django.core.exceptions.DisallowedHost: Invalid HTTP_HOST header: '172.21.13.27:8011'. You may need to add '172.21.13.27' to ALLOWED_HOSTS.
2026-08-22 16:32:44,146 WARNING django.server "GET / HTTP/1.1" 400 73378
2026-08-22 16:32:44,641 ERROR django.security.DisallowedHost Invalid HTTP_HOST header: '172.21.13.27:8011'. You may need to add '172.21.13.27' to ALLOWED_HOSTS.
Traceback (most recent call last):
  File "C:\Python314\Lib\site-packages\django\core\handlers\exception.py", line 55, in inner
    response = get_response(request)
  File "C:\Python314\Lib\site-packages\django\utils\deprecation.py", line 119, in __call__
    response = self.process_request(request)
  File "C:\Python314\Lib\site-packages\django\middleware\common.py", line 48, in process_request
    host = request.get_host()
  File "C:\Python314\Lib\site-packages\django\http\request.py", line 202, in get_host
    raise DisallowedHost(msg)
django.core.exceptions.DisallowedHost: Invalid HTTP_HOST header: '172.21.13.27:8011'. You may need to add '172.21.13.27' to ALLOWED_HOSTS.
2026-08-22 16:32:44,645 WARNING django.server "GET / HTTP/1.1" 400 73378
2026-08-22 16:32:44,819 ERROR django.security.DisallowedHost Invalid HTTP_HOST header: '172.21.13.27:8011'. You may need to add '172.21.13.27' to ALLOWED_HOSTS.
Traceback (most recent call last):
  File "C:\Python314\Lib\site-packages\django\core\handlers\exception.py", line 55, in inner
    response = get_response(request)
  File "C:\Python314\Lib\site-packages\django\utils\deprecation.py", line 119, in __call__
    response = self.process_request(request)
  File "C:\Python314\Lib\site-packages\django\middleware\common.py", line 48, in process_request
    host = request.get_host()
  File "C:\Python314\Lib\site-packages\django\http\request.py", line 202, in get_host
    raise DisallowedHost(msg)
django.core.exceptions.DisallowedHost: Invalid HTTP_HOST header: '172.21.13.27:8011'. You may need to add '172.21.13.27' to ALLOWED_HOSTS.
2026-08-22 16:32:44,823 WARNING django.server "GET / HTTP/1.1" 400 73378
2026-08-22 16:32:44,960 ERROR django.security.DisallowedHost Invalid HTTP_HOST header: '172.21.13.27:8011'. You may need to add '172.21.13.27' to ALLOWED_HOSTS.
Traceback (most recent call last):
  File "C:\Python314\Lib\site-packages\django\core\handlers\exception.py", line 55, in inner
    response = get_response(request)
  File "C:\Python314\Lib\site-packages\django\utils\deprecation.py", line 119, in __call__
    response = self.process_request(request)
  File "C:\Python314\Lib\site-packages\django\middleware\common.py", line 48, in process_request
    host = request.get_host()
  File "C:\Python314\Lib\site-packages\django\http\request.py", line 202, in get_host
    raise DisallowedHost(msg)
django.core.exceptions.DisallowedHost: Invalid HTTP_HOST header: '172.21.13.27:8011'. You may need to add '172.21.13.27' to ALLOWED_HOSTS.
2026-08-22 16:32:44,964 WARNING django.server "GET / HTTP/1.1" 400 73378
2026-08-22 16:32:45,151 ERROR django.security.DisallowedHost Invalid HTTP_HOST header: '172.21.13.27:8011'. You may need to add '172.21.13.27' to ALLOWED_HOSTS.
Traceback (most recent call last):
  File "C:\Python314\Lib\site-packages\django\core\handlers\exception.py", line 55, in inner
    response = get_response(request)
  File "C:\Python314\Lib\site-packages\django\utils\deprecation.py", line 119, in __call__
    response = self.process_request(request)
  File "C:\Python314\Lib\site-packages\django\middleware\common.py", line 48, in process_request
    host = request.get_host()
  File "C:\Python314\Lib\site-packages\django\http\request.py", line 202, in get_host
    raise DisallowedHost(msg)
django.core.exceptions.DisallowedHost: Invalid HTTP_HOST header: '172.21.13.27:8011'. You may need to add '172.21.13.27' to ALLOWED_HOSTS.
2026-08-22 16:32:45,155 WARNING django.server "GET / HTTP/1.1" 400 73378
2026-08-22 16:32:45,285 ERROR django.security.DisallowedHost Invalid HTTP_HOST header: '172.21.13.27:8011'. You may need to add '172.21.13.27' to ALLOWED_HOSTS.
Traceback (most recent call last):
  File "C:\Python314\Lib\site-packages\django\core\handlers\exception.py", line 55, in inner
    response = get_response(request)
  File "C:\Python314\Lib\site-packages\django\utils\deprecation.py", line 119, in __call__
    response = self.process_request(request)
  File "C:\Python314\Lib\site-packages\django\middleware\common.py", line 48, in process_request
    host = request.get_host()
  File "C:\Python314\Lib\site-packages\django\http\request.py", line 202, in get_host
    raise DisallowedHost(msg)
django.core.exceptions.DisallowedHost: Invalid HTTP_HOST header: '172.21.13.27:8011'. You may need to add '172.21.13.27' to ALLOWED_HOSTS.
2026-08-22 16:32:45,290 WARNING django.server "GET / HTTP/1.1" 400 73378
2026-08-22 16:32:45,447 ERROR django.security.DisallowedHost Invalid HTTP_HOST header: '172.21.13.27:8011'. You may need to add '172.21.13.27' to ALLOWED_HOSTS.
Traceback (most recent call last):
  File "C:\Python314\Lib\site-packages\django\core\handlers\exception.py", line 55, in inner
    response = get_response(request)
  File "C:\Python314\Lib\site-packages\django\utils\deprecation.py", line 119, in __call__
    response = self.process_request(request)
  File "C:\Python314\Lib\site-packages\django\middleware\common.py", line 48, in process_request
    host = request.get_host()
  File "C:\Python314\Lib\site-packages\django\http\request.py", line 202, in get_host
    raise DisallowedHost(msg)
django.core.exceptions.DisallowedHost: Invalid HTTP_HOST header: '172.21.13.27:8011'. You may need to add '172.21.13.27' to ALLOWED_HOSTS.
2026-08-22 16:32:45,454 WARNING django.server "GET / HTTP/1.1" 400 73378
2026-08-22 16:37:11,603 WARNING django.server "GET /static/js/settings.js HTTP/1.1" 404 1859
2026-08-22 16:37:11,607 WARNING django.server "GET /static/js/hoverable-collapse.js HTTP/1.1" 404 1889
2026-08-22 16:37:11,608 WARNING django.server "GET /static/js/todolist.js HTTP/1.1" 404 1859
2026-08-22 16:37:42,570 ERROR django.security.DisallowedHost Invalid HTTP_HOST header: 'internal.amiportal.in:8011'. You may need to add 'internal.amiportal.in' to ALLOWED_HOSTS.
Traceback (most recent call last):
  File "C:\Python314\Lib\site-packages\django\core\handlers\exception.py", line 55, in inner
    response = get_response(request)
  File "C:\Python314\Lib\site-packages\django\utils\deprecation.py", line 119, in __call__
    response = self.process_request(request)
  File "C:\Python314\Lib\site-packages\django\middleware\common.py", line 48, in process_request
    host = request.get_host()
  File "C:\Python314\Lib\site-packages\django\http\request.py", line 202, in get_host
    raise DisallowedHost(msg)
django.core.exceptions.DisallowedHost: Invalid HTTP_HOST header: 'internal.amiportal.in:8011'. You may need to add 'internal.amiportal.in' to ALLOWED_HOSTS.
2026-08-22 16:37:42,578 WARNING django.server "GET /login HTTP/1.1" 400 73505
2026-08-22 16:37:42,942 ERROR django.security.DisallowedHost Invalid HTTP_HOST header: 'internal.amiportal.in:8011'. You may need to add 'internal.amiportal.in' to ALLOWED_HOSTS.
Traceback (most recent call last):
  File "C:\Python314\Lib\site-packages\django\core\handlers\exception.py", line 55, in inner
    response = get_response(request)
  File "C:\Python314\Lib\site-packages\django\utils\deprecation.py", line 119, in __call__
    response = self.process_request(request)
  File "C:\Python314\Lib\site-packages\django\middleware\common.py", line 48, in process_request
    host = request.get_host()
  File "C:\Python314\Lib\site-packages\django\http\request.py", line 202, in get_host
    raise DisallowedHost(msg)
django.core.exceptions.DisallowedHost: Invalid HTTP_HOST header: 'internal.amiportal.in:8011'. You may need to add 'internal.amiportal.in' to ALLOWED_HOSTS.
2026-08-22 16:37:42,993 WARNING django.server "GET /favicon.ico HTTP/1.1" 400 73420
2026-08-22 16:41:44,098 ERROR django.security.DisallowedHost Invalid HTTP_HOST header: 'internal.amiportal.in:8011'. You may need to add 'internal.amiportal.in' to ALLOWED_HOSTS.
Traceback (most recent call last):
  File "C:\Python314\Lib\site-packages\django\core\handlers\exception.py", line 55, in inner
    response = get_response(request)
  File "C:\Python314\Lib\site-packages\django\utils\deprecation.py", line 119, in __call__
    response = self.process_request(request)
  File "C:\Python314\Lib\site-packages\django\middleware\common.py", line 48, in process_request
    host = request.get_host()
  File "C:\Python314\Lib\site-packages\django\http\request.py", line 202, in get_host
    raise DisallowedHost(msg)
django.core.exceptions.DisallowedHost: Invalid HTTP_HOST header: 'internal.amiportal.in:8011'. You may need to add 'internal.amiportal.in' to ALLOWED_HOSTS.
2026-08-22 16:41:44,111 WARNING django.server "GET / HTTP/1.1" 400 73570
2026-08-22 16:41:44,490 ERROR django.security.DisallowedHost Invalid HTTP_HOST header: 'internal.amiportal.in:8011'. You may need to add 'internal.amiportal.in' to ALLOWED_HOSTS.
Traceback (most recent call last):
  File "C:\Python314\Lib\site-packages\django\core\handlers\exception.py", line 55, in inner
    response = get_response(request)
  File "C:\Python314\Lib\site-packages\django\utils\deprecation.py", line 119, in __call__
    response = self.process_request(request)
  File "C:\Python314\Lib\site-packages\django\middleware\common.py", line 48, in process_request
    host = request.get_host()
  File "C:\Python314\Lib\site-packages\django\http\request.py", line 202, in get_host
    raise DisallowedHost(msg)
django.core.exceptions.DisallowedHost: Invalid HTTP_HOST header: 'internal.amiportal.in:8011'. You may need to add 'internal.amiportal.in' to ALLOWED_HOSTS.
2026-08-22 16:41:44,495 WARNING django.server "GET /favicon.ico HTTP/1.1" 400 73536
2026-08-22 16:43:58,099 ERROR django.security.DisallowedHost Invalid HTTP_HOST header: 'internal.amiportal.in:8011'. You may need to add 'internal.amiportal.in' to ALLOWED_HOSTS.
Traceback (most recent call last):
  File "C:\Python314\Lib\site-packages\django\core\handlers\exception.py", line 55, in inner
    response = get_response(request)
  File "C:\Python314\Lib\site-packages\django\utils\deprecation.py", line 119, in __call__
    response = self.process_request(request)
  File "C:\Python314\Lib\site-packages\django\middleware\common.py", line 48, in process_request
    host = request.get_host()
  File "C:\Python314\Lib\site-packages\django\http\request.py", line 202, in get_host
    raise DisallowedHost(msg)
django.core.exceptions.DisallowedHost: Invalid HTTP_HOST header: 'internal.amiportal.in:8011'. You may need to add 'internal.amiportal.in' to ALLOWED_HOSTS.
2026-08-22 16:43:58,110 WARNING django.server "GET / HTTP/1.1" 400 73706
2026-08-22 16:43:58,217 ERROR django.security.DisallowedHost Invalid HTTP_HOST header: 'internal.amiportal.in:8011'. You may need to add 'internal.amiportal.in' to ALLOWED_HOSTS.
Traceback (most recent call last):
  File "C:\Python314\Lib\site-packages\django\core\handlers\exception.py", line 55, in inner
    response = get_response(request)
  File "C:\Python314\Lib\site-packages\django\utils\deprecation.py", line 119, in __call__
    response = self.process_request(request)
  File "C:\Python314\Lib\site-packages\django\middleware\common.py", line 48, in process_request
    host = request.get_host()
  File "C:\Python314\Lib\site-packages\django\http\request.py", line 202, in get_host
    raise DisallowedHost(msg)
django.core.exceptions.DisallowedHost: Invalid HTTP_HOST header: 'internal.amiportal.in:8011'. You may need to add 'internal.amiportal.in' to ALLOWED_HOSTS.
2026-08-22 16:43:58,222 WARNING django.server "GET /favicon.ico HTTP/1.1" 400 73535
2026-08-22 16:45:01,322 ERROR django.security.DisallowedHost Invalid HTTP_HOST header: 'internal.amiportal.in:8011'. You may need to add 'internal.amiportal.in' to ALLOWED_HOSTS.
Traceback (most recent call last):
  File "C:\Python314\Lib\site-packages\django\core\handlers\exception.py", line 55, in inner
    response = get_response(request)
  File "C:\Python314\Lib\site-packages\django\utils\deprecation.py", line 119, in __call__
    response = self.process_request(request)
  File "C:\Python314\Lib\site-packages\django\middleware\common.py", line 48, in process_request
    host = request.get_host()
  File "C:\Python314\Lib\site-packages\django\http\request.py", line 202, in get_host
    raise DisallowedHost(msg)
django.core.exceptions.DisallowedHost: Invalid HTTP_HOST header: 'internal.amiportal.in:8011'. You may need to add 'internal.amiportal.in' to ALLOWED_HOSTS.
2026-08-22 16:45:01,334 WARNING django.server "GET / HTTP/1.1" 400 73706
2026-08-22 16:45:01,455 ERROR django.security.DisallowedHost Invalid HTTP_HOST header: 'internal.amiportal.in:8011'. You may need to add 'internal.amiportal.in' to ALLOWED_HOSTS.
Traceback (most recent call last):
  File "C:\Python314\Lib\site-packages\django\core\handlers\exception.py", line 55, in inner
    response = get_response(request)
  File "C:\Python314\Lib\site-packages\django\utils\deprecation.py", line 119, in __call__
    response = self.process_request(request)
  File "C:\Python314\Lib\site-packages\django\middleware\common.py", line 48, in process_request
    host = request.get_host()
  File "C:\Python314\Lib\site-packages\django\http\request.py", line 202, in get_host
    raise DisallowedHost(msg)
django.core.exceptions.DisallowedHost: Invalid HTTP_HOST header: 'internal.amiportal.in:8011'. You may need to add 'internal.amiportal.in' to ALLOWED_HOSTS.
2026-08-22 16:45:01,461 WARNING django.server "GET /favicon.ico HTTP/1.1" 400 73535
2026-08-22 16:45:02,339 ERROR django.security.DisallowedHost Invalid HTTP_HOST header: 'internal.amiportal.in:8011'. You may need to add 'internal.amiportal.in' to ALLOWED_HOSTS.
Traceback (most recent call last):
  File "C:\Python314\Lib\site-packages\django\core\handlers\exception.py", line 55, in inner
    response = get_response(request)
  File "C:\Python314\Lib\site-packages\django\utils\deprecation.py", line 119, in __call__
    response = self.process_request(request)
  File "C:\Python314\Lib\site-packages\django\middleware\common.py", line 48, in process_request
    host = request.get_host()
  File "C:\Python314\Lib\site-packages\django\http\request.py", line 202, in get_host
    raise DisallowedHost(msg)
django.core.exceptions.DisallowedHost: Invalid HTTP_HOST header: 'internal.amiportal.in:8011'. You may need to add 'internal.amiportal.in' to ALLOWED_HOSTS.
2026-08-22 16:45:02,344 WARNING django.server "GET / HTTP/1.1" 400 73706
2026-08-22 16:45:02,470 ERROR django.security.DisallowedHost Invalid HTTP_HOST header: 'internal.amiportal.in:8011'. You may need to add 'internal.amiportal.in' to ALLOWED_HOSTS.
Traceback (most recent call last):
  File "C:\Python314\Lib\site-packages\django\core\handlers\exception.py", line 55, in inner
    response = get_response(request)
  File "C:\Python314\Lib\site-packages\django\utils\deprecation.py", line 119, in __call__
    response = self.process_request(request)
  File "C:\Python314\Lib\site-packages\django\middleware\common.py", line 48, in process_request
    host = request.get_host()
  File "C:\Python314\Lib\site-packages\django\http\request.py", line 202, in get_host
    raise DisallowedHost(msg)
django.core.exceptions.DisallowedHost: Invalid HTTP_HOST header: 'internal.amiportal.in:8011'. You may need to add 'internal.amiportal.in' to ALLOWED_HOSTS.
2026-08-22 16:45:02,475 WARNING django.server "GET /favicon.ico HTTP/1.1" 400 73535
2026-08-22 16:45:02,973 ERROR django.security.DisallowedHost Invalid HTTP_HOST header: 'internal.amiportal.in:8011'. You may need to add 'internal.amiportal.in' to ALLOWED_HOSTS.
Traceback (most recent call last):
  File "C:\Python314\Lib\site-packages\django\core\handlers\exception.py", line 55, in inner
    response = get_response(request)
  File "C:\Python314\Lib\site-packages\django\utils\deprecation.py", line 119, in __call__
    response = self.process_request(request)
  File "C:\Python314\Lib\site-packages\django\middleware\common.py", line 48, in process_request
    host = request.get_host()
  File "C:\Python314\Lib\site-packages\django\http\request.py", line 202, in get_host
    raise DisallowedHost(msg)
django.core.exceptions.DisallowedHost: Invalid HTTP_HOST header: 'internal.amiportal.in:8011'. You may need to add 'internal.amiportal.in' to ALLOWED_HOSTS.
2026-08-22 16:45:02,978 WARNING django.server "GET / HTTP/1.1" 400 73706
2026-08-22 16:45:03,081 ERROR django.security.DisallowedHost Invalid HTTP_HOST header: 'internal.amiportal.in:8011'. You may need to add 'internal.amiportal.in' to ALLOWED_HOSTS.
Traceback (most recent call last):
  File "C:\Python314\Lib\site-packages\django\core\handlers\exception.py", line 55, in inner
    response = get_response(request)
  File "C:\Python314\Lib\site-packages\django\utils\deprecation.py", line 119, in __call__
    response = self.process_request(request)
  File "C:\Python314\Lib\site-packages\django\middleware\common.py", line 48, in process_request
    host = request.get_host()
  File "C:\Python314\Lib\site-packages\django\http\request.py", line 202, in get_host
    raise DisallowedHost(msg)
django.core.exceptions.DisallowedHost: Invalid HTTP_HOST header: 'internal.amiportal.in:8011'. You may need to add 'internal.amiportal.in' to ALLOWED_HOSTS.
2026-08-22 16:45:03,086 WARNING django.server "GET /favicon.ico HTTP/1.1" 400 73535
2026-08-22 16:45:03,141 ERROR django.security.DisallowedHost Invalid HTTP_HOST header: 'internal.amiportal.in:8011'. You may need to add 'internal.amiportal.in' to ALLOWED_HOSTS.
Traceback (most recent call last):
  File "C:\Python314\Lib\site-packages\django\core\handlers\exception.py", line 55, in inner
    response = get_response(request)
  File "C:\Python314\Lib\site-packages\django\utils\deprecation.py", line 119, in __call__
    response = self.process_request(request)
  File "C:\Python314\Lib\site-packages\django\middleware\common.py", line 48, in process_request
    host = request.get_host()
  File "C:\Python314\Lib\site-packages\django\http\request.py", line 202, in get_host
    raise DisallowedHost(msg)
django.core.exceptions.DisallowedHost: Invalid HTTP_HOST header: 'internal.amiportal.in:8011'. You may need to add 'internal.amiportal.in' to ALLOWED_HOSTS.
2026-08-22 16:45:03,146 WARNING django.server "GET / HTTP/1.1" 400 73706
2026-08-22 16:45:03,307 ERROR django.security.DisallowedHost Invalid HTTP_HOST header: 'internal.amiportal.in:8011'. You may need to add 'internal.amiportal.in' to ALLOWED_HOSTS.
Traceback (most recent call last):
  File "C:\Python314\Lib\site-packages\django\core\handlers\exception.py", line 55, in inner
    response = get_response(request)
  File "C:\Python314\Lib\site-packages\django\utils\deprecation.py", line 119, in __call__
    response = self.process_request(request)
  File "C:\Python314\Lib\site-packages\django\middleware\common.py", line 48, in process_request
    host = request.get_host()
  File "C:\Python314\Lib\site-packages\django\http\request.py", line 202, in get_host
    raise DisallowedHost(msg)
django.core.exceptions.DisallowedHost: Invalid HTTP_HOST header: 'internal.amiportal.in:8011'. You may need to add 'internal.amiportal.in' to ALLOWED_HOSTS.
2026-08-22 16:45:03,313 WARNING django.server "GET /favicon.ico HTTP/1.1" 400 73535
2026-08-22 16:45:03,329 ERROR django.security.DisallowedHost Invalid HTTP_HOST header: 'internal.amiportal.in:8011'. You may need to add 'internal.amiportal.in' to ALLOWED_HOSTS.
Traceback (most recent call last):
  File "C:\Python314\Lib\site-packages\django\core\handlers\exception.py", line 55, in inner
    response = get_response(request)
  File "C:\Python314\Lib\site-packages\django\utils\deprecation.py", line 119, in __call__
    response = self.process_request(request)
  File "C:\Python314\Lib\site-packages\django\middleware\common.py", line 48, in process_request
    host = request.get_host()
  File "C:\Python314\Lib\site-packages\django\http\request.py", line 202, in get_host
    raise DisallowedHost(msg)
django.core.exceptions.DisallowedHost: Invalid HTTP_HOST header: 'internal.amiportal.in:8011'. You may need to add 'internal.amiportal.in' to ALLOWED_HOSTS.
2026-08-22 16:45:03,336 WARNING django.server "GET / HTTP/1.1" 400 73706
2026-08-22 16:45:03,453 ERROR django.security.DisallowedHost Invalid HTTP_HOST header: 'internal.amiportal.in:8011'. You may need to add 'internal.amiportal.in' to ALLOWED_HOSTS.
Traceback (most recent call last):
  File "C:\Python314\Lib\site-packages\django\core\handlers\exception.py", line 55, in inner
    response = get_response(request)
  File "C:\Python314\Lib\site-packages\django\utils\deprecation.py", line 119, in __call__
    response = self.process_request(request)
  File "C:\Python314\Lib\site-packages\django\middleware\common.py", line 48, in process_request
    host = request.get_host()
  File "C:\Python314\Lib\site-packages\django\http\request.py", line 202, in get_host
    raise DisallowedHost(msg)
django.core.exceptions.DisallowedHost: Invalid HTTP_HOST header: 'internal.amiportal.in:8011'. You may need to add 'internal.amiportal.in' to ALLOWED_HOSTS.
2026-08-22 16:45:03,457 WARNING django.server "GET /favicon.ico HTTP/1.1" 400 73535
2026-08-22 16:45:04,148 ERROR django.security.DisallowedHost Invalid HTTP_HOST header: 'internal.amiportal.in:8011'. You may need to add 'internal.amiportal.in' to ALLOWED_HOSTS.
Traceback (most recent call last):
  File "C:\Python314\Lib\site-packages\django\core\handlers\exception.py", line 55, in inner
    response = get_response(request)
  File "C:\Python314\Lib\site-packages\django\utils\deprecation.py", line 119, in __call__
    response = self.process_request(request)
  File "C:\Python314\Lib\site-packages\django\middleware\common.py", line 48, in process_request
    host = request.get_host()
  File "C:\Python314\Lib\site-packages\django\http\request.py", line 202, in get_host
    raise DisallowedHost(msg)
django.core.exceptions.DisallowedHost: Invalid HTTP_HOST header: 'internal.amiportal.in:8011'. You may need to add 'internal.amiportal.in' to ALLOWED_HOSTS.
2026-08-22 16:45:04,153 WARNING django.server "GET / HTTP/1.1" 400 73706
2026-08-22 16:45:04,284 ERROR django.security.DisallowedHost Invalid HTTP_HOST header: 'internal.amiportal.in:8011'. You may need to add 'internal.amiportal.in' to ALLOWED_HOSTS.
Traceback (most recent call last):
  File "C:\Python314\Lib\site-packages\django\core\handlers\exception.py", line 55, in inner
    response = get_response(request)
  File "C:\Python314\Lib\site-packages\django\utils\deprecation.py", line 119, in __call__
    response = self.process_request(request)
  File "C:\Python314\Lib\site-packages\django\middleware\common.py", line 48, in process_request
    host = request.get_host()
  File "C:\Python314\Lib\site-packages\django\http\request.py", line 202, in get_host
    raise DisallowedHost(msg)
django.core.exceptions.DisallowedHost: Invalid HTTP_HOST header: 'internal.amiportal.in:8011'. You may need to add 'internal.amiportal.in' to ALLOWED_HOSTS.
2026-08-22 16:45:04,288 WARNING django.server "GET /favicon.ico HTTP/1.1" 400 73535
2026-08-22 16:45:07,409 ERROR django.security.DisallowedHost Invalid HTTP_HOST header: 'internal.amiportal.in:8011'. You may need to add 'internal.amiportal.in' to ALLOWED_HOSTS.
Traceback (most recent call last):
  File "C:\Python314\Lib\site-packages\django\core\handlers\exception.py", line 55, in inner
    response = get_response(request)
  File "C:\Python314\Lib\site-packages\django\utils\deprecation.py", line 119, in __call__
    response = self.process_request(request)
  File "C:\Python314\Lib\site-packages\django\middleware\common.py", line 48, in process_request
    host = request.get_host()
  File "C:\Python314\Lib\site-packages\django\http\request.py", line 202, in get_host
    raise DisallowedHost(msg)
django.core.exceptions.DisallowedHost: Invalid HTTP_HOST header: 'internal.amiportal.in:8011'. You may need to add 'internal.amiportal.in' to ALLOWED_HOSTS.
2026-08-22 16:45:07,414 WARNING django.server "GET / HTTP/1.1" 400 73569
2026-08-22 16:45:07,520 ERROR django.security.DisallowedHost Invalid HTTP_HOST header: 'internal.amiportal.in:8011'. You may need to add 'internal.amiportal.in' to ALLOWED_HOSTS.
Traceback (most recent call last):
  File "C:\Python314\Lib\site-packages\django\core\handlers\exception.py", line 55, in inner
    response = get_response(request)
  File "C:\Python314\Lib\site-packages\django\utils\deprecation.py", line 119, in __call__
    response = self.process_request(request)
  File "C:\Python314\Lib\site-packages\django\middleware\common.py", line 48, in process_request
    host = request.get_host()
  File "C:\Python314\Lib\site-packages\django\http\request.py", line 202, in get_host
    raise DisallowedHost(msg)
django.core.exceptions.DisallowedHost: Invalid HTTP_HOST header: 'internal.amiportal.in:8011'. You may need to add 'internal.amiportal.in' to ALLOWED_HOSTS.
2026-08-22 16:45:07,524 WARNING django.server "GET /favicon.ico HTTP/1.1" 400 73535
2026-08-22 19:25:27,219 ERROR django.security.DisallowedHost Invalid HTTP_HOST header: 'internal.amiportal.in:8011'. You may need to add 'internal.amiportal.in' to ALLOWED_HOSTS.
Traceback (most recent call last):
  File "C:\Python314\Lib\site-packages\django\core\handlers\exception.py", line 55, in inner
    response = get_response(request)
  File "C:\Python314\Lib\site-packages\django\utils\deprecation.py", line 119, in __call__
    response = self.process_request(request)
  File "C:\Python314\Lib\site-packages\django\middleware\common.py", line 48, in process_request
    host = request.get_host()
  File "C:\Python314\Lib\site-packages\django\http\request.py", line 202, in get_host
    raise DisallowedHost(msg)
django.core.exceptions.DisallowedHost: Invalid HTTP_HOST header: 'internal.amiportal.in:8011'. You may need to add 'internal.amiportal.in' to ALLOWED_HOSTS.
2026-08-22 19:25:27,620 WARNING django.server "GET / HTTP/1.1" 400 73718
2026-08-22 19:25:27,850 ERROR django.security.DisallowedHost Invalid HTTP_HOST header: 'internal.amiportal.in:8011'. You may need to add 'internal.amiportal.in' to ALLOWED_HOSTS.
Traceback (most recent call last):
  File "C:\Python314\Lib\site-packages\django\core\handlers\exception.py", line 55, in inner
    response = get_response(request)
  File "C:\Python314\Lib\site-packages\django\utils\deprecation.py", line 119, in __call__
    response = self.process_request(request)
  File "C:\Python314\Lib\site-packages\django\middleware\common.py", line 48, in process_request
    host = request.get_host()
  File "C:\Python314\Lib\site-packages\django\http\request.py", line 202, in get_host
    raise DisallowedHost(msg)
django.core.exceptions.DisallowedHost: Invalid HTTP_HOST header: 'internal.amiportal.in:8011'. You may need to add 'internal.amiportal.in' to ALLOWED_HOSTS.
2026-08-22 19:25:27,992 WARNING django.server "GET /favicon.ico HTTP/1.1" 400 73684
2026-08-22 19:27:59,792 ERROR django.security.DisallowedHost Invalid HTTP_HOST header: 'internal.amiportal.in:8011'. You may need to add 'internal.amiportal.in' to ALLOWED_HOSTS.
Traceback (most recent call last):
  File "C:\Python314\Lib\site-packages\django\core\handlers\exception.py", line 55, in inner
    response = get_response(request)
  File "C:\Python314\Lib\site-packages\django\utils\deprecation.py", line 119, in __call__
    response = self.process_request(request)
  File "C:\Python314\Lib\site-packages\django\middleware\common.py", line 48, in process_request
    host = request.get_host()
  File "C:\Python314\Lib\site-packages\django\http\request.py", line 202, in get_host
    raise DisallowedHost(msg)
django.core.exceptions.DisallowedHost: Invalid HTTP_HOST header: 'internal.amiportal.in:8011'. You may need to add 'internal.amiportal.in' to ALLOWED_HOSTS.
2026-08-22 19:27:59,940 WARNING django.server "GET / HTTP/1.1" 400 73855
2026-08-22 19:28:00,236 ERROR django.security.DisallowedHost Invalid HTTP_HOST header: 'internal.amiportal.in:8011'. You may need to add 'internal.amiportal.in' to ALLOWED_HOSTS.
Traceback (most recent call last):
  File "C:\Python314\Lib\site-packages\django\core\handlers\exception.py", line 55, in inner
    response = get_response(request)
  File "C:\Python314\Lib\site-packages\django\utils\deprecation.py", line 119, in __call__
    response = self.process_request(request)
  File "C:\Python314\Lib\site-packages\django\middleware\common.py", line 48, in process_request
    host = request.get_host()
  File "C:\Python314\Lib\site-packages\django\http\request.py", line 202, in get_host
    raise DisallowedHost(msg)
django.core.exceptions.DisallowedHost: Invalid HTTP_HOST header: 'internal.amiportal.in:8011'. You may need to add 'internal.amiportal.in' to ALLOWED_HOSTS.
2026-08-22 19:28:00,386 WARNING django.server "GET /favicon.ico HTTP/1.1" 400 73684
2026-08-22 19:28:22,829 ERROR django.security.DisallowedHost Invalid HTTP_HOST header: 'internal.amiportal.in:8011'. You may need to add 'internal.amiportal.in' to ALLOWED_HOSTS.
Traceback (most recent call last):
  File "C:\Python314\Lib\site-packages\django\core\handlers\exception.py", line 55, in inner
    response = get_response(request)
  File "C:\Python314\Lib\site-packages\django\utils\deprecation.py", line 119, in __call__
    response = self.process_request(request)
  File "C:\Python314\Lib\site-packages\django\middleware\common.py", line 48, in process_request
    host = request.get_host()
  File "C:\Python314\Lib\site-packages\django\http\request.py", line 202, in get_host
    raise DisallowedHost(msg)
django.core.exceptions.DisallowedHost: Invalid HTTP_HOST header: 'internal.amiportal.in:8011'. You may need to add 'internal.amiportal.in' to ALLOWED_HOSTS.
2026-08-22 19:28:22,977 WARNING django.server "GET / HTTP/1.1" 400 73855
2026-08-22 19:28:23,158 ERROR django.security.DisallowedHost Invalid HTTP_HOST header: 'internal.amiportal.in:8011'. You may need to add 'internal.amiportal.in' to ALLOWED_HOSTS.
Traceback (most recent call last):
  File "C:\Python314\Lib\site-packages\django\core\handlers\exception.py", line 55, in inner
    response = get_response(request)
  File "C:\Python314\Lib\site-packages\django\utils\deprecation.py", line 119, in __call__
    response = self.process_request(request)
  File "C:\Python314\Lib\site-packages\django\middleware\common.py", line 48, in process_request
    host = request.get_host()
  File "C:\Python314\Lib\site-packages\django\http\request.py", line 202, in get_host
    raise DisallowedHost(msg)
django.core.exceptions.DisallowedHost: Invalid HTTP_HOST header: 'internal.amiportal.in:8011'. You may need to add 'internal.amiportal.in' to ALLOWED_HOSTS.
2026-08-22 19:28:23,303 WARNING django.server "GET /favicon.ico HTTP/1.1" 400 73684
2026-08-22 19:28:40,987 WARNING django.server "GET /static/js/hoverable-collapse.js HTTP/1.1" 404 1889
2026-08-22 19:28:41,042 WARNING django.server "GET /static/js/settings.js HTTP/1.1" 404 1859
2026-08-22 19:28:41,059 WARNING django.server "GET /static/js/todolist.js HTTP/1.1" 404 1859
2026-08-22 19:30:43,420 ERROR django.security.DisallowedHost Invalid HTTP_HOST header: 'internal.amiportal.in:8011'. You may need to add 'internal.amiportal.in' to ALLOWED_HOSTS.
Traceback (most recent call last):
  File "C:\Python314\Lib\site-packages\django\core\handlers\exception.py", line 55, in inner
    response = get_response(request)
  File "C:\Python314\Lib\site-packages\django\utils\deprecation.py", line 119, in __call__
    response = self.process_request(request)
  File "C:\Python314\Lib\site-packages\django\middleware\common.py", line 48, in process_request
    host = request.get_host()
  File "C:\Python314\Lib\site-packages\django\http\request.py", line 202, in get_host
    raise DisallowedHost(msg)
django.core.exceptions.DisallowedHost: Invalid HTTP_HOST header: 'internal.amiportal.in:8011'. You may need to add 'internal.amiportal.in' to ALLOWED_HOSTS.
2026-08-22 19:30:43,570 WARNING django.server "GET /login HTTP/1.1" 400 73774
2026-08-22 19:30:43,862 ERROR django.security.DisallowedHost Invalid HTTP_HOST header: 'internal.amiportal.in:8011'. You may need to add 'internal.amiportal.in' to ALLOWED_HOSTS.
Traceback (most recent call last):
  File "C:\Python314\Lib\site-packages\django\core\handlers\exception.py", line 55, in inner
    response = get_response(request)
  File "C:\Python314\Lib\site-packages\django\utils\deprecation.py", line 119, in __call__
    response = self.process_request(request)
  File "C:\Python314\Lib\site-packages\django\middleware\common.py", line 48, in process_request
    host = request.get_host()
  File "C:\Python314\Lib\site-packages\django\http\request.py", line 202, in get_host
    raise DisallowedHost(msg)
django.core.exceptions.DisallowedHost: Invalid HTTP_HOST header: 'internal.amiportal.in:8011'. You may need to add 'internal.amiportal.in' to ALLOWED_HOSTS.
2026-08-22 19:30:43,999 WARNING django.server "GET /favicon.ico HTTP/1.1" 400 73689
2026-08-22 19:33:39,684 WARNING django.server "GET /static/js/hoverable-collapse.js HTTP/1.1" 404 1898
2026-08-22 19:33:39,719 WARNING django.server "GET /static/js/todolist.js HTTP/1.1" 404 1868
2026-08-22 19:33:39,841 WARNING django.server "GET /static/js/settings.js HTTP/1.1" 404 1868
2026-08-22 19:35:00,993 WARNING django.server "GET /static/js/hoverable-collapse.js HTTP/1.1" 404 1898
2026-08-22 19:35:00,994 WARNING django.server "GET /static/js/todolist.js HTTP/1.1" 404 1868
2026-08-22 19:35:00,994 WARNING django.server "GET /static/js/settings.js HTTP/1.1" 404 1868
2026-08-22 19:35:11,308 WARNING django.request Not Found: /favicon.ico
2026-08-22 19:35:11,310 WARNING django.server "GET /favicon.ico HTTP/1.1" 404 7691
2026-08-23 11:37:23,138 WARNING django.server "GET /static/js/hoverable-collapse.js HTTP/1.1" 404 1898
2026-08-23 11:37:23,157 WARNING django.server "GET /static/js/todolist.js HTTP/1.1" 404 1868
2026-08-23 11:37:23,160 WARNING django.server "GET /static/js/settings.js HTTP/1.1" 404 1868
2026-08-23 11:58:03,251 WARNING django.server "GET /static/js/hoverable-collapse.js HTTP/1.1" 404 1898
2026-08-23 11:58:03,341 WARNING django.server "GET /static/js/settings.js HTTP/1.1" 404 1868
2026-08-23 11:58:03,367 WARNING django.server "GET /static/js/todolist.js HTTP/1.1" 404 1868
2026-08-23 11:59:09,439 WARNING django.request Not Found: /favicon.ico
2026-08-23 11:59:09,441 WARNING django.server "GET /favicon.ico HTTP/1.1" 404 7691
2026-08-23 11:59:19,375 WARNING django.server "GET /static/js/settings.js HTTP/1.1" 404 1868
2026-08-23 11:59:19,387 WARNING django.server "GET /static/js/todolist.js HTTP/1.1" 404 1868
2026-08-23 11:59:19,387 WARNING django.server "GET /static/js/hoverable-collapse.js HTTP/1.1" 404 1898
2026-08-23 11:59:39,797 WARNING django.server "GET /static/js/settings.js HTTP/1.1" 404 1868
2026-08-23 11:59:39,864 WARNING django.server "GET /static/js/hoverable-collapse.js HTTP/1.1" 404 1898
2026-08-23 11:59:39,911 WARNING django.server "GET /static/js/todolist.js HTTP/1.1" 404 1868
2026-08-23 11:59:48,086 WARNING django.server "GET /static/js/hoverable-collapse.js HTTP/1.1" 404 1898
2026-08-23 11:59:48,163 WARNING django.server "GET /static/js/settings.js HTTP/1.1" 404 1868
2026-08-23 11:59:48,206 WARNING django.server "GET /static/js/todolist.js HTTP/1.1" 404 1868
2026-08-24 10:01:34,030 WARNING django.server "GET /static/js/hoverable-collapse.js HTTP/1.1" 404 1898
2026-08-24 10:01:34,140 WARNING django.server "GET /static/js/todolist.js HTTP/1.1" 404 1868
2026-08-24 10:01:34,326 WARNING django.server "GET /static/js/settings.js HTTP/1.1" 404 1868
2026-08-24 10:01:38,496 WARNING django.request Not Found: /favicon.ico
2026-08-24 10:01:38,498 WARNING django.server "GET /favicon.ico HTTP/1.1" 404 7691
2026-08-24 10:31:13,894 WARNING django.server "GET /static/js/hoverable-collapse.js HTTP/1.1" 404 1898
2026-08-24 10:31:13,899 WARNING django.server "GET /static/js/settings.js HTTP/1.1" 404 1868
2026-08-24 10:31:13,900 WARNING django.server "GET /static/js/todolist.js HTTP/1.1" 404 1868
2026-08-24 10:31:17,742 WARNING django.request Not Found: /favicon.ico
2026-08-24 10:31:17,744 WARNING django.server "GET /favicon.ico HTTP/1.1" 404 7691
2026-08-24 10:31:41,586 DEBUG urllib3.connectionpool Starting new HTTPS connection (1): api.axismyindia.in:443
2026-08-24 10:31:42,638 DEBUG urllib3.connectionpool https://api.axismyindia.in:443 "GET /v1/admin/surveyors/qc-service/survey-response-download/download-range/993?startDate=2026-08-23&endDate=2026-08-23 HTTP/1.1" 200 93
2026-08-24 10:31:46,384 DEBUG urllib3.connectionpool Starting new HTTPS connection (1): api.axismyindia.in:443
2026-08-24 10:31:46,438 DEBUG urllib3.connectionpool https://api.axismyindia.in:443 "GET /v1/admin/surveyors/qc-service/survey-response-download/survey-report-tasks?page=1&size=10&choiceId=993 HTTP/1.1" 200 None
2026-08-24 10:31:46,648 WARNING django.request Not Found: /styles.css
2026-08-24 10:31:46,650 WARNING django.server "GET /styles.css HTTP/1.1" 404 7688
2026-08-24 10:31:48,359 DEBUG urllib3.connectionpool Starting new HTTPS connection (1): api.axismyindia.in:443
2026-08-24 10:31:48,484 DEBUG urllib3.connectionpool https://api.axismyindia.in:443 "GET /v1/admin/surveyors/qc-service/survey-response-download/download-survey-report?taskId=6583%20 HTTP/1.1" 200 29448
2026-08-24 11:00:26,953 WARNING django.server "GET /static/js/hoverable-collapse.js HTTP/1.1" 404 1898
2026-08-24 11:00:26,991 WARNING django.server "GET /static/js/settings.js HTTP/1.1" 404 1868
2026-08-24 11:00:27,071 WARNING django.server "GET /static/js/todolist.js HTTP/1.1" 404 1868
2026-08-24 11:08:28,333 DEBUG urllib3.connectionpool Starting new HTTPS connection (1): api.axismyindia.in:443
2026-08-24 11:08:30,231 DEBUG urllib3.connectionpool https://api.axismyindia.in:443 "GET /v1/admin/surveyors/qc-service/survey-response-download/download-range/993?startDate=2026-08-20&endDate=2026-08-24 HTTP/1.1" 200 93
2026-08-24 11:08:35,402 DEBUG urllib3.connectionpool Starting new HTTPS connection (1): api.axismyindia.in:443
2026-08-24 11:08:35,453 DEBUG urllib3.connectionpool https://api.axismyindia.in:443 "GET /v1/admin/surveyors/qc-service/survey-response-download/survey-report-tasks?page=1&size=10&choiceId=993 HTTP/1.1" 200 None
2026-08-24 11:08:35,566 WARNING django.request Not Found: /styles.css
2026-08-24 11:08:35,568 WARNING django.server "GET /styles.css HTTP/1.1" 404 7688
2026-08-24 11:08:37,604 DEBUG urllib3.connectionpool Starting new HTTPS connection (1): api.axismyindia.in:443
2026-08-24 11:08:37,740 DEBUG urllib3.connectionpool https://api.axismyindia.in:443 "GET /v1/admin/surveyors/qc-service/survey-response-download/download-survey-report?taskId=6585%20 HTTP/1.1" 200 120001
2026-08-24 11:17:03,511 WARNING django.server "GET /static/js/hoverable-collapse.js HTTP/1.1" 404 1898
2026-08-24 11:17:03,581 WARNING django.server "GET /static/js/todolist.js HTTP/1.1" 404 1868
2026-08-24 11:17:03,665 WARNING django.server "GET /static/js/settings.js HTTP/1.1" 404 1868
2026-08-24 11:17:18,748 WARNING django.request Not Found: /favicon.ico
2026-08-24 11:17:18,750 WARNING django.server "GET /favicon.ico HTTP/1.1" 404 7691
2026-08-24 11:17:53,991 DEBUG tzlocal Looking up time zone info from registry
2026-08-24 11:18:47,618 WARNING django.server "GET /static/js/hoverable-collapse.js HTTP/1.1" 404 1898
2026-08-24 11:18:47,638 WARNING django.server "GET /static/js/settings.js HTTP/1.1" 404 1868
2026-08-24 11:18:48,021 WARNING django.server "GET /static/js/todolist.js HTTP/1.1" 404 1868
2026-08-24 11:18:55,791 WARNING django.request Not Found: /favicon.ico
2026-08-24 11:18:55,793 WARNING django.server "GET /favicon.ico HTTP/1.1" 404 7691
2026-08-24 11:19:21,750 DEBUG urllib3.connectionpool Starting new HTTPS connection (1): api.axismyindia.in:443
2026-08-24 11:19:23,641 DEBUG urllib3.connectionpool https://api.axismyindia.in:443 "GET /v1/admin/surveyors/qc-service/survey-response-download/download-range/876?startDate=2026-08-21&endDate=2026-08-24 HTTP/1.1" 200 93
2026-08-24 11:19:27,102 DEBUG urllib3.connectionpool Starting new HTTPS connection (1): api.axismyindia.in:443
2026-08-24 11:19:27,156 DEBUG urllib3.connectionpool https://api.axismyindia.in:443 "GET /v1/admin/surveyors/qc-service/survey-response-download/survey-report-tasks?page=1&size=10&choiceId=876 HTTP/1.1" 200 None
2026-08-24 11:19:27,634 WARNING django.request Not Found: /styles.css
2026-08-24 11:19:27,636 WARNING django.server "GET /styles.css HTTP/1.1" 404 7688
2026-08-24 11:19:29,778 DEBUG urllib3.connectionpool Starting new HTTPS connection (1): api.axismyindia.in:443
2026-08-24 11:19:29,889 DEBUG urllib3.connectionpool https://api.axismyindia.in:443 "GET /v1/admin/surveyors/qc-service/survey-response-download/download-survey-report?taskId=6586%20 HTTP/1.1" 200 28400
2026-08-24 11:23:50,215 DEBUG urllib3.connectionpool Starting new HTTPS connection (1): api.axismyindia.in:443
2026-08-24 11:23:52,072 DEBUG urllib3.connectionpool https://api.axismyindia.in:443 "GET /v1/admin/surveyors/qc-service/survey-response-download/download-range/876?startDate=2026-08-20&endDate=2026-08-24 HTTP/1.1" 200 93
2026-08-24 11:23:56,154 DEBUG urllib3.connectionpool Starting new HTTPS connection (1): api.axismyindia.in:443
2026-08-24 11:23:56,206 DEBUG urllib3.connectionpool https://api.axismyindia.in:443 "GET /v1/admin/surveyors/qc-service/survey-response-download/survey-report-tasks?page=1&size=10&choiceId=876 HTTP/1.1" 200 None
2026-08-24 11:23:56,425 WARNING django.request Not Found: /styles.css
2026-08-24 11:23:56,427 WARNING django.server "GET /styles.css HTTP/1.1" 404 7688
2026-08-24 11:23:58,514 DEBUG urllib3.connectionpool Starting new HTTPS connection (1): api.axismyindia.in:443
2026-08-24 11:23:58,596 DEBUG urllib3.connectionpool https://api.axismyindia.in:443 "GET /v1/admin/surveyors/qc-service/survey-response-download/download-survey-report?taskId=6588%20 HTTP/1.1" 200 81094
2026-08-24 12:14:26,791 WARNING django.server "GET /static/js/hoverable-collapse.js HTTP/1.1" 404 1898
2026-08-24 12:14:26,791 WARNING django.server "GET /static/js/settings.js HTTP/1.1" 404 1868
2026-08-24 12:14:26,798 WARNING django.server "GET /static/js/todolist.js HTTP/1.1" 404 1868
2026-08-24 12:15:02,918 WARNING django.server "GET /static/js/hoverable-collapse.js HTTP/1.1" 404 1898
2026-08-24 12:15:02,922 WARNING django.server "GET /static/js/settings.js HTTP/1.1" 404 1868
2026-08-24 12:15:03,024 WARNING django.server "GET /static/js/todolist.js HTTP/1.1" 404 1868
2026-08-24 12:15:14,067 WARNING django.request Not Found: /favicon.ico
2026-08-24 12:15:19,286 WARNING django.request Not Found: /favicon.ico
2026-08-24 12:15:40,283 WARNING django.request Not Found: /favicon.ico
2026-08-24 12:16:48,009 WARNING django.server "GET /static/vendors/js/bootstrap.min.js.map HTTP/1.1" 404 1919
2026-08-24 12:16:48,014 WARNING django.server "GET /static/vendors/js/jquery.contextMenu.min.js.map HTTP/1.1" 404 1946
2026-08-24 12:16:48,094 WARNING django.server "GET /static/vendors/css/jquery.contextMenu.min.css.map HTTP/1.1" 404 1952
2026-08-24 12:16:55,677 WARNING django.server "GET /static/vendors/js/bootstrap.min.js.map HTTP/1.1" 404 1919
2026-08-24 12:16:55,804 WARNING django.server "GET /static/vendors/js/jquery.contextMenu.min.js.map HTTP/1.1" 404 1946
2026-08-24 12:16:55,797 WARNING django.server "GET /static/vendors/css/jquery.contextMenu.min.css.map HTTP/1.1" 404 1952
2026-08-24 12:17:01,455 WARNING django.request Not Found: /favicon.ico
2026-08-24 12:20:10,285 WARNING django.server "GET /static/js/todolist.js HTTP/1.1" 404 1868
2026-08-24 12:20:10,323 WARNING django.server "GET /static/js/settings.js HTTP/1.1" 404 1868
2026-08-24 12:20:10,328 WARNING django.server "GET /static/js/hoverable-collapse.js HTTP/1.1" 404 1898
2026-08-24 12:20:19,544 WARNING django.request Not Found: /favicon.ico
2026-08-24 12:20:41,197 WARNING django.request Not Found: /favicon.ico
2026-08-24 12:22:42,243 WARNING django.request Not Found: /favicon.ico
2026-08-24 12:22:43,194 WARNING django.request Not Found: /favicon.ico
2026-08-24 12:26:53,645 WARNING django.server "GET /static/js/hoverable-collapse.js HTTP/1.1" 404 1898
2026-08-24 12:26:53,714 WARNING django.server "GET /static/js/settings.js HTTP/1.1" 404 1868
2026-08-24 12:26:53,858 WARNING django.server "GET /static/js/todolist.js HTTP/1.1" 404 1868
2026-08-24 12:27:20,967 WARNING django.server "GET /static/js/hoverable-collapse.js HTTP/1.1" 404 1898
2026-08-24 12:27:21,082 WARNING django.server "GET /static/js/settings.js HTTP/1.1" 404 1868
2026-08-24 12:27:21,104 WARNING django.server "GET /static/js/todolist.js HTTP/1.1" 404 1868
2026-08-24 12:27:31,645 WARNING django.server "GET /static/js/hoverable-collapse.js HTTP/1.1" 404 1898
2026-08-24 12:27:31,653 WARNING django.server "GET /static/js/todolist.js HTTP/1.1" 404 1868
2026-08-24 12:27:31,658 WARNING django.server "GET /static/js/settings.js HTTP/1.1" 404 1868
2026-08-24 12:28:36,900 WARNING django.server "GET /static/js/hoverable-collapse.js HTTP/1.1" 404 1898
2026-08-24 12:28:37,029 WARNING django.server "GET /static/js/todolist.js HTTP/1.1" 404 1868
2026-08-24 12:28:37,035 WARNING django.server "GET /static/js/settings.js HTTP/1.1" 404 1868
2026-08-24 13:03:50,531 WARNING django.server "GET /static/js/hoverable-collapse.js HTTP/1.1" 404 1898
2026-08-24 13:03:50,642 WARNING django.server "GET /static/js/settings.js HTTP/1.1" 404 1868
2026-08-24 13:03:50,647 WARNING django.server "GET /static/js/todolist.js HTTP/1.1" 404 1868
2026-08-24 13:04:12,728 WARNING django.server "GET /static/js/hoverable-collapse.js HTTP/1.1" 404 1898
2026-08-24 13:04:12,843 WARNING django.server "GET /static/js/todolist.js HTTP/1.1" 404 1868
2026-08-24 13:04:13,052 WARNING django.server "GET /static/js/settings.js HTTP/1.1" 404 1868
2026-08-24 13:04:29,809 WARNING django.request Not Found: /favicon.ico
2026-08-24 13:04:29,921 WARNING django.request Not Found: /favicon.ico
2026-08-24 13:04:49,578 WARNING django.server "GET /static/vendors/js/jquery.contextMenu.min.js.map HTTP/1.1" 404 1946
2026-08-24 13:04:49,584 WARNING django.server "GET /static/vendors/js/bootstrap.min.js.map HTTP/1.1" 404 1919
2026-08-24 13:04:49,700 WARNING django.server "GET /static/vendors/css/jquery.contextMenu.min.css.map HTTP/1.1" 404 1952
2026-08-24 13:04:51,500 WARNING django.request Not Found: /favicon.ico
2026-08-24 13:04:52,057 WARNING django.request Not Found: /favicon.ico
2026-08-24 13:05:31,949 WARNING django.request Not Found: /favicon.ico
2026-08-24 13:05:32,551 WARNING django.request Not Found: /favicon.ico
2026-08-24 13:05:35,102 WARNING django.server "GET /static/vendors/js/bootstrap.min.js.map HTTP/1.1" 404 1919
2026-08-24 13:06:12,328 WARNING django.server "GET /static/vendors/css/jquery.contextMenu.min.css.map HTTP/1.1" 404 1952
2026-08-24 13:06:12,335 WARNING django.server "GET /static/vendors/js/jquery.contextMenu.min.js.map HTTP/1.1" 404 1946
2026-08-24 13:06:12,343 WARNING django.server "GET /static/vendors/js/bootstrap.min.js.map HTTP/1.1" 404 1919
2026-08-24 13:06:12,362 WARNING django.server "GET /static/vendors/css/jquery.contextMenu.min.css.map HTTP/1.1" 404 1952
2026-08-24 13:06:14,987 WARNING django.server "GET /static/js/hoverable-collapse.js HTTP/1.1" 404 1898
2026-08-24 13:06:15,104 WARNING django.server "GET /static/js/todolist.js HTTP/1.1" 404 1868
2026-08-24 13:06:15,108 WARNING django.server "GET /static/js/settings.js HTTP/1.1" 404 1868
2026-08-24 13:06:18,692 WARNING django.server "GET /static/js/hoverable-collapse.js HTTP/1.1" 404 1898
2026-08-24 13:06:18,813 WARNING django.server "GET /static/js/todolist.js HTTP/1.1" 404 1868
2026-08-24 13:06:18,817 WARNING django.server "GET /static/js/settings.js HTTP/1.1" 404 1868
2026-08-24 13:06:27,536 WARNING django.server "GET /static/js/hoverable-collapse.js HTTP/1.1" 404 1898
2026-08-24 13:06:27,642 WARNING django.server "GET /static/js/settings.js HTTP/1.1" 404 1868
2026-08-24 13:06:27,649 WARNING django.server "GET /static/js/todolist.js HTTP/1.1" 404 1868
2026-08-24 13:06:30,308 WARNING django.server "GET /static/js/hoverable-collapse.js HTTP/1.1" 404 1898
2026-08-24 13:06:30,430 WARNING django.server "GET /static/js/settings.js HTTP/1.1" 404 1868
2026-08-24 13:06:30,426 WARNING django.server "GET /static/js/todolist.js HTTP/1.1" 404 1868
2026-08-24 13:07:32,704 WARNING django.server "GET /static/js/settings.js HTTP/1.1" 404 1868
2026-08-24 13:07:32,603 WARNING django.server "GET /static/js/hoverable-collapse.js HTTP/1.1" 404 1898
2026-08-24 13:07:32,718 WARNING django.server "GET /static/js/todolist.js HTTP/1.1" 404 1868
2026-08-24 13:07:45,120 WARNING django.server "GET /static/js/hoverable-collapse.js HTTP/1.1" 404 1898
2026-08-24 13:07:45,244 WARNING django.server "GET /static/js/todolist.js HTTP/1.1" 404 1868
2026-08-24 13:07:45,249 WARNING django.server "GET /static/js/settings.js HTTP/1.1" 404 1868
2026-08-24 13:10:31,621 WARNING django.security.csrf Forbidden (CSRF token from POST incorrect.): /login
2026-08-24 13:10:32,328 WARNING django.security.csrf Forbidden (CSRF token from POST incorrect.): /login
2026-08-24 13:10:32,503 WARNING django.security.csrf Forbidden (CSRF token from POST incorrect.): /login
2026-08-24 13:10:32,724 WARNING django.security.csrf Forbidden (CSRF token from POST incorrect.): /login
2026-08-24 13:10:33,931 WARNING django.security.csrf Forbidden (CSRF token from POST incorrect.): /login
2026-08-24 13:10:34,438 WARNING django.security.csrf Forbidden (CSRF token from POST incorrect.): /login
2026-08-24 13:10:40,656 WARNING django.server "GET /static/vendors/js/bootstrap.min.js.map HTTP/1.1" 404 1919
2026-08-24 13:10:40,657 WARNING django.server "GET /static/vendors/js/jquery.contextMenu.min.js.map HTTP/1.1" 404 1946
2026-08-24 13:10:40,690 WARNING django.server "GET /static/vendors/css/jquery.contextMenu.min.css.map HTTP/1.1" 404 1952
2026-08-24 13:10:40,692 WARNING django.security.csrf Forbidden (CSRF token from POST incorrect.): /login
2026-08-24 13:13:12,989 WARNING django.server "GET /static/js/hoverable-collapse.js HTTP/1.1" 404 1898
2026-08-24 13:13:13,108 WARNING django.server "GET /static/js/settings.js HTTP/1.1" 404 1868
2026-08-24 13:13:13,112 WARNING django.server "GET /static/js/todolist.js HTTP/1.1" 404 1868
2026-08-24 13:13:15,463 WARNING django.server "GET /static/vendors/js/jquery.contextMenu.min.js.map HTTP/1.1" 404 1946
2026-08-24 13:13:15,469 WARNING django.server "GET /static/vendors/js/bootstrap.min.js.map HTTP/1.1" 404 1919
2026-08-24 13:31:56,570 WARNING django.server "GET /static/js/hoverable-collapse.js HTTP/1.1" 404 1898
2026-08-24 13:31:56,615 WARNING django.server "GET /static/js/settings.js HTTP/1.1" 404 1868
2026-08-24 13:31:56,685 WARNING django.server "GET /static/js/todolist.js HTTP/1.1" 404 1868
2026-08-24 13:32:03,335 WARNING django.request Not Found: /favicon.ico
2026-08-24 13:32:03,336 WARNING django.server "GET /favicon.ico HTTP/1.1" 404 7691
2026-08-24 13:40:55,592 WARNING quality.middleware Session idle timeout exceeded user=112891 path=/
2026-08-24 13:40:55,814 WARNING django.server "GET /static/js/hoverable-collapse.js HTTP/1.1" 404 1898
2026-08-24 13:40:55,869 WARNING django.server "GET /static/js/settings.js HTTP/1.1" 404 1868
2026-08-24 13:40:55,933 WARNING django.server "GET /static/js/todolist.js HTTP/1.1" 404 1868
2026-08-24 13:41:00,131 WARNING django.request Not Found: /favicon.ico
2026-08-24 13:41:00,133 WARNING django.server "GET /favicon.ico HTTP/1.1" 404 7691
2026-08-24 13:43:40,268 WARNING django.server "GET /static/js/hoverable-collapse.js HTTP/1.1" 404 1898
2026-08-24 13:43:40,297 WARNING django.server "GET /static/js/todolist.js HTTP/1.1" 404 1868
2026-08-24 13:43:40,404 WARNING django.server "GET /static/js/settings.js HTTP/1.1" 404 1868
2026-08-24 13:43:40,614 WARNING django.server "GET /static/js/hoverable-collapse.js HTTP/1.1" 404 1898
2026-08-24 13:43:40,631 WARNING django.server "GET /static/js/settings.js HTTP/1.1" 404 1868
2026-08-24 13:43:40,655 WARNING django.server "GET /static/js/todolist.js HTTP/1.1" 404 1868
2026-08-24 13:54:07,756 WARNING django.server "GET /static/js/hoverable-collapse.js HTTP/1.1" 404 1898
2026-08-24 13:54:07,850 WARNING django.server "GET /static/js/settings.js HTTP/1.1" 404 1868
2026-08-24 13:54:07,862 WARNING django.server "GET /static/js/todolist.js HTTP/1.1" 404 1868
2026-08-24 13:58:40,715 WARNING django.server "GET /static/js/settings.js HTTP/1.1" 404 1868
2026-08-24 13:58:40,840 WARNING django.server "GET /static/js/todolist.js HTTP/1.1" 404 1868
2026-08-24 13:58:41,776 WARNING django.server "GET /static/js/hoverable-collapse.js HTTP/1.1" 404 1898
2026-08-24 13:59:06,052 WARNING django.request Not Found: /favicon.ico
2026-08-24 13:59:06,053 WARNING django.server "GET /favicon.ico HTTP/1.1" 404 7691
2026-08-24 13:59:28,476 DEBUG tzlocal Looking up time zone info from registry
2026-08-24 14:22:38,948 WARNING django.request Not Found: /favicon.ico
2026-08-24 14:22:38,949 WARNING django.server "GET /favicon.ico HTTP/1.1" 404 7691
2026-08-24 14:48:35,924 WARNING django.server "GET /static/js/settings.js HTTP/1.1" 404 1868
2026-08-24 14:48:36,056 WARNING django.server "GET /static/js/todolist.js HTTP/1.1" 404 1868
2026-08-24 14:48:36,083 WARNING django.server "GET /static/js/hoverable-collapse.js HTTP/1.1" 404 1898
2026-08-24 14:49:03,277 WARNING django.request Not Found: /favicon.ico
2026-08-24 14:49:03,279 WARNING django.server "GET /favicon.ico HTTP/1.1" 404 7691
2026-08-24 14:55:47,094 WARNING django.server "GET /static/js/hoverable-collapse.js HTTP/1.1" 404 1898
2026-08-24 14:55:47,103 WARNING django.server "GET /static/js/settings.js HTTP/1.1" 404 1868
2026-08-24 14:55:47,206 WARNING django.server "GET /static/js/todolist.js HTTP/1.1" 404 1868
2026-08-24 14:56:36,144 WARNING django.server "GET /static/js/hoverable-collapse.js HTTP/1.1" 404 1898
2026-08-24 14:56:36,260 WARNING django.server "GET /static/js/settings.js HTTP/1.1" 404 1868
2026-08-24 14:56:36,267 WARNING django.server "GET /static/js/todolist.js HTTP/1.1" 404 1868
2026-08-24 15:05:32,072 WARNING django.request Not Found: /media/audio/218343.wav
2026-08-24 15:05:32,075 WARNING django.server "GET /media/audio/218343.wav HTTP/1.1" 404 7970
2026-08-24 15:47:04,185 WARNING django.server "GET /static/js/hoverable-collapse.js HTTP/1.1" 404 1898
2026-08-24 15:47:04,257 WARNING django.server "GET /static/js/settings.js HTTP/1.1" 404 1868
2026-08-24 15:47:04,284 WARNING django.server "GET /static/js/todolist.js HTTP/1.1" 404 1868
2026-08-24 15:47:11,540 WARNING django.server "GET /static/js/todolist.js HTTP/1.1" 404 1868
2026-08-24 15:47:11,545 WARNING django.server "GET /static/js/hoverable-collapse.js HTTP/1.1" 404 1898
2026-08-24 15:47:11,546 WARNING django.server "GET /static/js/settings.js HTTP/1.1" 404 1868
2026-08-24 15:47:24,167 WARNING django.request Not Found: /favicon.ico
2026-08-24 15:47:24,169 WARNING django.server "GET /favicon.ico HTTP/1.1" 404 7691
2026-08-24 15:49:28,165 WARNING django.server "GET /static/js/settings.js HTTP/1.1" 404 1868
2026-08-24 15:49:28,197 WARNING django.server "GET /static/js/todolist.js HTTP/1.1" 404 1868
2026-08-24 15:49:28,355 WARNING django.server "GET /static/js/hoverable-collapse.js HTTP/1.1" 404 1898
2026-08-24 15:51:11,298 WARNING django.server "GET /static/js/hoverable-collapse.js HTTP/1.1" 404 1898
2026-08-24 15:51:11,310 WARNING django.server "GET /static/js/todolist.js HTTP/1.1" 404 1868
2026-08-24 15:51:11,311 WARNING django.server "GET /static/js/settings.js HTTP/1.1" 404 1868
2026-08-24 15:51:29,428 WARNING django.request Not Found: /favicon.ico
2026-08-24 15:51:29,430 WARNING django.server "GET /favicon.ico HTTP/1.1" 404 7691
2026-08-24 16:09:58,332 WARNING django.server "GET /static/js/hoverable-collapse.js HTTP/1.1" 404 1898
2026-08-24 16:09:58,453 WARNING django.server "GET /static/js/todolist.js HTTP/1.1" 404 1868
2026-08-24 16:09:58,573 WARNING django.server "GET /static/js/settings.js HTTP/1.1" 404 1868
2026-08-24 16:20:08,900 WARNING django.server "GET /static/js/hoverable-collapse.js HTTP/1.1" 404 1898
2026-08-24 16:20:08,964 WARNING django.server "GET /static/js/settings.js HTTP/1.1" 404 1868
2026-08-24 16:20:09,028 WARNING django.server "GET /static/js/todolist.js HTTP/1.1" 404 1868
2026-08-24 16:21:52,525 WARNING django.request Not Found: /favicon.ico
2026-08-24 16:21:52,527 WARNING django.server "GET /favicon.ico HTTP/1.1" 404 7691
2026-08-24 16:22:16,245 DEBUG urllib3.connectionpool Starting new HTTPS connection (1): api.axismyindia.in:443
2026-08-24 16:22:17,004 DEBUG urllib3.connectionpool https://api.axismyindia.in:443 "GET /v1/admin/surveyors/qc-service/survey-response-download/download-range/791?startDate=2026-06-13&endDate=2026-06-16 HTTP/1.1" 200 93
2026-08-24 16:22:20,733 DEBUG urllib3.connectionpool Starting new HTTPS connection (1): api.axismyindia.in:443
2026-08-24 16:22:20,794 DEBUG urllib3.connectionpool https://api.axismyindia.in:443 "GET /v1/admin/surveyors/qc-service/survey-response-download/survey-report-tasks?page=1&size=10&choiceId=791 HTTP/1.1" 200 None
2026-08-24 16:22:21,179 WARNING django.request Not Found: /styles.css
2026-08-24 16:22:21,181 WARNING django.server "GET /styles.css HTTP/1.1" 404 7688
2026-08-24 16:22:23,475 DEBUG urllib3.connectionpool Starting new HTTPS connection (1): api.axismyindia.in:443
2026-08-24 16:22:23,542 DEBUG urllib3.connectionpool https://api.axismyindia.in:443 "GET /v1/admin/surveyors/qc-service/survey-response-download/survey-report-tasks?page=1&size=10&choiceId=791 HTTP/1.1" 200 None
2026-08-24 16:22:23,866 WARNING django.request Not Found: /styles.css
2026-08-24 16:22:23,869 WARNING django.server "GET /styles.css HTTP/1.1" 404 7688
2026-08-24 16:22:26,287 DEBUG urllib3.connectionpool Starting new HTTPS connection (1): api.axismyindia.in:443
2026-08-24 16:22:26,340 DEBUG urllib3.connectionpool https://api.axismyindia.in:443 "GET /v1/admin/surveyors/qc-service/survey-response-download/survey-report-tasks?page=1&size=10&choiceId=791 HTTP/1.1" 200 None
2026-08-24 16:22:26,689 WARNING django.request Not Found: /styles.css
2026-08-24 16:22:26,691 WARNING django.server "GET /styles.css HTTP/1.1" 404 7688
2026-08-24 16:22:28,999 DEBUG urllib3.connectionpool Starting new HTTPS connection (1): api.axismyindia.in:443
2026-08-24 16:22:29,051 DEBUG urllib3.connectionpool https://api.axismyindia.in:443 "GET /v1/admin/surveyors/qc-service/survey-response-download/survey-report-tasks?page=1&size=10&choiceId=791 HTTP/1.1" 200 None
2026-08-24 16:22:29,376 WARNING django.request Not Found: /styles.css
2026-08-24 16:22:29,378 WARNING django.server "GET /styles.css HTTP/1.1" 404 7688
2026-08-24 16:22:34,999 DEBUG urllib3.connectionpool Starting new HTTPS connection (1): api.axismyindia.in:443
2026-08-24 16:22:35,064 DEBUG urllib3.connectionpool https://api.axismyindia.in:443 "GET /v1/admin/surveyors/qc-service/survey-response-download/survey-report-tasks?page=1&size=10&choiceId=791 HTTP/1.1" 200 None
2026-08-24 16:22:35,536 WARNING django.request Not Found: /styles.css
2026-08-24 16:22:35,538 WARNING django.server "GET /styles.css HTTP/1.1" 404 7688
2026-08-24 16:23:50,155 DEBUG urllib3.connectionpool Starting new HTTPS connection (1): api.axismyindia.in:443
2026-08-24 16:23:50,205 DEBUG urllib3.connectionpool https://api.axismyindia.in:443 "GET /v1/admin/surveyors/qc-service/survey-response-download/survey-report-tasks?page=1&size=10&choiceId=791 HTTP/1.1" 200 None
2026-08-24 16:23:50,576 WARNING django.request Not Found: /styles.css
2026-08-24 16:23:50,578 WARNING django.server "GET /styles.css HTTP/1.1" 404 7688
2026-08-24 16:23:52,144 DEBUG urllib3.connectionpool Starting new HTTPS connection (1): api.axismyindia.in:443
2026-08-24 16:23:52,935 DEBUG urllib3.connectionpool https://api.axismyindia.in:443 "GET /v1/admin/surveyors/qc-service/survey-response-download/download-survey-report?taskId=6592%20 HTTP/1.1" 200 6103930
2026-08-24 16:24:03,172 DEBUG urllib3.connectionpool Starting new HTTPS connection (1): api.axismyindia.in:443
2026-08-24 16:24:03,734 DEBUG urllib3.connectionpool https://api.axismyindia.in:443 "GET /v1/admin/surveyors/qc-service/survey-response-download/download-survey-report?taskId=6592%20 HTTP/1.1" 200 6103930
2026-08-24 16:36:47,036 DEBUG urllib3.connectionpool Starting new HTTPS connection (1): api.axismyindia.in:443
2026-08-24 16:36:47,560 DEBUG urllib3.connectionpool https://api.axismyindia.in:443 "GET /v1/admin/surveyors/qc-service/survey-response-download/download-range/791?startDate=2026-06-16&endDate=2026-06-19 HTTP/1.1" 200 93
2026-08-24 16:36:51,304 DEBUG urllib3.connectionpool Starting new HTTPS connection (1): api.axismyindia.in:443
2026-08-24 16:36:51,361 DEBUG urllib3.connectionpool https://api.axismyindia.in:443 "GET /v1/admin/surveyors/qc-service/survey-response-download/survey-report-tasks?page=1&size=10&choiceId=791 HTTP/1.1" 200 None
2026-08-24 16:36:51,800 WARNING django.request Not Found: /styles.css
2026-08-24 16:36:51,802 WARNING django.server "GET /styles.css HTTP/1.1" 404 7688
2026-08-24 16:36:53,718 DEBUG urllib3.connectionpool Starting new HTTPS connection (1): api.axismyindia.in:443
2026-08-24 16:36:53,803 DEBUG urllib3.connectionpool https://api.axismyindia.in:443 "GET /v1/admin/surveyors/qc-service/survey-response-download/survey-report-tasks?page=1&size=10&choiceId=791 HTTP/1.1" 200 None
2026-08-24 16:36:54,222 WARNING django.request Not Found: /styles.css
2026-08-24 16:36:54,224 WARNING django.server "GET /styles.css HTTP/1.1" 404 7688
2026-08-24 16:37:02,195 DEBUG urllib3.connectionpool Starting new HTTPS connection (1): api.axismyindia.in:443
2026-08-24 16:37:02,263 DEBUG urllib3.connectionpool https://api.axismyindia.in:443 "GET /v1/admin/surveyors/qc-service/survey-response-download/survey-report-tasks?page=1&size=10&choiceId=791 HTTP/1.1" 200 None
2026-08-24 16:37:02,619 WARNING django.request Not Found: /styles.css
2026-08-24 16:37:02,621 WARNING django.server "GET /styles.css HTTP/1.1" 404 7688
2026-08-24 16:37:06,781 DEBUG urllib3.connectionpool Starting new HTTPS connection (1): api.axismyindia.in:443
2026-08-24 16:37:06,854 DEBUG urllib3.connectionpool https://api.axismyindia.in:443 "GET /v1/admin/surveyors/qc-service/survey-response-download/survey-report-tasks?page=1&size=10&choiceId=791 HTTP/1.1" 200 None
2026-08-24 16:37:07,303 WARNING django.request Not Found: /styles.css
2026-08-24 16:37:07,304 WARNING django.server "GET /styles.css HTTP/1.1" 404 7688
2026-08-24 16:37:10,732 DEBUG urllib3.connectionpool Starting new HTTPS connection (1): api.axismyindia.in:443
2026-08-24 16:37:10,790 DEBUG urllib3.connectionpool https://api.axismyindia.in:443 "GET /v1/admin/surveyors/qc-service/survey-response-download/survey-report-tasks?page=1&size=10&choiceId=791 HTTP/1.1" 200 None
2026-08-24 16:37:11,153 WARNING django.request Not Found: /styles.css
2026-08-24 16:37:11,155 WARNING django.server "GET /styles.css HTTP/1.1" 404 7688
2026-08-24 16:37:16,364 DEBUG urllib3.connectionpool Starting new HTTPS connection (1): api.axismyindia.in:443
2026-08-24 16:37:16,425 DEBUG urllib3.connectionpool https://api.axismyindia.in:443 "GET /v1/admin/surveyors/qc-service/survey-response-download/survey-report-tasks?page=1&size=10&choiceId=791 HTTP/1.1" 200 None
2026-08-24 16:37:16,773 WARNING django.request Not Found: /styles.css
2026-08-24 16:37:16,775 WARNING django.server "GET /styles.css HTTP/1.1" 404 7688
2026-08-24 16:37:18,950 DEBUG urllib3.connectionpool Starting new HTTPS connection (1): api.axismyindia.in:443
2026-08-24 16:37:19,727 DEBUG urllib3.connectionpool https://api.axismyindia.in:443 "GET /v1/admin/surveyors/qc-service/survey-response-download/download-survey-report?taskId=6593%20 HTTP/1.1" 200 7851944
2026-08-24 16:38:20,506 WARNING django.server "GET /static/js/settings.js HTTP/1.1" 404 1859
2026-08-24 16:38:20,511 WARNING django.server "GET /static/js/hoverable-collapse.js HTTP/1.1" 404 1889
2026-08-24 16:38:20,512 WARNING django.server "GET /static/js/todolist.js HTTP/1.1" 404 1859
2026-08-24 17:12:42,835 WARNING django.server "GET /static/js/hoverable-collapse.js HTTP/1.1" 404 1898
2026-08-24 17:12:42,939 WARNING django.server "GET /static/js/settings.js HTTP/1.1" 404 1868
2026-08-24 17:12:42,954 WARNING django.server "GET /static/js/todolist.js HTTP/1.1" 404 1868
2026-08-24 17:13:34,081 WARNING django.server "GET /static/js/hoverable-collapse.js HTTP/1.1" 404 1898
2026-08-24 17:13:34,184 WARNING django.server "GET /static/js/settings.js HTTP/1.1" 404 1868
2026-08-24 17:13:34,195 WARNING django.server "GET /static/js/todolist.js HTTP/1.1" 404 1868
2026-08-24 17:15:45,812 WARNING django.server "GET /static/js/hoverable-collapse.js HTTP/1.1" 404 1898
2026-08-24 17:15:45,909 WARNING django.server "GET /static/js/settings.js HTTP/1.1" 404 1868
2026-08-24 17:15:45,924 WARNING django.server "GET /static/js/todolist.js HTTP/1.1" 404 1868
2026-08-24 17:15:50,045 WARNING django.request Not Found: /favicon.ico
2026-08-24 17:15:50,048 WARNING django.server "GET /favicon.ico HTTP/1.1" 404 7691
2026-08-24 17:20:30,330 WARNING django.server "GET /static/js/hoverable-collapse.js HTTP/1.1" 404 1898
2026-08-24 17:20:30,443 WARNING django.server "GET /static/js/settings.js HTTP/1.1" 404 1868
2026-08-24 17:20:30,458 WARNING django.server "GET /static/js/todolist.js HTTP/1.1" 404 1868
2026-08-24 17:20:34,514 WARNING django.request Not Found: /favicon.ico
2026-08-24 17:20:34,516 WARNING django.server "GET /favicon.ico HTTP/1.1" 404 7691
2026-08-24 17:20:57,076 WARNING django.server "GET /static/js/hoverable-collapse.js HTTP/1.1" 404 1898
2026-08-24 17:20:57,082 WARNING django.server "GET /static/js/settings.js HTTP/1.1" 404 1868
2026-08-24 17:20:57,197 WARNING django.server "GET /static/js/todolist.js HTTP/1.1" 404 1868
2026-08-24 17:48:21,470 WARNING django.server "GET /static/js/hoverable-collapse.js HTTP/1.1" 404 1898
2026-08-24 17:48:21,572 WARNING django.server "GET /static/js/settings.js HTTP/1.1" 404 1868
2026-08-24 17:48:21,588 WARNING django.server "GET /static/js/todolist.js HTTP/1.1" 404 1868
2026-08-24 17:48:25,729 WARNING django.request Not Found: /favicon.ico
2026-08-24 17:48:25,731 WARNING django.server "GET /favicon.ico HTTP/1.1" 404 7691
2026-08-24 17:49:57,981 WARNING django.server "GET /static/vendors/js/bootstrap.min.js.map HTTP/1.1" 404 1910
2026-08-24 17:49:57,982 WARNING django.server "GET /static/vendors/js/jquery.contextMenu.min.js.map HTTP/1.1" 404 1937
2026-08-24 17:49:58,208 WARNING django.server "GET /static/vendors/css/jquery.contextMenu.min.css.map HTTP/1.1" 404 1943
2026-08-24 17:59:32,458 WARNING django.server "GET /static/js/hoverable-collapse.js HTTP/1.1" 404 1889
2026-08-24 17:59:32,461 WARNING django.server "GET /static/js/settings.js HTTP/1.1" 404 1859
2026-08-24 17:59:32,465 WARNING django.server "GET /static/js/todolist.js HTTP/1.1" 404 1859
2026-08-24 18:04:03,098 WARNING django.server "GET /static/js/hoverable-collapse.js HTTP/1.1" 404 1898
2026-08-24 18:04:03,107 WARNING django.server "GET /static/js/settings.js HTTP/1.1" 404 1868
2026-08-24 18:04:03,117 WARNING django.server "GET /static/js/todolist.js HTTP/1.1" 404 1868
2026-08-24 18:05:15,281 DEBUG tzlocal Looking up time zone info from registry
2026-08-24 18:06:29,385 WARNING django.server "GET /static/js/hoverable-collapse.js HTTP/1.1" 404 1889
2026-08-24 18:06:29,398 WARNING django.server "GET /static/js/todolist.js HTTP/1.1" 404 1859
2026-08-24 18:06:29,399 WARNING django.server "GET /static/js/settings.js HTTP/1.1" 404 1859
2026-08-24 18:07:06,555 WARNING django.server "GET /static/js/hoverable-collapse.js HTTP/1.1" 404 1898
2026-08-24 18:07:06,662 WARNING django.server "GET /static/js/settings.js HTTP/1.1" 404 1868
2026-08-24 18:07:06,732 WARNING django.server "GET /static/js/todolist.js HTTP/1.1" 404 1868
2026-08-24 18:07:22,270 WARNING django.request Not Found: /favicon.ico
2026-08-24 18:07:22,272 WARNING django.server "GET /favicon.ico HTTP/1.1" 404 7691
2026-08-24 18:08:26,884 WARNING django.request Not Found: /media/registration/218329_registration.wav
2026-08-24 18:08:26,886 WARNING django.server "GET /media/registration/218329_registration.wav HTTP/1.1" 404 8050
2026-08-24 18:11:00,179 WARNING django.request Not Found: /media/registration/218329_registration.wav
2026-08-24 18:11:00,181 WARNING django.server "GET /media/registration/218329_registration.wav HTTP/1.1" 404 8050
2026-08-24 18:11:03,197 WARNING django.request Not Found: /media/audio/218329.wav
2026-08-24 18:11:03,198 WARNING django.server "GET /media/audio/218329.wav HTTP/1.1" 404 7970
2026-08-24 18:13:57,358 WARNING django.request The request's session was deleted before the request completed. The user may have logged out in a concurrent request, for example.: /v2
Traceback (most recent call last):
  File "C:\Python314\Lib\site-packages\django\contrib\sessions\backends\db.py", line 127, in save
    obj.save(
    ~~~~~~~~^
        force_insert=must_create, force_update=not must_create, using=using
        ^^^^^^^^^^^^^^^^^^^^^^^^^^^^^^^^^^^^^^^^^^^^^^^^^^^^^^^^^^^^^^^^^^^
    )
    ^
  File "C:\Python314\Lib\site-packages\django\db\models\base.py", line 902, in save
    self.save_base(
    ~~~~~~~~~~~~~~^
        using=using,
        ^^^^^^^^^^^^
    ...<2 lines>...
        update_fields=update_fields,
        ^^^^^^^^^^^^^^^^^^^^^^^^^^^^
    )
    ^
  File "C:\Python314\Lib\site-packages\django\db\models\base.py", line 1008, in save_base
    updated = self._save_table(
        raw,
    ...<4 lines>...
        update_fields,
    )
  File "C:\Python314\Lib\site-packages\django\db\models\base.py", line 1142, in _save_table
    raise DatabaseError("Forced update did not affect any rows.")
django.db.utils.DatabaseError: Forced update did not affect any rows.

During handling of the above exception, another exception occurred:

Traceback (most recent call last):
  File "C:\Python314\Lib\site-packages\django\contrib\sessions\middleware.py", line 59, in process_response
    request.session.save()
    ~~~~~~~~~~~~~~~~~~~~^^
  File "C:\Python314\Lib\site-packages\django\contrib\sessions\backends\db.py", line 136, in save
    raise UpdateError
django.contrib.sessions.backends.base.UpdateError

During handling of the above exception, another exception occurred:

Traceback (most recent call last):
  File "C:\Python314\Lib\site-packages\django\core\handlers\exception.py", line 55, in inner
    response = get_response(request)
  File "C:\Python314\Lib\site-packages\django\utils\deprecation.py", line 122, in __call__
    response = self.process_response(request, response)
  File "C:\Python314\Lib\site-packages\django\contrib\sessions\middleware.py", line 61, in process_response
    raise SessionInterrupted(
    ...<3 lines>...
    )
django.contrib.sessions.exceptions.SessionInterrupted: The request's session was deleted before the request completed. The user may have logged out in a concurrent request, for example.
2026-08-24 18:13:57,376 WARNING django.server "GET /v2?csrfmiddlewaretoken=luyLLTOwof6TAhbAsItiJin6gRBl3ky6cCIPAzSokUv1bij3pqUePqYubwJMxzoV&auditor_project_name=MAHARASHTRA+HSA+SURVEY&quality_auditor_name=default&startdate=&enddate=&interview_startdate=2026-07-15&interview_enddate=2026-07-31&filter=filter&selected_form=detailed_summary HTTP/1.1" 400 107906
2026-08-24 18:15:41,743 WARNING django.request Not Found: /media/registration/218329_registration.wav
2026-08-24 18:15:41,745 WARNING django.server "GET /media/registration/218329_registration.wav HTTP/1.1" 404 8050
2026-08-24 18:25:04,918 WARNING django.server "GET /static/js/hoverable-collapse.js HTTP/1.1" 404 1898
2026-08-24 18:25:05,034 WARNING django.server "GET /static/js/settings.js HTTP/1.1" 404 1868
2026-08-24 18:25:05,039 WARNING django.server "GET /static/js/todolist.js HTTP/1.1" 404 1868
2026-08-24 18:46:52,860 WARNING django.server "GET /static/js/settings.js HTTP/1.1" 404 1868
2026-08-24 18:46:52,873 WARNING django.server "GET /static/js/todolist.js HTTP/1.1" 404 1868
2026-08-24 18:46:52,873 WARNING django.server "GET /static/js/hoverable-collapse.js HTTP/1.1" 404 1898
2026-08-24 18:47:09,619 WARNING django.server "GET /static/js/hoverable-collapse.js HTTP/1.1" 404 1898
2026-08-24 18:47:09,728 WARNING django.server "GET /static/js/settings.js HTTP/1.1" 404 1868
2026-08-24 18:47:09,743 WARNING django.server "GET /static/js/todolist.js HTTP/1.1" 404 1868
2026-08-24 18:47:18,618 WARNING django.request Not Found: /styles.css
2026-08-24 18:47:18,620 WARNING django.server "GET /styles.css HTTP/1.1" 404 7688
2026-08-24 18:47:23,141 WARNING django.request Not Found: /styles.css
2026-08-24 18:47:23,143 WARNING django.server "GET /styles.css HTTP/1.1" 404 7688
2026-08-24 18:47:27,997 DEBUG urllib3.connectionpool Starting new HTTPS connection (1): api.axismyindia.in:443
2026-08-24 18:47:28,065 DEBUG urllib3.connectionpool https://api.axismyindia.in:443 "GET /v1/admin/surveyors/qc-service/survey-response-download/survey-report-tasks?page=1&size=10&choiceId=791 HTTP/1.1" 200 None
2026-08-24 18:47:28,412 WARNING django.request Not Found: /styles.css
2026-08-24 18:47:28,414 WARNING django.server "GET /styles.css HTTP/1.1" 404 7688
2026-08-24 18:47:33,372 DEBUG urllib3.connectionpool Starting new HTTPS connection (1): api.axismyindia.in:443
2026-08-24 18:47:33,973 DEBUG urllib3.connectionpool https://api.axismyindia.in:443 "GET /v1/admin/surveyors/qc-service/survey-response-download/download-survey-report?taskId=6584%20 HTTP/1.1" 200 2440449
2026-08-24 19:03:41,623 WARNING django.server "GET /static/js/hoverable-collapse.js HTTP/1.1" 404 1898
2026-08-24 19:03:41,722 WARNING django.server "GET /static/js/settings.js HTTP/1.1" 404 1868
2026-08-24 19:03:41,830 WARNING django.server "GET /static/js/todolist.js HTTP/1.1" 404 1868
2026-08-24 19:30:07,067 WARNING django.server "GET /static/js/hoverable-collapse.js HTTP/1.1" 404 1898
2026-08-24 19:30:07,120 WARNING django.server "GET /static/js/settings.js HTTP/1.1" 404 1868
2026-08-24 19:30:07,392 WARNING django.server "GET /static/js/todolist.js HTTP/1.1" 404 1868
2026-08-24 19:43:33,542 WARNING django.server "GET /static/js/hoverable-collapse.js HTTP/1.1" 404 1898
2026-08-24 19:43:33,550 WARNING django.server "GET /static/js/settings.js HTTP/1.1" 404 1868
2026-08-24 19:43:33,650 WARNING django.server "GET /static/js/todolist.js HTTP/1.1" 404 1868
2026-08-25 09:33:46,382 WARNING django.server "GET /static/js/todolist.js HTTP/1.1" 404 1868
2026-08-25 09:33:46,400 WARNING django.server "GET /static/js/settings.js HTTP/1.1" 404 1868
2026-08-25 09:33:46,411 WARNING django.server "GET /static/js/hoverable-collapse.js HTTP/1.1" 404 1898
2026-08-25 09:33:58,517 WARNING django.security.csrf Forbidden (CSRF token from POST incorrect.): /login
2026-08-25 09:33:58,547 WARNING django.server "POST /login HTTP/1.1" 403 2503
2026-08-25 09:33:58,668 WARNING django.request Not Found: /favicon.ico
2026-08-25 09:33:58,671 WARNING django.server "GET /favicon.ico HTTP/1.1" 404 7691
2026-08-25 09:34:04,396 WARNING django.server "GET /static/js/hoverable-collapse.js HTTP/1.1" 404 1898
2026-08-25 09:34:04,495 WARNING django.server "GET /static/js/settings.js HTTP/1.1" 404 1868
2026-08-25 09:34:04,509 WARNING django.server "GET /static/js/todolist.js HTTP/1.1" 404 1868
2026-08-25 09:34:31,053 WARNING django.request Not Found: /favicon.ico
2026-08-25 09:34:31,055 WARNING django.server "GET /favicon.ico HTTP/1.1" 404 7691
2026-08-25 09:34:40,171 DEBUG urllib3.connectionpool Starting new HTTPS connection (1): api.axismyindia.in:443
2026-08-25 09:34:42,000 DEBUG urllib3.connectionpool https://api.axismyindia.in:443 "GET /v1/admin/surveyors/qc-service/survey-response-download/download-range/993?startDate=2026-08-24&endDate=2026-08-24 HTTP/1.1" 200 93
2026-08-25 09:34:45,697 DEBUG urllib3.connectionpool Starting new HTTPS connection (1): api.axismyindia.in:443
2026-08-25 09:34:45,760 DEBUG urllib3.connectionpool https://api.axismyindia.in:443 "GET /v1/admin/surveyors/qc-service/survey-response-download/survey-report-tasks?page=1&size=10&choiceId=993 HTTP/1.1" 200 None
2026-08-25 09:34:45,880 WARNING django.request Not Found: /styles.css
2026-08-25 09:34:45,883 WARNING django.server "GET /styles.css HTTP/1.1" 404 7688
2026-08-25 09:35:15,796 DEBUG urllib3.connectionpool Starting new HTTPS connection (1): api.axismyindia.in:443
2026-08-25 09:35:17,347 DEBUG urllib3.connectionpool https://api.axismyindia.in:443 "GET /v1/admin/surveyors/qc-service/survey-response-download/download-range/993?startDate=2026-08-23&endDate=2026-08-25 HTTP/1.1" 200 93
2026-08-25 09:35:21,553 DEBUG urllib3.connectionpool Starting new HTTPS connection (1): api.axismyindia.in:443
2026-08-25 09:35:21,607 DEBUG urllib3.connectionpool https://api.axismyindia.in:443 "GET /v1/admin/surveyors/qc-service/survey-response-download/survey-report-tasks?page=1&size=10&choiceId=993 HTTP/1.1" 200 None
2026-08-25 09:35:21,731 WARNING django.request Not Found: /styles.css
2026-08-25 09:35:21,733 WARNING django.server "GET /styles.css HTTP/1.1" 404 7688
2026-08-25 09:35:24,698 DEBUG urllib3.connectionpool Starting new HTTPS connection (1): api.axismyindia.in:443
2026-08-25 09:35:24,845 DEBUG urllib3.connectionpool https://api.axismyindia.in:443 "GET /v1/admin/surveyors/qc-service/survey-response-download/download-survey-report?taskId=6597%20 HTTP/1.1" 200 29449
2026-08-25 11:00:00,310 WARNING django.server "GET /static/js/hoverable-collapse.js HTTP/1.1" 404 1898
2026-08-25 11:00:00,322 WARNING django.server "GET /static/js/settings.js HTTP/1.1" 404 1868
2026-08-25 11:00:00,332 WARNING django.server "GET /static/js/todolist.js HTTP/1.1" 404 1868
2026-08-25 11:00:37,946 WARNING django.request Not Found: /favicon.ico
2026-08-25 11:00:37,949 WARNING django.server "GET /favicon.ico HTTP/1.1" 404 7691
2026-08-25 11:05:38,431 WARNING django.server "GET /static/js/hoverable-collapse.js HTTP/1.1" 404 1898
2026-08-25 11:05:38,550 WARNING django.server "GET /static/js/settings.js HTTP/1.1" 404 1868
2026-08-25 11:05:38,551 WARNING django.server "GET /static/js/todolist.js HTTP/1.1" 404 1868
2026-08-25 11:05:46,982 WARNING django.request Not Found: /favicon.ico
2026-08-25 11:05:46,985 WARNING django.server "GET /favicon.ico HTTP/1.1" 404 7691
2026-08-25 11:06:14,203 DEBUG urllib3.connectionpool Starting new HTTPS connection (1): api.axismyindia.in:443
2026-08-25 11:06:14,780 DEBUG urllib3.connectionpool https://api.axismyindia.in:443 "GET /v1/admin/surveyors/qc-service/survey-response-download/download-range/876?startDate=2026-08-23&endDate=2026-08-25 HTTP/1.1" 200 93
2026-08-25 11:06:18,397 DEBUG urllib3.connectionpool Starting new HTTPS connection (1): api.axismyindia.in:443
2026-08-25 11:06:18,492 DEBUG urllib3.connectionpool https://api.axismyindia.in:443 "GET /v1/admin/surveyors/qc-service/survey-response-download/survey-report-tasks?page=1&size=10&choiceId=876 HTTP/1.1" 200 None
2026-08-25 11:06:18,874 WARNING django.request Not Found: /styles.css
2026-08-25 11:06:18,875 WARNING django.server "GET /styles.css HTTP/1.1" 404 7688
2026-08-25 11:06:22,636 DEBUG urllib3.connectionpool Starting new HTTPS connection (1): api.axismyindia.in:443
2026-08-25 11:06:22,725 DEBUG urllib3.connectionpool https://api.axismyindia.in:443 "GET /v1/admin/surveyors/qc-service/survey-response-download/download-survey-report?taskId=6599%20 HTTP/1.1" 200 15499
2026-08-25 11:07:16,203 DEBUG urllib3.connectionpool Starting new HTTPS connection (1): api.axismyindia.in:443
2026-08-25 11:07:17,448 DEBUG urllib3.connectionpool https://api.axismyindia.in:443 "GET /v1/admin/surveyors/qc-service/survey-response-download/download-range/876?startDate=2026-08-24&endDate=2026-08-25 HTTP/1.1" 200 93
2026-08-25 11:07:21,822 DEBUG urllib3.connectionpool Starting new HTTPS connection (1): api.axismyindia.in:443
2026-08-25 11:07:21,901 DEBUG urllib3.connectionpool https://api.axismyindia.in:443 "GET /v1/admin/surveyors/qc-service/survey-response-download/survey-report-tasks?page=1&size=10&choiceId=876 HTTP/1.1" 200 None
2026-08-25 11:07:22,147 WARNING django.request Not Found: /styles.css
2026-08-25 11:07:22,148 WARNING django.server "GET /styles.css HTTP/1.1" 404 7688
2026-08-25 11:09:16,101 WARNING django.server "GET /static/js/hoverable-collapse.js HTTP/1.1" 404 1898
2026-08-25 11:09:16,152 WARNING django.server "GET /static/js/settings.js HTTP/1.1" 404 1868
2026-08-25 11:09:16,230 WARNING django.server "GET /static/js/todolist.js HTTP/1.1" 404 1868
2026-08-25 11:09:20,626 WARNING django.request Not Found: /favicon.ico
2026-08-25 11:09:20,627 WARNING django.server "GET /favicon.ico HTTP/1.1" 404 7691
2026-08-25 11:09:34,368 WARNING django.server "GET /static/js/hoverable-collapse.js HTTP/1.1" 404 1898
2026-08-25 11:09:34,480 WARNING django.server "GET /static/js/todolist.js HTTP/1.1" 404 1868
2026-08-25 11:09:34,483 WARNING django.server "GET /static/js/settings.js HTTP/1.1" 404 1868
2026-08-25 11:16:51,847 WARNING django.server "GET /static/js/hoverable-collapse.js HTTP/1.1" 404 1898
2026-08-25 11:16:51,972 WARNING django.server "GET /static/js/settings.js HTTP/1.1" 404 1868
2026-08-25 11:16:51,975 WARNING django.server "GET /static/js/todolist.js HTTP/1.1" 404 1868
2026-08-25 11:31:28,966 WARNING django.server "GET /static/js/settings.js HTTP/1.1" 404 1868
2026-08-25 11:31:28,966 WARNING django.server "GET /static/js/todolist.js HTTP/1.1" 404 1868
2026-08-25 11:31:28,975 WARNING django.server "GET /static/js/hoverable-collapse.js HTTP/1.1" 404 1898
2026-08-25 11:31:46,520 WARNING django.request Not Found: /favicon.ico
2026-08-25 11:31:46,522 WARNING django.server "GET /favicon.ico HTTP/1.1" 404 7691
2026-08-25 11:59:47,648 WARNING django.server "GET /static/js/settings.js HTTP/1.1" 404 1868
2026-08-25 11:59:47,657 WARNING django.server "GET /static/js/hoverable-collapse.js HTTP/1.1" 404 1898
2026-08-25 11:59:47,658 WARNING django.server "GET /static/js/todolist.js HTTP/1.1" 404 1868
2026-08-25 11:59:52,355 WARNING django.request Not Found: /favicon.ico
2026-08-25 11:59:52,357 WARNING django.server "GET /favicon.ico HTTP/1.1" 404 7691
2026-08-25 12:01:34,308 WARNING django.server "GET /static/js/hoverable-collapse.js HTTP/1.1" 404 1898
2026-08-25 12:01:34,441 WARNING django.server "GET /static/js/todolist.js HTTP/1.1" 404 1868
2026-08-25 12:01:34,441 WARNING django.server "GET /static/js/settings.js HTTP/1.1" 404 1868
2026-08-25 12:03:40,839 WARNING django.server "GET /static/js/hoverable-collapse.js HTTP/1.1" 404 1898
2026-08-25 12:03:40,849 WARNING django.server "GET /static/js/settings.js HTTP/1.1" 404 1868
2026-08-25 12:03:40,849 WARNING django.server "GET /static/js/todolist.js HTTP/1.1" 404 1868
2026-08-25 12:04:01,580 WARNING django.server "GET /static/js/hoverable-collapse.js HTTP/1.1" 404 1898
2026-08-25 12:04:01,588 WARNING django.server "GET /static/js/todolist.js HTTP/1.1" 404 1868
2026-08-25 12:04:01,591 WARNING django.server "GET /static/js/settings.js HTTP/1.1" 404 1868
2026-08-25 12:04:01,759 WARNING django.server "GET /static/js/settings.js HTTP/1.1" 404 1868
2026-08-25 12:04:01,759 WARNING django.server "GET /static/js/hoverable-collapse.js HTTP/1.1" 404 1898
2026-08-25 12:04:01,760 WARNING django.server "GET /static/js/todolist.js HTTP/1.1" 404 1868
2026-08-25 12:05:05,427 WARNING django.request The request's session was deleted before the request completed. The user may have logged out in a concurrent request, for example.: /v2
Traceback (most recent call last):
  File "C:\Python314\Lib\site-packages\django\contrib\sessions\backends\db.py", line 127, in save
    obj.save(
    ~~~~~~~~^
        force_insert=must_create, force_update=not must_create, using=using
        ^^^^^^^^^^^^^^^^^^^^^^^^^^^^^^^^^^^^^^^^^^^^^^^^^^^^^^^^^^^^^^^^^^^
    )
    ^
  File "C:\Python314\Lib\site-packages\django\db\models\base.py", line 902, in save
    self.save_base(
    ~~~~~~~~~~~~~~^
        using=using,
        ^^^^^^^^^^^^
    ...<2 lines>...
        update_fields=update_fields,
        ^^^^^^^^^^^^^^^^^^^^^^^^^^^^
    )
    ^
  File "C:\Python314\Lib\site-packages\django\db\models\base.py", line 1008, in save_base
    updated = self._save_table(
        raw,
    ...<4 lines>...
        update_fields,
    )
  File "C:\Python314\Lib\site-packages\django\db\models\base.py", line 1142, in _save_table
    raise DatabaseError("Forced update did not affect any rows.")
django.db.utils.DatabaseError: Forced update did not affect any rows.

During handling of the above exception, another exception occurred:

Traceback (most recent call last):
  File "C:\Python314\Lib\site-packages\django\contrib\sessions\middleware.py", line 59, in process_response
    request.session.save()
    ~~~~~~~~~~~~~~~~~~~~^^
  File "C:\Python314\Lib\site-packages\django\contrib\sessions\backends\db.py", line 136, in save
    raise UpdateError
django.contrib.sessions.backends.base.UpdateError

During handling of the above exception, another exception occurred:

Traceback (most recent call last):
  File "C:\Python314\Lib\site-packages\django\core\handlers\exception.py", line 55, in inner
    response = get_response(request)
  File "C:\Python314\Lib\site-packages\django\utils\deprecation.py", line 122, in __call__
    response = self.process_response(request, response)
  File "C:\Python314\Lib\site-packages\django\contrib\sessions\middleware.py", line 61, in process_response
    raise SessionInterrupted(
    ...<3 lines>...
    )
django.contrib.sessions.exceptions.SessionInterrupted: The request's session was deleted before the request completed. The user may have logged out in a concurrent request, for example.
2026-08-25 12:05:05,452 WARNING django.server "GET /v2 HTTP/1.1" 400 104355
2026-08-25 12:05:25,934 WARNING django.request The request's session was deleted before the request completed. The user may have logged out in a concurrent request, for example.: /qualityaudit
Traceback (most recent call last):
  File "C:\Python314\Lib\site-packages\django\contrib\sessions\backends\db.py", line 127, in save
    obj.save(
    ~~~~~~~~^
        force_insert=must_create, force_update=not must_create, using=using
        ^^^^^^^^^^^^^^^^^^^^^^^^^^^^^^^^^^^^^^^^^^^^^^^^^^^^^^^^^^^^^^^^^^^
    )
    ^
  File "C:\Python314\Lib\site-packages\django\db\models\base.py", line 902, in save
    self.save_base(
    ~~~~~~~~~~~~~~^
        using=using,
        ^^^^^^^^^^^^
    ...<2 lines>...
        update_fields=update_fields,
        ^^^^^^^^^^^^^^^^^^^^^^^^^^^^
    )
    ^
  File "C:\Python314\Lib\site-packages\django\db\models\base.py", line 1008, in save_base
    updated = self._save_table(
        raw,
    ...<4 lines>...
        update_fields,
    )
  File "C:\Python314\Lib\site-packages\django\db\models\base.py", line 1142, in _save_table
    raise DatabaseError("Forced update did not affect any rows.")
django.db.utils.DatabaseError: Forced update did not affect any rows.

During handling of the above exception, another exception occurred:

Traceback (most recent call last):
  File "C:\Python314\Lib\site-packages\django\contrib\sessions\middleware.py", line 59, in process_response
    request.session.save()
    ~~~~~~~~~~~~~~~~~~~~^^
  File "C:\Python314\Lib\site-packages\django\contrib\sessions\backends\db.py", line 136, in save
    raise UpdateError
django.contrib.sessions.backends.base.UpdateError

During handling of the above exception, another exception occurred:

Traceback (most recent call last):
  File "C:\Python314\Lib\site-packages\django\core\handlers\exception.py", line 55, in inner
    response = get_response(request)
  File "C:\Python314\Lib\site-packages\django\utils\deprecation.py", line 122, in __call__
    response = self.process_response(request, response)
  File "C:\Python314\Lib\site-packages\django\contrib\sessions\middleware.py", line 61, in process_response
    raise SessionInterrupted(
    ...<3 lines>...
    )
django.contrib.sessions.exceptions.SessionInterrupted: The request's session was deleted before the request completed. The user may have logged out in a concurrent request, for example.
2026-08-25 12:05:25,947 WARNING django.server "GET /qualityaudit HTTP/1.1" 400 104525
2026-08-25 12:08:38,703 ERROR django.request Internal Server Error: /qualityaudit
Traceback (most recent call last):
  File "C:\Python314\Lib\site-packages\django\db\backends\utils.py", line 105, in _execute
    return self.cursor.execute(sql, params)
           ~~~~~~~~~~~~~~~~~~~^^^^^^^^^^^^^
  File "C:\Python314\Lib\site-packages\django\db\backends\mysql\base.py", line 76, in execute
    return self.cursor.execute(query, args)
           ~~~~~~~~~~~~~~~~~~~^^^^^^^^^^^^^
  File "C:\Python314\Lib\site-packages\MySQLdb\cursors.py", line 179, in execute
    res = self._query(mogrified_query)
  File "C:\Python314\Lib\site-packages\MySQLdb\cursors.py", line 331, in _query
    self._do_get_result(db)
    ~~~~~~~~~~~~~~~~~~~^^^^
  File "C:\Python314\Lib\site-packages\MySQLdb\cursors.py", line 136, in _do_get_result
    self._result = result = self._get_result()
                            ~~~~~~~~~~~~~~~~^^
  File "C:\Python314\Lib\site-packages\MySQLdb\cursors.py", line 363, in _get_result
    return self._get_db().store_result()
           ~~~~~~~~~~~~~~~~~~~~~~~~~~~^^
MySQLdb.OperationalError: (2013, 'Lost connection to server during query')

The above exception was the direct cause of the following exception:

Traceback (most recent call last):
  File "C:\Python314\Lib\site-packages\django\core\handlers\exception.py", line 55, in inner
    response = get_response(request)
  File "C:\Python314\Lib\site-packages\django\core\handlers\base.py", line 197, in _get_response
    response = wrapped_callback(request, *callback_args, **callback_kwargs)
  File "C:\Python314\Lib\site-packages\django\views\generic\base.py", line 105, in view
    return self.dispatch(request, *args, **kwargs)
           ~~~~~~~~~~~~~^^^^^^^^^^^^^^^^^^^^^^^^^^
  File "C:\Python314\Lib\site-packages\django\utils\decorators.py", line 48, in _wrapper
    return bound_method(*args, **kwargs)
  File "C:\Python314\Lib\site-packages\django\contrib\auth\decorators.py", line 59, in _view_wrapper
    return view_func(request, *args, **kwargs)
  File "C:\Python314\Lib\site-packages\django\utils\decorators.py", line 48, in _wrapper
    return bound_method(*args, **kwargs)
  File "D:\Saurabh\New_SurveGenius\venv\qualityreview_new_api\quality\quality\ratelimit.py", line 86, in wrapped
    return view_func(request, *args, **kwargs)
  File "C:\Python314\Lib\site-packages\django\views\generic\base.py", line 144, in dispatch
    return handler(request, *args, **kwargs)
  File "D:\Saurabh\New_SurveGenius\venv\qualityreview_new_api\quality\a_app\a_app_qualityauditviews.py", line 93, in get
    for resp in AllSurveyResponses:
                ^^^^^^^^^^^^^^^^^^
  File "C:\Python314\Lib\site-packages\django\db\models\query.py", line 384, in __iter__
    self._fetch_all()
    ~~~~~~~~~~~~~~~^^
  File "C:\Python314\Lib\site-packages\django\db\models\query.py", line 1949, in _fetch_all
    self._result_cache = list(self._iterable_class(self))
                         ~~~~^^^^^^^^^^^^^^^^^^^^^^^^^^^^
  File "C:\Python314\Lib\site-packages\django\db\models\query.py", line 91, in __iter__
    results = compiler.execute_sql(
        chunked_fetch=self.chunked_fetch, chunk_size=self.chunk_size
    )
  File "C:\Python314\Lib\site-packages\django\db\models\sql\compiler.py", line 1623, in execute_sql
    cursor.execute(sql, params)
    ~~~~~~~~~~~~~~^^^^^^^^^^^^^
  File "C:\Python314\Lib\site-packages\django\db\backends\utils.py", line 122, in execute
    return super().execute(sql, params)
           ~~~~~~~~~~~~~~~^^^^^^^^^^^^^
  File "C:\Python314\Lib\site-packages\django\db\backends\utils.py", line 79, in execute
    return self._execute_with_wrappers(
           ~~~~~~~~~~~~~~~~~~~~~~~~~~~^
        sql, params, many=False, executor=self._execute
        ^^^^^^^^^^^^^^^^^^^^^^^^^^^^^^^^^^^^^^^^^^^^^^^
    )
    ^
  File "C:\Python314\Lib\site-packages\django\db\backends\utils.py", line 92, in _execute_with_wrappers
    return executor(sql, params, many, context)
  File "C:\Python314\Lib\site-packages\django\db\backends\utils.py", line 100, in _execute
    with self.db.wrap_database_errors:
         ^^^^^^^^^^^^^^^^^^^^^^^^^^^^
  File "C:\Python314\Lib\site-packages\django\db\utils.py", line 91, in __exit__
    raise dj_exc_value.with_traceback(traceback) from exc_value
  File "C:\Python314\Lib\site-packages\django\db\backends\utils.py", line 105, in _execute
    return self.cursor.execute(sql, params)
           ~~~~~~~~~~~~~~~~~~~^^^^^^^^^^^^^
  File "C:\Python314\Lib\site-packages\django\db\backends\mysql\base.py", line 76, in execute
    return self.cursor.execute(query, args)
           ~~~~~~~~~~~~~~~~~~~^^^^^^^^^^^^^
  File "C:\Python314\Lib\site-packages\MySQLdb\cursors.py", line 179, in execute
    res = self._query(mogrified_query)
  File "C:\Python314\Lib\site-packages\MySQLdb\cursors.py", line 331, in _query
    self._do_get_result(db)
    ~~~~~~~~~~~~~~~~~~~^^^^
  File "C:\Python314\Lib\site-packages\MySQLdb\cursors.py", line 136, in _do_get_result
    self._result = result = self._get_result()
                            ~~~~~~~~~~~~~~~~^^
  File "C:\Python314\Lib\site-packages\MySQLdb\cursors.py", line 363, in _get_result
    return self._get_db().store_result()
           ~~~~~~~~~~~~~~~~~~~~~~~~~~~^^
django.db.utils.OperationalError: (2013, 'Lost connection to server during query')
2026-08-25 12:08:38,756 ERROR django.server "GET /qualityaudit HTTP/1.1" 500 201249
2026-08-25 12:10:27,275 WARNING django.server "GET /static/js/hoverable-collapse.js HTTP/1.1" 404 1898
2026-08-25 12:10:27,305 WARNING django.server "GET /static/js/settings.js HTTP/1.1" 404 1868
2026-08-25 12:10:27,318 WARNING django.server "GET /static/js/todolist.js HTTP/1.1" 404 1868
2026-08-25 12:11:00,829 WARNING django.request Not Found: /favicon.ico
2026-08-25 12:11:00,830 WARNING django.server "GET /favicon.ico HTTP/1.1" 404 7691
2026-08-25 12:11:15,729 WARNING django.server "GET /static/vendors/js/bootstrap.min.js.map HTTP/1.1" 404 1919
2026-08-25 12:11:15,848 WARNING django.server "GET /static/vendors/js/jquery.contextMenu.min.js.map HTTP/1.1" 404 1946
2026-08-25 12:11:15,966 WARNING django.server "GET /static/vendors/css/jquery.contextMenu.min.css.map HTTP/1.1" 404 1952
2026-08-25 12:11:16,116 ERROR django.request Internal Server Error: /qualityaudit
Traceback (most recent call last):
  File "C:\Python314\Lib\site-packages\django\db\backends\utils.py", line 105, in _execute
    return self.cursor.execute(sql, params)
           ~~~~~~~~~~~~~~~~~~~^^^^^^^^^^^^^
  File "C:\Python314\Lib\site-packages\django\db\backends\mysql\base.py", line 76, in execute
    return self.cursor.execute(query, args)
           ~~~~~~~~~~~~~~~~~~~^^^^^^^^^^^^^
  File "C:\Python314\Lib\site-packages\MySQLdb\cursors.py", line 179, in execute
    res = self._query(mogrified_query)
  File "C:\Python314\Lib\site-packages\MySQLdb\cursors.py", line 331, in _query
    self._do_get_result(db)
    ~~~~~~~~~~~~~~~~~~~^^^^
  File "C:\Python314\Lib\site-packages\MySQLdb\cursors.py", line 136, in _do_get_result
    self._result = result = self._get_result()
                            ~~~~~~~~~~~~~~~~^^
  File "C:\Python314\Lib\site-packages\MySQLdb\cursors.py", line 363, in _get_result
    return self._get_db().store_result()
           ~~~~~~~~~~~~~~~~~~~~~~~~~~~^^
MySQLdb.OperationalError: (2013, 'Lost connection to server during query')

The above exception was the direct cause of the following exception:

Traceback (most recent call last):
  File "C:\Python314\Lib\site-packages\django\core\handlers\exception.py", line 55, in inner
    response = get_response(request)
  File "C:\Python314\Lib\site-packages\django\core\handlers\base.py", line 197, in _get_response
    response = wrapped_callback(request, *callback_args, **callback_kwargs)
  File "C:\Python314\Lib\site-packages\django\views\generic\base.py", line 105, in view
    return self.dispatch(request, *args, **kwargs)
           ~~~~~~~~~~~~~^^^^^^^^^^^^^^^^^^^^^^^^^^
  File "C:\Python314\Lib\site-packages\django\utils\decorators.py", line 48, in _wrapper
    return bound_method(*args, **kwargs)
  File "C:\Python314\Lib\site-packages\django\contrib\auth\decorators.py", line 59, in _view_wrapper
    return view_func(request, *args, **kwargs)
  File "C:\Python314\Lib\site-packages\django\utils\decorators.py", line 48, in _wrapper
    return bound_method(*args, **kwargs)
  File "D:\Saurabh\New_SurveGenius\venv\qualityreview_new_api\quality\quality\ratelimit.py", line 86, in wrapped
    return view_func(request, *args, **kwargs)
  File "C:\Python314\Lib\site-packages\django\views\generic\base.py", line 144, in dispatch
    return handler(request, *args, **kwargs)
  File "D:\Saurabh\New_SurveGenius\venv\qualityreview_new_api\quality\a_app\a_app_qualityauditviews.py", line 93, in get
    for resp in AllSurveyResponses:
                ^^^^^^^^^^^^^^^^^^
  File "C:\Python314\Lib\site-packages\django\db\models\query.py", line 384, in __iter__
    self._fetch_all()
    ~~~~~~~~~~~~~~~^^
  File "C:\Python314\Lib\site-packages\django\db\models\query.py", line 1949, in _fetch_all
    self._result_cache = list(self._iterable_class(self))
                         ~~~~^^^^^^^^^^^^^^^^^^^^^^^^^^^^
  File "C:\Python314\Lib\site-packages\django\db\models\query.py", line 91, in __iter__
    results = compiler.execute_sql(
        chunked_fetch=self.chunked_fetch, chunk_size=self.chunk_size
    )
  File "C:\Python314\Lib\site-packages\django\db\models\sql\compiler.py", line 1623, in execute_sql
    cursor.execute(sql, params)
    ~~~~~~~~~~~~~~^^^^^^^^^^^^^
  File "C:\Python314\Lib\site-packages\django\db\backends\utils.py", line 122, in execute
    return super().execute(sql, params)
           ~~~~~~~~~~~~~~~^^^^^^^^^^^^^
  File "C:\Python314\Lib\site-packages\django\db\backends\utils.py", line 79, in execute
    return self._execute_with_wrappers(
           ~~~~~~~~~~~~~~~~~~~~~~~~~~~^
        sql, params, many=False, executor=self._execute
        ^^^^^^^^^^^^^^^^^^^^^^^^^^^^^^^^^^^^^^^^^^^^^^^
    )
    ^
  File "C:\Python314\Lib\site-packages\django\db\backends\utils.py", line 92, in _execute_with_wrappers
    return executor(sql, params, many, context)
  File "C:\Python314\Lib\site-packages\django\db\backends\utils.py", line 100, in _execute
    with self.db.wrap_database_errors:
         ^^^^^^^^^^^^^^^^^^^^^^^^^^^^
  File "C:\Python314\Lib\site-packages\django\db\utils.py", line 91, in __exit__
    raise dj_exc_value.with_traceback(traceback) from exc_value
  File "C:\Python314\Lib\site-packages\django\db\backends\utils.py", line 105, in _execute
    return self.cursor.execute(sql, params)
           ~~~~~~~~~~~~~~~~~~~^^^^^^^^^^^^^
  File "C:\Python314\Lib\site-packages\django\db\backends\mysql\base.py", line 76, in execute
    return self.cursor.execute(query, args)
           ~~~~~~~~~~~~~~~~~~~^^^^^^^^^^^^^
  File "C:\Python314\Lib\site-packages\MySQLdb\cursors.py", line 179, in execute
    res = self._query(mogrified_query)
  File "C:\Python314\Lib\site-packages\MySQLdb\cursors.py", line 331, in _query
    self._do_get_result(db)
    ~~~~~~~~~~~~~~~~~~~^^^^
  File "C:\Python314\Lib\site-packages\MySQLdb\cursors.py", line 136, in _do_get_result
    self._result = result = self._get_result()
                            ~~~~~~~~~~~~~~~~^^
  File "C:\Python314\Lib\site-packages\MySQLdb\cursors.py", line 363, in _get_result
    return self._get_db().store_result()
           ~~~~~~~~~~~~~~~~~~~~~~~~~~~^^
django.db.utils.OperationalError: (2013, 'Lost connection to server during query')
2026-08-25 12:11:16,130 ERROR django.server "GET /qualityaudit HTTP/1.1" 500 201259
2026-08-25 12:11:58,056 ERROR django.request Internal Server Error: /qualityaudit
Traceback (most recent call last):
  File "C:\Python314\Lib\site-packages\django\db\backends\utils.py", line 105, in _execute
    return self.cursor.execute(sql, params)
           ~~~~~~~~~~~~~~~~~~~^^^^^^^^^^^^^
  File "C:\Python314\Lib\site-packages\django\db\backends\mysql\base.py", line 76, in execute
    return self.cursor.execute(query, args)
           ~~~~~~~~~~~~~~~~~~~^^^^^^^^^^^^^
  File "C:\Python314\Lib\site-packages\MySQLdb\cursors.py", line 179, in execute
    res = self._query(mogrified_query)
  File "C:\Python314\Lib\site-packages\MySQLdb\cursors.py", line 331, in _query
    self._do_get_result(db)
    ~~~~~~~~~~~~~~~~~~~^^^^
  File "C:\Python314\Lib\site-packages\MySQLdb\cursors.py", line 136, in _do_get_result
    self._result = result = self._get_result()
                            ~~~~~~~~~~~~~~~~^^
  File "C:\Python314\Lib\site-packages\MySQLdb\cursors.py", line 363, in _get_result
    return self._get_db().store_result()
           ~~~~~~~~~~~~~~~~~~~~~~~~~~~^^
MySQLdb.OperationalError: (2013, 'Lost connection to server during query')

The above exception was the direct cause of the following exception:

Traceback (most recent call last):
  File "C:\Python314\Lib\site-packages\django\core\handlers\exception.py", line 55, in inner
    response = get_response(request)
  File "C:\Python314\Lib\site-packages\django\core\handlers\base.py", line 197, in _get_response
    response = wrapped_callback(request, *callback_args, **callback_kwargs)
  File "C:\Python314\Lib\site-packages\django\views\generic\base.py", line 105, in view
    return self.dispatch(request, *args, **kwargs)
           ~~~~~~~~~~~~~^^^^^^^^^^^^^^^^^^^^^^^^^^
  File "C:\Python314\Lib\site-packages\django\utils\decorators.py", line 48, in _wrapper
    return bound_method(*args, **kwargs)
  File "C:\Python314\Lib\site-packages\django\contrib\auth\decorators.py", line 59, in _view_wrapper
    return view_func(request, *args, **kwargs)
  File "C:\Python314\Lib\site-packages\django\utils\decorators.py", line 48, in _wrapper
    return bound_method(*args, **kwargs)
  File "D:\Saurabh\New_SurveGenius\venv\qualityreview_new_api\quality\quality\ratelimit.py", line 86, in wrapped
    return view_func(request, *args, **kwargs)
  File "C:\Python314\Lib\site-packages\django\views\generic\base.py", line 144, in dispatch
    return handler(request, *args, **kwargs)
  File "D:\Saurabh\New_SurveGenius\venv\qualityreview_new_api\quality\a_app\a_app_qualityauditviews.py", line 93, in get
    for resp in AllSurveyResponses:
                ^^^^^^^^^^^^^^^^^^
  File "C:\Python314\Lib\site-packages\django\db\models\query.py", line 384, in __iter__
    self._fetch_all()
    ~~~~~~~~~~~~~~~^^
  File "C:\Python314\Lib\site-packages\django\db\models\query.py", line 1949, in _fetch_all
    self._result_cache = list(self._iterable_class(self))
                         ~~~~^^^^^^^^^^^^^^^^^^^^^^^^^^^^
  File "C:\Python314\Lib\site-packages\django\db\models\query.py", line 91, in __iter__
    results = compiler.execute_sql(
        chunked_fetch=self.chunked_fetch, chunk_size=self.chunk_size
    )
  File "C:\Python314\Lib\site-packages\django\db\models\sql\compiler.py", line 1623, in execute_sql
    cursor.execute(sql, params)
    ~~~~~~~~~~~~~~^^^^^^^^^^^^^
  File "C:\Python314\Lib\site-packages\django\db\backends\utils.py", line 122, in execute
    return super().execute(sql, params)
           ~~~~~~~~~~~~~~~^^^^^^^^^^^^^
  File "C:\Python314\Lib\site-packages\django\db\backends\utils.py", line 79, in execute
    return self._execute_with_wrappers(
           ~~~~~~~~~~~~~~~~~~~~~~~~~~~^
        sql, params, many=False, executor=self._execute
        ^^^^^^^^^^^^^^^^^^^^^^^^^^^^^^^^^^^^^^^^^^^^^^^
    )
    ^
  File "C:\Python314\Lib\site-packages\django\db\backends\utils.py", line 92, in _execute_with_wrappers
    return executor(sql, params, many, context)
  File "C:\Python314\Lib\site-packages\django\db\backends\utils.py", line 100, in _execute
    with self.db.wrap_database_errors:
         ^^^^^^^^^^^^^^^^^^^^^^^^^^^^
  File "C:\Python314\Lib\site-packages\django\db\utils.py", line 91, in __exit__
    raise dj_exc_value.with_traceback(traceback) from exc_value
  File "C:\Python314\Lib\site-packages\django\db\backends\utils.py", line 105, in _execute
    return self.cursor.execute(sql, params)
           ~~~~~~~~~~~~~~~~~~~^^^^^^^^^^^^^
  File "C:\Python314\Lib\site-packages\django\db\backends\mysql\base.py", line 76, in execute
    return self.cursor.execute(query, args)
           ~~~~~~~~~~~~~~~~~~~^^^^^^^^^^^^^
  File "C:\Python314\Lib\site-packages\MySQLdb\cursors.py", line 179, in execute
    res = self._query(mogrified_query)
  File "C:\Python314\Lib\site-packages\MySQLdb\cursors.py", line 331, in _query
    self._do_get_result(db)
    ~~~~~~~~~~~~~~~~~~~^^^^
  File "C:\Python314\Lib\site-packages\MySQLdb\cursors.py", line 136, in _do_get_result
    self._result = result = self._get_result()
                            ~~~~~~~~~~~~~~~~^^
  File "C:\Python314\Lib\site-packages\MySQLdb\cursors.py", line 363, in _get_result
    return self._get_db().store_result()
           ~~~~~~~~~~~~~~~~~~~~~~~~~~~^^
django.db.utils.OperationalError: (2013, 'Lost connection to server during query')
2026-08-25 12:12:22,302 ERROR django.request Internal Server Error: /qualityaudit
Traceback (most recent call last):
  File "C:\Python314\Lib\site-packages\django\db\backends\utils.py", line 105, in _execute
    return self.cursor.execute(sql, params)
           ~~~~~~~~~~~~~~~~~~~^^^^^^^^^^^^^
  File "C:\Python314\Lib\site-packages\django\db\backends\mysql\base.py", line 76, in execute
    return self.cursor.execute(query, args)
           ~~~~~~~~~~~~~~~~~~~^^^^^^^^^^^^^
  File "C:\Python314\Lib\site-packages\MySQLdb\cursors.py", line 179, in execute
    res = self._query(mogrified_query)
  File "C:\Python314\Lib\site-packages\MySQLdb\cursors.py", line 331, in _query
    self._do_get_result(db)
    ~~~~~~~~~~~~~~~~~~~^^^^
  File "C:\Python314\Lib\site-packages\MySQLdb\cursors.py", line 136, in _do_get_result
    self._result = result = self._get_result()
                            ~~~~~~~~~~~~~~~~^^
  File "C:\Python314\Lib\site-packages\MySQLdb\cursors.py", line 363, in _get_result
    return self._get_db().store_result()
           ~~~~~~~~~~~~~~~~~~~~~~~~~~~^^
MySQLdb.OperationalError: (2013, 'Lost connection to server during query')

The above exception was the direct cause of the following exception:

Traceback (most recent call last):
  File "C:\Python314\Lib\site-packages\django\core\handlers\exception.py", line 55, in inner
    response = get_response(request)
  File "C:\Python314\Lib\site-packages\django\core\handlers\base.py", line 197, in _get_response
    response = wrapped_callback(request, *callback_args, **callback_kwargs)
  File "C:\Python314\Lib\site-packages\django\views\generic\base.py", line 105, in view
    return self.dispatch(request, *args, **kwargs)
           ~~~~~~~~~~~~~^^^^^^^^^^^^^^^^^^^^^^^^^^
  File "C:\Python314\Lib\site-packages\django\utils\decorators.py", line 48, in _wrapper
    return bound_method(*args, **kwargs)
  File "C:\Python314\Lib\site-packages\django\contrib\auth\decorators.py", line 59, in _view_wrapper
    return view_func(request, *args, **kwargs)
  File "C:\Python314\Lib\site-packages\django\utils\decorators.py", line 48, in _wrapper
    return bound_method(*args, **kwargs)
  File "D:\Saurabh\New_SurveGenius\venv\qualityreview_new_api\quality\quality\ratelimit.py", line 86, in wrapped
    return view_func(request, *args, **kwargs)
  File "C:\Python314\Lib\site-packages\django\views\generic\base.py", line 144, in dispatch
    return handler(request, *args, **kwargs)
  File "D:\Saurabh\New_SurveGenius\venv\qualityreview_new_api\quality\a_app\a_app_qualityauditviews.py", line 93, in get
    for resp in AllSurveyResponses:
                ^^^^^^^^^^^^^^^^^^
  File "C:\Python314\Lib\site-packages\django\db\models\query.py", line 384, in __iter__
    self._fetch_all()
    ~~~~~~~~~~~~~~~^^
  File "C:\Python314\Lib\site-packages\django\db\models\query.py", line 1949, in _fetch_all
    self._result_cache = list(self._iterable_class(self))
                         ~~~~^^^^^^^^^^^^^^^^^^^^^^^^^^^^
  File "C:\Python314\Lib\site-packages\django\db\models\query.py", line 91, in __iter__
    results = compiler.execute_sql(
        chunked_fetch=self.chunked_fetch, chunk_size=self.chunk_size
    )
  File "C:\Python314\Lib\site-packages\django\db\models\sql\compiler.py", line 1623, in execute_sql
    cursor.execute(sql, params)
    ~~~~~~~~~~~~~~^^^^^^^^^^^^^
  File "C:\Python314\Lib\site-packages\django\db\backends\utils.py", line 122, in execute
    return super().execute(sql, params)
           ~~~~~~~~~~~~~~~^^^^^^^^^^^^^
  File "C:\Python314\Lib\site-packages\django\db\backends\utils.py", line 79, in execute
    return self._execute_with_wrappers(
           ~~~~~~~~~~~~~~~~~~~~~~~~~~~^
        sql, params, many=False, executor=self._execute
        ^^^^^^^^^^^^^^^^^^^^^^^^^^^^^^^^^^^^^^^^^^^^^^^
    )
    ^
  File "C:\Python314\Lib\site-packages\django\db\backends\utils.py", line 92, in _execute_with_wrappers
    return executor(sql, params, many, context)
  File "C:\Python314\Lib\site-packages\django\db\backends\utils.py", line 100, in _execute
    with self.db.wrap_database_errors:
         ^^^^^^^^^^^^^^^^^^^^^^^^^^^^
  File "C:\Python314\Lib\site-packages\django\db\utils.py", line 91, in __exit__
    raise dj_exc_value.with_traceback(traceback) from exc_value
  File "C:\Python314\Lib\site-packages\django\db\backends\utils.py", line 105, in _execute
    return self.cursor.execute(sql, params)
           ~~~~~~~~~~~~~~~~~~~^^^^^^^^^^^^^
  File "C:\Python314\Lib\site-packages\django\db\backends\mysql\base.py", line 76, in execute
    return self.cursor.execute(query, args)
           ~~~~~~~~~~~~~~~~~~~^^^^^^^^^^^^^
  File "C:\Python314\Lib\site-packages\MySQLdb\cursors.py", line 179, in execute
    res = self._query(mogrified_query)
  File "C:\Python314\Lib\site-packages\MySQLdb\cursors.py", line 331, in _query
    self._do_get_result(db)
    ~~~~~~~~~~~~~~~~~~~^^^^
  File "C:\Python314\Lib\site-packages\MySQLdb\cursors.py", line 136, in _do_get_result
    self._result = result = self._get_result()
                            ~~~~~~~~~~~~~~~~^^
  File "C:\Python314\Lib\site-packages\MySQLdb\cursors.py", line 363, in _get_result
    return self._get_db().store_result()
           ~~~~~~~~~~~~~~~~~~~~~~~~~~~^^
django.db.utils.OperationalError: (2013, 'Lost connection to server during query')
2026-08-25 12:12:22,315 ERROR django.server "GET /qualityaudit HTTP/1.1" 500 201259
2026-08-25 12:12:24,664 WARNING django.server "GET /static/vendors/css/jquery.contextMenu.min.css.map HTTP/1.1" 404 1952
2026-08-25 12:12:24,878 WARNING django.server "GET /static/vendors/js/bootstrap.min.js.map HTTP/1.1" 404 1919
2026-08-25 12:12:25,065 WARNING django.server "GET /static/vendors/js/jquery.contextMenu.min.js.map HTTP/1.1" 404 1946
2026-08-25 12:12:27,024 ERROR django.request Internal Server Error: /qualityaudit
Traceback (most recent call last):
  File "C:\Python314\Lib\site-packages\django\db\backends\utils.py", line 105, in _execute
    return self.cursor.execute(sql, params)
           ~~~~~~~~~~~~~~~~~~~^^^^^^^^^^^^^
  File "C:\Python314\Lib\site-packages\django\db\backends\mysql\base.py", line 76, in execute
    return self.cursor.execute(query, args)
           ~~~~~~~~~~~~~~~~~~~^^^^^^^^^^^^^
  File "C:\Python314\Lib\site-packages\MySQLdb\cursors.py", line 179, in execute
    res = self._query(mogrified_query)
  File "C:\Python314\Lib\site-packages\MySQLdb\cursors.py", line 331, in _query
    self._do_get_result(db)
    ~~~~~~~~~~~~~~~~~~~^^^^
  File "C:\Python314\Lib\site-packages\MySQLdb\cursors.py", line 136, in _do_get_result
    self._result = result = self._get_result()
                            ~~~~~~~~~~~~~~~~^^
  File "C:\Python314\Lib\site-packages\MySQLdb\cursors.py", line 363, in _get_result
    return self._get_db().store_result()
           ~~~~~~~~~~~~~~~~~~~~~~~~~~~^^
MySQLdb.OperationalError: (2013, 'Lost connection to server during query')

The above exception was the direct cause of the following exception:

Traceback (most recent call last):
  File "C:\Python314\Lib\site-packages\django\core\handlers\exception.py", line 55, in inner
    response = get_response(request)
  File "C:\Python314\Lib\site-packages\django\core\handlers\base.py", line 197, in _get_response
    response = wrapped_callback(request, *callback_args, **callback_kwargs)
  File "C:\Python314\Lib\site-packages\django\views\generic\base.py", line 105, in view
    return self.dispatch(request, *args, **kwargs)
           ~~~~~~~~~~~~~^^^^^^^^^^^^^^^^^^^^^^^^^^
  File "C:\Python314\Lib\site-packages\django\utils\decorators.py", line 48, in _wrapper
    return bound_method(*args, **kwargs)
  File "C:\Python314\Lib\site-packages\django\contrib\auth\decorators.py", line 59, in _view_wrapper
    return view_func(request, *args, **kwargs)
  File "C:\Python314\Lib\site-packages\django\utils\decorators.py", line 48, in _wrapper
    return bound_method(*args, **kwargs)
  File "D:\Saurabh\New_SurveGenius\venv\qualityreview_new_api\quality\quality\ratelimit.py", line 86, in wrapped
    return view_func(request, *args, **kwargs)
  File "C:\Python314\Lib\site-packages\django\views\generic\base.py", line 144, in dispatch
    return handler(request, *args, **kwargs)
  File "D:\Saurabh\New_SurveGenius\venv\qualityreview_new_api\quality\a_app\a_app_qualityauditviews.py", line 93, in get
    for resp in AllSurveyResponses:
                ^^^^^^^^^^^^^^^^^^
  File "C:\Python314\Lib\site-packages\django\db\models\query.py", line 384, in __iter__
    self._fetch_all()
    ~~~~~~~~~~~~~~~^^
  File "C:\Python314\Lib\site-packages\django\db\models\query.py", line 1949, in _fetch_all
    self._result_cache = list(self._iterable_class(self))
                         ~~~~^^^^^^^^^^^^^^^^^^^^^^^^^^^^
  File "C:\Python314\Lib\site-packages\django\db\models\query.py", line 91, in __iter__
    results = compiler.execute_sql(
        chunked_fetch=self.chunked_fetch, chunk_size=self.chunk_size
    )
  File "C:\Python314\Lib\site-packages\django\db\models\sql\compiler.py", line 1623, in execute_sql
    cursor.execute(sql, params)
    ~~~~~~~~~~~~~~^^^^^^^^^^^^^
  File "C:\Python314\Lib\site-packages\django\db\backends\utils.py", line 122, in execute
    return super().execute(sql, params)
           ~~~~~~~~~~~~~~~^^^^^^^^^^^^^
  File "C:\Python314\Lib\site-packages\django\db\backends\utils.py", line 79, in execute
    return self._execute_with_wrappers(
           ~~~~~~~~~~~~~~~~~~~~~~~~~~~^
        sql, params, many=False, executor=self._execute
        ^^^^^^^^^^^^^^^^^^^^^^^^^^^^^^^^^^^^^^^^^^^^^^^
    )
    ^
  File "C:\Python314\Lib\site-packages\django\db\backends\utils.py", line 92, in _execute_with_wrappers
    return executor(sql, params, many, context)
  File "C:\Python314\Lib\site-packages\django\db\backends\utils.py", line 100, in _execute
    with self.db.wrap_database_errors:
         ^^^^^^^^^^^^^^^^^^^^^^^^^^^^
  File "C:\Python314\Lib\site-packages\django\db\utils.py", line 91, in __exit__
    raise dj_exc_value.with_traceback(traceback) from exc_value
  File "C:\Python314\Lib\site-packages\django\db\backends\utils.py", line 105, in _execute
    return self.cursor.execute(sql, params)
           ~~~~~~~~~~~~~~~~~~~^^^^^^^^^^^^^
  File "C:\Python314\Lib\site-packages\django\db\backends\mysql\base.py", line 76, in execute
    return self.cursor.execute(query, args)
           ~~~~~~~~~~~~~~~~~~~^^^^^^^^^^^^^
  File "C:\Python314\Lib\site-packages\MySQLdb\cursors.py", line 179, in execute
    res = self._query(mogrified_query)
  File "C:\Python314\Lib\site-packages\MySQLdb\cursors.py", line 331, in _query
    self._do_get_result(db)
    ~~~~~~~~~~~~~~~~~~~^^^^
  File "C:\Python314\Lib\site-packages\MySQLdb\cursors.py", line 136, in _do_get_result
    self._result = result = self._get_result()
                            ~~~~~~~~~~~~~~~~^^
  File "C:\Python314\Lib\site-packages\MySQLdb\cursors.py", line 363, in _get_result
    return self._get_db().store_result()
           ~~~~~~~~~~~~~~~~~~~~~~~~~~~^^
django.db.utils.OperationalError: (2013, 'Lost connection to server during query')
2026-08-25 12:12:27,043 ERROR django.server "GET /qualityaudit HTTP/1.1" 500 201259
2026-08-25 12:12:33,890 ERROR django.request Internal Server Error: /qualityaudit
Traceback (most recent call last):
  File "C:\Python314\Lib\site-packages\django\db\backends\utils.py", line 105, in _execute
    return self.cursor.execute(sql, params)
           ~~~~~~~~~~~~~~~~~~~^^^^^^^^^^^^^
  File "C:\Python314\Lib\site-packages\django\db\backends\mysql\base.py", line 76, in execute
    return self.cursor.execute(query, args)
           ~~~~~~~~~~~~~~~~~~~^^^^^^^^^^^^^
  File "C:\Python314\Lib\site-packages\MySQLdb\cursors.py", line 179, in execute
    res = self._query(mogrified_query)
  File "C:\Python314\Lib\site-packages\MySQLdb\cursors.py", line 331, in _query
    self._do_get_result(db)
    ~~~~~~~~~~~~~~~~~~~^^^^
  File "C:\Python314\Lib\site-packages\MySQLdb\cursors.py", line 136, in _do_get_result
    self._result = result = self._get_result()
                            ~~~~~~~~~~~~~~~~^^
  File "C:\Python314\Lib\site-packages\MySQLdb\cursors.py", line 363, in _get_result
    return self._get_db().store_result()
           ~~~~~~~~~~~~~~~~~~~~~~~~~~~^^
MySQLdb.OperationalError: (2013, 'Lost connection to server during query')

The above exception was the direct cause of the following exception:

Traceback (most recent call last):
  File "C:\Python314\Lib\site-packages\django\core\handlers\exception.py", line 55, in inner
    response = get_response(request)
  File "C:\Python314\Lib\site-packages\django\core\handlers\base.py", line 197, in _get_response
    response = wrapped_callback(request, *callback_args, **callback_kwargs)
  File "C:\Python314\Lib\site-packages\django\views\generic\base.py", line 105, in view
    return self.dispatch(request, *args, **kwargs)
           ~~~~~~~~~~~~~^^^^^^^^^^^^^^^^^^^^^^^^^^
  File "C:\Python314\Lib\site-packages\django\utils\decorators.py", line 48, in _wrapper
    return bound_method(*args, **kwargs)
  File "C:\Python314\Lib\site-packages\django\contrib\auth\decorators.py", line 59, in _view_wrapper
    return view_func(request, *args, **kwargs)
  File "C:\Python314\Lib\site-packages\django\utils\decorators.py", line 48, in _wrapper
    return bound_method(*args, **kwargs)
  File "D:\Saurabh\New_SurveGenius\venv\qualityreview_new_api\quality\quality\ratelimit.py", line 86, in wrapped
    return view_func(request, *args, **kwargs)
  File "C:\Python314\Lib\site-packages\django\views\generic\base.py", line 144, in dispatch
    return handler(request, *args, **kwargs)
  File "D:\Saurabh\New_SurveGenius\venv\qualityreview_new_api\quality\a_app\a_app_qualityauditviews.py", line 93, in get
    for resp in AllSurveyResponses:
                ^^^^^^^^^^^^^^^^^^
  File "C:\Python314\Lib\site-packages\django\db\models\query.py", line 384, in __iter__
    self._fetch_all()
    ~~~~~~~~~~~~~~~^^
  File "C:\Python314\Lib\site-packages\django\db\models\query.py", line 1949, in _fetch_all
    self._result_cache = list(self._iterable_class(self))
                         ~~~~^^^^^^^^^^^^^^^^^^^^^^^^^^^^
  File "C:\Python314\Lib\site-packages\django\db\models\query.py", line 91, in __iter__
    results = compiler.execute_sql(
        chunked_fetch=self.chunked_fetch, chunk_size=self.chunk_size
    )
  File "C:\Python314\Lib\site-packages\django\db\models\sql\compiler.py", line 1623, in execute_sql
    cursor.execute(sql, params)
    ~~~~~~~~~~~~~~^^^^^^^^^^^^^
  File "C:\Python314\Lib\site-packages\django\db\backends\utils.py", line 122, in execute
    return super().execute(sql, params)
           ~~~~~~~~~~~~~~~^^^^^^^^^^^^^
  File "C:\Python314\Lib\site-packages\django\db\backends\utils.py", line 79, in execute
    return self._execute_with_wrappers(
           ~~~~~~~~~~~~~~~~~~~~~~~~~~~^
        sql, params, many=False, executor=self._execute
        ^^^^^^^^^^^^^^^^^^^^^^^^^^^^^^^^^^^^^^^^^^^^^^^
    )
    ^
  File "C:\Python314\Lib\site-packages\django\db\backends\utils.py", line 92, in _execute_with_wrappers
    return executor(sql, params, many, context)
  File "C:\Python314\Lib\site-packages\django\db\backends\utils.py", line 100, in _execute
    with self.db.wrap_database_errors:
         ^^^^^^^^^^^^^^^^^^^^^^^^^^^^
  File "C:\Python314\Lib\site-packages\django\db\utils.py", line 91, in __exit__
    raise dj_exc_value.with_traceback(traceback) from exc_value
  File "C:\Python314\Lib\site-packages\django\db\backends\utils.py", line 105, in _execute
    return self.cursor.execute(sql, params)
           ~~~~~~~~~~~~~~~~~~~^^^^^^^^^^^^^
  File "C:\Python314\Lib\site-packages\django\db\backends\mysql\base.py", line 76, in execute
    return self.cursor.execute(query, args)
           ~~~~~~~~~~~~~~~~~~~^^^^^^^^^^^^^
  File "C:\Python314\Lib\site-packages\MySQLdb\cursors.py", line 179, in execute
    res = self._query(mogrified_query)
  File "C:\Python314\Lib\site-packages\MySQLdb\cursors.py", line 331, in _query
    self._do_get_result(db)
    ~~~~~~~~~~~~~~~~~~~^^^^
  File "C:\Python314\Lib\site-packages\MySQLdb\cursors.py", line 136, in _do_get_result
    self._result = result = self._get_result()
                            ~~~~~~~~~~~~~~~~^^
  File "C:\Python314\Lib\site-packages\MySQLdb\cursors.py", line 363, in _get_result
    return self._get_db().store_result()
           ~~~~~~~~~~~~~~~~~~~~~~~~~~~^^
django.db.utils.OperationalError: (2013, 'Lost connection to server during query')
2026-08-25 12:12:33,911 ERROR django.server "GET /qualityaudit HTTP/1.1" 500 201259
2026-08-25 12:12:34,135 WARNING django.server "GET /static/vendors/css/jquery.contextMenu.min.css.map HTTP/1.1" 404 1952
2026-08-25 12:12:34,313 WARNING django.server "GET /static/vendors/js/bootstrap.min.js.map HTTP/1.1" 404 1919
2026-08-25 12:12:34,449 WARNING django.server "GET /static/vendors/js/jquery.contextMenu.min.js.map HTTP/1.1" 404 1946
2026-08-25 12:12:43,365 ERROR django.request Internal Server Error: /qualityaudit
Traceback (most recent call last):
  File "C:\Python314\Lib\site-packages\django\db\backends\utils.py", line 105, in _execute
    return self.cursor.execute(sql, params)
           ~~~~~~~~~~~~~~~~~~~^^^^^^^^^^^^^
  File "C:\Python314\Lib\site-packages\django\db\backends\mysql\base.py", line 76, in execute
    return self.cursor.execute(query, args)
           ~~~~~~~~~~~~~~~~~~~^^^^^^^^^^^^^
  File "C:\Python314\Lib\site-packages\MySQLdb\cursors.py", line 179, in execute
    res = self._query(mogrified_query)
  File "C:\Python314\Lib\site-packages\MySQLdb\cursors.py", line 331, in _query
    self._do_get_result(db)
    ~~~~~~~~~~~~~~~~~~~^^^^
  File "C:\Python314\Lib\site-packages\MySQLdb\cursors.py", line 136, in _do_get_result
    self._result = result = self._get_result()
                            ~~~~~~~~~~~~~~~~^^
  File "C:\Python314\Lib\site-packages\MySQLdb\cursors.py", line 363, in _get_result
    return self._get_db().store_result()
           ~~~~~~~~~~~~~~~~~~~~~~~~~~~^^
MySQLdb.OperationalError: (2013, 'Lost connection to server during query')

The above exception was the direct cause of the following exception:

Traceback (most recent call last):
  File "C:\Python314\Lib\site-packages\django\core\handlers\exception.py", line 55, in inner
    response = get_response(request)
  File "C:\Python314\Lib\site-packages\django\core\handlers\base.py", line 197, in _get_response
    response = wrapped_callback(request, *callback_args, **callback_kwargs)
  File "C:\Python314\Lib\site-packages\django\views\generic\base.py", line 105, in view
    return self.dispatch(request, *args, **kwargs)
           ~~~~~~~~~~~~~^^^^^^^^^^^^^^^^^^^^^^^^^^
  File "C:\Python314\Lib\site-packages\django\utils\decorators.py", line 48, in _wrapper
    return bound_method(*args, **kwargs)
  File "C:\Python314\Lib\site-packages\django\contrib\auth\decorators.py", line 59, in _view_wrapper
    return view_func(request, *args, **kwargs)
  File "C:\Python314\Lib\site-packages\django\utils\decorators.py", line 48, in _wrapper
    return bound_method(*args, **kwargs)
  File "D:\Saurabh\New_SurveGenius\venv\qualityreview_new_api\quality\quality\ratelimit.py", line 86, in wrapped
    return view_func(request, *args, **kwargs)
  File "C:\Python314\Lib\site-packages\django\views\generic\base.py", line 144, in dispatch
    return handler(request, *args, **kwargs)
  File "D:\Saurabh\New_SurveGenius\venv\qualityreview_new_api\quality\a_app\a_app_qualityauditviews.py", line 93, in get
    for resp in AllSurveyResponses:
                ^^^^^^^^^^^^^^^^^^
  File "C:\Python314\Lib\site-packages\django\db\models\query.py", line 384, in __iter__
    self._fetch_all()
    ~~~~~~~~~~~~~~~^^
  File "C:\Python314\Lib\site-packages\django\db\models\query.py", line 1949, in _fetch_all
    self._result_cache = list(self._iterable_class(self))
                         ~~~~^^^^^^^^^^^^^^^^^^^^^^^^^^^^
  File "C:\Python314\Lib\site-packages\django\db\models\query.py", line 91, in __iter__
    results = compiler.execute_sql(
        chunked_fetch=self.chunked_fetch, chunk_size=self.chunk_size
    )
  File "C:\Python314\Lib\site-packages\django\db\models\sql\compiler.py", line 1623, in execute_sql
    cursor.execute(sql, params)
    ~~~~~~~~~~~~~~^^^^^^^^^^^^^
  File "C:\Python314\Lib\site-packages\django\db\backends\utils.py", line 122, in execute
    return super().execute(sql, params)
           ~~~~~~~~~~~~~~~^^^^^^^^^^^^^
  File "C:\Python314\Lib\site-packages\django\db\backends\utils.py", line 79, in execute
    return self._execute_with_wrappers(
           ~~~~~~~~~~~~~~~~~~~~~~~~~~~^
        sql, params, many=False, executor=self._execute
        ^^^^^^^^^^^^^^^^^^^^^^^^^^^^^^^^^^^^^^^^^^^^^^^
    )
    ^
  File "C:\Python314\Lib\site-packages\django\db\backends\utils.py", line 92, in _execute_with_wrappers
    return executor(sql, params, many, context)
  File "C:\Python314\Lib\site-packages\django\db\backends\utils.py", line 100, in _execute
    with self.db.wrap_database_errors:
         ^^^^^^^^^^^^^^^^^^^^^^^^^^^^
  File "C:\Python314\Lib\site-packages\django\db\utils.py", line 91, in __exit__
    raise dj_exc_value.with_traceback(traceback) from exc_value
  File "C:\Python314\Lib\site-packages\django\db\backends\utils.py", line 105, in _execute
    return self.cursor.execute(sql, params)
           ~~~~~~~~~~~~~~~~~~~^^^^^^^^^^^^^
  File "C:\Python314\Lib\site-packages\django\db\backends\mysql\base.py", line 76, in execute
    return self.cursor.execute(query, args)
           ~~~~~~~~~~~~~~~~~~~^^^^^^^^^^^^^
  File "C:\Python314\Lib\site-packages\MySQLdb\cursors.py", line 179, in execute
    res = self._query(mogrified_query)
  File "C:\Python314\Lib\site-packages\MySQLdb\cursors.py", line 331, in _query
    self._do_get_result(db)
    ~~~~~~~~~~~~~~~~~~~^^^^
  File "C:\Python314\Lib\site-packages\MySQLdb\cursors.py", line 136, in _do_get_result
    self._result = result = self._get_result()
                            ~~~~~~~~~~~~~~~~^^
  File "C:\Python314\Lib\site-packages\MySQLdb\cursors.py", line 363, in _get_result
    return self._get_db().store_result()
           ~~~~~~~~~~~~~~~~~~~~~~~~~~~^^
django.db.utils.OperationalError: (2013, 'Lost connection to server during query')
2026-08-25 12:12:43,376 ERROR django.server "GET /qualityaudit HTTP/1.1" 500 201259
2026-08-25 12:12:48,075 WARNING django.server "GET /static/vendors/js/bootstrap.min.js.map HTTP/1.1" 404 1919
2026-08-25 12:12:48,094 WARNING django.server "GET /static/vendors/css/jquery.contextMenu.min.css.map HTTP/1.1" 404 1952
2026-08-25 12:12:48,400 WARNING django.server "GET /static/vendors/js/jquery.contextMenu.min.js.map HTTP/1.1" 404 1946
2026-08-25 12:13:36,058 ERROR django.request Internal Server Error: /qualityaudit
Traceback (most recent call last):
  File "C:\Python314\Lib\site-packages\django\db\backends\utils.py", line 105, in _execute
    return self.cursor.execute(sql, params)
           ~~~~~~~~~~~~~~~~~~~^^^^^^^^^^^^^
  File "C:\Python314\Lib\site-packages\django\db\backends\mysql\base.py", line 76, in execute
    return self.cursor.execute(query, args)
           ~~~~~~~~~~~~~~~~~~~^^^^^^^^^^^^^
  File "C:\Python314\Lib\site-packages\MySQLdb\cursors.py", line 179, in execute
    res = self._query(mogrified_query)
  File "C:\Python314\Lib\site-packages\MySQLdb\cursors.py", line 331, in _query
    self._do_get_result(db)
    ~~~~~~~~~~~~~~~~~~~^^^^
  File "C:\Python314\Lib\site-packages\MySQLdb\cursors.py", line 136, in _do_get_result
    self._result = result = self._get_result()
                            ~~~~~~~~~~~~~~~~^^
  File "C:\Python314\Lib\site-packages\MySQLdb\cursors.py", line 363, in _get_result
    return self._get_db().store_result()
           ~~~~~~~~~~~~~~~~~~~~~~~~~~~^^
MySQLdb.OperationalError: (2013, 'Lost connection to server during query')

The above exception was the direct cause of the following exception:

Traceback (most recent call last):
  File "C:\Python314\Lib\site-packages\django\core\handlers\exception.py", line 55, in inner
    response = get_response(request)
  File "C:\Python314\Lib\site-packages\django\core\handlers\base.py", line 197, in _get_response
    response = wrapped_callback(request, *callback_args, **callback_kwargs)
  File "C:\Python314\Lib\site-packages\django\views\generic\base.py", line 105, in view
    return self.dispatch(request, *args, **kwargs)
           ~~~~~~~~~~~~~^^^^^^^^^^^^^^^^^^^^^^^^^^
  File "C:\Python314\Lib\site-packages\django\utils\decorators.py", line 48, in _wrapper
    return bound_method(*args, **kwargs)
  File "C:\Python314\Lib\site-packages\django\contrib\auth\decorators.py", line 59, in _view_wrapper
    return view_func(request, *args, **kwargs)
  File "C:\Python314\Lib\site-packages\django\utils\decorators.py", line 48, in _wrapper
    return bound_method(*args, **kwargs)
  File "D:\Saurabh\New_SurveGenius\venv\qualityreview_new_api\quality\quality\ratelimit.py", line 86, in wrapped
    return view_func(request, *args, **kwargs)
  File "C:\Python314\Lib\site-packages\django\views\generic\base.py", line 144, in dispatch
    return handler(request, *args, **kwargs)
  File "D:\Saurabh\New_SurveGenius\venv\qualityreview_new_api\quality\a_app\a_app_qualityauditviews.py", line 93, in get
    for resp in AllSurveyResponses:
                ^^^^^^^^^^^^^^^^^^
  File "C:\Python314\Lib\site-packages\django\db\models\query.py", line 384, in __iter__
    self._fetch_all()
    ~~~~~~~~~~~~~~~^^
  File "C:\Python314\Lib\site-packages\django\db\models\query.py", line 1949, in _fetch_all
    self._result_cache = list(self._iterable_class(self))
                         ~~~~^^^^^^^^^^^^^^^^^^^^^^^^^^^^
  File "C:\Python314\Lib\site-packages\django\db\models\query.py", line 91, in __iter__
    results = compiler.execute_sql(
        chunked_fetch=self.chunked_fetch, chunk_size=self.chunk_size
    )
  File "C:\Python314\Lib\site-packages\django\db\models\sql\compiler.py", line 1623, in execute_sql
    cursor.execute(sql, params)
    ~~~~~~~~~~~~~~^^^^^^^^^^^^^
  File "C:\Python314\Lib\site-packages\django\db\backends\utils.py", line 122, in execute
    return super().execute(sql, params)
           ~~~~~~~~~~~~~~~^^^^^^^^^^^^^
  File "C:\Python314\Lib\site-packages\django\db\backends\utils.py", line 79, in execute
    return self._execute_with_wrappers(
           ~~~~~~~~~~~~~~~~~~~~~~~~~~~^
        sql, params, many=False, executor=self._execute
        ^^^^^^^^^^^^^^^^^^^^^^^^^^^^^^^^^^^^^^^^^^^^^^^
    )
    ^
  File "C:\Python314\Lib\site-packages\django\db\backends\utils.py", line 92, in _execute_with_wrappers
    return executor(sql, params, many, context)
  File "C:\Python314\Lib\site-packages\django\db\backends\utils.py", line 100, in _execute
    with self.db.wrap_database_errors:
         ^^^^^^^^^^^^^^^^^^^^^^^^^^^^
  File "C:\Python314\Lib\site-packages\django\db\utils.py", line 91, in __exit__
    raise dj_exc_value.with_traceback(traceback) from exc_value
  File "C:\Python314\Lib\site-packages\django\db\backends\utils.py", line 105, in _execute
    return self.cursor.execute(sql, params)
           ~~~~~~~~~~~~~~~~~~~^^^^^^^^^^^^^
  File "C:\Python314\Lib\site-packages\django\db\backends\mysql\base.py", line 76, in execute
    return self.cursor.execute(query, args)
           ~~~~~~~~~~~~~~~~~~~^^^^^^^^^^^^^
  File "C:\Python314\Lib\site-packages\MySQLdb\cursors.py", line 179, in execute
    res = self._query(mogrified_query)
  File "C:\Python314\Lib\site-packages\MySQLdb\cursors.py", line 331, in _query
    self._do_get_result(db)
    ~~~~~~~~~~~~~~~~~~~^^^^
  File "C:\Python314\Lib\site-packages\MySQLdb\cursors.py", line 136, in _do_get_result
    self._result = result = self._get_result()
                            ~~~~~~~~~~~~~~~~^^
  File "C:\Python314\Lib\site-packages\MySQLdb\cursors.py", line 363, in _get_result
    return self._get_db().store_result()
           ~~~~~~~~~~~~~~~~~~~~~~~~~~~^^
django.db.utils.OperationalError: (2013, 'Lost connection to server during query')
2026-08-25 12:13:45,107 ERROR django.request Internal Server Error: /qualityaudit
Traceback (most recent call last):
  File "C:\Python314\Lib\site-packages\django\db\backends\utils.py", line 105, in _execute
    return self.cursor.execute(sql, params)
           ~~~~~~~~~~~~~~~~~~~^^^^^^^^^^^^^
  File "C:\Python314\Lib\site-packages\django\db\backends\mysql\base.py", line 76, in execute
    return self.cursor.execute(query, args)
           ~~~~~~~~~~~~~~~~~~~^^^^^^^^^^^^^
  File "C:\Python314\Lib\site-packages\MySQLdb\cursors.py", line 179, in execute
    res = self._query(mogrified_query)
  File "C:\Python314\Lib\site-packages\MySQLdb\cursors.py", line 331, in _query
    self._do_get_result(db)
    ~~~~~~~~~~~~~~~~~~~^^^^
  File "C:\Python314\Lib\site-packages\MySQLdb\cursors.py", line 136, in _do_get_result
    self._result = result = self._get_result()
                            ~~~~~~~~~~~~~~~~^^
  File "C:\Python314\Lib\site-packages\MySQLdb\cursors.py", line 363, in _get_result
    return self._get_db().store_result()
           ~~~~~~~~~~~~~~~~~~~~~~~~~~~^^
MySQLdb.OperationalError: (2013, 'Lost connection to server during query')

The above exception was the direct cause of the following exception:

Traceback (most recent call last):
  File "C:\Python314\Lib\site-packages\django\core\handlers\exception.py", line 55, in inner
    response = get_response(request)
  File "C:\Python314\Lib\site-packages\django\core\handlers\base.py", line 197, in _get_response
    response = wrapped_callback(request, *callback_args, **callback_kwargs)
  File "C:\Python314\Lib\site-packages\django\views\generic\base.py", line 105, in view
    return self.dispatch(request, *args, **kwargs)
           ~~~~~~~~~~~~~^^^^^^^^^^^^^^^^^^^^^^^^^^
  File "C:\Python314\Lib\site-packages\django\utils\decorators.py", line 48, in _wrapper
    return bound_method(*args, **kwargs)
  File "C:\Python314\Lib\site-packages\django\contrib\auth\decorators.py", line 59, in _view_wrapper
    return view_func(request, *args, **kwargs)
  File "C:\Python314\Lib\site-packages\django\utils\decorators.py", line 48, in _wrapper
    return bound_method(*args, **kwargs)
  File "D:\Saurabh\New_SurveGenius\venv\qualityreview_new_api\quality\quality\ratelimit.py", line 86, in wrapped
    return view_func(request, *args, **kwargs)
  File "C:\Python314\Lib\site-packages\django\views\generic\base.py", line 144, in dispatch
    return handler(request, *args, **kwargs)
  File "D:\Saurabh\New_SurveGenius\venv\qualityreview_new_api\quality\a_app\a_app_qualityauditviews.py", line 93, in get
    for resp in AllSurveyResponses:
                ^^^^^^^^^^^^^^^^^^
  File "C:\Python314\Lib\site-packages\django\db\models\query.py", line 384, in __iter__
    self._fetch_all()
    ~~~~~~~~~~~~~~~^^
  File "C:\Python314\Lib\site-packages\django\db\models\query.py", line 1949, in _fetch_all
    self._result_cache = list(self._iterable_class(self))
                         ~~~~^^^^^^^^^^^^^^^^^^^^^^^^^^^^
  File "C:\Python314\Lib\site-packages\django\db\models\query.py", line 91, in __iter__
    results = compiler.execute_sql(
        chunked_fetch=self.chunked_fetch, chunk_size=self.chunk_size
    )
  File "C:\Python314\Lib\site-packages\django\db\models\sql\compiler.py", line 1623, in execute_sql
    cursor.execute(sql, params)
    ~~~~~~~~~~~~~~^^^^^^^^^^^^^
  File "C:\Python314\Lib\site-packages\django\db\backends\utils.py", line 122, in execute
    return super().execute(sql, params)
           ~~~~~~~~~~~~~~~^^^^^^^^^^^^^
  File "C:\Python314\Lib\site-packages\django\db\backends\utils.py", line 79, in execute
    return self._execute_with_wrappers(
           ~~~~~~~~~~~~~~~~~~~~~~~~~~~^
        sql, params, many=False, executor=self._execute
        ^^^^^^^^^^^^^^^^^^^^^^^^^^^^^^^^^^^^^^^^^^^^^^^
    )
    ^
  File "C:\Python314\Lib\site-packages\django\db\backends\utils.py", line 92, in _execute_with_wrappers
    return executor(sql, params, many, context)
  File "C:\Python314\Lib\site-packages\django\db\backends\utils.py", line 100, in _execute
    with self.db.wrap_database_errors:
         ^^^^^^^^^^^^^^^^^^^^^^^^^^^^
  File "C:\Python314\Lib\site-packages\django\db\utils.py", line 91, in __exit__
    raise dj_exc_value.with_traceback(traceback) from exc_value
  File "C:\Python314\Lib\site-packages\django\db\backends\utils.py", line 105, in _execute
    return self.cursor.execute(sql, params)
           ~~~~~~~~~~~~~~~~~~~^^^^^^^^^^^^^
  File "C:\Python314\Lib\site-packages\django\db\backends\mysql\base.py", line 76, in execute
    return self.cursor.execute(query, args)
           ~~~~~~~~~~~~~~~~~~~^^^^^^^^^^^^^
  File "C:\Python314\Lib\site-packages\MySQLdb\cursors.py", line 179, in execute
    res = self._query(mogrified_query)
  File "C:\Python314\Lib\site-packages\MySQLdb\cursors.py", line 331, in _query
    self._do_get_result(db)
    ~~~~~~~~~~~~~~~~~~~^^^^
  File "C:\Python314\Lib\site-packages\MySQLdb\cursors.py", line 136, in _do_get_result
    self._result = result = self._get_result()
                            ~~~~~~~~~~~~~~~~^^
  File "C:\Python314\Lib\site-packages\MySQLdb\cursors.py", line 363, in _get_result
    return self._get_db().store_result()
           ~~~~~~~~~~~~~~~~~~~~~~~~~~~^^
django.db.utils.OperationalError: (2013, 'Lost connection to server during query')
2026-08-25 12:13:45,120 ERROR django.server "GET /qualityaudit HTTP/1.1" 500 201245
2026-08-25 12:14:12,249 ERROR django.request Internal Server Error: /qualityaudit
Traceback (most recent call last):
  File "C:\Python314\Lib\site-packages\django\db\backends\utils.py", line 105, in _execute
    return self.cursor.execute(sql, params)
           ~~~~~~~~~~~~~~~~~~~^^^^^^^^^^^^^
  File "C:\Python314\Lib\site-packages\django\db\backends\mysql\base.py", line 76, in execute
    return self.cursor.execute(query, args)
           ~~~~~~~~~~~~~~~~~~~^^^^^^^^^^^^^
  File "C:\Python314\Lib\site-packages\MySQLdb\cursors.py", line 179, in execute
    res = self._query(mogrified_query)
  File "C:\Python314\Lib\site-packages\MySQLdb\cursors.py", line 331, in _query
    self._do_get_result(db)
    ~~~~~~~~~~~~~~~~~~~^^^^
  File "C:\Python314\Lib\site-packages\MySQLdb\cursors.py", line 136, in _do_get_result
    self._result = result = self._get_result()
                            ~~~~~~~~~~~~~~~~^^
  File "C:\Python314\Lib\site-packages\MySQLdb\cursors.py", line 363, in _get_result
    return self._get_db().store_result()
           ~~~~~~~~~~~~~~~~~~~~~~~~~~~^^
MySQLdb.OperationalError: (2013, 'Lost connection to server during query')

The above exception was the direct cause of the following exception:

Traceback (most recent call last):
  File "C:\Python314\Lib\site-packages\django\core\handlers\exception.py", line 55, in inner
    response = get_response(request)
  File "C:\Python314\Lib\site-packages\django\core\handlers\base.py", line 197, in _get_response
    response = wrapped_callback(request, *callback_args, **callback_kwargs)
  File "C:\Python314\Lib\site-packages\django\views\generic\base.py", line 105, in view
    return self.dispatch(request, *args, **kwargs)
           ~~~~~~~~~~~~~^^^^^^^^^^^^^^^^^^^^^^^^^^
  File "C:\Python314\Lib\site-packages\django\utils\decorators.py", line 48, in _wrapper
    return bound_method(*args, **kwargs)
  File "C:\Python314\Lib\site-packages\django\contrib\auth\decorators.py", line 59, in _view_wrapper
    return view_func(request, *args, **kwargs)
  File "C:\Python314\Lib\site-packages\django\utils\decorators.py", line 48, in _wrapper
    return bound_method(*args, **kwargs)
  File "D:\Saurabh\New_SurveGenius\venv\qualityreview_new_api\quality\quality\ratelimit.py", line 86, in wrapped
    return view_func(request, *args, **kwargs)
  File "C:\Python314\Lib\site-packages\django\views\generic\base.py", line 144, in dispatch
    return handler(request, *args, **kwargs)
  File "D:\Saurabh\New_SurveGenius\venv\qualityreview_new_api\quality\a_app\a_app_qualityauditviews.py", line 93, in get
    for resp in AllSurveyResponses:
                ^^^^^^^^^^^^^^^^^^
  File "C:\Python314\Lib\site-packages\django\db\models\query.py", line 384, in __iter__
    self._fetch_all()
    ~~~~~~~~~~~~~~~^^
  File "C:\Python314\Lib\site-packages\django\db\models\query.py", line 1949, in _fetch_all
    self._result_cache = list(self._iterable_class(self))
                         ~~~~^^^^^^^^^^^^^^^^^^^^^^^^^^^^
  File "C:\Python314\Lib\site-packages\django\db\models\query.py", line 91, in __iter__
    results = compiler.execute_sql(
        chunked_fetch=self.chunked_fetch, chunk_size=self.chunk_size
    )
  File "C:\Python314\Lib\site-packages\django\db\models\sql\compiler.py", line 1623, in execute_sql
    cursor.execute(sql, params)
    ~~~~~~~~~~~~~~^^^^^^^^^^^^^
  File "C:\Python314\Lib\site-packages\django\db\backends\utils.py", line 122, in execute
    return super().execute(sql, params)
           ~~~~~~~~~~~~~~~^^^^^^^^^^^^^
  File "C:\Python314\Lib\site-packages\django\db\backends\utils.py", line 79, in execute
    return self._execute_with_wrappers(
           ~~~~~~~~~~~~~~~~~~~~~~~~~~~^
        sql, params, many=False, executor=self._execute
        ^^^^^^^^^^^^^^^^^^^^^^^^^^^^^^^^^^^^^^^^^^^^^^^
    )
    ^
  File "C:\Python314\Lib\site-packages\django\db\backends\utils.py", line 92, in _execute_with_wrappers
    return executor(sql, params, many, context)
  File "C:\Python314\Lib\site-packages\django\db\backends\utils.py", line 100, in _execute
    with self.db.wrap_database_errors:
         ^^^^^^^^^^^^^^^^^^^^^^^^^^^^
  File "C:\Python314\Lib\site-packages\django\db\utils.py", line 91, in __exit__
    raise dj_exc_value.with_traceback(traceback) from exc_value
  File "C:\Python314\Lib\site-packages\django\db\backends\utils.py", line 105, in _execute
    return self.cursor.execute(sql, params)
           ~~~~~~~~~~~~~~~~~~~^^^^^^^^^^^^^
  File "C:\Python314\Lib\site-packages\django\db\backends\mysql\base.py", line 76, in execute
    return self.cursor.execute(query, args)
           ~~~~~~~~~~~~~~~~~~~^^^^^^^^^^^^^
  File "C:\Python314\Lib\site-packages\MySQLdb\cursors.py", line 179, in execute
    res = self._query(mogrified_query)
  File "C:\Python314\Lib\site-packages\MySQLdb\cursors.py", line 331, in _query
    self._do_get_result(db)
    ~~~~~~~~~~~~~~~~~~~^^^^
  File "C:\Python314\Lib\site-packages\MySQLdb\cursors.py", line 136, in _do_get_result
    self._result = result = self._get_result()
                            ~~~~~~~~~~~~~~~~^^
  File "C:\Python314\Lib\site-packages\MySQLdb\cursors.py", line 363, in _get_result
    return self._get_db().store_result()
           ~~~~~~~~~~~~~~~~~~~~~~~~~~~^^
django.db.utils.OperationalError: (2013, 'Lost connection to server during query')
2026-08-25 12:14:14,884 ERROR django.request Internal Server Error: /qualityaudit
Traceback (most recent call last):
  File "C:\Python314\Lib\site-packages\django\db\backends\utils.py", line 105, in _execute
    return self.cursor.execute(sql, params)
           ~~~~~~~~~~~~~~~~~~~^^^^^^^^^^^^^
  File "C:\Python314\Lib\site-packages\django\db\backends\mysql\base.py", line 76, in execute
    return self.cursor.execute(query, args)
           ~~~~~~~~~~~~~~~~~~~^^^^^^^^^^^^^
  File "C:\Python314\Lib\site-packages\MySQLdb\cursors.py", line 179, in execute
    res = self._query(mogrified_query)
  File "C:\Python314\Lib\site-packages\MySQLdb\cursors.py", line 331, in _query
    self._do_get_result(db)
    ~~~~~~~~~~~~~~~~~~~^^^^
  File "C:\Python314\Lib\site-packages\MySQLdb\cursors.py", line 136, in _do_get_result
    self._result = result = self._get_result()
                            ~~~~~~~~~~~~~~~~^^
  File "C:\Python314\Lib\site-packages\MySQLdb\cursors.py", line 363, in _get_result
    return self._get_db().store_result()
           ~~~~~~~~~~~~~~~~~~~~~~~~~~~^^
MySQLdb.OperationalError: (2013, 'Lost connection to server during query')

The above exception was the direct cause of the following exception:

Traceback (most recent call last):
  File "C:\Python314\Lib\site-packages\django\core\handlers\exception.py", line 55, in inner
    response = get_response(request)
  File "C:\Python314\Lib\site-packages\django\core\handlers\base.py", line 197, in _get_response
    response = wrapped_callback(request, *callback_args, **callback_kwargs)
  File "C:\Python314\Lib\site-packages\django\views\generic\base.py", line 105, in view
    return self.dispatch(request, *args, **kwargs)
           ~~~~~~~~~~~~~^^^^^^^^^^^^^^^^^^^^^^^^^^
  File "C:\Python314\Lib\site-packages\django\utils\decorators.py", line 48, in _wrapper
    return bound_method(*args, **kwargs)
  File "C:\Python314\Lib\site-packages\django\contrib\auth\decorators.py", line 59, in _view_wrapper
    return view_func(request, *args, **kwargs)
  File "C:\Python314\Lib\site-packages\django\utils\decorators.py", line 48, in _wrapper
    return bound_method(*args, **kwargs)
  File "D:\Saurabh\New_SurveGenius\venv\qualityreview_new_api\quality\quality\ratelimit.py", line 86, in wrapped
    return view_func(request, *args, **kwargs)
  File "C:\Python314\Lib\site-packages\django\views\generic\base.py", line 144, in dispatch
    return handler(request, *args, **kwargs)
  File "D:\Saurabh\New_SurveGenius\venv\qualityreview_new_api\quality\a_app\a_app_qualityauditviews.py", line 93, in get
    for resp in AllSurveyResponses:
                ^^^^^^^^^^^^^^^^^^
  File "C:\Python314\Lib\site-packages\django\db\models\query.py", line 384, in __iter__
    self._fetch_all()
    ~~~~~~~~~~~~~~~^^
  File "C:\Python314\Lib\site-packages\django\db\models\query.py", line 1949, in _fetch_all
    self._result_cache = list(self._iterable_class(self))
                         ~~~~^^^^^^^^^^^^^^^^^^^^^^^^^^^^
  File "C:\Python314\Lib\site-packages\django\db\models\query.py", line 91, in __iter__
    results = compiler.execute_sql(
        chunked_fetch=self.chunked_fetch, chunk_size=self.chunk_size
    )
  File "C:\Python314\Lib\site-packages\django\db\models\sql\compiler.py", line 1623, in execute_sql
    cursor.execute(sql, params)
    ~~~~~~~~~~~~~~^^^^^^^^^^^^^
  File "C:\Python314\Lib\site-packages\django\db\backends\utils.py", line 122, in execute
    return super().execute(sql, params)
           ~~~~~~~~~~~~~~~^^^^^^^^^^^^^
  File "C:\Python314\Lib\site-packages\django\db\backends\utils.py", line 79, in execute
    return self._execute_with_wrappers(
           ~~~~~~~~~~~~~~~~~~~~~~~~~~~^
        sql, params, many=False, executor=self._execute
        ^^^^^^^^^^^^^^^^^^^^^^^^^^^^^^^^^^^^^^^^^^^^^^^
    )
    ^
  File "C:\Python314\Lib\site-packages\django\db\backends\utils.py", line 92, in _execute_with_wrappers
    return executor(sql, params, many, context)
  File "C:\Python314\Lib\site-packages\django\db\backends\utils.py", line 100, in _execute
    with self.db.wrap_database_errors:
         ^^^^^^^^^^^^^^^^^^^^^^^^^^^^
  File "C:\Python314\Lib\site-packages\django\db\utils.py", line 91, in __exit__
    raise dj_exc_value.with_traceback(traceback) from exc_value
  File "C:\Python314\Lib\site-packages\django\db\backends\utils.py", line 105, in _execute
    return self.cursor.execute(sql, params)
           ~~~~~~~~~~~~~~~~~~~^^^^^^^^^^^^^
  File "C:\Python314\Lib\site-packages\django\db\backends\mysql\base.py", line 76, in execute
    return self.cursor.execute(query, args)
           ~~~~~~~~~~~~~~~~~~~^^^^^^^^^^^^^
  File "C:\Python314\Lib\site-packages\MySQLdb\cursors.py", line 179, in execute
    res = self._query(mogrified_query)
  File "C:\Python314\Lib\site-packages\MySQLdb\cursors.py", line 331, in _query
    self._do_get_result(db)
    ~~~~~~~~~~~~~~~~~~~^^^^
  File "C:\Python314\Lib\site-packages\MySQLdb\cursors.py", line 136, in _do_get_result
    self._result = result = self._get_result()
                            ~~~~~~~~~~~~~~~~^^
  File "C:\Python314\Lib\site-packages\MySQLdb\cursors.py", line 363, in _get_result
    return self._get_db().store_result()
           ~~~~~~~~~~~~~~~~~~~~~~~~~~~^^
django.db.utils.OperationalError: (2013, 'Lost connection to server during query')
2026-08-25 12:15:15,494 ERROR django.request Internal Server Error: /qualityaudit
Traceback (most recent call last):
  File "C:\Python314\Lib\site-packages\django\db\backends\utils.py", line 105, in _execute
    return self.cursor.execute(sql, params)
           ~~~~~~~~~~~~~~~~~~~^^^^^^^^^^^^^
  File "C:\Python314\Lib\site-packages\django\db\backends\mysql\base.py", line 76, in execute
    return self.cursor.execute(query, args)
           ~~~~~~~~~~~~~~~~~~~^^^^^^^^^^^^^
  File "C:\Python314\Lib\site-packages\MySQLdb\cursors.py", line 179, in execute
    res = self._query(mogrified_query)
  File "C:\Python314\Lib\site-packages\MySQLdb\cursors.py", line 331, in _query
    self._do_get_result(db)
    ~~~~~~~~~~~~~~~~~~~^^^^
  File "C:\Python314\Lib\site-packages\MySQLdb\cursors.py", line 136, in _do_get_result
    self._result = result = self._get_result()
                            ~~~~~~~~~~~~~~~~^^
  File "C:\Python314\Lib\site-packages\MySQLdb\cursors.py", line 363, in _get_result
    return self._get_db().store_result()
           ~~~~~~~~~~~~~~~~~~~~~~~~~~~^^
MySQLdb.OperationalError: (2013, 'Lost connection to server during query')

The above exception was the direct cause of the following exception:

Traceback (most recent call last):
  File "C:\Python314\Lib\site-packages\django\core\handlers\exception.py", line 55, in inner
    response = get_response(request)
  File "C:\Python314\Lib\site-packages\django\core\handlers\base.py", line 197, in _get_response
    response = wrapped_callback(request, *callback_args, **callback_kwargs)
  File "C:\Python314\Lib\site-packages\django\views\generic\base.py", line 105, in view
    return self.dispatch(request, *args, **kwargs)
           ~~~~~~~~~~~~~^^^^^^^^^^^^^^^^^^^^^^^^^^
  File "C:\Python314\Lib\site-packages\django\utils\decorators.py", line 48, in _wrapper
    return bound_method(*args, **kwargs)
  File "C:\Python314\Lib\site-packages\django\contrib\auth\decorators.py", line 59, in _view_wrapper
    return view_func(request, *args, **kwargs)
  File "C:\Python314\Lib\site-packages\django\utils\decorators.py", line 48, in _wrapper
    return bound_method(*args, **kwargs)
  File "D:\Saurabh\New_SurveGenius\venv\qualityreview_new_api\quality\quality\ratelimit.py", line 86, in wrapped
    return view_func(request, *args, **kwargs)
  File "C:\Python314\Lib\site-packages\django\views\generic\base.py", line 144, in dispatch
    return handler(request, *args, **kwargs)
  File "D:\Saurabh\New_SurveGenius\venv\qualityreview_new_api\quality\a_app\a_app_qualityauditviews.py", line 93, in get
    for resp in AllSurveyResponses:
                ^^^^^^^^^^^^^^^^^^
  File "C:\Python314\Lib\site-packages\django\db\models\query.py", line 384, in __iter__
    self._fetch_all()
    ~~~~~~~~~~~~~~~^^
  File "C:\Python314\Lib\site-packages\django\db\models\query.py", line 1949, in _fetch_all
    self._result_cache = list(self._iterable_class(self))
                         ~~~~^^^^^^^^^^^^^^^^^^^^^^^^^^^^
  File "C:\Python314\Lib\site-packages\django\db\models\query.py", line 91, in __iter__
    results = compiler.execute_sql(
        chunked_fetch=self.chunked_fetch, chunk_size=self.chunk_size
    )
  File "C:\Python314\Lib\site-packages\django\db\models\sql\compiler.py", line 1623, in execute_sql
    cursor.execute(sql, params)
    ~~~~~~~~~~~~~~^^^^^^^^^^^^^
  File "C:\Python314\Lib\site-packages\django\db\backends\utils.py", line 122, in execute
    return super().execute(sql, params)
           ~~~~~~~~~~~~~~~^^^^^^^^^^^^^
  File "C:\Python314\Lib\site-packages\django\db\backends\utils.py", line 79, in execute
    return self._execute_with_wrappers(
           ~~~~~~~~~~~~~~~~~~~~~~~~~~~^
        sql, params, many=False, executor=self._execute
        ^^^^^^^^^^^^^^^^^^^^^^^^^^^^^^^^^^^^^^^^^^^^^^^
    )
    ^
  File "C:\Python314\Lib\site-packages\django\db\backends\utils.py", line 92, in _execute_with_wrappers
    return executor(sql, params, many, context)
  File "C:\Python314\Lib\site-packages\django\db\backends\utils.py", line 100, in _execute
    with self.db.wrap_database_errors:
         ^^^^^^^^^^^^^^^^^^^^^^^^^^^^
  File "C:\Python314\Lib\site-packages\django\db\utils.py", line 91, in __exit__
    raise dj_exc_value.with_traceback(traceback) from exc_value
  File "C:\Python314\Lib\site-packages\django\db\backends\utils.py", line 105, in _execute
    return self.cursor.execute(sql, params)
           ~~~~~~~~~~~~~~~~~~~^^^^^^^^^^^^^
  File "C:\Python314\Lib\site-packages\django\db\backends\mysql\base.py", line 76, in execute
    return self.cursor.execute(query, args)
           ~~~~~~~~~~~~~~~~~~~^^^^^^^^^^^^^
  File "C:\Python314\Lib\site-packages\MySQLdb\cursors.py", line 179, in execute
    res = self._query(mogrified_query)
  File "C:\Python314\Lib\site-packages\MySQLdb\cursors.py", line 331, in _query
    self._do_get_result(db)
    ~~~~~~~~~~~~~~~~~~~^^^^
  File "C:\Python314\Lib\site-packages\MySQLdb\cursors.py", line 136, in _do_get_result
    self._result = result = self._get_result()
                            ~~~~~~~~~~~~~~~~^^
  File "C:\Python314\Lib\site-packages\MySQLdb\cursors.py", line 363, in _get_result
    return self._get_db().store_result()
           ~~~~~~~~~~~~~~~~~~~~~~~~~~~^^
django.db.utils.OperationalError: (2013, 'Lost connection to server during query')
2026-08-25 12:15:15,517 ERROR django.server "GET /qualityaudit HTTP/1.1" 500 201245
2026-08-25 12:15:36,981 ERROR django.request Internal Server Error: /qualityaudit
Traceback (most recent call last):
  File "C:\Python314\Lib\site-packages\django\db\backends\utils.py", line 105, in _execute
    return self.cursor.execute(sql, params)
           ~~~~~~~~~~~~~~~~~~~^^^^^^^^^^^^^
  File "C:\Python314\Lib\site-packages\django\db\backends\mysql\base.py", line 76, in execute
    return self.cursor.execute(query, args)
           ~~~~~~~~~~~~~~~~~~~^^^^^^^^^^^^^
  File "C:\Python314\Lib\site-packages\MySQLdb\cursors.py", line 179, in execute
    res = self._query(mogrified_query)
  File "C:\Python314\Lib\site-packages\MySQLdb\cursors.py", line 331, in _query
    self._do_get_result(db)
    ~~~~~~~~~~~~~~~~~~~^^^^
  File "C:\Python314\Lib\site-packages\MySQLdb\cursors.py", line 136, in _do_get_result
    self._result = result = self._get_result()
                            ~~~~~~~~~~~~~~~~^^
  File "C:\Python314\Lib\site-packages\MySQLdb\cursors.py", line 363, in _get_result
    return self._get_db().store_result()
           ~~~~~~~~~~~~~~~~~~~~~~~~~~~^^
MySQLdb.OperationalError: (2013, 'Lost connection to server during query')

The above exception was the direct cause of the following exception:

Traceback (most recent call last):
  File "C:\Python314\Lib\site-packages\django\core\handlers\exception.py", line 55, in inner
    response = get_response(request)
  File "C:\Python314\Lib\site-packages\django\core\handlers\base.py", line 197, in _get_response
    response = wrapped_callback(request, *callback_args, **callback_kwargs)
  File "C:\Python314\Lib\site-packages\django\views\generic\base.py", line 105, in view
    return self.dispatch(request, *args, **kwargs)
           ~~~~~~~~~~~~~^^^^^^^^^^^^^^^^^^^^^^^^^^
  File "C:\Python314\Lib\site-packages\django\utils\decorators.py", line 48, in _wrapper
    return bound_method(*args, **kwargs)
  File "C:\Python314\Lib\site-packages\django\contrib\auth\decorators.py", line 59, in _view_wrapper
    return view_func(request, *args, **kwargs)
  File "C:\Python314\Lib\site-packages\django\utils\decorators.py", line 48, in _wrapper
    return bound_method(*args, **kwargs)
  File "D:\Saurabh\New_SurveGenius\venv\qualityreview_new_api\quality\quality\ratelimit.py", line 86, in wrapped
    return view_func(request, *args, **kwargs)
  File "C:\Python314\Lib\site-packages\django\views\generic\base.py", line 144, in dispatch
    return handler(request, *args, **kwargs)
  File "D:\Saurabh\New_SurveGenius\venv\qualityreview_new_api\quality\a_app\a_app_qualityauditviews.py", line 93, in get
    for resp in AllSurveyResponses:
                ^^^^^^^^^^^^^^^^^^
  File "C:\Python314\Lib\site-packages\django\db\models\query.py", line 384, in __iter__
    self._fetch_all()
    ~~~~~~~~~~~~~~~^^
  File "C:\Python314\Lib\site-packages\django\db\models\query.py", line 1949, in _fetch_all
    self._result_cache = list(self._iterable_class(self))
                         ~~~~^^^^^^^^^^^^^^^^^^^^^^^^^^^^
  File "C:\Python314\Lib\site-packages\django\db\models\query.py", line 91, in __iter__
    results = compiler.execute_sql(
        chunked_fetch=self.chunked_fetch, chunk_size=self.chunk_size
    )
  File "C:\Python314\Lib\site-packages\django\db\models\sql\compiler.py", line 1623, in execute_sql
    cursor.execute(sql, params)
    ~~~~~~~~~~~~~~^^^^^^^^^^^^^
  File "C:\Python314\Lib\site-packages\django\db\backends\utils.py", line 122, in execute
    return super().execute(sql, params)
           ~~~~~~~~~~~~~~~^^^^^^^^^^^^^
  File "C:\Python314\Lib\site-packages\django\db\backends\utils.py", line 79, in execute
    return self._execute_with_wrappers(
           ~~~~~~~~~~~~~~~~~~~~~~~~~~~^
        sql, params, many=False, executor=self._execute
        ^^^^^^^^^^^^^^^^^^^^^^^^^^^^^^^^^^^^^^^^^^^^^^^
    )
    ^
  File "C:\Python314\Lib\site-packages\django\db\backends\utils.py", line 92, in _execute_with_wrappers
    return executor(sql, params, many, context)
  File "C:\Python314\Lib\site-packages\django\db\backends\utils.py", line 100, in _execute
    with self.db.wrap_database_errors:
         ^^^^^^^^^^^^^^^^^^^^^^^^^^^^
  File "C:\Python314\Lib\site-packages\django\db\utils.py", line 91, in __exit__
    raise dj_exc_value.with_traceback(traceback) from exc_value
  File "C:\Python314\Lib\site-packages\django\db\backends\utils.py", line 105, in _execute
    return self.cursor.execute(sql, params)
           ~~~~~~~~~~~~~~~~~~~^^^^^^^^^^^^^
  File "C:\Python314\Lib\site-packages\django\db\backends\mysql\base.py", line 76, in execute
    return self.cursor.execute(query, args)
           ~~~~~~~~~~~~~~~~~~~^^^^^^^^^^^^^
  File "C:\Python314\Lib\site-packages\MySQLdb\cursors.py", line 179, in execute
    res = self._query(mogrified_query)
  File "C:\Python314\Lib\site-packages\MySQLdb\cursors.py", line 331, in _query
    self._do_get_result(db)
    ~~~~~~~~~~~~~~~~~~~^^^^
  File "C:\Python314\Lib\site-packages\MySQLdb\cursors.py", line 136, in _do_get_result
    self._result = result = self._get_result()
                            ~~~~~~~~~~~~~~~~^^
  File "C:\Python314\Lib\site-packages\MySQLdb\cursors.py", line 363, in _get_result
    return self._get_db().store_result()
           ~~~~~~~~~~~~~~~~~~~~~~~~~~~^^
django.db.utils.OperationalError: (2013, 'Lost connection to server during query')
2026-08-25 12:15:36,994 ERROR django.server "GET /qualityaudit HTTP/1.1" 500 201249
2026-08-25 12:17:26,264 ERROR django.request Internal Server Error: /qcdash
Traceback (most recent call last):
  File "C:\Python314\Lib\site-packages\django\db\backends\utils.py", line 105, in _execute
    return self.cursor.execute(sql, params)
           ~~~~~~~~~~~~~~~~~~~^^^^^^^^^^^^^
  File "C:\Python314\Lib\site-packages\django\db\backends\mysql\base.py", line 76, in execute
    return self.cursor.execute(query, args)
           ~~~~~~~~~~~~~~~~~~~^^^^^^^^^^^^^
  File "C:\Python314\Lib\site-packages\MySQLdb\cursors.py", line 179, in execute
    res = self._query(mogrified_query)
  File "C:\Python314\Lib\site-packages\MySQLdb\cursors.py", line 331, in _query
    self._do_get_result(db)
    ~~~~~~~~~~~~~~~~~~~^^^^
  File "C:\Python314\Lib\site-packages\MySQLdb\cursors.py", line 136, in _do_get_result
    self._result = result = self._get_result()
                            ~~~~~~~~~~~~~~~~^^
  File "C:\Python314\Lib\site-packages\MySQLdb\cursors.py", line 363, in _get_result
    return self._get_db().store_result()
           ~~~~~~~~~~~~~~~~~~~~~~~~~~~^^
MySQLdb.OperationalError: (2013, 'Lost connection to server during query')

The above exception was the direct cause of the following exception:

Traceback (most recent call last):
  File "C:\Python314\Lib\site-packages\django\core\handlers\exception.py", line 55, in inner
    response = get_response(request)
  File "C:\Python314\Lib\site-packages\django\core\handlers\base.py", line 197, in _get_response
    response = wrapped_callback(request, *callback_args, **callback_kwargs)
  File "C:\Python314\Lib\site-packages\django\views\generic\base.py", line 105, in view
    return self.dispatch(request, *args, **kwargs)
           ~~~~~~~~~~~~~^^^^^^^^^^^^^^^^^^^^^^^^^^
  File "C:\Python314\Lib\site-packages\django\utils\decorators.py", line 48, in _wrapper
    return bound_method(*args, **kwargs)
  File "C:\Python314\Lib\site-packages\django\contrib\auth\decorators.py", line 59, in _view_wrapper
    return view_func(request, *args, **kwargs)
  File "C:\Python314\Lib\site-packages\django\views\generic\base.py", line 144, in dispatch
    return handler(request, *args, **kwargs)
  File "D:\Saurabh\New_SurveGenius\venv\qualityreview_new_api\quality\a_app\a_app_qualitydashboard.py", line 113, in get
    for resp in SurveyResponse.objects.filter(surveyor__employee_id=employee_id, project=project,response_date__range=(from_date, to_date)).select_related('verification_status').order_by('pk'):
                ~~~~~~~~~~~~~~~~~~~~~~~~~~~~~~~~~~~~~~~~~~~~~~~~~~~~~~~~~~~~~~~~~~~~~~~~~~~~~~~~~~~~~~~~~~~~~~~~~~~~~~~~~~~~~~~~~~~~~~~~~~~~~~~~~~~~~~~~~~~~~~~~~~~~~~~~~~~~~~~~~~~~~~~~~~^^^^^^
  File "C:\Python314\Lib\site-packages\django\db\models\query.py", line 384, in __iter__
    self._fetch_all()
    ~~~~~~~~~~~~~~~^^
  File "C:\Python314\Lib\site-packages\django\db\models\query.py", line 1949, in _fetch_all
    self._result_cache = list(self._iterable_class(self))
                         ~~~~^^^^^^^^^^^^^^^^^^^^^^^^^^^^
  File "C:\Python314\Lib\site-packages\django\db\models\query.py", line 91, in __iter__
    results = compiler.execute_sql(
        chunked_fetch=self.chunked_fetch, chunk_size=self.chunk_size
    )
  File "C:\Python314\Lib\site-packages\django\db\models\sql\compiler.py", line 1623, in execute_sql
    cursor.execute(sql, params)
    ~~~~~~~~~~~~~~^^^^^^^^^^^^^
  File "C:\Python314\Lib\site-packages\django\db\backends\utils.py", line 122, in execute
    return super().execute(sql, params)
           ~~~~~~~~~~~~~~~^^^^^^^^^^^^^
  File "C:\Python314\Lib\site-packages\django\db\backends\utils.py", line 79, in execute
    return self._execute_with_wrappers(
           ~~~~~~~~~~~~~~~~~~~~~~~~~~~^
        sql, params, many=False, executor=self._execute
        ^^^^^^^^^^^^^^^^^^^^^^^^^^^^^^^^^^^^^^^^^^^^^^^
    )
    ^
  File "C:\Python314\Lib\site-packages\django\db\backends\utils.py", line 92, in _execute_with_wrappers
    return executor(sql, params, many, context)
  File "C:\Python314\Lib\site-packages\django\db\backends\utils.py", line 100, in _execute
    with self.db.wrap_database_errors:
         ^^^^^^^^^^^^^^^^^^^^^^^^^^^^
  File "C:\Python314\Lib\site-packages\django\db\utils.py", line 91, in __exit__
    raise dj_exc_value.with_traceback(traceback) from exc_value
  File "C:\Python314\Lib\site-packages\django\db\backends\utils.py", line 105, in _execute
    return self.cursor.execute(sql, params)
           ~~~~~~~~~~~~~~~~~~~^^^^^^^^^^^^^
  File "C:\Python314\Lib\site-packages\django\db\backends\mysql\base.py", line 76, in execute
    return self.cursor.execute(query, args)
           ~~~~~~~~~~~~~~~~~~~^^^^^^^^^^^^^
  File "C:\Python314\Lib\site-packages\MySQLdb\cursors.py", line 179, in execute
    res = self._query(mogrified_query)
  File "C:\Python314\Lib\site-packages\MySQLdb\cursors.py", line 331, in _query
    self._do_get_result(db)
    ~~~~~~~~~~~~~~~~~~~^^^^
  File "C:\Python314\Lib\site-packages\MySQLdb\cursors.py", line 136, in _do_get_result
    self._result = result = self._get_result()
                            ~~~~~~~~~~~~~~~~^^
  File "C:\Python314\Lib\site-packages\MySQLdb\cursors.py", line 363, in _get_result
    return self._get_db().store_result()
           ~~~~~~~~~~~~~~~~~~~~~~~~~~~^^
django.db.utils.OperationalError: (2013, 'Lost connection to server during query')
2026-08-25 12:17:26,289 ERROR django.server "GET /qcdash?project=141&from_date=2026-08-15&to_date=2026-08-25&submit=Submit HTTP/1.1" 500 219714
2026-08-25 12:18:25,002 ERROR django.request Internal Server Error: /qualityaudit
Traceback (most recent call last):
  File "C:\Python314\Lib\site-packages\django\db\backends\utils.py", line 105, in _execute
    return self.cursor.execute(sql, params)
           ~~~~~~~~~~~~~~~~~~~^^^^^^^^^^^^^
  File "C:\Python314\Lib\site-packages\django\db\backends\mysql\base.py", line 76, in execute
    return self.cursor.execute(query, args)
           ~~~~~~~~~~~~~~~~~~~^^^^^^^^^^^^^
  File "C:\Python314\Lib\site-packages\MySQLdb\cursors.py", line 179, in execute
    res = self._query(mogrified_query)
  File "C:\Python314\Lib\site-packages\MySQLdb\cursors.py", line 331, in _query
    self._do_get_result(db)
    ~~~~~~~~~~~~~~~~~~~^^^^
  File "C:\Python314\Lib\site-packages\MySQLdb\cursors.py", line 136, in _do_get_result
    self._result = result = self._get_result()
                            ~~~~~~~~~~~~~~~~^^
  File "C:\Python314\Lib\site-packages\MySQLdb\cursors.py", line 363, in _get_result
    return self._get_db().store_result()
           ~~~~~~~~~~~~~~~~~~~~~~~~~~~^^
MySQLdb.OperationalError: (2013, 'Lost connection to server during query')

The above exception was the direct cause of the following exception:

Traceback (most recent call last):
  File "C:\Python314\Lib\site-packages\django\core\handlers\exception.py", line 55, in inner
    response = get_response(request)
  File "C:\Python314\Lib\site-packages\django\core\handlers\base.py", line 197, in _get_response
    response = wrapped_callback(request, *callback_args, **callback_kwargs)
  File "C:\Python314\Lib\site-packages\django\views\generic\base.py", line 105, in view
    return self.dispatch(request, *args, **kwargs)
           ~~~~~~~~~~~~~^^^^^^^^^^^^^^^^^^^^^^^^^^
  File "C:\Python314\Lib\site-packages\django\utils\decorators.py", line 48, in _wrapper
    return bound_method(*args, **kwargs)
  File "C:\Python314\Lib\site-packages\django\contrib\auth\decorators.py", line 59, in _view_wrapper
    return view_func(request, *args, **kwargs)
  File "C:\Python314\Lib\site-packages\django\utils\decorators.py", line 48, in _wrapper
    return bound_method(*args, **kwargs)
  File "D:\Saurabh\New_SurveGenius\venv\qualityreview_new_api\quality\quality\ratelimit.py", line 86, in wrapped
    return view_func(request, *args, **kwargs)
  File "C:\Python314\Lib\site-packages\django\views\generic\base.py", line 144, in dispatch
    return handler(request, *args, **kwargs)
  File "D:\Saurabh\New_SurveGenius\venv\qualityreview_new_api\quality\a_app\a_app_qualityauditviews.py", line 93, in get
    for resp in AllSurveyResponses:
                ^^^^^^^^^^^^^^^^^^
  File "C:\Python314\Lib\site-packages\django\db\models\query.py", line 384, in __iter__
    self._fetch_all()
    ~~~~~~~~~~~~~~~^^
  File "C:\Python314\Lib\site-packages\django\db\models\query.py", line 1949, in _fetch_all
    self._result_cache = list(self._iterable_class(self))
                         ~~~~^^^^^^^^^^^^^^^^^^^^^^^^^^^^
  File "C:\Python314\Lib\site-packages\django\db\models\query.py", line 91, in __iter__
    results = compiler.execute_sql(
        chunked_fetch=self.chunked_fetch, chunk_size=self.chunk_size
    )
  File "C:\Python314\Lib\site-packages\django\db\models\sql\compiler.py", line 1623, in execute_sql
    cursor.execute(sql, params)
    ~~~~~~~~~~~~~~^^^^^^^^^^^^^
  File "C:\Python314\Lib\site-packages\django\db\backends\utils.py", line 122, in execute
    return super().execute(sql, params)
           ~~~~~~~~~~~~~~~^^^^^^^^^^^^^
  File "C:\Python314\Lib\site-packages\django\db\backends\utils.py", line 79, in execute
    return self._execute_with_wrappers(
           ~~~~~~~~~~~~~~~~~~~~~~~~~~~^
        sql, params, many=False, executor=self._execute
        ^^^^^^^^^^^^^^^^^^^^^^^^^^^^^^^^^^^^^^^^^^^^^^^
    )
    ^
  File "C:\Python314\Lib\site-packages\django\db\backends\utils.py", line 92, in _execute_with_wrappers
    return executor(sql, params, many, context)
  File "C:\Python314\Lib\site-packages\django\db\backends\utils.py", line 100, in _execute
    with self.db.wrap_database_errors:
         ^^^^^^^^^^^^^^^^^^^^^^^^^^^^
  File "C:\Python314\Lib\site-packages\django\db\utils.py", line 91, in __exit__
    raise dj_exc_value.with_traceback(traceback) from exc_value
  File "C:\Python314\Lib\site-packages\django\db\backends\utils.py", line 105, in _execute
    return self.cursor.execute(sql, params)
           ~~~~~~~~~~~~~~~~~~~^^^^^^^^^^^^^
  File "C:\Python314\Lib\site-packages\django\db\backends\mysql\base.py", line 76, in execute
    return self.cursor.execute(query, args)
           ~~~~~~~~~~~~~~~~~~~^^^^^^^^^^^^^
  File "C:\Python314\Lib\site-packages\MySQLdb\cursors.py", line 179, in execute
    res = self._query(mogrified_query)
  File "C:\Python314\Lib\site-packages\MySQLdb\cursors.py", line 331, in _query
    self._do_get_result(db)
    ~~~~~~~~~~~~~~~~~~~^^^^
  File "C:\Python314\Lib\site-packages\MySQLdb\cursors.py", line 136, in _do_get_result
    self._result = result = self._get_result()
                            ~~~~~~~~~~~~~~~~^^
  File "C:\Python314\Lib\site-packages\MySQLdb\cursors.py", line 363, in _get_result
    return self._get_db().store_result()
           ~~~~~~~~~~~~~~~~~~~~~~~~~~~^^
django.db.utils.OperationalError: (2013, 'Lost connection to server during query')
2026-08-25 12:18:34,858 WARNING django.server "GET /static/js/hoverable-collapse.js HTTP/1.1" 404 1898
2026-08-25 12:18:34,870 WARNING django.server "GET /static/js/settings.js HTTP/1.1" 404 1868
2026-08-25 12:18:34,873 WARNING django.server "GET /static/js/todolist.js HTTP/1.1" 404 1868
2026-08-25 12:18:35,813 WARNING django.server "GET /static/js/hoverable-collapse.js HTTP/1.1" 404 1898
2026-08-25 12:18:35,851 WARNING django.server "GET /static/js/settings.js HTTP/1.1" 404 1868
2026-08-25 12:18:35,885 WARNING django.server "GET /static/js/todolist.js HTTP/1.1" 404 1868
2026-08-25 12:19:10,413 ERROR django.request Internal Server Error: /qualityaudit
Traceback (most recent call last):
  File "C:\Python314\Lib\site-packages\django\db\backends\utils.py", line 105, in _execute
    return self.cursor.execute(sql, params)
           ~~~~~~~~~~~~~~~~~~~^^^^^^^^^^^^^
  File "C:\Python314\Lib\site-packages\django\db\backends\mysql\base.py", line 76, in execute
    return self.cursor.execute(query, args)
           ~~~~~~~~~~~~~~~~~~~^^^^^^^^^^^^^
  File "C:\Python314\Lib\site-packages\MySQLdb\cursors.py", line 179, in execute
    res = self._query(mogrified_query)
  File "C:\Python314\Lib\site-packages\MySQLdb\cursors.py", line 331, in _query
    self._do_get_result(db)
    ~~~~~~~~~~~~~~~~~~~^^^^
  File "C:\Python314\Lib\site-packages\MySQLdb\cursors.py", line 136, in _do_get_result
    self._result = result = self._get_result()
                            ~~~~~~~~~~~~~~~~^^
  File "C:\Python314\Lib\site-packages\MySQLdb\cursors.py", line 363, in _get_result
    return self._get_db().store_result()
           ~~~~~~~~~~~~~~~~~~~~~~~~~~~^^
MySQLdb.OperationalError: (2013, 'Lost connection to server during query')

The above exception was the direct cause of the following exception:

Traceback (most recent call last):
  File "C:\Python314\Lib\site-packages\django\core\handlers\exception.py", line 55, in inner
    response = get_response(request)
  File "C:\Python314\Lib\site-packages\django\core\handlers\base.py", line 197, in _get_response
    response = wrapped_callback(request, *callback_args, **callback_kwargs)
  File "C:\Python314\Lib\site-packages\django\views\generic\base.py", line 105, in view
    return self.dispatch(request, *args, **kwargs)
           ~~~~~~~~~~~~~^^^^^^^^^^^^^^^^^^^^^^^^^^
  File "C:\Python314\Lib\site-packages\django\utils\decorators.py", line 48, in _wrapper
    return bound_method(*args, **kwargs)
  File "C:\Python314\Lib\site-packages\django\contrib\auth\decorators.py", line 59, in _view_wrapper
    return view_func(request, *args, **kwargs)
  File "C:\Python314\Lib\site-packages\django\utils\decorators.py", line 48, in _wrapper
    return bound_method(*args, **kwargs)
  File "D:\Saurabh\New_SurveGenius\venv\qualityreview_new_api\quality\quality\ratelimit.py", line 86, in wrapped
    return view_func(request, *args, **kwargs)
  File "C:\Python314\Lib\site-packages\django\views\generic\base.py", line 144, in dispatch
    return handler(request, *args, **kwargs)
  File "D:\Saurabh\New_SurveGenius\venv\qualityreview_new_api\quality\a_app\a_app_qualityauditviews.py", line 93, in get
    for resp in AllSurveyResponses:
                ^^^^^^^^^^^^^^^^^^
  File "C:\Python314\Lib\site-packages\django\db\models\query.py", line 384, in __iter__
    self._fetch_all()
    ~~~~~~~~~~~~~~~^^
  File "C:\Python314\Lib\site-packages\django\db\models\query.py", line 1949, in _fetch_all
    self._result_cache = list(self._iterable_class(self))
                         ~~~~^^^^^^^^^^^^^^^^^^^^^^^^^^^^
  File "C:\Python314\Lib\site-packages\django\db\models\query.py", line 91, in __iter__
    results = compiler.execute_sql(
        chunked_fetch=self.chunked_fetch, chunk_size=self.chunk_size
    )
  File "C:\Python314\Lib\site-packages\django\db\models\sql\compiler.py", line 1623, in execute_sql
    cursor.execute(sql, params)
    ~~~~~~~~~~~~~~^^^^^^^^^^^^^
  File "C:\Python314\Lib\site-packages\django\db\backends\utils.py", line 122, in execute
    return super().execute(sql, params)
           ~~~~~~~~~~~~~~~^^^^^^^^^^^^^
  File "C:\Python314\Lib\site-packages\django\db\backends\utils.py", line 79, in execute
    return self._execute_with_wrappers(
           ~~~~~~~~~~~~~~~~~~~~~~~~~~~^
        sql, params, many=False, executor=self._execute
        ^^^^^^^^^^^^^^^^^^^^^^^^^^^^^^^^^^^^^^^^^^^^^^^
    )
    ^
  File "C:\Python314\Lib\site-packages\django\db\backends\utils.py", line 92, in _execute_with_wrappers
    return executor(sql, params, many, context)
  File "C:\Python314\Lib\site-packages\django\db\backends\utils.py", line 100, in _execute
    with self.db.wrap_database_errors:
         ^^^^^^^^^^^^^^^^^^^^^^^^^^^^
  File "C:\Python314\Lib\site-packages\django\db\utils.py", line 91, in __exit__
    raise dj_exc_value.with_traceback(traceback) from exc_value
  File "C:\Python314\Lib\site-packages\django\db\backends\utils.py", line 105, in _execute
    return self.cursor.execute(sql, params)
           ~~~~~~~~~~~~~~~~~~~^^^^^^^^^^^^^
  File "C:\Python314\Lib\site-packages\django\db\backends\mysql\base.py", line 76, in execute
    return self.cursor.execute(query, args)
           ~~~~~~~~~~~~~~~~~~~^^^^^^^^^^^^^
  File "C:\Python314\Lib\site-packages\MySQLdb\cursors.py", line 179, in execute
    res = self._query(mogrified_query)
  File "C:\Python314\Lib\site-packages\MySQLdb\cursors.py", line 331, in _query
    self._do_get_result(db)
    ~~~~~~~~~~~~~~~~~~~^^^^
  File "C:\Python314\Lib\site-packages\MySQLdb\cursors.py", line 136, in _do_get_result
    self._result = result = self._get_result()
                            ~~~~~~~~~~~~~~~~^^
  File "C:\Python314\Lib\site-packages\MySQLdb\cursors.py", line 363, in _get_result
    return self._get_db().store_result()
           ~~~~~~~~~~~~~~~~~~~~~~~~~~~^^
django.db.utils.OperationalError: (2013, 'Lost connection to server during query')
2026-08-25 12:19:50,553 WARNING django.request Not Found: /favicon.ico
2026-08-25 12:19:50,554 WARNING django.server "GET /favicon.ico HTTP/1.1" 404 7691
2026-08-25 12:19:58,575 ERROR django.request Internal Server Error: /qualityaudit
Traceback (most recent call last):
  File "C:\Python314\Lib\site-packages\django\db\backends\utils.py", line 105, in _execute
    return self.cursor.execute(sql, params)
           ~~~~~~~~~~~~~~~~~~~^^^^^^^^^^^^^
  File "C:\Python314\Lib\site-packages\django\db\backends\mysql\base.py", line 76, in execute
    return self.cursor.execute(query, args)
           ~~~~~~~~~~~~~~~~~~~^^^^^^^^^^^^^
  File "C:\Python314\Lib\site-packages\MySQLdb\cursors.py", line 179, in execute
    res = self._query(mogrified_query)
  File "C:\Python314\Lib\site-packages\MySQLdb\cursors.py", line 331, in _query
    self._do_get_result(db)
    ~~~~~~~~~~~~~~~~~~~^^^^
  File "C:\Python314\Lib\site-packages\MySQLdb\cursors.py", line 136, in _do_get_result
    self._result = result = self._get_result()
                            ~~~~~~~~~~~~~~~~^^
  File "C:\Python314\Lib\site-packages\MySQLdb\cursors.py", line 363, in _get_result
    return self._get_db().store_result()
           ~~~~~~~~~~~~~~~~~~~~~~~~~~~^^
MySQLdb.OperationalError: (2013, 'Lost connection to server during query')

The above exception was the direct cause of the following exception:

Traceback (most recent call last):
  File "C:\Python314\Lib\site-packages\django\core\handlers\exception.py", line 55, in inner
    response = get_response(request)
  File "C:\Python314\Lib\site-packages\django\core\handlers\base.py", line 197, in _get_response
    response = wrapped_callback(request, *callback_args, **callback_kwargs)
  File "C:\Python314\Lib\site-packages\django\views\generic\base.py", line 105, in view
    return self.dispatch(request, *args, **kwargs)
           ~~~~~~~~~~~~~^^^^^^^^^^^^^^^^^^^^^^^^^^
  File "C:\Python314\Lib\site-packages\django\utils\decorators.py", line 48, in _wrapper
    return bound_method(*args, **kwargs)
  File "C:\Python314\Lib\site-packages\django\contrib\auth\decorators.py", line 59, in _view_wrapper
    return view_func(request, *args, **kwargs)
  File "C:\Python314\Lib\site-packages\django\utils\decorators.py", line 48, in _wrapper
    return bound_method(*args, **kwargs)
  File "D:\Saurabh\New_SurveGenius\venv\qualityreview_new_api\quality\quality\ratelimit.py", line 86, in wrapped
    return view_func(request, *args, **kwargs)
  File "C:\Python314\Lib\site-packages\django\views\generic\base.py", line 144, in dispatch
    return handler(request, *args, **kwargs)
  File "D:\Saurabh\New_SurveGenius\venv\qualityreview_new_api\quality\a_app\a_app_qualityauditviews.py", line 93, in get
    for resp in AllSurveyResponses:
                ^^^^^^^^^^^^^^^^^^
  File "C:\Python314\Lib\site-packages\django\db\models\query.py", line 384, in __iter__
    self._fetch_all()
    ~~~~~~~~~~~~~~~^^
  File "C:\Python314\Lib\site-packages\django\db\models\query.py", line 1949, in _fetch_all
    self._result_cache = list(self._iterable_class(self))
                         ~~~~^^^^^^^^^^^^^^^^^^^^^^^^^^^^
  File "C:\Python314\Lib\site-packages\django\db\models\query.py", line 91, in __iter__
    results = compiler.execute_sql(
        chunked_fetch=self.chunked_fetch, chunk_size=self.chunk_size
    )
  File "C:\Python314\Lib\site-packages\django\db\models\sql\compiler.py", line 1623, in execute_sql
    cursor.execute(sql, params)
    ~~~~~~~~~~~~~~^^^^^^^^^^^^^
  File "C:\Python314\Lib\site-packages\django\db\backends\utils.py", line 122, in execute
    return super().execute(sql, params)
           ~~~~~~~~~~~~~~~^^^^^^^^^^^^^
  File "C:\Python314\Lib\site-packages\django\db\backends\utils.py", line 79, in execute
    return self._execute_with_wrappers(
           ~~~~~~~~~~~~~~~~~~~~~~~~~~~^
        sql, params, many=False, executor=self._execute
        ^^^^^^^^^^^^^^^^^^^^^^^^^^^^^^^^^^^^^^^^^^^^^^^
    )
    ^
  File "C:\Python314\Lib\site-packages\django\db\backends\utils.py", line 92, in _execute_with_wrappers
    return executor(sql, params, many, context)
  File "C:\Python314\Lib\site-packages\django\db\backends\utils.py", line 100, in _execute
    with self.db.wrap_database_errors:
         ^^^^^^^^^^^^^^^^^^^^^^^^^^^^
  File "C:\Python314\Lib\site-packages\django\db\utils.py", line 91, in __exit__
    raise dj_exc_value.with_traceback(traceback) from exc_value
  File "C:\Python314\Lib\site-packages\django\db\backends\utils.py", line 105, in _execute
    return self.cursor.execute(sql, params)
           ~~~~~~~~~~~~~~~~~~~^^^^^^^^^^^^^
  File "C:\Python314\Lib\site-packages\django\db\backends\mysql\base.py", line 76, in execute
    return self.cursor.execute(query, args)
           ~~~~~~~~~~~~~~~~~~~^^^^^^^^^^^^^
  File "C:\Python314\Lib\site-packages\MySQLdb\cursors.py", line 179, in execute
    res = self._query(mogrified_query)
  File "C:\Python314\Lib\site-packages\MySQLdb\cursors.py", line 331, in _query
    self._do_get_result(db)
    ~~~~~~~~~~~~~~~~~~~^^^^
  File "C:\Python314\Lib\site-packages\MySQLdb\cursors.py", line 136, in _do_get_result
    self._result = result = self._get_result()
                            ~~~~~~~~~~~~~~~~^^
  File "C:\Python314\Lib\site-packages\MySQLdb\cursors.py", line 363, in _get_result
    return self._get_db().store_result()
           ~~~~~~~~~~~~~~~~~~~~~~~~~~~^^
django.db.utils.OperationalError: (2013, 'Lost connection to server during query')
2026-08-25 12:20:12,503 WARNING django.security.csrf Forbidden (CSRF token from POST incorrect.): /geomismatch
2026-08-25 12:20:12,525 WARNING django.server "POST /geomismatch?csrfmiddlewaretoken=WBNbw14WX86RhdxNxx8xyLbQx4m7h4fed1dmbAPl0ZZdobA6Nmla67cgi90tWhxQ&project=141&surveyor_req=000000&fordate=2026-08-25&submit=Quality+Reports HTTP/1.1" 403 2503
2026-08-25 12:21:00,023 WARNING django.server "GET /static/js/hoverable-collapse.js HTTP/1.1" 404 1898
2026-08-25 12:21:00,031 WARNING django.server "GET /static/js/settings.js HTTP/1.1" 404 1868
2026-08-25 12:21:00,038 WARNING django.server "GET /static/js/todolist.js HTTP/1.1" 404 1868
2026-08-25 12:21:00,179 WARNING django.server "GET /static/js/hoverable-collapse.js HTTP/1.1" 404 1898
2026-08-25 12:21:00,219 WARNING django.server "GET /static/js/settings.js HTTP/1.1" 404 1868
2026-08-25 12:21:00,239 WARNING django.server "GET /static/js/todolist.js HTTP/1.1" 404 1868
2026-08-25 12:21:10,532 WARNING django.server "GET /static/js/hoverable-collapse.js HTTP/1.1" 404 1898
2026-08-25 12:21:10,540 WARNING django.server "GET /static/js/settings.js HTTP/1.1" 404 1868
2026-08-25 12:21:10,540 WARNING django.server "GET /static/js/todolist.js HTTP/1.1" 404 1868
2026-08-25 12:21:10,889 WARNING django.server "GET /static/js/hoverable-collapse.js HTTP/1.1" 404 1898
2026-08-25 12:21:10,926 WARNING django.server "GET /static/js/settings.js HTTP/1.1" 404 1868
2026-08-25 12:21:10,979 WARNING django.server "GET /static/js/todolist.js HTTP/1.1" 404 1868
2026-08-25 12:21:13,614 WARNING django.server "GET /static/js/hoverable-collapse.js HTTP/1.1" 404 1898
2026-08-25 12:21:13,615 WARNING django.server "GET /static/js/settings.js HTTP/1.1" 404 1868
2026-08-25 12:21:13,620 WARNING django.server "GET /static/js/todolist.js HTTP/1.1" 404 1868
2026-08-25 12:21:13,775 WARNING django.server "GET /static/js/hoverable-collapse.js HTTP/1.1" 404 1898
2026-08-25 12:21:13,826 WARNING django.server "GET /static/js/settings.js HTTP/1.1" 404 1868
2026-08-25 12:21:13,845 WARNING django.server "GET /static/js/todolist.js HTTP/1.1" 404 1868
2026-08-25 12:22:33,736 ERROR django.request Internal Server Error: /qualityaudit
Traceback (most recent call last):
  File "C:\Python314\Lib\site-packages\django\db\backends\utils.py", line 105, in _execute
    return self.cursor.execute(sql, params)
           ~~~~~~~~~~~~~~~~~~~^^^^^^^^^^^^^
  File "C:\Python314\Lib\site-packages\django\db\backends\mysql\base.py", line 76, in execute
    return self.cursor.execute(query, args)
           ~~~~~~~~~~~~~~~~~~~^^^^^^^^^^^^^
  File "C:\Python314\Lib\site-packages\MySQLdb\cursors.py", line 179, in execute
    res = self._query(mogrified_query)
  File "C:\Python314\Lib\site-packages\MySQLdb\cursors.py", line 331, in _query
    self._do_get_result(db)
    ~~~~~~~~~~~~~~~~~~~^^^^
  File "C:\Python314\Lib\site-packages\MySQLdb\cursors.py", line 136, in _do_get_result
    self._result = result = self._get_result()
                            ~~~~~~~~~~~~~~~~^^
  File "C:\Python314\Lib\site-packages\MySQLdb\cursors.py", line 363, in _get_result
    return self._get_db().store_result()
           ~~~~~~~~~~~~~~~~~~~~~~~~~~~^^
MySQLdb.OperationalError: (2013, 'Lost connection to server during query')

The above exception was the direct cause of the following exception:

Traceback (most recent call last):
  File "C:\Python314\Lib\site-packages\django\core\handlers\exception.py", line 55, in inner
    response = get_response(request)
  File "C:\Python314\Lib\site-packages\django\core\handlers\base.py", line 197, in _get_response
    response = wrapped_callback(request, *callback_args, **callback_kwargs)
  File "C:\Python314\Lib\site-packages\django\views\generic\base.py", line 105, in view
    return self.dispatch(request, *args, **kwargs)
           ~~~~~~~~~~~~~^^^^^^^^^^^^^^^^^^^^^^^^^^
  File "C:\Python314\Lib\site-packages\django\utils\decorators.py", line 48, in _wrapper
    return bound_method(*args, **kwargs)
  File "C:\Python314\Lib\site-packages\django\contrib\auth\decorators.py", line 59, in _view_wrapper
    return view_func(request, *args, **kwargs)
  File "C:\Python314\Lib\site-packages\django\utils\decorators.py", line 48, in _wrapper
    return bound_method(*args, **kwargs)
  File "D:\Saurabh\New_SurveGenius\venv\qualityreview_new_api\quality\quality\ratelimit.py", line 86, in wrapped
    return view_func(request, *args, **kwargs)
  File "C:\Python314\Lib\site-packages\django\views\generic\base.py", line 144, in dispatch
    return handler(request, *args, **kwargs)
  File "D:\Saurabh\New_SurveGenius\venv\qualityreview_new_api\quality\a_app\a_app_qualityauditviews.py", line 93, in get
    for resp in AllSurveyResponses:
                ^^^^^^^^^^^^^^^^^^
  File "C:\Python314\Lib\site-packages\django\db\models\query.py", line 384, in __iter__
    self._fetch_all()
    ~~~~~~~~~~~~~~~^^
  File "C:\Python314\Lib\site-packages\django\db\models\query.py", line 1949, in _fetch_all
    self._result_cache = list(self._iterable_class(self))
                         ~~~~^^^^^^^^^^^^^^^^^^^^^^^^^^^^
  File "C:\Python314\Lib\site-packages\django\db\models\query.py", line 91, in __iter__
    results = compiler.execute_sql(
        chunked_fetch=self.chunked_fetch, chunk_size=self.chunk_size
    )
  File "C:\Python314\Lib\site-packages\django\db\models\sql\compiler.py", line 1623, in execute_sql
    cursor.execute(sql, params)
    ~~~~~~~~~~~~~~^^^^^^^^^^^^^
  File "C:\Python314\Lib\site-packages\django\db\backends\utils.py", line 122, in execute
    return super().execute(sql, params)
           ~~~~~~~~~~~~~~~^^^^^^^^^^^^^
  File "C:\Python314\Lib\site-packages\django\db\backends\utils.py", line 79, in execute
    return self._execute_with_wrappers(
           ~~~~~~~~~~~~~~~~~~~~~~~~~~~^
        sql, params, many=False, executor=self._execute
        ^^^^^^^^^^^^^^^^^^^^^^^^^^^^^^^^^^^^^^^^^^^^^^^
    )
    ^
  File "C:\Python314\Lib\site-packages\django\db\backends\utils.py", line 92, in _execute_with_wrappers
    return executor(sql, params, many, context)
  File "C:\Python314\Lib\site-packages\django\db\backends\utils.py", line 100, in _execute
    with self.db.wrap_database_errors:
         ^^^^^^^^^^^^^^^^^^^^^^^^^^^^
  File "C:\Python314\Lib\site-packages\django\db\utils.py", line 91, in __exit__
    raise dj_exc_value.with_traceback(traceback) from exc_value
  File "C:\Python314\Lib\site-packages\django\db\backends\utils.py", line 105, in _execute
    return self.cursor.execute(sql, params)
           ~~~~~~~~~~~~~~~~~~~^^^^^^^^^^^^^
  File "C:\Python314\Lib\site-packages\django\db\backends\mysql\base.py", line 76, in execute
    return self.cursor.execute(query, args)
           ~~~~~~~~~~~~~~~~~~~^^^^^^^^^^^^^
  File "C:\Python314\Lib\site-packages\MySQLdb\cursors.py", line 179, in execute
    res = self._query(mogrified_query)
  File "C:\Python314\Lib\site-packages\MySQLdb\cursors.py", line 331, in _query
    self._do_get_result(db)
    ~~~~~~~~~~~~~~~~~~~^^^^
  File "C:\Python314\Lib\site-packages\MySQLdb\cursors.py", line 136, in _do_get_result
    self._result = result = self._get_result()
                            ~~~~~~~~~~~~~~~~^^
  File "C:\Python314\Lib\site-packages\MySQLdb\cursors.py", line 363, in _get_result
    return self._get_db().store_result()
           ~~~~~~~~~~~~~~~~~~~~~~~~~~~^^
django.db.utils.OperationalError: (2013, 'Lost connection to server during query')
2026-08-25 12:22:43,817 ERROR django.request Internal Server Error: /qualityaudit
Traceback (most recent call last):
  File "C:\Python314\Lib\site-packages\django\db\backends\utils.py", line 105, in _execute
    return self.cursor.execute(sql, params)
           ~~~~~~~~~~~~~~~~~~~^^^^^^^^^^^^^
  File "C:\Python314\Lib\site-packages\django\db\backends\mysql\base.py", line 76, in execute
    return self.cursor.execute(query, args)
           ~~~~~~~~~~~~~~~~~~~^^^^^^^^^^^^^
  File "C:\Python314\Lib\site-packages\MySQLdb\cursors.py", line 179, in execute
    res = self._query(mogrified_query)
  File "C:\Python314\Lib\site-packages\MySQLdb\cursors.py", line 331, in _query
    self._do_get_result(db)
    ~~~~~~~~~~~~~~~~~~~^^^^
  File "C:\Python314\Lib\site-packages\MySQLdb\cursors.py", line 136, in _do_get_result
    self._result = result = self._get_result()
                            ~~~~~~~~~~~~~~~~^^
  File "C:\Python314\Lib\site-packages\MySQLdb\cursors.py", line 363, in _get_result
    return self._get_db().store_result()
           ~~~~~~~~~~~~~~~~~~~~~~~~~~~^^
MySQLdb.OperationalError: (2013, 'Lost connection to server during query')

The above exception was the direct cause of the following exception:

Traceback (most recent call last):
  File "C:\Python314\Lib\site-packages\django\core\handlers\exception.py", line 55, in inner
    response = get_response(request)
  File "C:\Python314\Lib\site-packages\django\core\handlers\base.py", line 197, in _get_response
    response = wrapped_callback(request, *callback_args, **callback_kwargs)
  File "C:\Python314\Lib\site-packages\django\views\generic\base.py", line 105, in view
    return self.dispatch(request, *args, **kwargs)
           ~~~~~~~~~~~~~^^^^^^^^^^^^^^^^^^^^^^^^^^
  File "C:\Python314\Lib\site-packages\django\utils\decorators.py", line 48, in _wrapper
    return bound_method(*args, **kwargs)
  File "C:\Python314\Lib\site-packages\django\contrib\auth\decorators.py", line 59, in _view_wrapper
    return view_func(request, *args, **kwargs)
  File "C:\Python314\Lib\site-packages\django\utils\decorators.py", line 48, in _wrapper
    return bound_method(*args, **kwargs)
  File "D:\Saurabh\New_SurveGenius\venv\qualityreview_new_api\quality\quality\ratelimit.py", line 86, in wrapped
    return view_func(request, *args, **kwargs)
  File "C:\Python314\Lib\site-packages\django\views\generic\base.py", line 144, in dispatch
    return handler(request, *args, **kwargs)
  File "D:\Saurabh\New_SurveGenius\venv\qualityreview_new_api\quality\a_app\a_app_qualityauditviews.py", line 93, in get
    for resp in AllSurveyResponses:
                ^^^^^^^^^^^^^^^^^^
  File "C:\Python314\Lib\site-packages\django\db\models\query.py", line 384, in __iter__
    self._fetch_all()
    ~~~~~~~~~~~~~~~^^
  File "C:\Python314\Lib\site-packages\django\db\models\query.py", line 1949, in _fetch_all
    self._result_cache = list(self._iterable_class(self))
                         ~~~~^^^^^^^^^^^^^^^^^^^^^^^^^^^^
  File "C:\Python314\Lib\site-packages\django\db\models\query.py", line 91, in __iter__
    results = compiler.execute_sql(
        chunked_fetch=self.chunked_fetch, chunk_size=self.chunk_size
    )
  File "C:\Python314\Lib\site-packages\django\db\models\sql\compiler.py", line 1623, in execute_sql
    cursor.execute(sql, params)
    ~~~~~~~~~~~~~~^^^^^^^^^^^^^
  File "C:\Python314\Lib\site-packages\django\db\backends\utils.py", line 122, in execute
    return super().execute(sql, params)
           ~~~~~~~~~~~~~~~^^^^^^^^^^^^^
  File "C:\Python314\Lib\site-packages\django\db\backends\utils.py", line 79, in execute
    return self._execute_with_wrappers(
           ~~~~~~~~~~~~~~~~~~~~~~~~~~~^
        sql, params, many=False, executor=self._execute
        ^^^^^^^^^^^^^^^^^^^^^^^^^^^^^^^^^^^^^^^^^^^^^^^
    )
    ^
  File "C:\Python314\Lib\site-packages\django\db\backends\utils.py", line 92, in _execute_with_wrappers
    return executor(sql, params, many, context)
  File "C:\Python314\Lib\site-packages\django\db\backends\utils.py", line 100, in _execute
    with self.db.wrap_database_errors:
         ^^^^^^^^^^^^^^^^^^^^^^^^^^^^
  File "C:\Python314\Lib\site-packages\django\db\utils.py", line 91, in __exit__
    raise dj_exc_value.with_traceback(traceback) from exc_value
  File "C:\Python314\Lib\site-packages\django\db\backends\utils.py", line 105, in _execute
    return self.cursor.execute(sql, params)
           ~~~~~~~~~~~~~~~~~~~^^^^^^^^^^^^^
  File "C:\Python314\Lib\site-packages\django\db\backends\mysql\base.py", line 76, in execute
    return self.cursor.execute(query, args)
           ~~~~~~~~~~~~~~~~~~~^^^^^^^^^^^^^
  File "C:\Python314\Lib\site-packages\MySQLdb\cursors.py", line 179, in execute
    res = self._query(mogrified_query)
  File "C:\Python314\Lib\site-packages\MySQLdb\cursors.py", line 331, in _query
    self._do_get_result(db)
    ~~~~~~~~~~~~~~~~~~~^^^^
  File "C:\Python314\Lib\site-packages\MySQLdb\cursors.py", line 136, in _do_get_result
    self._result = result = self._get_result()
                            ~~~~~~~~~~~~~~~~^^
  File "C:\Python314\Lib\site-packages\MySQLdb\cursors.py", line 363, in _get_result
    return self._get_db().store_result()
           ~~~~~~~~~~~~~~~~~~~~~~~~~~~^^
django.db.utils.OperationalError: (2013, 'Lost connection to server during query')
2026-08-25 12:24:17,588 ERROR django.request Internal Server Error: /qualityaudit
Traceback (most recent call last):
  File "C:\Python314\Lib\site-packages\django\db\backends\utils.py", line 105, in _execute
    return self.cursor.execute(sql, params)
           ~~~~~~~~~~~~~~~~~~~^^^^^^^^^^^^^
  File "C:\Python314\Lib\site-packages\django\db\backends\mysql\base.py", line 76, in execute
    return self.cursor.execute(query, args)
           ~~~~~~~~~~~~~~~~~~~^^^^^^^^^^^^^
  File "C:\Python314\Lib\site-packages\MySQLdb\cursors.py", line 179, in execute
    res = self._query(mogrified_query)
  File "C:\Python314\Lib\site-packages\MySQLdb\cursors.py", line 331, in _query
    self._do_get_result(db)
    ~~~~~~~~~~~~~~~~~~~^^^^
  File "C:\Python314\Lib\site-packages\MySQLdb\cursors.py", line 136, in _do_get_result
    self._result = result = self._get_result()
                            ~~~~~~~~~~~~~~~~^^
  File "C:\Python314\Lib\site-packages\MySQLdb\cursors.py", line 363, in _get_result
    return self._get_db().store_result()
           ~~~~~~~~~~~~~~~~~~~~~~~~~~~^^
MySQLdb.OperationalError: (2013, 'Lost connection to server during query')

The above exception was the direct cause of the following exception:

Traceback (most recent call last):
  File "C:\Python314\Lib\site-packages\django\core\handlers\exception.py", line 55, in inner
    response = get_response(request)
  File "C:\Python314\Lib\site-packages\django\core\handlers\base.py", line 197, in _get_response
    response = wrapped_callback(request, *callback_args, **callback_kwargs)
  File "C:\Python314\Lib\site-packages\django\views\generic\base.py", line 105, in view
    return self.dispatch(request, *args, **kwargs)
           ~~~~~~~~~~~~~^^^^^^^^^^^^^^^^^^^^^^^^^^
  File "C:\Python314\Lib\site-packages\django\utils\decorators.py", line 48, in _wrapper
    return bound_method(*args, **kwargs)
  File "C:\Python314\Lib\site-packages\django\contrib\auth\decorators.py", line 59, in _view_wrapper
    return view_func(request, *args, **kwargs)
  File "C:\Python314\Lib\site-packages\django\utils\decorators.py", line 48, in _wrapper
    return bound_method(*args, **kwargs)
  File "D:\Saurabh\New_SurveGenius\venv\qualityreview_new_api\quality\quality\ratelimit.py", line 86, in wrapped
    return view_func(request, *args, **kwargs)
  File "C:\Python314\Lib\site-packages\django\views\generic\base.py", line 144, in dispatch
    return handler(request, *args, **kwargs)
  File "D:\Saurabh\New_SurveGenius\venv\qualityreview_new_api\quality\a_app\a_app_qualityauditviews.py", line 93, in get
    for resp in AllSurveyResponses:
                ^^^^^^^^^^^^^^^^^^
  File "C:\Python314\Lib\site-packages\django\db\models\query.py", line 384, in __iter__
    self._fetch_all()
    ~~~~~~~~~~~~~~~^^
  File "C:\Python314\Lib\site-packages\django\db\models\query.py", line 1949, in _fetch_all
    self._result_cache = list(self._iterable_class(self))
                         ~~~~^^^^^^^^^^^^^^^^^^^^^^^^^^^^
  File "C:\Python314\Lib\site-packages\django\db\models\query.py", line 91, in __iter__
    results = compiler.execute_sql(
        chunked_fetch=self.chunked_fetch, chunk_size=self.chunk_size
    )
  File "C:\Python314\Lib\site-packages\django\db\models\sql\compiler.py", line 1623, in execute_sql
    cursor.execute(sql, params)
    ~~~~~~~~~~~~~~^^^^^^^^^^^^^
  File "C:\Python314\Lib\site-packages\django\db\backends\utils.py", line 122, in execute
    return super().execute(sql, params)
           ~~~~~~~~~~~~~~~^^^^^^^^^^^^^
  File "C:\Python314\Lib\site-packages\django\db\backends\utils.py", line 79, in execute
    return self._execute_with_wrappers(
           ~~~~~~~~~~~~~~~~~~~~~~~~~~~^
        sql, params, many=False, executor=self._execute
        ^^^^^^^^^^^^^^^^^^^^^^^^^^^^^^^^^^^^^^^^^^^^^^^
    )
    ^
  File "C:\Python314\Lib\site-packages\django\db\backends\utils.py", line 92, in _execute_with_wrappers
    return executor(sql, params, many, context)
  File "C:\Python314\Lib\site-packages\django\db\backends\utils.py", line 100, in _execute
    with self.db.wrap_database_errors:
         ^^^^^^^^^^^^^^^^^^^^^^^^^^^^
  File "C:\Python314\Lib\site-packages\django\db\utils.py", line 91, in __exit__
    raise dj_exc_value.with_traceback(traceback) from exc_value
  File "C:\Python314\Lib\site-packages\django\db\backends\utils.py", line 105, in _execute
    return self.cursor.execute(sql, params)
           ~~~~~~~~~~~~~~~~~~~^^^^^^^^^^^^^
  File "C:\Python314\Lib\site-packages\django\db\backends\mysql\base.py", line 76, in execute
    return self.cursor.execute(query, args)
           ~~~~~~~~~~~~~~~~~~~^^^^^^^^^^^^^
  File "C:\Python314\Lib\site-packages\MySQLdb\cursors.py", line 179, in execute
    res = self._query(mogrified_query)
  File "C:\Python314\Lib\site-packages\MySQLdb\cursors.py", line 331, in _query
    self._do_get_result(db)
    ~~~~~~~~~~~~~~~~~~~^^^^
  File "C:\Python314\Lib\site-packages\MySQLdb\cursors.py", line 136, in _do_get_result
    self._result = result = self._get_result()
                            ~~~~~~~~~~~~~~~~^^
  File "C:\Python314\Lib\site-packages\MySQLdb\cursors.py", line 363, in _get_result
    return self._get_db().store_result()
           ~~~~~~~~~~~~~~~~~~~~~~~~~~~^^
django.db.utils.OperationalError: (2013, 'Lost connection to server during query')
2026-08-25 12:25:44,249 ERROR django.request Internal Server Error: /qcdash
Traceback (most recent call last):
  File "C:\Python314\Lib\site-packages\django\db\backends\utils.py", line 105, in _execute
    return self.cursor.execute(sql, params)
           ~~~~~~~~~~~~~~~~~~~^^^^^^^^^^^^^
  File "C:\Python314\Lib\site-packages\django\db\backends\mysql\base.py", line 76, in execute
    return self.cursor.execute(query, args)
           ~~~~~~~~~~~~~~~~~~~^^^^^^^^^^^^^
  File "C:\Python314\Lib\site-packages\MySQLdb\cursors.py", line 179, in execute
    res = self._query(mogrified_query)
  File "C:\Python314\Lib\site-packages\MySQLdb\cursors.py", line 331, in _query
    self._do_get_result(db)
    ~~~~~~~~~~~~~~~~~~~^^^^
  File "C:\Python314\Lib\site-packages\MySQLdb\cursors.py", line 136, in _do_get_result
    self._result = result = self._get_result()
                            ~~~~~~~~~~~~~~~~^^
  File "C:\Python314\Lib\site-packages\MySQLdb\cursors.py", line 363, in _get_result
    return self._get_db().store_result()
           ~~~~~~~~~~~~~~~~~~~~~~~~~~~^^
MySQLdb.OperationalError: (2013, 'Lost connection to server during query')

The above exception was the direct cause of the following exception:

Traceback (most recent call last):
  File "C:\Python314\Lib\site-packages\django\core\handlers\exception.py", line 55, in inner
    response = get_response(request)
  File "C:\Python314\Lib\site-packages\django\core\handlers\base.py", line 197, in _get_response
    response = wrapped_callback(request, *callback_args, **callback_kwargs)
  File "C:\Python314\Lib\site-packages\django\views\generic\base.py", line 105, in view
    return self.dispatch(request, *args, **kwargs)
           ~~~~~~~~~~~~~^^^^^^^^^^^^^^^^^^^^^^^^^^
  File "C:\Python314\Lib\site-packages\django\utils\decorators.py", line 48, in _wrapper
    return bound_method(*args, **kwargs)
  File "C:\Python314\Lib\site-packages\django\contrib\auth\decorators.py", line 59, in _view_wrapper
    return view_func(request, *args, **kwargs)
  File "C:\Python314\Lib\site-packages\django\views\generic\base.py", line 144, in dispatch
    return handler(request, *args, **kwargs)
  File "D:\Saurabh\New_SurveGenius\venv\qualityreview_new_api\quality\a_app\a_app_qualitydashboard.py", line 113, in get
    for resp in SurveyResponse.objects.filter(surveyor__employee_id=employee_id, project=project,response_date__range=(from_date, to_date)).select_related('verification_status').order_by('pk'):
                ~~~~~~~~~~~~~~~~~~~~~~~~~~~~~~~~~~~~~~~~~~~~~~~~~~~~~~~~~~~~~~~~~~~~~~~~~~~~~~~~~~~~~~~~~~~~~~~~~~~~~~~~~~~~~~~~~~~~~~~~~~~~~~~~~~~~~~~~~~~~~~~~~~~~~~~~~~~~~~~~~~~~~~~~~~^^^^^^
  File "C:\Python314\Lib\site-packages\django\db\models\query.py", line 384, in __iter__
    self._fetch_all()
    ~~~~~~~~~~~~~~~^^
  File "C:\Python314\Lib\site-packages\django\db\models\query.py", line 1949, in _fetch_all
    self._result_cache = list(self._iterable_class(self))
                         ~~~~^^^^^^^^^^^^^^^^^^^^^^^^^^^^
  File "C:\Python314\Lib\site-packages\django\db\models\query.py", line 91, in __iter__
    results = compiler.execute_sql(
        chunked_fetch=self.chunked_fetch, chunk_size=self.chunk_size
    )
  File "C:\Python314\Lib\site-packages\django\db\models\sql\compiler.py", line 1623, in execute_sql
    cursor.execute(sql, params)
    ~~~~~~~~~~~~~~^^^^^^^^^^^^^
  File "C:\Python314\Lib\site-packages\django\db\backends\utils.py", line 122, in execute
    return super().execute(sql, params)
           ~~~~~~~~~~~~~~~^^^^^^^^^^^^^
  File "C:\Python314\Lib\site-packages\django\db\backends\utils.py", line 79, in execute
    return self._execute_with_wrappers(
           ~~~~~~~~~~~~~~~~~~~~~~~~~~~^
        sql, params, many=False, executor=self._execute
        ^^^^^^^^^^^^^^^^^^^^^^^^^^^^^^^^^^^^^^^^^^^^^^^
    )
    ^
  File "C:\Python314\Lib\site-packages\django\db\backends\utils.py", line 92, in _execute_with_wrappers
    return executor(sql, params, many, context)
  File "C:\Python314\Lib\site-packages\django\db\backends\utils.py", line 100, in _execute
    with self.db.wrap_database_errors:
         ^^^^^^^^^^^^^^^^^^^^^^^^^^^^
  File "C:\Python314\Lib\site-packages\django\db\utils.py", line 91, in __exit__
    raise dj_exc_value.with_traceback(traceback) from exc_value
  File "C:\Python314\Lib\site-packages\django\db\backends\utils.py", line 105, in _execute
    return self.cursor.execute(sql, params)
           ~~~~~~~~~~~~~~~~~~~^^^^^^^^^^^^^
  File "C:\Python314\Lib\site-packages\django\db\backends\mysql\base.py", line 76, in execute
    return self.cursor.execute(query, args)
           ~~~~~~~~~~~~~~~~~~~^^^^^^^^^^^^^
  File "C:\Python314\Lib\site-packages\MySQLdb\cursors.py", line 179, in execute
    res = self._query(mogrified_query)
  File "C:\Python314\Lib\site-packages\MySQLdb\cursors.py", line 331, in _query
    self._do_get_result(db)
    ~~~~~~~~~~~~~~~~~~~^^^^
  File "C:\Python314\Lib\site-packages\MySQLdb\cursors.py", line 136, in _do_get_result
    self._result = result = self._get_result()
                            ~~~~~~~~~~~~~~~~^^
  File "C:\Python314\Lib\site-packages\MySQLdb\cursors.py", line 363, in _get_result
    return self._get_db().store_result()
           ~~~~~~~~~~~~~~~~~~~~~~~~~~~^^
django.db.utils.OperationalError: (2013, 'Lost connection to server during query')
2026-08-25 12:26:18,110 WARNING django.server "GET /static/js/hoverable-collapse.js HTTP/1.1" 404 1898
2026-08-25 12:26:18,242 WARNING django.server "GET /static/js/settings.js HTTP/1.1" 404 1868
2026-08-25 12:26:18,262 WARNING django.server "GET /static/js/todolist.js HTTP/1.1" 404 1868
2026-08-25 12:26:26,863 ERROR django.request Internal Server Error: /qcdash
Traceback (most recent call last):
  File "C:\Python314\Lib\site-packages\django\db\backends\utils.py", line 105, in _execute
    return self.cursor.execute(sql, params)
           ~~~~~~~~~~~~~~~~~~~^^^^^^^^^^^^^
  File "C:\Python314\Lib\site-packages\django\db\backends\mysql\base.py", line 76, in execute
    return self.cursor.execute(query, args)
           ~~~~~~~~~~~~~~~~~~~^^^^^^^^^^^^^
  File "C:\Python314\Lib\site-packages\MySQLdb\cursors.py", line 179, in execute
    res = self._query(mogrified_query)
  File "C:\Python314\Lib\site-packages\MySQLdb\cursors.py", line 331, in _query
    self._do_get_result(db)
    ~~~~~~~~~~~~~~~~~~~^^^^
  File "C:\Python314\Lib\site-packages\MySQLdb\cursors.py", line 136, in _do_get_result
    self._result = result = self._get_result()
                            ~~~~~~~~~~~~~~~~^^
  File "C:\Python314\Lib\site-packages\MySQLdb\cursors.py", line 363, in _get_result
    return self._get_db().store_result()
           ~~~~~~~~~~~~~~~~~~~~~~~~~~~^^
MySQLdb.OperationalError: (2013, 'Lost connection to server during query')

The above exception was the direct cause of the following exception:

Traceback (most recent call last):
  File "C:\Python314\Lib\site-packages\django\core\handlers\exception.py", line 55, in inner
    response = get_response(request)
  File "C:\Python314\Lib\site-packages\django\core\handlers\base.py", line 197, in _get_response
    response = wrapped_callback(request, *callback_args, **callback_kwargs)
  File "C:\Python314\Lib\site-packages\django\views\generic\base.py", line 105, in view
    return self.dispatch(request, *args, **kwargs)
           ~~~~~~~~~~~~~^^^^^^^^^^^^^^^^^^^^^^^^^^
  File "C:\Python314\Lib\site-packages\django\utils\decorators.py", line 48, in _wrapper
    return bound_method(*args, **kwargs)
  File "C:\Python314\Lib\site-packages\django\contrib\auth\decorators.py", line 59, in _view_wrapper
    return view_func(request, *args, **kwargs)
  File "C:\Python314\Lib\site-packages\django\views\generic\base.py", line 144, in dispatch
    return handler(request, *args, **kwargs)
  File "D:\Saurabh\New_SurveGenius\venv\qualityreview_new_api\quality\a_app\a_app_qualitydashboard.py", line 113, in get
    for resp in SurveyResponse.objects.filter(surveyor__employee_id=employee_id, project=project,response_date__range=(from_date, to_date)).select_related('verification_status').order_by('pk'):
                ~~~~~~~~~~~~~~~~~~~~~~~~~~~~~~~~~~~~~~~~~~~~~~~~~~~~~~~~~~~~~~~~~~~~~~~~~~~~~~~~~~~~~~~~~~~~~~~~~~~~~~~~~~~~~~~~~~~~~~~~~~~~~~~~~~~~~~~~~~~~~~~~~~~~~~~~~~~~~~~~~~~~~~~~~~^^^^^^
  File "C:\Python314\Lib\site-packages\django\db\models\query.py", line 384, in __iter__
    self._fetch_all()
    ~~~~~~~~~~~~~~~^^
  File "C:\Python314\Lib\site-packages\django\db\models\query.py", line 1949, in _fetch_all
    self._result_cache = list(self._iterable_class(self))
                         ~~~~^^^^^^^^^^^^^^^^^^^^^^^^^^^^
  File "C:\Python314\Lib\site-packages\django\db\models\query.py", line 91, in __iter__
    results = compiler.execute_sql(
        chunked_fetch=self.chunked_fetch, chunk_size=self.chunk_size
    )
  File "C:\Python314\Lib\site-packages\django\db\models\sql\compiler.py", line 1623, in execute_sql
    cursor.execute(sql, params)
    ~~~~~~~~~~~~~~^^^^^^^^^^^^^
  File "C:\Python314\Lib\site-packages\django\db\backends\utils.py", line 122, in execute
    return super().execute(sql, params)
           ~~~~~~~~~~~~~~~^^^^^^^^^^^^^
  File "C:\Python314\Lib\site-packages\django\db\backends\utils.py", line 79, in execute
    return self._execute_with_wrappers(
           ~~~~~~~~~~~~~~~~~~~~~~~~~~~^
        sql, params, many=False, executor=self._execute
        ^^^^^^^^^^^^^^^^^^^^^^^^^^^^^^^^^^^^^^^^^^^^^^^
    )
    ^
  File "C:\Python314\Lib\site-packages\django\db\backends\utils.py", line 92, in _execute_with_wrappers
    return executor(sql, params, many, context)
  File "C:\Python314\Lib\site-packages\django\db\backends\utils.py", line 100, in _execute
    with self.db.wrap_database_errors:
         ^^^^^^^^^^^^^^^^^^^^^^^^^^^^
  File "C:\Python314\Lib\site-packages\django\db\utils.py", line 91, in __exit__
    raise dj_exc_value.with_traceback(traceback) from exc_value
  File "C:\Python314\Lib\site-packages\django\db\backends\utils.py", line 105, in _execute
    return self.cursor.execute(sql, params)
           ~~~~~~~~~~~~~~~~~~~^^^^^^^^^^^^^
  File "C:\Python314\Lib\site-packages\django\db\backends\mysql\base.py", line 76, in execute
    return self.cursor.execute(query, args)
           ~~~~~~~~~~~~~~~~~~~^^^^^^^^^^^^^
  File "C:\Python314\Lib\site-packages\MySQLdb\cursors.py", line 179, in execute
    res = self._query(mogrified_query)
  File "C:\Python314\Lib\site-packages\MySQLdb\cursors.py", line 331, in _query
    self._do_get_result(db)
    ~~~~~~~~~~~~~~~~~~~^^^^
  File "C:\Python314\Lib\site-packages\MySQLdb\cursors.py", line 136, in _do_get_result
    self._result = result = self._get_result()
                            ~~~~~~~~~~~~~~~~^^
  File "C:\Python314\Lib\site-packages\MySQLdb\cursors.py", line 363, in _get_result
    return self._get_db().store_result()
           ~~~~~~~~~~~~~~~~~~~~~~~~~~~^^
django.db.utils.OperationalError: (2013, 'Lost connection to server during query')
2026-08-25 12:26:26,878 ERROR django.server "GET /qcdash?project=141&from_date=2026-08-15&to_date=2026-08-25&submit=Submit HTTP/1.1" 500 219730
2026-08-25 12:26:34,104 WARNING django.request Not Found: /favicon.ico
2026-08-25 12:26:34,107 WARNING django.server "GET /favicon.ico HTTP/1.1" 404 7691
2026-08-25 12:27:33,210 ERROR django.request Internal Server Error: /qcdash
Traceback (most recent call last):
  File "C:\Python314\Lib\site-packages\django\db\backends\utils.py", line 105, in _execute
    return self.cursor.execute(sql, params)
           ~~~~~~~~~~~~~~~~~~~^^^^^^^^^^^^^
  File "C:\Python314\Lib\site-packages\django\db\backends\mysql\base.py", line 76, in execute
    return self.cursor.execute(query, args)
           ~~~~~~~~~~~~~~~~~~~^^^^^^^^^^^^^
  File "C:\Python314\Lib\site-packages\MySQLdb\cursors.py", line 179, in execute
    res = self._query(mogrified_query)
  File "C:\Python314\Lib\site-packages\MySQLdb\cursors.py", line 331, in _query
    self._do_get_result(db)
    ~~~~~~~~~~~~~~~~~~~^^^^
  File "C:\Python314\Lib\site-packages\MySQLdb\cursors.py", line 136, in _do_get_result
    self._result = result = self._get_result()
                            ~~~~~~~~~~~~~~~~^^
  File "C:\Python314\Lib\site-packages\MySQLdb\cursors.py", line 363, in _get_result
    return self._get_db().store_result()
           ~~~~~~~~~~~~~~~~~~~~~~~~~~~^^
MySQLdb.OperationalError: (2013, 'Lost connection to server during query')

The above exception was the direct cause of the following exception:

Traceback (most recent call last):
  File "C:\Python314\Lib\site-packages\django\core\handlers\exception.py", line 55, in inner
    response = get_response(request)
  File "C:\Python314\Lib\site-packages\django\core\handlers\base.py", line 197, in _get_response
    response = wrapped_callback(request, *callback_args, **callback_kwargs)
  File "C:\Python314\Lib\site-packages\django\views\generic\base.py", line 105, in view
    return self.dispatch(request, *args, **kwargs)
           ~~~~~~~~~~~~~^^^^^^^^^^^^^^^^^^^^^^^^^^
  File "C:\Python314\Lib\site-packages\django\utils\decorators.py", line 48, in _wrapper
    return bound_method(*args, **kwargs)
  File "C:\Python314\Lib\site-packages\django\contrib\auth\decorators.py", line 59, in _view_wrapper
    return view_func(request, *args, **kwargs)
  File "C:\Python314\Lib\site-packages\django\views\generic\base.py", line 144, in dispatch
    return handler(request, *args, **kwargs)
  File "D:\Saurabh\New_SurveGenius\venv\qualityreview_new_api\quality\a_app\a_app_qualitydashboard.py", line 113, in get
    for resp in SurveyResponse.objects.filter(surveyor__employee_id=employee_id, project=project,response_date__range=(from_date, to_date)).select_related('verification_status').order_by('pk'):
                ~~~~~~~~~~~~~~~~~~~~~~~~~~~~~~~~~~~~~~~~~~~~~~~~~~~~~~~~~~~~~~~~~~~~~~~~~~~~~~~~~~~~~~~~~~~~~~~~~~~~~~~~~~~~~~~~~~~~~~~~~~~~~~~~~~~~~~~~~~~~~~~~~~~~~~~~~~~~~~~~~~~~~~~~~~^^^^^^
  File "C:\Python314\Lib\site-packages\django\db\models\query.py", line 384, in __iter__
    self._fetch_all()
    ~~~~~~~~~~~~~~~^^
  File "C:\Python314\Lib\site-packages\django\db\models\query.py", line 1949, in _fetch_all
    self._result_cache = list(self._iterable_class(self))
                         ~~~~^^^^^^^^^^^^^^^^^^^^^^^^^^^^
  File "C:\Python314\Lib\site-packages\django\db\models\query.py", line 91, in __iter__
    results = compiler.execute_sql(
        chunked_fetch=self.chunked_fetch, chunk_size=self.chunk_size
    )
  File "C:\Python314\Lib\site-packages\django\db\models\sql\compiler.py", line 1623, in execute_sql
    cursor.execute(sql, params)
    ~~~~~~~~~~~~~~^^^^^^^^^^^^^
  File "C:\Python314\Lib\site-packages\django\db\backends\utils.py", line 122, in execute
    return super().execute(sql, params)
           ~~~~~~~~~~~~~~~^^^^^^^^^^^^^
  File "C:\Python314\Lib\site-packages\django\db\backends\utils.py", line 79, in execute
    return self._execute_with_wrappers(
           ~~~~~~~~~~~~~~~~~~~~~~~~~~~^
        sql, params, many=False, executor=self._execute
        ^^^^^^^^^^^^^^^^^^^^^^^^^^^^^^^^^^^^^^^^^^^^^^^
    )
    ^
  File "C:\Python314\Lib\site-packages\django\db\backends\utils.py", line 92, in _execute_with_wrappers
    return executor(sql, params, many, context)
  File "C:\Python314\Lib\site-packages\django\db\backends\utils.py", line 100, in _execute
    with self.db.wrap_database_errors:
         ^^^^^^^^^^^^^^^^^^^^^^^^^^^^
  File "C:\Python314\Lib\site-packages\django\db\utils.py", line 91, in __exit__
    raise dj_exc_value.with_traceback(traceback) from exc_value
  File "C:\Python314\Lib\site-packages\django\db\backends\utils.py", line 105, in _execute
    return self.cursor.execute(sql, params)
           ~~~~~~~~~~~~~~~~~~~^^^^^^^^^^^^^
  File "C:\Python314\Lib\site-packages\django\db\backends\mysql\base.py", line 76, in execute
    return self.cursor.execute(query, args)
           ~~~~~~~~~~~~~~~~~~~^^^^^^^^^^^^^
  File "C:\Python314\Lib\site-packages\MySQLdb\cursors.py", line 179, in execute
    res = self._query(mogrified_query)
  File "C:\Python314\Lib\site-packages\MySQLdb\cursors.py", line 331, in _query
    self._do_get_result(db)
    ~~~~~~~~~~~~~~~~~~~^^^^
  File "C:\Python314\Lib\site-packages\MySQLdb\cursors.py", line 136, in _do_get_result
    self._result = result = self._get_result()
                            ~~~~~~~~~~~~~~~~^^
  File "C:\Python314\Lib\site-packages\MySQLdb\cursors.py", line 363, in _get_result
    return self._get_db().store_result()
           ~~~~~~~~~~~~~~~~~~~~~~~~~~~^^
django.db.utils.OperationalError: (2013, 'Lost connection to server during query')
2026-08-25 12:31:05,591 WARNING django.server "GET /static/vendors/js/bootstrap.min.js.map HTTP/1.1" 404 1919
2026-08-25 12:31:05,762 WARNING django.server "GET /static/vendors/css/jquery.contextMenu.min.css.map HTTP/1.1" 404 1952
2026-08-25 12:31:05,860 WARNING django.server "GET /static/vendors/js/jquery.contextMenu.min.js.map HTTP/1.1" 404 1946
2026-08-25 12:38:08,957 WARNING django.server "GET /static/js/hoverable-collapse.js HTTP/1.1" 404 1898
2026-08-25 12:38:10,155 WARNING django.server "GET /static/js/settings.js HTTP/1.1" 404 1868
2026-08-25 12:38:10,147 WARNING django.server "GET /static/js/todolist.js HTTP/1.1" 404 1868
2026-08-25 12:46:05,182 WARNING django.security.csrf Forbidden (CSRF token from POST incorrect.): /geomismatch
2026-08-25 12:46:05,530 WARNING django.server "POST /geomismatch?csrfmiddlewaretoken=ZyX2VarRc8NFFznlVz53BTqokdIRgrm8lq0qryo9khmVzVPQcFhW5AcUHXnXWPZB&project=141&surveyor_req=000000&fordate=2026-08-25&submit=Quality+Reports HTTP/1.1" 403 2503
2026-08-25 12:46:33,470 WARNING django.server "GET /static/js/todolist.js HTTP/1.1" 404 1868
2026-08-25 12:46:33,481 WARNING django.server "GET /static/js/hoverable-collapse.js HTTP/1.1" 404 1898
2026-08-25 12:46:33,488 WARNING django.server "GET /static/js/settings.js HTTP/1.1" 404 1868
2026-08-25 12:46:33,843 WARNING django.server "GET /static/js/todolist.js HTTP/1.1" 404 1868
2026-08-25 12:46:36,671 WARNING django.server "GET /static/js/settings.js HTTP/1.1" 404 1868
2026-08-25 12:46:36,675 WARNING django.server "GET /static/js/hoverable-collapse.js HTTP/1.1" 404 1898
2026-08-25 12:46:36,685 WARNING django.server "GET /static/js/todolist.js HTTP/1.1" 404 1868
2026-08-25 12:46:36,743 WARNING django.request The request's session was deleted before the request completed. The user may have logged out in a concurrent request, for example.: /qualityaudit
Traceback (most recent call last):
  File "C:\Python314\Lib\site-packages\django\contrib\sessions\backends\db.py", line 127, in save
    obj.save(
    ~~~~~~~~^
        force_insert=must_create, force_update=not must_create, using=using
        ^^^^^^^^^^^^^^^^^^^^^^^^^^^^^^^^^^^^^^^^^^^^^^^^^^^^^^^^^^^^^^^^^^^
    )
    ^
  File "C:\Python314\Lib\site-packages\django\db\models\base.py", line 902, in save
    self.save_base(
    ~~~~~~~~~~~~~~^
        using=using,
        ^^^^^^^^^^^^
    ...<2 lines>...
        update_fields=update_fields,
        ^^^^^^^^^^^^^^^^^^^^^^^^^^^^
    )
    ^
  File "C:\Python314\Lib\site-packages\django\db\models\base.py", line 1008, in save_base
    updated = self._save_table(
        raw,
    ...<4 lines>...
        update_fields,
    )
  File "C:\Python314\Lib\site-packages\django\db\models\base.py", line 1142, in _save_table
    raise DatabaseError("Forced update did not affect any rows.")
django.db.utils.DatabaseError: Forced update did not affect any rows.

During handling of the above exception, another exception occurred:

Traceback (most recent call last):
  File "C:\Python314\Lib\site-packages\django\contrib\sessions\middleware.py", line 59, in process_response
    request.session.save()
    ~~~~~~~~~~~~~~~~~~~~^^
  File "C:\Python314\Lib\site-packages\django\contrib\sessions\backends\db.py", line 136, in save
    raise UpdateError
django.contrib.sessions.backends.base.UpdateError

During handling of the above exception, another exception occurred:

Traceback (most recent call last):
  File "C:\Python314\Lib\site-packages\django\core\handlers\exception.py", line 55, in inner
    response = get_response(request)
  File "C:\Python314\Lib\site-packages\django\utils\deprecation.py", line 122, in __call__
    response = self.process_response(request, response)
  File "C:\Python314\Lib\site-packages\django\contrib\sessions\middleware.py", line 61, in process_response
    raise SessionInterrupted(
    ...<3 lines>...
    )
django.contrib.sessions.exceptions.SessionInterrupted: The request's session was deleted before the request completed. The user may have logged out in a concurrent request, for example.
2026-08-25 12:46:36,785 WARNING django.server "GET /qualityaudit HTTP/1.1" 400 104429
2026-08-25 12:46:36,994 WARNING django.server "GET /static/js/hoverable-collapse.js HTTP/1.1" 404 1898
2026-08-25 12:46:37,054 WARNING django.server "GET /static/js/settings.js HTTP/1.1" 404 1868
2026-08-25 12:46:37,090 WARNING django.server "GET /static/js/todolist.js HTTP/1.1" 404 1868
2026-08-25 12:47:06,942 WARNING django.request The request's session was deleted before the request completed. The user may have logged out in a concurrent request, for example.: /qcdash
Traceback (most recent call last):
  File "C:\Python314\Lib\site-packages\django\contrib\sessions\backends\db.py", line 127, in save
    obj.save(
    ~~~~~~~~^
        force_insert=must_create, force_update=not must_create, using=using
        ^^^^^^^^^^^^^^^^^^^^^^^^^^^^^^^^^^^^^^^^^^^^^^^^^^^^^^^^^^^^^^^^^^^
    )
    ^
  File "C:\Python314\Lib\site-packages\django\db\models\base.py", line 902, in save
    self.save_base(
    ~~~~~~~~~~~~~~^
        using=using,
        ^^^^^^^^^^^^
    ...<2 lines>...
        update_fields=update_fields,
        ^^^^^^^^^^^^^^^^^^^^^^^^^^^^
    )
    ^
  File "C:\Python314\Lib\site-packages\django\db\models\base.py", line 1008, in save_base
    updated = self._save_table(
        raw,
    ...<4 lines>...
        update_fields,
    )
  File "C:\Python314\Lib\site-packages\django\db\models\base.py", line 1142, in _save_table
    raise DatabaseError("Forced update did not affect any rows.")
django.db.utils.DatabaseError: Forced update did not affect any rows.

During handling of the above exception, another exception occurred:

Traceback (most recent call last):
  File "C:\Python314\Lib\site-packages\django\contrib\sessions\middleware.py", line 59, in process_response
    request.session.save()
    ~~~~~~~~~~~~~~~~~~~~^^
  File "C:\Python314\Lib\site-packages\django\contrib\sessions\backends\db.py", line 136, in save
    raise UpdateError
django.contrib.sessions.backends.base.UpdateError

During handling of the above exception, another exception occurred:

Traceback (most recent call last):
  File "C:\Python314\Lib\site-packages\django\core\handlers\exception.py", line 55, in inner
    response = get_response(request)
  File "C:\Python314\Lib\site-packages\django\utils\deprecation.py", line 122, in __call__
    response = self.process_response(request, response)
  File "C:\Python314\Lib\site-packages\django\contrib\sessions\middleware.py", line 61, in process_response
    raise SessionInterrupted(
    ...<3 lines>...
    )
django.contrib.sessions.exceptions.SessionInterrupted: The request's session was deleted before the request completed. The user may have logged out in a concurrent request, for example.
2026-08-25 12:47:16,415 WARNING django.request The request's session was deleted before the request completed. The user may have logged out in a concurrent request, for example.: /qcdash
Traceback (most recent call last):
  File "C:\Python314\Lib\site-packages\django\contrib\sessions\backends\db.py", line 127, in save
    obj.save(
    ~~~~~~~~^
        force_insert=must_create, force_update=not must_create, using=using
        ^^^^^^^^^^^^^^^^^^^^^^^^^^^^^^^^^^^^^^^^^^^^^^^^^^^^^^^^^^^^^^^^^^^
    )
    ^
  File "C:\Python314\Lib\site-packages\django\db\models\base.py", line 902, in save
    self.save_base(
    ~~~~~~~~~~~~~~^
        using=using,
        ^^^^^^^^^^^^
    ...<2 lines>...
        update_fields=update_fields,
        ^^^^^^^^^^^^^^^^^^^^^^^^^^^^
    )
    ^
  File "C:\Python314\Lib\site-packages\django\db\models\base.py", line 1008, in save_base
    updated = self._save_table(
        raw,
    ...<4 lines>...
        update_fields,
    )
  File "C:\Python314\Lib\site-packages\django\db\models\base.py", line 1142, in _save_table
    raise DatabaseError("Forced update did not affect any rows.")
django.db.utils.DatabaseError: Forced update did not affect any rows.

During handling of the above exception, another exception occurred:

Traceback (most recent call last):
  File "C:\Python314\Lib\site-packages\django\contrib\sessions\middleware.py", line 59, in process_response
    request.session.save()
    ~~~~~~~~~~~~~~~~~~~~^^
  File "C:\Python314\Lib\site-packages\django\contrib\sessions\backends\db.py", line 136, in save
    raise UpdateError
django.contrib.sessions.backends.base.UpdateError

During handling of the above exception, another exception occurred:

Traceback (most recent call last):
  File "C:\Python314\Lib\site-packages\django\core\handlers\exception.py", line 55, in inner
    response = get_response(request)
  File "C:\Python314\Lib\site-packages\django\utils\deprecation.py", line 122, in __call__
    response = self.process_response(request, response)
  File "C:\Python314\Lib\site-packages\django\contrib\sessions\middleware.py", line 61, in process_response
    raise SessionInterrupted(
    ...<3 lines>...
    )
django.contrib.sessions.exceptions.SessionInterrupted: The request's session was deleted before the request completed. The user may have logged out in a concurrent request, for example.
2026-08-25 12:47:18,276 WARNING django.request The request's session was deleted before the request completed. The user may have logged out in a concurrent request, for example.: /qcdash
Traceback (most recent call last):
  File "C:\Python314\Lib\site-packages\django\contrib\sessions\backends\db.py", line 127, in save
    obj.save(
    ~~~~~~~~^
        force_insert=must_create, force_update=not must_create, using=using
        ^^^^^^^^^^^^^^^^^^^^^^^^^^^^^^^^^^^^^^^^^^^^^^^^^^^^^^^^^^^^^^^^^^^
    )
    ^
  File "C:\Python314\Lib\site-packages\django\db\models\base.py", line 902, in save
    self.save_base(
    ~~~~~~~~~~~~~~^
        using=using,
        ^^^^^^^^^^^^
    ...<2 lines>...
        update_fields=update_fields,
        ^^^^^^^^^^^^^^^^^^^^^^^^^^^^
    )
    ^
  File "C:\Python314\Lib\site-packages\django\db\models\base.py", line 1008, in save_base
    updated = self._save_table(
        raw,
    ...<4 lines>...
        update_fields,
    )
  File "C:\Python314\Lib\site-packages\django\db\models\base.py", line 1142, in _save_table
    raise DatabaseError("Forced update did not affect any rows.")
django.db.utils.DatabaseError: Forced update did not affect any rows.

During handling of the above exception, another exception occurred:

Traceback (most recent call last):
  File "C:\Python314\Lib\site-packages\django\contrib\sessions\middleware.py", line 59, in process_response
    request.session.save()
    ~~~~~~~~~~~~~~~~~~~~^^
  File "C:\Python314\Lib\site-packages\django\contrib\sessions\backends\db.py", line 136, in save
    raise UpdateError
django.contrib.sessions.backends.base.UpdateError

During handling of the above exception, another exception occurred:

Traceback (most recent call last):
  File "C:\Python314\Lib\site-packages\django\core\handlers\exception.py", line 55, in inner
    response = get_response(request)
  File "C:\Python314\Lib\site-packages\django\utils\deprecation.py", line 122, in __call__
    response = self.process_response(request, response)
  File "C:\Python314\Lib\site-packages\django\contrib\sessions\middleware.py", line 61, in process_response
    raise SessionInterrupted(
    ...<3 lines>...
    )
django.contrib.sessions.exceptions.SessionInterrupted: The request's session was deleted before the request completed. The user may have logged out in a concurrent request, for example.
2026-08-25 12:47:18,307 WARNING django.server "GET /qcdash?project=141&from_date=2026-08-15&to_date=2026-08-25&submit=Submit HTTP/1.1" 400 105420
2026-08-25 12:47:22,683 WARNING django.request The request's session was deleted before the request completed. The user may have logged out in a concurrent request, for example.: /qcdash
Traceback (most recent call last):
  File "C:\Python314\Lib\site-packages\django\contrib\sessions\backends\db.py", line 127, in save
    obj.save(
    ~~~~~~~~^
        force_insert=must_create, force_update=not must_create, using=using
        ^^^^^^^^^^^^^^^^^^^^^^^^^^^^^^^^^^^^^^^^^^^^^^^^^^^^^^^^^^^^^^^^^^^
    )
    ^
  File "C:\Python314\Lib\site-packages\django\db\models\base.py", line 902, in save
    self.save_base(
    ~~~~~~~~~~~~~~^
        using=using,
        ^^^^^^^^^^^^
    ...<2 lines>...
        update_fields=update_fields,
        ^^^^^^^^^^^^^^^^^^^^^^^^^^^^
    )
    ^
  File "C:\Python314\Lib\site-packages\django\db\models\base.py", line 1008, in save_base
    updated = self._save_table(
        raw,
    ...<4 lines>...
        update_fields,
    )
  File "C:\Python314\Lib\site-packages\django\db\models\base.py", line 1142, in _save_table
    raise DatabaseError("Forced update did not affect any rows.")
django.db.utils.DatabaseError: Forced update did not affect any rows.

During handling of the above exception, another exception occurred:

Traceback (most recent call last):
  File "C:\Python314\Lib\site-packages\django\contrib\sessions\middleware.py", line 59, in process_response
    request.session.save()
    ~~~~~~~~~~~~~~~~~~~~^^
  File "C:\Python314\Lib\site-packages\django\contrib\sessions\backends\db.py", line 136, in save
    raise UpdateError
django.contrib.sessions.backends.base.UpdateError

During handling of the above exception, another exception occurred:

Traceback (most recent call last):
  File "C:\Python314\Lib\site-packages\django\core\handlers\exception.py", line 55, in inner
    response = get_response(request)
  File "C:\Python314\Lib\site-packages\django\utils\deprecation.py", line 122, in __call__
    response = self.process_response(request, response)
  File "C:\Python314\Lib\site-packages\django\contrib\sessions\middleware.py", line 61, in process_response
    raise SessionInterrupted(
    ...<3 lines>...
    )
django.contrib.sessions.exceptions.SessionInterrupted: The request's session was deleted before the request completed. The user may have logged out in a concurrent request, for example.
2026-08-25 12:47:26,460 WARNING django.request The request's session was deleted before the request completed. The user may have logged out in a concurrent request, for example.: /qualityaudit
Traceback (most recent call last):
  File "C:\Python314\Lib\site-packages\django\contrib\sessions\backends\db.py", line 127, in save
    obj.save(
    ~~~~~~~~^
        force_insert=must_create, force_update=not must_create, using=using
        ^^^^^^^^^^^^^^^^^^^^^^^^^^^^^^^^^^^^^^^^^^^^^^^^^^^^^^^^^^^^^^^^^^^
    )
    ^
  File "C:\Python314\Lib\site-packages\django\db\models\base.py", line 902, in save
    self.save_base(
    ~~~~~~~~~~~~~~^
        using=using,
        ^^^^^^^^^^^^
    ...<2 lines>...
        update_fields=update_fields,
        ^^^^^^^^^^^^^^^^^^^^^^^^^^^^
    )
    ^
  File "C:\Python314\Lib\site-packages\django\db\models\base.py", line 1008, in save_base
    updated = self._save_table(
        raw,
    ...<4 lines>...
        update_fields,
    )
  File "C:\Python314\Lib\site-packages\django\db\models\base.py", line 1142, in _save_table
    raise DatabaseError("Forced update did not affect any rows.")
django.db.utils.DatabaseError: Forced update did not affect any rows.

During handling of the above exception, another exception occurred:

Traceback (most recent call last):
  File "C:\Python314\Lib\site-packages\django\contrib\sessions\middleware.py", line 59, in process_response
    request.session.save()
    ~~~~~~~~~~~~~~~~~~~~^^
  File "C:\Python314\Lib\site-packages\django\contrib\sessions\backends\db.py", line 136, in save
    raise UpdateError
django.contrib.sessions.backends.base.UpdateError

During handling of the above exception, another exception occurred:

Traceback (most recent call last):
  File "C:\Python314\Lib\site-packages\django\core\handlers\exception.py", line 55, in inner
    response = get_response(request)
  File "C:\Python314\Lib\site-packages\django\utils\deprecation.py", line 122, in __call__
    response = self.process_response(request, response)
  File "C:\Python314\Lib\site-packages\django\contrib\sessions\middleware.py", line 61, in process_response
    raise SessionInterrupted(
    ...<3 lines>...
    )
django.contrib.sessions.exceptions.SessionInterrupted: The request's session was deleted before the request completed. The user may have logged out in a concurrent request, for example.
2026-08-25 12:47:44,991 WARNING django.request The request's session was deleted before the request completed. The user may have logged out in a concurrent request, for example.: /qualityaudit
Traceback (most recent call last):
  File "C:\Python314\Lib\site-packages\django\contrib\sessions\backends\db.py", line 127, in save
    obj.save(
    ~~~~~~~~^
        force_insert=must_create, force_update=not must_create, using=using
        ^^^^^^^^^^^^^^^^^^^^^^^^^^^^^^^^^^^^^^^^^^^^^^^^^^^^^^^^^^^^^^^^^^^
    )
    ^
  File "C:\Python314\Lib\site-packages\django\db\models\base.py", line 902, in save
    self.save_base(
    ~~~~~~~~~~~~~~^
        using=using,
        ^^^^^^^^^^^^
    ...<2 lines>...
        update_fields=update_fields,
        ^^^^^^^^^^^^^^^^^^^^^^^^^^^^
    )
    ^
  File "C:\Python314\Lib\site-packages\django\db\models\base.py", line 1008, in save_base
    updated = self._save_table(
        raw,
    ...<4 lines>...
        update_fields,
    )
  File "C:\Python314\Lib\site-packages\django\db\models\base.py", line 1142, in _save_table
    raise DatabaseError("Forced update did not affect any rows.")
django.db.utils.DatabaseError: Forced update did not affect any rows.

During handling of the above exception, another exception occurred:

Traceback (most recent call last):
  File "C:\Python314\Lib\site-packages\django\contrib\sessions\middleware.py", line 59, in process_response
    request.session.save()
    ~~~~~~~~~~~~~~~~~~~~^^
  File "C:\Python314\Lib\site-packages\django\contrib\sessions\backends\db.py", line 136, in save
    raise UpdateError
django.contrib.sessions.backends.base.UpdateError

During handling of the above exception, another exception occurred:

Traceback (most recent call last):
  File "C:\Python314\Lib\site-packages\django\core\handlers\exception.py", line 55, in inner
    response = get_response(request)
  File "C:\Python314\Lib\site-packages\django\utils\deprecation.py", line 122, in __call__
    response = self.process_response(request, response)
  File "C:\Python314\Lib\site-packages\django\contrib\sessions\middleware.py", line 61, in process_response
    raise SessionInterrupted(
    ...<3 lines>...
    )
django.contrib.sessions.exceptions.SessionInterrupted: The request's session was deleted before the request completed. The user may have logged out in a concurrent request, for example.
2026-08-25 12:47:45,003 WARNING django.server "GET /qualityaudit HTTP/1.1" 400 104345
2026-08-25 12:51:25,147 WARNING django.server "GET /static/js/hoverable-collapse.js HTTP/1.1" 404 1898
2026-08-25 12:51:25,142 WARNING django.server "GET /static/js/settings.js HTTP/1.1" 404 1868
2026-08-25 12:51:25,220 WARNING django.server "GET /static/js/todolist.js HTTP/1.1" 404 1868
2026-08-25 12:51:41,940 WARNING django.request Not Found: /favicon.ico
2026-08-25 12:51:42,927 WARNING django.server "GET /favicon.ico HTTP/1.1" 404 7691
2026-08-25 13:14:14,960 WARNING django.server "GET /static/js/hoverable-collapse.js HTTP/1.1" 404 1898
2026-08-25 13:14:14,997 WARNING django.server "GET /static/js/settings.js HTTP/1.1" 404 1868
2026-08-25 13:14:15,020 WARNING django.server "GET /static/js/todolist.js HTTP/1.1" 404 1868
2026-08-25 13:14:23,279 WARNING django.request Not Found: /favicon.ico
2026-08-25 13:14:23,281 WARNING django.server "GET /favicon.ico HTTP/1.1" 404 7691
2026-08-25 13:28:05,688 WARNING django.server "GET /static/js/hoverable-collapse.js HTTP/1.1" 404 1898
2026-08-25 13:28:05,719 WARNING django.server "GET /static/js/settings.js HTTP/1.1" 404 1868
2026-08-25 13:28:05,779 WARNING django.server "GET /static/js/todolist.js HTTP/1.1" 404 1868
2026-08-25 13:28:15,030 WARNING django.server "GET /static/js/hoverable-collapse.js HTTP/1.1" 404 1898
2026-08-25 13:28:15,042 WARNING django.server "GET /static/js/todolist.js HTTP/1.1" 404 1868
2026-08-25 13:28:15,042 WARNING django.server "GET /static/js/settings.js HTTP/1.1" 404 1868
2026-08-25 13:28:24,177 WARNING django.request Not Found: /favicon.ico
2026-08-25 13:28:24,179 WARNING django.server "GET /favicon.ico HTTP/1.1" 404 7691
2026-08-25 13:29:05,306 WARNING django.server "GET /static/vendors/js/bootstrap.min.js.map HTTP/1.1" 404 1919
2026-08-25 13:29:05,312 WARNING django.server "GET /static/vendors/js/jquery.contextMenu.min.js.map HTTP/1.1" 404 1946
2026-08-25 13:29:05,330 WARNING django.server "GET /static/vendors/css/jquery.contextMenu.min.css.map HTTP/1.1" 404 1952
2026-08-25 13:31:45,934 WARNING django.server "GET /static/js/hoverable-collapse.js HTTP/1.1" 404 1898
2026-08-25 13:31:45,971 WARNING django.server "GET /static/js/settings.js HTTP/1.1" 404 1868
2026-08-25 13:31:46,051 WARNING django.server "GET /static/js/todolist.js HTTP/1.1" 404 1868
2026-08-25 13:31:46,294 WARNING django.server "GET /static/vendors/css/jquery.contextMenu.min.css.map HTTP/1.1" 404 1952
2026-08-25 13:31:46,325 WARNING django.server "GET /static/vendors/js/bootstrap.min.js.map HTTP/1.1" 404 1919
2026-08-25 13:31:46,547 WARNING django.server "GET /static/vendors/js/jquery.contextMenu.min.js.map HTTP/1.1" 404 1946
2026-08-25 13:31:51,973 WARNING django.server "GET /static/vendors/css/jquery.contextMenu.min.css.map HTTP/1.1" 404 1952
2026-08-25 13:31:52,109 WARNING django.server "GET /static/vendors/js/bootstrap.min.js.map HTTP/1.1" 404 1919
2026-08-25 13:31:52,452 WARNING django.server "GET /static/vendors/js/jquery.contextMenu.min.js.map HTTP/1.1" 404 1946
2026-08-25 13:47:34,995 WARNING django.server "GET /static/vendors/css/jquery.contextMenu.min.css.map HTTP/1.1" 404 1952
2026-08-25 13:47:35,209 WARNING django.server "GET /static/vendors/js/bootstrap.min.js.map HTTP/1.1" 404 1919
2026-08-25 13:47:35,468 WARNING django.server "GET /static/vendors/js/jquery.contextMenu.min.js.map HTTP/1.1" 404 1946
2026-08-25 13:47:58,911 WARNING django.server "GET /static/vendors/js/bootstrap.min.js.map HTTP/1.1" 404 1919
2026-08-25 13:47:58,941 WARNING django.server "GET /static/vendors/css/jquery.contextMenu.min.css.map HTTP/1.1" 404 1952
2026-08-25 13:48:08,697 WARNING django.server "GET /static/vendors/js/jquery.contextMenu.min.js.map HTTP/1.1" 404 1946
2026-08-25 13:48:33,765 WARNING django.server "GET /static/vendors/css/jquery.contextMenu.min.css.map HTTP/1.1" 404 1952
2026-08-25 13:48:33,770 WARNING django.server "GET /static/vendors/js/bootstrap.min.js.map HTTP/1.1" 404 1919
2026-08-25 13:49:15,850 WARNING django.server "GET /static/js/hoverable-collapse.js HTTP/1.1" 404 1898
2026-08-25 13:49:15,907 WARNING django.server "GET /static/js/settings.js HTTP/1.1" 404 1868
2026-08-25 13:49:15,958 WARNING django.server "GET /static/js/todolist.js HTTP/1.1" 404 1868
2026-08-25 13:49:23,362 WARNING django.server "GET /static/js/hoverable-collapse.js HTTP/1.1" 404 1898
2026-08-25 13:49:23,433 WARNING django.server "GET /static/js/settings.js HTTP/1.1" 404 1868
2026-08-25 13:49:23,479 WARNING django.server "GET /static/js/todolist.js HTTP/1.1" 404 1868
2026-08-25 13:49:56,288 WARNING django.server "GET /static/js/hoverable-collapse.js HTTP/1.1" 404 1898
2026-08-25 13:49:56,316 WARNING django.server "GET /static/js/settings.js HTTP/1.1" 404 1868
2026-08-25 13:49:56,394 WARNING django.server "GET /static/js/todolist.js HTTP/1.1" 404 1868
2026-08-25 13:54:26,352 WARNING django.server "GET /static/js/hoverable-collapse.js HTTP/1.1" 404 1898
2026-08-25 13:54:26,363 WARNING django.server "GET /static/js/settings.js HTTP/1.1" 404 1868
2026-08-25 13:54:26,363 WARNING django.server "GET /static/js/todolist.js HTTP/1.1" 404 1868
2026-08-25 13:58:51,882 WARNING django.server "GET /static/js/hoverable-collapse.js HTTP/1.1" 404 1898
2026-08-25 13:58:51,886 WARNING django.server "GET /static/js/settings.js HTTP/1.1" 404 1868
2026-08-25 13:58:51,886 WARNING django.server "GET /static/js/todolist.js HTTP/1.1" 404 1868
2026-08-25 13:58:51,990 WARNING django.server "GET /static/vendors/js/bootstrap.min.js.map HTTP/1.1" 404 1919
2026-08-25 13:58:52,147 WARNING django.server "GET /static/vendors/css/jquery.contextMenu.min.css.map HTTP/1.1" 404 1952
2026-08-25 13:58:52,577 WARNING django.server "GET /static/vendors/js/jquery.contextMenu.min.js.map HTTP/1.1" 404 1946
2026-08-25 13:59:39,956 WARNING django.security.csrf Forbidden (CSRF token from POST incorrect.): /v2
2026-08-25 13:59:39,975 WARNING django.server "POST /v2 HTTP/1.1" 403 2503
2026-08-25 14:02:32,381 WARNING django.security.csrf Forbidden (CSRF token from POST incorrect.): /geomismatch
2026-08-25 14:02:32,402 WARNING django.server "POST /geomismatch?csrfmiddlewaretoken=9sDvFqbT82qyHUaQbikIsqOXhICRjuzILpymMXWM2RDXP0ZxWuA13ESDaGqqWvHZ&project=141&surveyor_req=000000&fordate=2026-08-25&submit=Quality+Reports HTTP/1.1" 403 2503
2026-08-25 14:02:35,572 DEBUG tzlocal Looking up time zone info from registry
2026-08-25 14:41:56,520 WARNING django.server "GET /static/js/hoverable-collapse.js HTTP/1.1" 404 1898
2026-08-25 14:41:56,551 WARNING django.server "GET /static/js/settings.js HTTP/1.1" 404 1868
2026-08-25 14:41:56,626 WARNING django.server "GET /static/js/todolist.js HTTP/1.1" 404 1868
2026-08-25 14:42:08,796 WARNING django.server "GET /static/vendors/js/bootstrap.min.js.map HTTP/1.1" 404 1919
2026-08-25 14:42:08,909 WARNING django.server "GET /static/vendors/js/jquery.contextMenu.min.js.map HTTP/1.1" 404 1946
2026-08-25 14:42:08,956 WARNING django.server "GET /static/vendors/css/jquery.contextMenu.min.css.map HTTP/1.1" 404 1952
2026-08-25 14:42:13,420 WARNING django.server "GET /static/vendors/css/jquery.contextMenu.min.css.map HTTP/1.1" 404 1952
2026-08-25 14:42:13,526 WARNING django.server "GET /static/vendors/js/bootstrap.min.js.map HTTP/1.1" 404 1919
2026-08-25 14:42:13,734 WARNING django.server "GET /static/vendors/js/jquery.contextMenu.min.js.map HTTP/1.1" 404 1946
2026-08-25 14:43:37,376 WARNING django.server "GET /static/vendors/css/jquery.contextMenu.min.css.map HTTP/1.1" 404 1952
2026-08-25 14:43:37,398 WARNING django.server "GET /static/vendors/js/bootstrap.min.js.map HTTP/1.1" 404 1919
2026-08-25 14:43:37,804 WARNING django.server "GET /static/vendors/js/jquery.contextMenu.min.js.map HTTP/1.1" 404 1946
2026-08-25 14:57:33,699 WARNING django.security.csrf Forbidden (CSRF token missing.): /v2
2026-08-25 14:57:33,719 WARNING django.server "POST /v2 HTTP/1.1" 403 2491
2026-08-25 14:57:42,701 ERROR a_app.a_app_qualityauditviews QualityAuditView GET failed: Cannot resolve keyword 'first_name' into field. Choices are: address, ama_new_response_assigned_to_user, ama_new_response_from_surveyor, assignment, date_of_birth, designation, designation_id, employee_id, gender, hod_department, id, location, location_id, office_location, office_location_id, response_assigned_to_user, response_from_surveyor, responseg, responsrs, surveyor_user, user, user_id, user_role
Traceback (most recent call last):
  File "C:\Python314\Lib\site-packages\django\db\models\sql\query.py", line 1924, in transform
    return self.try_transform(wrapped, name)
           ~~~~~~~~~~~~~~~~~~^^^^^^^^^^^^^^^
  File "C:\Python314\Lib\site-packages\django\db\models\sql\query.py", line 1458, in try_transform
    raise FieldError(
    ...<2 lines>...
    )
django.core.exceptions.FieldError: Unsupported lookup 'first_name' for BigAutoField or join on the field not permitted.

During handling of the above exception, another exception occurred:

Traceback (most recent call last):
  File "D:\Saurabh\New_SurveGenius\venv\qualityreview_new_api\quality\a_app\a_app_qualityauditviews.py", line 613, in get
    data = self.process_request(
        request
    )
  File "D:\Saurabh\New_SurveGenius\venv\qualityreview_new_api\quality\a_app\a_app_qualityauditviews.py", line 543, in process_request
    data['allfilters'] = self.get_filter_data()
                         ~~~~~~~~~~~~~~~~~~~~^^
  File "D:\Saurabh\New_SurveGenius\venv\qualityreview_new_api\quality\a_app\a_app_qualityauditviews.py", line 194, in get_filter_data
    .values(
     ~~~~~~^
        'user_id',
        ^^^^^^^^^^
    ...<2 lines>...
        'user__username'
        ^^^^^^^^^^^^^^^^
    )
    ^
  File "C:\Python314\Lib\site-packages\django\db\models\query.py", line 1368, in values
    clone = self._values(*fields, **expressions)
  File "C:\Python314\Lib\site-packages\django\db\models\query.py", line 1363, in _values
    clone.query.set_values(fields)
    ~~~~~~~~~~~~~~~~~~~~~~^^^^^^^^
  File "C:\Python314\Lib\site-packages\django\db\models\sql\query.py", line 2577, in set_values
    self.add_fields(field_names, True)
    ~~~~~~~~~~~~~~~^^^^^^^^^^^^^^^^^^^
  File "C:\Python314\Lib\site-packages\django\db\models\sql\query.py", line 2260, in add_fields
    cols.append(join_info.transform_function(targets[0], final_alias))
                ~~~~~~~~~~~~~~~~~~~~~~~~~~~~^^^^^^^^^^^^^^^^^^^^^^^^^
  File "C:\Python314\Lib\site-packages\django\db\models\sql\query.py", line 1928, in transform
    raise last_field_exception
  File "C:\Python314\Lib\site-packages\django\db\models\sql\query.py", line 1901, in setup_joins
    path, final_field, targets, rest = self.names_to_path(
                                       ~~~~~~~~~~~~~~~~~~^
        names[:pivot],
        ^^^^^^^^^^^^^^
    ...<2 lines>...
        fail_on_missing=True,
        ^^^^^^^^^^^^^^^^^^^^^
    )
    ^
  File "C:\Python314\Lib\site-packages\django\db\models\sql\query.py", line 1806, in names_to_path
    raise FieldError(
    ...<2 lines>...
    )
django.core.exceptions.FieldError: Cannot resolve keyword 'first_name' into field. Choices are: address, ama_new_response_assigned_to_user, ama_new_response_from_surveyor, assignment, date_of_birth, designation, designation_id, employee_id, gender, hod_department, id, location, location_id, office_location, office_location_id, response_assigned_to_user, response_from_surveyor, responseg, responsrs, surveyor_user, user, user_id, user_role
2026-08-25 14:57:59,281 ERROR a_app.a_app_qualityauditviews QualityAuditView POST failed: Cannot resolve keyword 'first_name' into field. Choices are: address, ama_new_response_assigned_to_user, ama_new_response_from_surveyor, assignment, date_of_birth, designation, designation_id, employee_id, gender, hod_department, id, location, location_id, office_location, office_location_id, response_assigned_to_user, response_from_surveyor, responseg, responsrs, surveyor_user, user, user_id, user_role
Traceback (most recent call last):
  File "C:\Python314\Lib\site-packages\django\db\models\sql\query.py", line 1924, in transform
    return self.try_transform(wrapped, name)
           ~~~~~~~~~~~~~~~~~~^^^^^^^^^^^^^^^
  File "C:\Python314\Lib\site-packages\django\db\models\sql\query.py", line 1458, in try_transform
    raise FieldError(
    ...<2 lines>...
    )
django.core.exceptions.FieldError: Unsupported lookup 'first_name' for BigAutoField or join on the field not permitted.

During handling of the above exception, another exception occurred:

Traceback (most recent call last):
  File "D:\Saurabh\New_SurveGenius\venv\qualityreview_new_api\quality\a_app\a_app_qualityauditviews.py", line 657, in post
    data = self.process_request(
        request
    )
  File "D:\Saurabh\New_SurveGenius\venv\qualityreview_new_api\quality\a_app\a_app_qualityauditviews.py", line 543, in process_request
    data['allfilters'] = self.get_filter_data()
                         ~~~~~~~~~~~~~~~~~~~~^^
  File "D:\Saurabh\New_SurveGenius\venv\qualityreview_new_api\quality\a_app\a_app_qualityauditviews.py", line 194, in get_filter_data
    .values(
     ~~~~~~^
        'user_id',
        ^^^^^^^^^^
    ...<2 lines>...
        'user__username'
        ^^^^^^^^^^^^^^^^
    )
    ^
  File "C:\Python314\Lib\site-packages\django\db\models\query.py", line 1368, in values
    clone = self._values(*fields, **expressions)
  File "C:\Python314\Lib\site-packages\django\db\models\query.py", line 1363, in _values
    clone.query.set_values(fields)
    ~~~~~~~~~~~~~~~~~~~~~~^^^^^^^^
  File "C:\Python314\Lib\site-packages\django\db\models\sql\query.py", line 2577, in set_values
    self.add_fields(field_names, True)
    ~~~~~~~~~~~~~~~^^^^^^^^^^^^^^^^^^^
  File "C:\Python314\Lib\site-packages\django\db\models\sql\query.py", line 2260, in add_fields
    cols.append(join_info.transform_function(targets[0], final_alias))
                ~~~~~~~~~~~~~~~~~~~~~~~~~~~~^^^^^^^^^^^^^^^^^^^^^^^^^
  File "C:\Python314\Lib\site-packages\django\db\models\sql\query.py", line 1928, in transform
    raise last_field_exception
  File "C:\Python314\Lib\site-packages\django\db\models\sql\query.py", line 1901, in setup_joins
    path, final_field, targets, rest = self.names_to_path(
                                       ~~~~~~~~~~~~~~~~~~^
        names[:pivot],
        ^^^^^^^^^^^^^^
    ...<2 lines>...
        fail_on_missing=True,
        ^^^^^^^^^^^^^^^^^^^^^
    )
    ^
  File "C:\Python314\Lib\site-packages\django\db\models\sql\query.py", line 1806, in names_to_path
    raise FieldError(
    ...<2 lines>...
    )
django.core.exceptions.FieldError: Cannot resolve keyword 'first_name' into field. Choices are: address, ama_new_response_assigned_to_user, ama_new_response_from_surveyor, assignment, date_of_birth, designation, designation_id, employee_id, gender, hod_department, id, location, location_id, office_location, office_location_id, response_assigned_to_user, response_from_surveyor, responseg, responsrs, surveyor_user, user, user_id, user_role
2026-08-25 14:59:47,521 WARNING django.server "GET /static/js/hoverable-collapse.js HTTP/1.1" 404 1898
2026-08-25 14:59:47,598 WARNING django.server "GET /static/js/settings.js HTTP/1.1" 404 1868
2026-08-25 14:59:47,650 WARNING django.server "GET /static/js/todolist.js HTTP/1.1" 404 1868
2026-08-25 14:59:55,878 WARNING django.server "GET /static/js/hoverable-collapse.js HTTP/1.1" 404 1898
2026-08-25 14:59:55,958 WARNING django.server "GET /static/js/settings.js HTTP/1.1" 404 1868
2026-08-25 14:59:55,996 WARNING django.server "GET /static/js/todolist.js HTTP/1.1" 404 1868
2026-08-25 15:13:17,628 WARNING django.server "GET /static/js/hoverable-collapse.js HTTP/1.1" 404 1898
2026-08-25 15:13:17,633 WARNING django.server "GET /static/js/settings.js HTTP/1.1" 404 1868
2026-08-25 15:13:17,634 WARNING django.server "GET /static/js/todolist.js HTTP/1.1" 404 1868
2026-08-25 15:13:45,324 WARNING django.request Not Found: /favicon.ico
2026-08-25 15:13:45,326 WARNING django.server "GET /favicon.ico HTTP/1.1" 404 7691
2026-08-25 15:13:59,900 WARNING django.server "GET /static/vendors/js/bootstrap.min.js.map HTTP/1.1" 404 1919
2026-08-25 15:14:00,032 WARNING django.server "GET /static/vendors/js/jquery.contextMenu.min.js.map HTTP/1.1" 404 1946
2026-08-25 15:14:00,094 WARNING django.server "GET /static/vendors/css/jquery.contextMenu.min.css.map HTTP/1.1" 404 1952
2026-08-25 15:14:03,778 WARNING django.server "GET /static/vendors/js/bootstrap.min.js.map HTTP/1.1" 404 1919
2026-08-25 15:14:03,845 WARNING django.server "GET /static/vendors/js/jquery.contextMenu.min.js.map HTTP/1.1" 404 1946
2026-08-25 15:14:04,215 WARNING django.server "GET /static/vendors/css/jquery.contextMenu.min.css.map HTTP/1.1" 404 1952
2026-08-25 15:14:33,049 WARNING django.request The request's session was deleted before the request completed. The user may have logged out in a concurrent request, for example.: /qualityaudit
Traceback (most recent call last):
  File "C:\Python314\Lib\site-packages\django\contrib\sessions\backends\db.py", line 127, in save
    obj.save(
    ~~~~~~~~^
        force_insert=must_create, force_update=not must_create, using=using
        ^^^^^^^^^^^^^^^^^^^^^^^^^^^^^^^^^^^^^^^^^^^^^^^^^^^^^^^^^^^^^^^^^^^
    )
    ^
  File "C:\Python314\Lib\site-packages\django\db\models\base.py", line 902, in save
    self.save_base(
    ~~~~~~~~~~~~~~^
        using=using,
        ^^^^^^^^^^^^
    ...<2 lines>...
        update_fields=update_fields,
        ^^^^^^^^^^^^^^^^^^^^^^^^^^^^
    )
    ^
  File "C:\Python314\Lib\site-packages\django\db\models\base.py", line 1008, in save_base
    updated = self._save_table(
        raw,
    ...<4 lines>...
        update_fields,
    )
  File "C:\Python314\Lib\site-packages\django\db\models\base.py", line 1142, in _save_table
    raise DatabaseError("Forced update did not affect any rows.")
django.db.utils.DatabaseError: Forced update did not affect any rows.

During handling of the above exception, another exception occurred:

Traceback (most recent call last):
  File "C:\Python314\Lib\site-packages\django\contrib\sessions\middleware.py", line 59, in process_response
    request.session.save()
    ~~~~~~~~~~~~~~~~~~~~^^
  File "C:\Python314\Lib\site-packages\django\contrib\sessions\backends\db.py", line 136, in save
    raise UpdateError
django.contrib.sessions.backends.base.UpdateError

During handling of the above exception, another exception occurred:

Traceback (most recent call last):
  File "C:\Python314\Lib\site-packages\django\core\handlers\exception.py", line 55, in inner
    response = get_response(request)
  File "C:\Python314\Lib\site-packages\django\utils\deprecation.py", line 122, in __call__
    response = self.process_response(request, response)
  File "C:\Python314\Lib\site-packages\django\contrib\sessions\middleware.py", line 61, in process_response
    raise SessionInterrupted(
    ...<3 lines>...
    )
django.contrib.sessions.exceptions.SessionInterrupted: The request's session was deleted before the request completed. The user may have logged out in a concurrent request, for example.
2026-08-25 15:14:33,072 WARNING django.server "GET /qualityaudit HTTP/1.1" 400 104351
2026-08-25 15:14:33,170 WARNING django.server "GET /static/js/hoverable-collapse.js HTTP/1.1" 404 1898
2026-08-25 15:14:33,297 WARNING django.server "GET /static/js/todolist.js HTTP/1.1" 404 1868
2026-08-25 15:14:33,301 WARNING django.server "GET /static/js/settings.js HTTP/1.1" 404 1868
2026-08-25 15:14:43,650 WARNING django.request The request's session was deleted before the request completed. The user may have logged out in a concurrent request, for example.: /qualityaudit
Traceback (most recent call last):
  File "C:\Python314\Lib\site-packages\django\contrib\sessions\backends\db.py", line 127, in save
    obj.save(
    ~~~~~~~~^
        force_insert=must_create, force_update=not must_create, using=using
        ^^^^^^^^^^^^^^^^^^^^^^^^^^^^^^^^^^^^^^^^^^^^^^^^^^^^^^^^^^^^^^^^^^^
    )
    ^
  File "C:\Python314\Lib\site-packages\django\db\models\base.py", line 902, in save
    self.save_base(
    ~~~~~~~~~~~~~~^
        using=using,
        ^^^^^^^^^^^^
    ...<2 lines>...
        update_fields=update_fields,
        ^^^^^^^^^^^^^^^^^^^^^^^^^^^^
    )
    ^
  File "C:\Python314\Lib\site-packages\django\db\models\base.py", line 1008, in save_base
    updated = self._save_table(
        raw,
    ...<4 lines>...
        update_fields,
    )
  File "C:\Python314\Lib\site-packages\django\db\models\base.py", line 1142, in _save_table
    raise DatabaseError("Forced update did not affect any rows.")
django.db.utils.DatabaseError: Forced update did not affect any rows.

During handling of the above exception, another exception occurred:

Traceback (most recent call last):
  File "C:\Python314\Lib\site-packages\django\contrib\sessions\middleware.py", line 59, in process_response
    request.session.save()
    ~~~~~~~~~~~~~~~~~~~~^^
  File "C:\Python314\Lib\site-packages\django\contrib\sessions\backends\db.py", line 136, in save
    raise UpdateError
django.contrib.sessions.backends.base.UpdateError

During handling of the above exception, another exception occurred:

Traceback (most recent call last):
  File "C:\Python314\Lib\site-packages\django\core\handlers\exception.py", line 55, in inner
    response = get_response(request)
  File "C:\Python314\Lib\site-packages\django\utils\deprecation.py", line 122, in __call__
    response = self.process_response(request, response)
  File "C:\Python314\Lib\site-packages\django\contrib\sessions\middleware.py", line 61, in process_response
    raise SessionInterrupted(
    ...<3 lines>...
    )
django.contrib.sessions.exceptions.SessionInterrupted: The request's session was deleted before the request completed. The user may have logged out in a concurrent request, for example.
2026-08-25 15:14:43,658 WARNING django.server "GET /qualityaudit HTTP/1.1" 400 104351
2026-08-25 15:43:47,350 WARNING django.server "GET /static/js/hoverable-collapse.js HTTP/1.1" 404 1898
2026-08-25 15:43:47,362 WARNING django.server "GET /static/js/todolist.js HTTP/1.1" 404 1868
2026-08-25 15:43:47,363 WARNING django.server "GET /static/js/settings.js HTTP/1.1" 404 1868
2026-08-25 15:46:07,967 WARNING django.server "GET /static/js/hoverable-collapse.js HTTP/1.1" 404 1898
2026-08-25 15:46:07,982 WARNING django.server "GET /static/js/settings.js HTTP/1.1" 404 1868
2026-08-25 15:46:07,997 WARNING django.server "GET /static/js/todolist.js HTTP/1.1" 404 1868
2026-08-25 15:56:48,648 WARNING django.server "GET /static/js/hoverable-collapse.js HTTP/1.1" 404 1898
2026-08-25 15:56:48,789 WARNING django.server "GET /static/js/todolist.js HTTP/1.1" 404 1868
2026-08-25 15:56:48,793 WARNING django.server "GET /static/js/settings.js HTTP/1.1" 404 1868
2026-08-25 15:57:32,934 DEBUG tzlocal Looking up time zone info from registry
2026-08-25 16:02:59,745 WARNING django.security.csrf Forbidden (CSRF token from POST incorrect.): /v2
2026-08-25 16:02:59,762 WARNING django.server "POST /v2 HTTP/1.1" 403 2503
2026-08-25 16:03:25,773 WARNING django.server "GET /static/js/settings.js HTTP/1.1" 404 1868
2026-08-25 16:03:25,774 WARNING django.server "GET /static/js/hoverable-collapse.js HTTP/1.1" 404 1898
2026-08-25 16:03:25,777 WARNING django.server "GET /static/js/todolist.js HTTP/1.1" 404 1868
2026-08-25 16:28:47,604 WARNING django.server "GET /static/js/hoverable-collapse.js HTTP/1.1" 404 1898
2026-08-25 16:28:47,764 WARNING django.server "GET /static/js/settings.js HTTP/1.1" 404 1868
2026-08-25 16:28:47,992 WARNING django.server "GET /static/js/todolist.js HTTP/1.1" 404 1868
2026-08-25 16:47:18,212 WARNING django.server "GET /static/js/hoverable-collapse.js HTTP/1.1" 404 1898
2026-08-25 16:47:18,268 WARNING django.server "GET /static/js/settings.js HTTP/1.1" 404 1868
2026-08-25 16:47:18,328 WARNING django.server "GET /static/js/todolist.js HTTP/1.1" 404 1868
2026-08-25 16:49:13,815 WARNING django.request Not Found: /media/audio/219081.wav
2026-08-25 16:49:13,817 WARNING django.server "GET /media/audio/219081.wav HTTP/1.1" 404 7970
2026-08-25 16:49:43,792 WARNING django.server "GET /static/js/hoverable-collapse.js HTTP/1.1" 404 1898
2026-08-25 16:49:43,801 WARNING django.server "GET /static/js/settings.js HTTP/1.1" 404 1868
2026-08-25 16:49:43,815 WARNING django.server "GET /static/js/todolist.js HTTP/1.1" 404 1868
2026-08-25 16:49:48,023 WARNING django.server "GET /static/js/hoverable-collapse.js HTTP/1.1" 404 1898
2026-08-25 16:49:48,034 WARNING django.server "GET /static/js/settings.js HTTP/1.1" 404 1868
2026-08-25 16:49:48,052 WARNING django.server "GET /static/js/todolist.js HTTP/1.1" 404 1868
2026-08-25 16:52:26,422 WARNING django.request Not Found: /media/registration/219081_registration.wav
2026-08-25 16:52:26,424 WARNING django.server "GET /media/registration/219081_registration.wav HTTP/1.1" 404 8050
2026-08-25 16:55:59,781 WARNING django.request Not Found: /media/registration/219037_registration.wav
2026-08-25 16:55:59,782 WARNING django.server "GET /media/registration/219037_registration.wav HTTP/1.1" 404 8050
2026-08-25 16:56:02,425 WARNING django.request Not Found: /media/audio/219037.wav
2026-08-25 16:56:02,426 WARNING django.server "GET /media/audio/219037.wav HTTP/1.1" 404 7970
2026-08-25 16:57:31,133 WARNING django.request Not Found: /media/registration/219037_registration.wav
2026-08-25 16:57:31,135 WARNING django.server "GET /media/registration/219037_registration.wav HTTP/1.1" 404 8050
2026-08-25 16:57:36,510 WARNING django.request Not Found: /media/audio/219037.wav
2026-08-25 16:57:36,512 WARNING django.server "GET /media/audio/219037.wav HTTP/1.1" 404 7970
2026-08-25 16:58:34,877 WARNING django.server "GET /static/js/hoverable-collapse.js HTTP/1.1" 404 1898
2026-08-25 16:58:34,979 WARNING django.server "GET /static/js/settings.js HTTP/1.1" 404 1868
2026-08-25 16:58:34,994 WARNING django.server "GET /static/js/todolist.js HTTP/1.1" 404 1868
2026-08-25 17:02:55,220 WARNING django.server "GET /static/js/hoverable-collapse.js HTTP/1.1" 404 1898
2026-08-25 17:02:55,226 WARNING django.server "GET /static/js/settings.js HTTP/1.1" 404 1868
2026-08-25 17:02:55,227 WARNING django.server "GET /static/js/todolist.js HTTP/1.1" 404 1868
2026-08-25 17:03:26,752 WARNING django.security.csrf Forbidden (CSRF token from POST incorrect.): /qualityaudit
2026-08-25 17:03:26,776 WARNING django.server "POST /qualityaudit HTTP/1.1" 403 2503
2026-08-25 17:04:48,148 WARNING django.server "GET /static/js/hoverable-collapse.js HTTP/1.1" 404 1898
2026-08-25 17:04:48,195 WARNING django.server "GET /static/js/settings.js HTTP/1.1" 404 1868
2026-08-25 17:04:48,261 WARNING django.server "GET /static/js/todolist.js HTTP/1.1" 404 1868
2026-08-25 17:04:51,668 WARNING django.security.csrf Forbidden (CSRF token from POST incorrect.): /qualityaudit
2026-08-25 17:04:51,693 WARNING django.server "POST /qualityaudit HTTP/1.1" 403 2503
2026-08-25 17:04:51,920 WARNING django.request Not Found: /favicon.ico
2026-08-25 17:04:51,922 WARNING django.server "GET /favicon.ico HTTP/1.1" 404 7691
2026-08-25 17:09:04,470 WARNING django.server "GET /static/js/hoverable-collapse.js HTTP/1.1" 404 1898
2026-08-25 17:09:04,480 WARNING django.server "GET /static/js/settings.js HTTP/1.1" 404 1868
2026-08-25 17:09:04,480 WARNING django.server "GET /static/js/todolist.js HTTP/1.1" 404 1868
2026-08-25 17:17:27,135 WARNING django.server "GET /static/js/hoverable-collapse.js HTTP/1.1" 404 1898
2026-08-25 17:17:27,141 WARNING django.server "GET /static/js/settings.js HTTP/1.1" 404 1868
2026-08-25 17:17:27,248 WARNING django.server "GET /static/js/todolist.js HTTP/1.1" 404 1868
2026-08-25 17:18:33,256 WARNING django.request Not Found: /favicon.ico
2026-08-25 17:18:33,257 WARNING django.server "GET /favicon.ico HTTP/1.1" 404 7691
2026-08-25 17:24:40,913 WARNING django.server "GET /static/js/hoverable-collapse.js HTTP/1.1" 404 1898
2026-08-25 17:24:40,921 WARNING django.server "GET /static/js/settings.js HTTP/1.1" 404 1868
2026-08-25 17:24:41,035 WARNING django.server "GET /static/js/todolist.js HTTP/1.1" 404 1868
2026-08-25 17:26:26,311 WARNING django.server "GET /static/js/hoverable-collapse.js HTTP/1.1" 404 1898
2026-08-25 17:26:26,312 WARNING django.server "GET /static/js/settings.js HTTP/1.1" 404 1868
2026-08-25 17:26:26,415 WARNING django.server "GET /static/js/todolist.js HTTP/1.1" 404 1868
2026-08-25 18:01:47,878 WARNING django.server "GET /static/js/hoverable-collapse.js HTTP/1.1" 404 1898
2026-08-25 18:01:48,004 WARNING django.server "GET /static/js/settings.js HTTP/1.1" 404 1868
2026-08-25 18:01:48,008 WARNING django.server "GET /static/js/todolist.js HTTP/1.1" 404 1868
2026-08-25 18:01:55,921 WARNING django.security.csrf Forbidden (CSRF token from POST incorrect.): /login
2026-08-25 18:01:55,945 WARNING django.server "POST /login HTTP/1.1" 403 2503
2026-08-25 18:02:01,219 WARNING django.security.csrf Forbidden (CSRF token from POST incorrect.): /login
2026-08-25 18:02:01,239 WARNING django.server "POST /login HTTP/1.1" 403 2503
2026-08-25 18:02:23,442 DEBUG urllib3.connectionpool Starting new HTTPS connection (1): api.axismyindia.in:443
2026-08-25 18:02:23,716 DEBUG urllib3.connectionpool Starting new HTTPS connection (1): api.axismyindia.in:443
2026-08-25 18:02:23,759 DEBUG urllib3.connectionpool https://api.axismyindia.in:443 "GET /v1/admin/surveyors/qc-service/survey-response-download/download-range/876?startDate=2026-08-25&endDate=2026-08-25 HTTP/1.1" 435 117
2026-08-25 18:02:24,772 DEBUG urllib3.connectionpool https://api.axismyindia.in:443 "GET /v1/admin/surveyors/qc-service/survey-response-download/download-range/876?startDate=2026-08-25&endDate=2026-08-25 HTTP/1.1" 200 93
2026-08-25 18:02:28,912 DEBUG urllib3.connectionpool Starting new HTTPS connection (1): api.axismyindia.in:443
2026-08-25 18:02:29,038 DEBUG urllib3.connectionpool https://api.axismyindia.in:443 "GET /v1/admin/surveyors/qc-service/survey-response-download/survey-report-tasks?page=1&size=10&choiceId=876 HTTP/1.1" 200 None
2026-08-25 18:02:29,663 WARNING django.request Not Found: /styles.css
2026-08-25 18:02:29,664 WARNING django.server "GET /styles.css HTTP/1.1" 404 7688
2026-08-25 18:02:31,922 DEBUG urllib3.connectionpool Starting new HTTPS connection (1): api.axismyindia.in:443
2026-08-25 18:02:32,013 DEBUG urllib3.connectionpool https://api.axismyindia.in:443 "GET /v1/admin/surveyors/qc-service/survey-response-download/download-survey-report?taskId=6608%20 HTTP/1.1" 200 70774
2026-08-25 18:31:59,918 WARNING django.server "GET /static/js/settings.js HTTP/1.1" 404 1868
2026-08-25 18:31:59,927 WARNING django.server "GET /static/js/todolist.js HTTP/1.1" 404 1868
2026-08-25 18:32:00,120 WARNING django.server "GET /static/js/hoverable-collapse.js HTTP/1.1" 404 1898
2026-08-25 18:35:11,168 WARNING django.server "GET /static/js/hoverable-collapse.js HTTP/1.1" 404 1898
2026-08-25 18:35:11,168 WARNING django.server "GET /static/js/todolist.js HTTP/1.1" 404 1868
2026-08-25 18:35:11,168 WARNING django.server "GET /static/js/settings.js HTTP/1.1" 404 1868
2026-08-25 18:36:55,976 WARNING django.server "GET /static/js/todolist.js HTTP/1.1" 404 1868
2026-08-25 18:36:56,001 WARNING django.server "GET /static/js/hoverable-collapse.js HTTP/1.1" 404 1898
2026-08-25 18:36:55,875 WARNING django.server "GET /static/js/settings.js HTTP/1.1" 404 1868
2026-08-25 18:37:05,037 WARNING django.security.SuspiciousSession Session data corrupted
2026-08-25 18:38:48,545 WARNING django.security.SuspiciousSession Session data corrupted
2026-08-25 18:38:48,546 WARNING django.security.SuspiciousSession Session data corrupted
2026-08-25 18:38:48,547 WARNING django.security.SuspiciousSession Session data corrupted
2026-08-25 18:39:28,881 WARNING django.request Not Found: /favicon.ico
2026-08-25 18:39:28,883 WARNING django.server "GET /favicon.ico HTTP/1.1" 404 7691
2026-08-25 18:42:33,180 WARNING django.server "GET /static/js/hoverable-collapse.js HTTP/1.1" 404 1898
2026-08-25 18:42:33,189 WARNING django.server "GET /static/js/settings.js HTTP/1.1" 404 1868
2026-08-25 18:42:33,198 WARNING django.server "GET /static/js/todolist.js HTTP/1.1" 404 1868
2026-08-25 18:42:36,111 WARNING django.security.SuspiciousSession Session data corrupted
2026-08-25 18:42:36,113 WARNING django.security.SuspiciousSession Session data corrupted
2026-08-25 18:42:36,117 WARNING django.security.SuspiciousSession Session data corrupted
2026-08-25 18:42:36,117 WARNING django.security.SuspiciousSession Session data corrupted
2026-08-25 18:49:00,562 WARNING django.server "GET /static/js/settings.js HTTP/1.1" 404 1868
2026-08-25 18:49:00,570 WARNING django.server "GET /static/js/todolist.js HTTP/1.1" 404 1868
2026-08-25 18:49:00,770 WARNING django.server "GET /static/js/hoverable-collapse.js HTTP/1.1" 404 1898
2026-08-25 18:54:15,335 ERROR django.request Internal Server Error: /v2
Traceback (most recent call last):
  File "C:\Python314\Lib\site-packages\django\db\backends\utils.py", line 105, in _execute
    return self.cursor.execute(sql, params)
           ~~~~~~~~~~~~~~~~~~~^^^^^^^^^^^^^
  File "C:\Python314\Lib\site-packages\django\db\backends\mysql\base.py", line 76, in execute
    return self.cursor.execute(query, args)
           ~~~~~~~~~~~~~~~~~~~^^^^^^^^^^^^^
  File "C:\Python314\Lib\site-packages\MySQLdb\cursors.py", line 179, in execute
    res = self._query(mogrified_query)
  File "C:\Python314\Lib\site-packages\MySQLdb\cursors.py", line 331, in _query
    self._do_get_result(db)
    ~~~~~~~~~~~~~~~~~~~^^^^
  File "C:\Python314\Lib\site-packages\MySQLdb\cursors.py", line 136, in _do_get_result
    self._result = result = self._get_result()
                            ~~~~~~~~~~~~~~~~^^
  File "C:\Python314\Lib\site-packages\MySQLdb\cursors.py", line 363, in _get_result
    return self._get_db().store_result()
           ~~~~~~~~~~~~~~~~~~~~~~~~~~~^^
MySQLdb.OperationalError: (2013, 'Lost connection to server during query')

The above exception was the direct cause of the following exception:

Traceback (most recent call last):
  File "C:\Python314\Lib\site-packages\django\core\handlers\exception.py", line 55, in inner
    response = get_response(request)
  File "C:\Python314\Lib\site-packages\django\core\handlers\base.py", line 197, in _get_response
    response = wrapped_callback(request, *callback_args, **callback_kwargs)
  File "C:\Python314\Lib\site-packages\django\views\generic\base.py", line 105, in view
    return self.dispatch(request, *args, **kwargs)
           ~~~~~~~~~~~~~^^^^^^^^^^^^^^^^^^^^^^^^^^
  File "C:\Python314\Lib\site-packages\django\utils\decorators.py", line 48, in _wrapper
    return bound_method(*args, **kwargs)
  File "C:\Python314\Lib\site-packages\django\contrib\auth\decorators.py", line 59, in _view_wrapper
    return view_func(request, *args, **kwargs)
  File "C:\Python314\Lib\site-packages\django\utils\decorators.py", line 48, in _wrapper
    return bound_method(*args, **kwargs)
  File "D:\Saurabh\New_SurveGenius\venv\qualityreview_new_api\quality\quality\ratelimit.py", line 86, in wrapped
    return view_func(request, *args, **kwargs)
  File "C:\Python314\Lib\site-packages\django\views\generic\base.py", line 144, in dispatch
    return handler(request, *args, **kwargs)
  File "D:\Saurabh\New_SurveGenius\venv\qualityreview_new_api\quality\search\search_v2.py", line 186, in get
    for i in resulted:
             ^^^^^^^^
  File "C:\Python314\Lib\site-packages\django\db\models\query.py", line 384, in __iter__
    self._fetch_all()
    ~~~~~~~~~~~~~~~^^
  File "C:\Python314\Lib\site-packages\django\db\models\query.py", line 1949, in _fetch_all
    self._result_cache = list(self._iterable_class(self))
                         ~~~~^^^^^^^^^^^^^^^^^^^^^^^^^^^^
  File "C:\Python314\Lib\site-packages\django\db\models\query.py", line 91, in __iter__
    results = compiler.execute_sql(
        chunked_fetch=self.chunked_fetch, chunk_size=self.chunk_size
    )
  File "C:\Python314\Lib\site-packages\django\db\models\sql\compiler.py", line 1623, in execute_sql
    cursor.execute(sql, params)
    ~~~~~~~~~~~~~~^^^^^^^^^^^^^
  File "C:\Python314\Lib\site-packages\django\db\backends\utils.py", line 122, in execute
    return super().execute(sql, params)
           ~~~~~~~~~~~~~~~^^^^^^^^^^^^^
  File "C:\Python314\Lib\site-packages\django\db\backends\utils.py", line 79, in execute
    return self._execute_with_wrappers(
           ~~~~~~~~~~~~~~~~~~~~~~~~~~~^
        sql, params, many=False, executor=self._execute
        ^^^^^^^^^^^^^^^^^^^^^^^^^^^^^^^^^^^^^^^^^^^^^^^
    )
    ^
  File "C:\Python314\Lib\site-packages\django\db\backends\utils.py", line 92, in _execute_with_wrappers
    return executor(sql, params, many, context)
  File "C:\Python314\Lib\site-packages\django\db\backends\utils.py", line 100, in _execute
    with self.db.wrap_database_errors:
         ^^^^^^^^^^^^^^^^^^^^^^^^^^^^
  File "C:\Python314\Lib\site-packages\django\db\utils.py", line 91, in __exit__
    raise dj_exc_value.with_traceback(traceback) from exc_value
  File "C:\Python314\Lib\site-packages\django\db\backends\utils.py", line 105, in _execute
    return self.cursor.execute(sql, params)
           ~~~~~~~~~~~~~~~~~~~^^^^^^^^^^^^^
  File "C:\Python314\Lib\site-packages\django\db\backends\mysql\base.py", line 76, in execute
    return self.cursor.execute(query, args)
           ~~~~~~~~~~~~~~~~~~~^^^^^^^^^^^^^
  File "C:\Python314\Lib\site-packages\MySQLdb\cursors.py", line 179, in execute
    res = self._query(mogrified_query)
  File "C:\Python314\Lib\site-packages\MySQLdb\cursors.py", line 331, in _query
    self._do_get_result(db)
    ~~~~~~~~~~~~~~~~~~~^^^^
  File "C:\Python314\Lib\site-packages\MySQLdb\cursors.py", line 136, in _do_get_result
    self._result = result = self._get_result()
                            ~~~~~~~~~~~~~~~~^^
  File "C:\Python314\Lib\site-packages\MySQLdb\cursors.py", line 363, in _get_result
    return self._get_db().store_result()
           ~~~~~~~~~~~~~~~~~~~~~~~~~~~^^
django.db.utils.OperationalError: (2013, 'Lost connection to server during query')
2026-08-25 18:54:15,365 ERROR django.server "GET /v2 HTTP/1.1" 500 206506
2026-08-25 19:00:49,343 WARNING django.server "GET /static/js/hoverable-collapse.js HTTP/1.1" 404 1898
2026-08-25 19:00:49,463 WARNING django.server "GET /static/js/todolist.js HTTP/1.1" 404 1868
2026-08-25 19:00:49,471 WARNING django.server "GET /static/js/settings.js HTTP/1.1" 404 1868
2026-08-25 19:01:14,686 WARNING django.request The request's session was deleted before the request completed. The user may have logged out in a concurrent request, for example.: /qualityaudit
Traceback (most recent call last):
  File "C:\Python314\Lib\site-packages\django\contrib\sessions\backends\db.py", line 127, in save
    obj.save(
    ~~~~~~~~^
        force_insert=must_create, force_update=not must_create, using=using
        ^^^^^^^^^^^^^^^^^^^^^^^^^^^^^^^^^^^^^^^^^^^^^^^^^^^^^^^^^^^^^^^^^^^
    )
    ^
  File "C:\Python314\Lib\site-packages\django\db\models\base.py", line 902, in save
    self.save_base(
    ~~~~~~~~~~~~~~^
        using=using,
        ^^^^^^^^^^^^
    ...<2 lines>...
        update_fields=update_fields,
        ^^^^^^^^^^^^^^^^^^^^^^^^^^^^
    )
    ^
  File "C:\Python314\Lib\site-packages\django\db\models\base.py", line 1008, in save_base
    updated = self._save_table(
        raw,
    ...<4 lines>...
        update_fields,
    )
  File "C:\Python314\Lib\site-packages\django\db\models\base.py", line 1142, in _save_table
    raise DatabaseError("Forced update did not affect any rows.")
django.db.utils.DatabaseError: Forced update did not affect any rows.

During handling of the above exception, another exception occurred:

Traceback (most recent call last):
  File "C:\Python314\Lib\site-packages\django\contrib\sessions\middleware.py", line 59, in process_response
    request.session.save()
    ~~~~~~~~~~~~~~~~~~~~^^
  File "C:\Python314\Lib\site-packages\django\contrib\sessions\backends\db.py", line 136, in save
    raise UpdateError
django.contrib.sessions.backends.base.UpdateError

During handling of the above exception, another exception occurred:

Traceback (most recent call last):
  File "C:\Python314\Lib\site-packages\django\core\handlers\exception.py", line 55, in inner
    response = get_response(request)
  File "C:\Python314\Lib\site-packages\django\utils\deprecation.py", line 122, in __call__
    response = self.process_response(request, response)
  File "C:\Python314\Lib\site-packages\django\contrib\sessions\middleware.py", line 61, in process_response
    raise SessionInterrupted(
    ...<3 lines>...
    )
django.contrib.sessions.exceptions.SessionInterrupted: The request's session was deleted before the request completed. The user may have logged out in a concurrent request, for example.
2026-08-25 19:01:14,708 WARNING django.server "GET /qualityaudit HTTP/1.1" 400 104357
2026-08-25 19:01:15,635 WARNING django.server "GET /static/js/todolist.js HTTP/1.1" 404 1868
2026-08-25 19:01:15,640 WARNING django.server "GET /static/js/settings.js HTTP/1.1" 404 1868
2026-08-25 19:01:15,733 WARNING django.server "GET /static/js/hoverable-collapse.js HTTP/1.1" 404 1898
2026-08-25 19:02:35,561 WARNING django.security.csrf Forbidden (CSRF token from POST incorrect.): /login
2026-08-25 19:02:35,582 WARNING django.server "POST /login HTTP/1.1" 403 2503
2026-08-25 19:02:41,944 WARNING django.server "GET /static/js/hoverable-collapse.js HTTP/1.1" 404 1898
2026-08-25 19:02:42,064 WARNING django.server "GET /static/js/todolist.js HTTP/1.1" 404 1868
2026-08-25 19:02:42,462 WARNING django.server "GET /static/js/settings.js HTTP/1.1" 404 1868
2026-08-25 19:03:02,578 WARNING django.server "GET /static/js/settings.js HTTP/1.1" 404 1868
2026-08-25 19:03:02,685 WARNING django.server "GET /static/js/todolist.js HTTP/1.1" 404 1868
2026-08-25 19:03:02,777 WARNING django.server "GET /static/js/hoverable-collapse.js HTTP/1.1" 404 1898
2026-08-25 19:03:14,333 WARNING django.server "GET /static/js/hoverable-collapse.js HTTP/1.1" 404 1898
2026-08-25 19:03:14,559 WARNING django.server "GET /static/js/settings.js HTTP/1.1" 404 1868
2026-08-25 19:03:14,658 WARNING django.server "GET /static/js/todolist.js HTTP/1.1" 404 1868
2026-08-25 19:03:18,709 ERROR django.request Internal Server Error: /v2
Traceback (most recent call last):
  File "C:\Python314\Lib\site-packages\django\db\backends\utils.py", line 105, in _execute
    return self.cursor.execute(sql, params)
           ~~~~~~~~~~~~~~~~~~~^^^^^^^^^^^^^
  File "C:\Python314\Lib\site-packages\django\db\backends\mysql\base.py", line 76, in execute
    return self.cursor.execute(query, args)
           ~~~~~~~~~~~~~~~~~~~^^^^^^^^^^^^^
  File "C:\Python314\Lib\site-packages\MySQLdb\cursors.py", line 179, in execute
    res = self._query(mogrified_query)
  File "C:\Python314\Lib\site-packages\MySQLdb\cursors.py", line 331, in _query
    self._do_get_result(db)
    ~~~~~~~~~~~~~~~~~~~^^^^
  File "C:\Python314\Lib\site-packages\MySQLdb\cursors.py", line 136, in _do_get_result
    self._result = result = self._get_result()
                            ~~~~~~~~~~~~~~~~^^
  File "C:\Python314\Lib\site-packages\MySQLdb\cursors.py", line 363, in _get_result
    return self._get_db().store_result()
           ~~~~~~~~~~~~~~~~~~~~~~~~~~~^^
MySQLdb.OperationalError: (2013, 'Lost connection to server during query')

The above exception was the direct cause of the following exception:

Traceback (most recent call last):
  File "C:\Python314\Lib\site-packages\django\core\handlers\exception.py", line 55, in inner
    response = get_response(request)
  File "C:\Python314\Lib\site-packages\django\core\handlers\base.py", line 197, in _get_response
    response = wrapped_callback(request, *callback_args, **callback_kwargs)
  File "C:\Python314\Lib\site-packages\django\views\generic\base.py", line 105, in view
    return self.dispatch(request, *args, **kwargs)
           ~~~~~~~~~~~~~^^^^^^^^^^^^^^^^^^^^^^^^^^
  File "C:\Python314\Lib\site-packages\django\utils\decorators.py", line 48, in _wrapper
    return bound_method(*args, **kwargs)
  File "C:\Python314\Lib\site-packages\django\contrib\auth\decorators.py", line 59, in _view_wrapper
    return view_func(request, *args, **kwargs)
  File "C:\Python314\Lib\site-packages\django\utils\decorators.py", line 48, in _wrapper
    return bound_method(*args, **kwargs)
  File "D:\Saurabh\New_SurveGenius\venv\qualityreview_new_api\quality\quality\ratelimit.py", line 86, in wrapped
    return view_func(request, *args, **kwargs)
  File "C:\Python314\Lib\site-packages\django\views\generic\base.py", line 144, in dispatch
    return handler(request, *args, **kwargs)
  File "D:\Saurabh\New_SurveGenius\venv\qualityreview_new_api\quality\search\search_v2.py", line 352, in get
    for value in resulted:
                 ^^^^^^^^
  File "C:\Python314\Lib\site-packages\django\db\models\query.py", line 384, in __iter__
    self._fetch_all()
    ~~~~~~~~~~~~~~~^^
  File "C:\Python314\Lib\site-packages\django\db\models\query.py", line 1949, in _fetch_all
    self._result_cache = list(self._iterable_class(self))
                         ~~~~^^^^^^^^^^^^^^^^^^^^^^^^^^^^
  File "C:\Python314\Lib\site-packages\django\db\models\query.py", line 91, in __iter__
    results = compiler.execute_sql(
        chunked_fetch=self.chunked_fetch, chunk_size=self.chunk_size
    )
  File "C:\Python314\Lib\site-packages\django\db\models\sql\compiler.py", line 1623, in execute_sql
    cursor.execute(sql, params)
    ~~~~~~~~~~~~~~^^^^^^^^^^^^^
  File "C:\Python314\Lib\site-packages\django\db\backends\utils.py", line 122, in execute
    return super().execute(sql, params)
           ~~~~~~~~~~~~~~~^^^^^^^^^^^^^
  File "C:\Python314\Lib\site-packages\django\db\backends\utils.py", line 79, in execute
    return self._execute_with_wrappers(
           ~~~~~~~~~~~~~~~~~~~~~~~~~~~^
        sql, params, many=False, executor=self._execute
        ^^^^^^^^^^^^^^^^^^^^^^^^^^^^^^^^^^^^^^^^^^^^^^^
    )
    ^
  File "C:\Python314\Lib\site-packages\django\db\backends\utils.py", line 92, in _execute_with_wrappers
    return executor(sql, params, many, context)
  File "C:\Python314\Lib\site-packages\django\db\backends\utils.py", line 100, in _execute
    with self.db.wrap_database_errors:
         ^^^^^^^^^^^^^^^^^^^^^^^^^^^^
  File "C:\Python314\Lib\site-packages\django\db\utils.py", line 91, in __exit__
    raise dj_exc_value.with_traceback(traceback) from exc_value
  File "C:\Python314\Lib\site-packages\django\db\backends\utils.py", line 105, in _execute
    return self.cursor.execute(sql, params)
           ~~~~~~~~~~~~~~~~~~~^^^^^^^^^^^^^
  File "C:\Python314\Lib\site-packages\django\db\backends\mysql\base.py", line 76, in execute
    return self.cursor.execute(query, args)
           ~~~~~~~~~~~~~~~~~~~^^^^^^^^^^^^^
  File "C:\Python314\Lib\site-packages\MySQLdb\cursors.py", line 179, in execute
    res = self._query(mogrified_query)
  File "C:\Python314\Lib\site-packages\MySQLdb\cursors.py", line 331, in _query
    self._do_get_result(db)
    ~~~~~~~~~~~~~~~~~~~^^^^
  File "C:\Python314\Lib\site-packages\MySQLdb\cursors.py", line 136, in _do_get_result
    self._result = result = self._get_result()
                            ~~~~~~~~~~~~~~~~^^
  File "C:\Python314\Lib\site-packages\MySQLdb\cursors.py", line 363, in _get_result
    return self._get_db().store_result()
           ~~~~~~~~~~~~~~~~~~~~~~~~~~~^^
django.db.utils.OperationalError: (2013, 'Lost connection to server during query')
2026-08-25 19:03:18,723 ERROR django.server "GET /v2 HTTP/1.1" 500 206093
2026-08-25 19:03:37,575 WARNING django.security.csrf Forbidden (CSRF token from POST incorrect.): /login
2026-08-25 19:03:37,595 WARNING django.server "POST /login?next=%2Fqualityaudit HTTP/1.1" 403 2503
2026-08-25 19:03:50,834 ERROR django.request Internal Server Error: /v2
Traceback (most recent call last):
  File "C:\Python314\Lib\site-packages\django\db\backends\utils.py", line 105, in _execute
    return self.cursor.execute(sql, params)
           ~~~~~~~~~~~~~~~~~~~^^^^^^^^^^^^^
  File "C:\Python314\Lib\site-packages\django\db\backends\mysql\base.py", line 76, in execute
    return self.cursor.execute(query, args)
           ~~~~~~~~~~~~~~~~~~~^^^^^^^^^^^^^
  File "C:\Python314\Lib\site-packages\MySQLdb\cursors.py", line 179, in execute
    res = self._query(mogrified_query)
  File "C:\Python314\Lib\site-packages\MySQLdb\cursors.py", line 331, in _query
    self._do_get_result(db)
    ~~~~~~~~~~~~~~~~~~~^^^^
  File "C:\Python314\Lib\site-packages\MySQLdb\cursors.py", line 136, in _do_get_result
    self._result = result = self._get_result()
                            ~~~~~~~~~~~~~~~~^^
  File "C:\Python314\Lib\site-packages\MySQLdb\cursors.py", line 363, in _get_result
    return self._get_db().store_result()
           ~~~~~~~~~~~~~~~~~~~~~~~~~~~^^
MySQLdb.OperationalError: (2013, 'Lost connection to server during query')

The above exception was the direct cause of the following exception:

Traceback (most recent call last):
  File "C:\Python314\Lib\site-packages\django\core\handlers\exception.py", line 55, in inner
    response = get_response(request)
  File "C:\Python314\Lib\site-packages\django\core\handlers\base.py", line 197, in _get_response
    response = wrapped_callback(request, *callback_args, **callback_kwargs)
  File "C:\Python314\Lib\site-packages\django\views\generic\base.py", line 105, in view
    return self.dispatch(request, *args, **kwargs)
           ~~~~~~~~~~~~~^^^^^^^^^^^^^^^^^^^^^^^^^^
  File "C:\Python314\Lib\site-packages\django\utils\decorators.py", line 48, in _wrapper
    return bound_method(*args, **kwargs)
  File "C:\Python314\Lib\site-packages\django\contrib\auth\decorators.py", line 59, in _view_wrapper
    return view_func(request, *args, **kwargs)
  File "C:\Python314\Lib\site-packages\django\utils\decorators.py", line 48, in _wrapper
    return bound_method(*args, **kwargs)
  File "D:\Saurabh\New_SurveGenius\venv\qualityreview_new_api\quality\quality\ratelimit.py", line 86, in wrapped
    return view_func(request, *args, **kwargs)
  File "C:\Python314\Lib\site-packages\django\views\generic\base.py", line 144, in dispatch
    return handler(request, *args, **kwargs)
  File "D:\Saurabh\New_SurveGenius\venv\qualityreview_new_api\quality\search\search_v2.py", line 186, in get
    for i in resulted:
             ^^^^^^^^
  File "C:\Python314\Lib\site-packages\django\db\models\query.py", line 384, in __iter__
    self._fetch_all()
    ~~~~~~~~~~~~~~~^^
  File "C:\Python314\Lib\site-packages\django\db\models\query.py", line 1949, in _fetch_all
    self._result_cache = list(self._iterable_class(self))
                         ~~~~^^^^^^^^^^^^^^^^^^^^^^^^^^^^
  File "C:\Python314\Lib\site-packages\django\db\models\query.py", line 91, in __iter__
    results = compiler.execute_sql(
        chunked_fetch=self.chunked_fetch, chunk_size=self.chunk_size
    )
  File "C:\Python314\Lib\site-packages\django\db\models\sql\compiler.py", line 1623, in execute_sql
    cursor.execute(sql, params)
    ~~~~~~~~~~~~~~^^^^^^^^^^^^^
  File "C:\Python314\Lib\site-packages\django\db\backends\utils.py", line 122, in execute
    return super().execute(sql, params)
           ~~~~~~~~~~~~~~~^^^^^^^^^^^^^
  File "C:\Python314\Lib\site-packages\django\db\backends\utils.py", line 79, in execute
    return self._execute_with_wrappers(
           ~~~~~~~~~~~~~~~~~~~~~~~~~~~^
        sql, params, many=False, executor=self._execute
        ^^^^^^^^^^^^^^^^^^^^^^^^^^^^^^^^^^^^^^^^^^^^^^^
    )
    ^
  File "C:\Python314\Lib\site-packages\django\db\backends\utils.py", line 92, in _execute_with_wrappers
    return executor(sql, params, many, context)
  File "C:\Python314\Lib\site-packages\django\db\backends\utils.py", line 100, in _execute
    with self.db.wrap_database_errors:
         ^^^^^^^^^^^^^^^^^^^^^^^^^^^^
  File "C:\Python314\Lib\site-packages\django\db\utils.py", line 91, in __exit__
    raise dj_exc_value.with_traceback(traceback) from exc_value
  File "C:\Python314\Lib\site-packages\django\db\backends\utils.py", line 105, in _execute
    return self.cursor.execute(sql, params)
           ~~~~~~~~~~~~~~~~~~~^^^^^^^^^^^^^
  File "C:\Python314\Lib\site-packages\django\db\backends\mysql\base.py", line 76, in execute
    return self.cursor.execute(query, args)
           ~~~~~~~~~~~~~~~~~~~^^^^^^^^^^^^^
  File "C:\Python314\Lib\site-packages\MySQLdb\cursors.py", line 179, in execute
    res = self._query(mogrified_query)
  File "C:\Python314\Lib\site-packages\MySQLdb\cursors.py", line 331, in _query
    self._do_get_result(db)
    ~~~~~~~~~~~~~~~~~~~^^^^
  File "C:\Python314\Lib\site-packages\MySQLdb\cursors.py", line 136, in _do_get_result
    self._result = result = self._get_result()
                            ~~~~~~~~~~~~~~~~^^
  File "C:\Python314\Lib\site-packages\MySQLdb\cursors.py", line 363, in _get_result
    return self._get_db().store_result()
           ~~~~~~~~~~~~~~~~~~~~~~~~~~~^^
django.db.utils.OperationalError: (2013, 'Lost connection to server during query')
2026-08-25 19:03:50,867 ERROR django.server "GET /v2 HTTP/1.1" 500 206499
2026-08-25 19:04:04,238 ERROR django.request Internal Server Error: /v2
Traceback (most recent call last):
  File "C:\Python314\Lib\site-packages\django\db\backends\utils.py", line 105, in _execute
    return self.cursor.execute(sql, params)
           ~~~~~~~~~~~~~~~~~~~^^^^^^^^^^^^^
  File "C:\Python314\Lib\site-packages\django\db\backends\mysql\base.py", line 76, in execute
    return self.cursor.execute(query, args)
           ~~~~~~~~~~~~~~~~~~~^^^^^^^^^^^^^
  File "C:\Python314\Lib\site-packages\MySQLdb\cursors.py", line 179, in execute
    res = self._query(mogrified_query)
  File "C:\Python314\Lib\site-packages\MySQLdb\cursors.py", line 331, in _query
    self._do_get_result(db)
    ~~~~~~~~~~~~~~~~~~~^^^^
  File "C:\Python314\Lib\site-packages\MySQLdb\cursors.py", line 136, in _do_get_result
    self._result = result = self._get_result()
                            ~~~~~~~~~~~~~~~~^^
  File "C:\Python314\Lib\site-packages\MySQLdb\cursors.py", line 363, in _get_result
    return self._get_db().store_result()
           ~~~~~~~~~~~~~~~~~~~~~~~~~~~^^
MySQLdb.OperationalError: (2013, 'Lost connection to server during query')

The above exception was the direct cause of the following exception:

Traceback (most recent call last):
  File "C:\Python314\Lib\site-packages\django\core\handlers\exception.py", line 55, in inner
    response = get_response(request)
  File "C:\Python314\Lib\site-packages\django\core\handlers\base.py", line 197, in _get_response
    response = wrapped_callback(request, *callback_args, **callback_kwargs)
  File "C:\Python314\Lib\site-packages\django\views\generic\base.py", line 105, in view
    return self.dispatch(request, *args, **kwargs)
           ~~~~~~~~~~~~~^^^^^^^^^^^^^^^^^^^^^^^^^^
  File "C:\Python314\Lib\site-packages\django\utils\decorators.py", line 48, in _wrapper
    return bound_method(*args, **kwargs)
  File "C:\Python314\Lib\site-packages\django\contrib\auth\decorators.py", line 59, in _view_wrapper
    return view_func(request, *args, **kwargs)
  File "C:\Python314\Lib\site-packages\django\utils\decorators.py", line 48, in _wrapper
    return bound_method(*args, **kwargs)
  File "D:\Saurabh\New_SurveGenius\venv\qualityreview_new_api\quality\quality\ratelimit.py", line 86, in wrapped
    return view_func(request, *args, **kwargs)
  File "C:\Python314\Lib\site-packages\django\views\generic\base.py", line 144, in dispatch
    return handler(request, *args, **kwargs)
  File "D:\Saurabh\New_SurveGenius\venv\qualityreview_new_api\quality\search\search_v2.py", line 228, in get
    for i in resulted:
             ^^^^^^^^
  File "C:\Python314\Lib\site-packages\django\db\models\query.py", line 384, in __iter__
    self._fetch_all()
    ~~~~~~~~~~~~~~~^^
  File "C:\Python314\Lib\site-packages\django\db\models\query.py", line 1949, in _fetch_all
    self._result_cache = list(self._iterable_class(self))
                         ~~~~^^^^^^^^^^^^^^^^^^^^^^^^^^^^
  File "C:\Python314\Lib\site-packages\django\db\models\query.py", line 91, in __iter__
    results = compiler.execute_sql(
        chunked_fetch=self.chunked_fetch, chunk_size=self.chunk_size
    )
  File "C:\Python314\Lib\site-packages\django\db\models\sql\compiler.py", line 1623, in execute_sql
    cursor.execute(sql, params)
    ~~~~~~~~~~~~~~^^^^^^^^^^^^^
  File "C:\Python314\Lib\site-packages\django\db\backends\utils.py", line 122, in execute
    return super().execute(sql, params)
           ~~~~~~~~~~~~~~~^^^^^^^^^^^^^
  File "C:\Python314\Lib\site-packages\django\db\backends\utils.py", line 79, in execute
    return self._execute_with_wrappers(
           ~~~~~~~~~~~~~~~~~~~~~~~~~~~^
        sql, params, many=False, executor=self._execute
        ^^^^^^^^^^^^^^^^^^^^^^^^^^^^^^^^^^^^^^^^^^^^^^^
    )
    ^
  File "C:\Python314\Lib\site-packages\django\db\backends\utils.py", line 92, in _execute_with_wrappers
    return executor(sql, params, many, context)
  File "C:\Python314\Lib\site-packages\django\db\backends\utils.py", line 100, in _execute
    with self.db.wrap_database_errors:
         ^^^^^^^^^^^^^^^^^^^^^^^^^^^^
  File "C:\Python314\Lib\site-packages\django\db\utils.py", line 91, in __exit__
    raise dj_exc_value.with_traceback(traceback) from exc_value
  File "C:\Python314\Lib\site-packages\django\db\backends\utils.py", line 105, in _execute
    return self.cursor.execute(sql, params)
           ~~~~~~~~~~~~~~~~~~~^^^^^^^^^^^^^
  File "C:\Python314\Lib\site-packages\django\db\backends\mysql\base.py", line 76, in execute
    return self.cursor.execute(query, args)
           ~~~~~~~~~~~~~~~~~~~^^^^^^^^^^^^^
  File "C:\Python314\Lib\site-packages\MySQLdb\cursors.py", line 179, in execute
    res = self._query(mogrified_query)
  File "C:\Python314\Lib\site-packages\MySQLdb\cursors.py", line 331, in _query
    self._do_get_result(db)
    ~~~~~~~~~~~~~~~~~~~^^^^
  File "C:\Python314\Lib\site-packages\MySQLdb\cursors.py", line 136, in _do_get_result
    self._result = result = self._get_result()
                            ~~~~~~~~~~~~~~~~^^
  File "C:\Python314\Lib\site-packages\MySQLdb\cursors.py", line 363, in _get_result
    return self._get_db().store_result()
           ~~~~~~~~~~~~~~~~~~~~~~~~~~~^^
django.db.utils.OperationalError: (2013, 'Lost connection to server during query')
2026-08-25 19:04:04,263 ERROR django.server "GET /v2 HTTP/1.1" 500 206689
2026-08-25 20:17:33,433 WARNING django.server "GET /static/js/hoverable-collapse.js HTTP/1.1" 404 1898
2026-08-25 20:17:33,491 WARNING django.server "GET /static/js/settings.js HTTP/1.1" 404 1868
2026-08-25 20:17:33,533 WARNING django.server "GET /static/js/todolist.js HTTP/1.1" 404 1868
2026-08-26 09:20:27,257 WARNING django.server "GET /static/js/hoverable-collapse.js HTTP/1.1" 404 1898
2026-08-26 09:20:27,276 WARNING django.server "GET /static/js/settings.js HTTP/1.1" 404 1868
2026-08-26 09:20:27,309 WARNING django.server "GET /static/js/todolist.js HTTP/1.1" 404 1868
2026-08-26 09:22:16,564 WARNING django.server "GET /static/js/settings.js HTTP/1.1" 404 1868
2026-08-26 09:22:16,573 WARNING django.server "GET /static/js/todolist.js HTTP/1.1" 404 1868
2026-08-26 09:22:16,579 WARNING django.server "GET /static/js/hoverable-collapse.js HTTP/1.1" 404 1898
2026-08-26 09:22:39,537 WARNING django.server "GET /static/js/settings.js HTTP/1.1" 404 1868
2026-08-26 09:22:39,537 WARNING django.server "GET /static/js/hoverable-collapse.js HTTP/1.1" 404 1898
2026-08-26 09:22:39,544 WARNING django.server "GET /static/js/todolist.js HTTP/1.1" 404 1868
2026-08-26 09:27:23,665 WARNING django.server "GET /static/js/settings.js HTTP/1.1" 404 1868
2026-08-26 09:27:23,671 WARNING django.server "GET /static/js/hoverable-collapse.js HTTP/1.1" 404 1898
2026-08-26 09:27:23,677 WARNING django.server "GET /static/js/todolist.js HTTP/1.1" 404 1868
2026-08-26 09:33:11,015 WARNING django.security.csrf Forbidden (CSRF token from POST incorrect.): /login
2026-08-26 09:33:11,209 WARNING django.security.csrf Forbidden (CSRF token from POST incorrect.): /login
2026-08-26 09:33:26,519 WARNING django.security.csrf Forbidden (CSRF token from POST incorrect.): /login
2026-08-26 09:33:26,886 WARNING django.security.csrf Forbidden (CSRF token from POST incorrect.): /login
2026-08-26 09:33:27,063 WARNING django.security.csrf Forbidden (CSRF token from POST incorrect.): /login
2026-08-26 09:42:16,311 WARNING django.server "GET /static/js/hoverable-collapse.js HTTP/1.1" 404 1898
2026-08-26 09:42:16,317 WARNING django.server "GET /static/js/settings.js HTTP/1.1" 404 1868
2026-08-26 09:42:16,318 WARNING django.server "GET /static/js/todolist.js HTTP/1.1" 404 1868
2026-08-26 09:43:49,392 WARNING django.server "GET /static/js/hoverable-collapse.js HTTP/1.1" 404 1898
2026-08-26 09:43:49,402 WARNING django.server "GET /static/js/todolist.js HTTP/1.1" 404 1868
2026-08-26 09:43:49,403 WARNING django.server "GET /static/js/settings.js HTTP/1.1" 404 1868
2026-08-26 09:44:26,471 WARNING django.server "GET /static/js/settings.js HTTP/1.1" 404 1868
2026-08-26 09:44:26,477 WARNING django.server "GET /static/js/hoverable-collapse.js HTTP/1.1" 404 1898
2026-08-26 09:44:26,484 WARNING django.server "GET /static/js/todolist.js HTTP/1.1" 404 1868
2026-08-26 09:45:56,832 WARNING django.server "GET /static/js/hoverable-collapse.js HTTP/1.1" 404 1898
2026-08-26 09:45:56,942 WARNING django.server "GET /static/js/settings.js HTTP/1.1" 404 1868
2026-08-26 09:45:57,018 WARNING django.server "GET /static/js/todolist.js HTTP/1.1" 404 1868
2026-08-26 09:46:22,872 WARNING django.server "GET /static/js/hoverable-collapse.js HTTP/1.1" 404 1898
2026-08-26 09:46:22,881 WARNING django.server "GET /static/js/settings.js HTTP/1.1" 404 1868
2026-08-26 09:46:22,923 WARNING django.server "GET /static/js/todolist.js HTTP/1.1" 404 1868
2026-08-26 09:48:06,580 WARNING django.server "GET /static/js/hoverable-collapse.js HTTP/1.1" 404 1898
2026-08-26 09:48:06,589 WARNING django.server "GET /static/js/settings.js HTTP/1.1" 404 1868
2026-08-26 09:48:06,591 WARNING django.server "GET /static/js/todolist.js HTTP/1.1" 404 1868
2026-08-26 09:55:51,963 WARNING django.server "GET /static/js/hoverable-collapse.js HTTP/1.1" 404 1898
2026-08-26 09:55:52,099 WARNING django.server "GET /static/js/settings.js HTTP/1.1" 404 1868
2026-08-26 09:55:52,268 WARNING django.server "GET /static/js/todolist.js HTTP/1.1" 404 1868
2026-08-26 09:56:09,797 WARNING django.server "GET /static/js/hoverable-collapse.js HTTP/1.1" 404 1898
2026-08-26 09:56:10,100 WARNING django.server "GET /static/js/settings.js HTTP/1.1" 404 1868
2026-08-26 09:56:10,167 WARNING django.server "GET /static/js/todolist.js HTTP/1.1" 404 1868
2026-08-26 09:56:41,237 WARNING django.security.csrf Forbidden (CSRF token from POST incorrect.): /login
2026-08-26 11:03:25,675 WARNING django.server "GET /static/js/hoverable-collapse.js HTTP/1.1" 404 1898
2026-08-26 11:03:25,681 WARNING django.server "GET /static/js/settings.js HTTP/1.1" 404 1868
2026-08-26 11:03:25,687 WARNING django.server "GET /static/js/todolist.js HTTP/1.1" 404 1868
2026-08-26 11:15:51,063 WARNING django.server "GET /static/js/hoverable-collapse.js HTTP/1.1" 404 1898
2026-08-26 11:15:51,193 WARNING django.server "GET /static/js/settings.js HTTP/1.1" 404 1868
2026-08-26 11:15:51,395 WARNING django.server "GET /static/js/todolist.js HTTP/1.1" 404 1868
2026-08-26 11:16:29,199 WARNING django.security.csrf Forbidden (CSRF token from POST incorrect.): /login
2026-08-26 11:17:38,520 WARNING django.security.csrf Forbidden (CSRF token from POST incorrect.): /login
2026-08-26 11:17:41,000 WARNING django.server "GET /static/js/hoverable-collapse.js HTTP/1.1" 404 1898
2026-08-26 11:19:35,069 WARNING django.server "GET /static/js/hoverable-collapse.js HTTP/1.1" 404 1898
2026-08-26 11:19:35,149 WARNING django.server "GET /static/js/settings.js HTTP/1.1" 404 1868
2026-08-26 11:19:35,195 WARNING django.server "GET /static/js/todolist.js HTTP/1.1" 404 1868
2026-08-26 11:19:35,935 WARNING django.server "GET /static/js/hoverable-collapse.js HTTP/1.1" 404 1898
2026-08-26 11:19:36,074 WARNING django.server "GET /static/js/settings.js HTTP/1.1" 404 1868
2026-08-26 11:19:36,085 WARNING django.server "GET /static/js/todolist.js HTTP/1.1" 404 1868
2026-08-26 11:19:38,931 WARNING django.request Not Found: /favicon.ico
2026-08-26 11:20:06,970 WARNING django.request Not Found: /favicon.ico
2026-08-26 11:20:17,917 WARNING django.request Not Found: /favicon.ico
2026-08-26 11:20:37,258 WARNING django.server "GET /static/js/hoverable-collapse.js HTTP/1.1" 404 1898
2026-08-26 11:20:37,304 WARNING django.server "GET /static/js/settings.js HTTP/1.1" 404 1868
2026-08-26 11:20:37,368 WARNING django.server "GET /static/js/todolist.js HTTP/1.1" 404 1868
2026-08-26 11:21:26,249 WARNING django.server "GET /static/js/hoverable-collapse.js HTTP/1.1" 404 1898
2026-08-26 11:21:26,387 WARNING django.server "GET /static/js/settings.js HTTP/1.1" 404 1868
2026-08-26 11:21:26,393 WARNING django.server "GET /static/js/todolist.js HTTP/1.1" 404 1868
2026-08-26 11:21:37,023 WARNING django.security.csrf Forbidden (CSRF token from POST incorrect.): /login
2026-08-26 11:22:47,681 WARNING django.security.csrf Forbidden (CSRF token from POST incorrect.): /login
2026-08-26 11:23:45,801 WARNING django.server "GET /static/js/hoverable-collapse.js HTTP/1.1" 404 1898
2026-08-26 11:23:45,873 WARNING django.server "GET /static/js/settings.js HTTP/1.1" 404 1868
2026-08-26 11:23:45,914 WARNING django.server "GET /static/js/todolist.js HTTP/1.1" 404 1868
2026-08-26 11:23:53,002 WARNING django.server "GET /static/js/hoverable-collapse.js HTTP/1.1" 404 1898
2026-08-26 11:23:53,105 WARNING django.server "GET /static/js/settings.js HTTP/1.1" 404 1868
2026-08-26 11:23:53,132 WARNING django.server "GET /static/js/todolist.js HTTP/1.1" 404 1868
2026-08-26 11:24:18,697 WARNING django.server "GET /static/js/hoverable-collapse.js HTTP/1.1" 404 1898
2026-08-26 11:24:18,798 WARNING django.server "GET /static/js/settings.js HTTP/1.1" 404 1868
2026-08-26 11:24:18,816 WARNING django.server "GET /static/js/todolist.js HTTP/1.1" 404 1868
2026-08-26 11:37:27,380 WARNING django.request Not Found: /favicon.ico
2026-08-26 11:37:27,382 WARNING django.server "GET /favicon.ico HTTP/1.1" 404 7691
2026-08-26 11:39:47,290 DEBUG urllib3.connectionpool Starting new HTTPS connection (1): api.axismyindia.in:443
2026-08-26 11:39:47,743 DEBUG urllib3.connectionpool https://api.axismyindia.in:443 "GET /v1/admin/surveyors/qc-service/survey-response-download/download-range/876?startDate=2026-08-24&endDate=2026-08-25 HTTP/1.1" 200 93
2026-08-26 11:39:53,041 DEBUG urllib3.connectionpool Starting new HTTPS connection (1): api.axismyindia.in:443
2026-08-26 11:39:53,125 DEBUG urllib3.connectionpool https://api.axismyindia.in:443 "GET /v1/admin/surveyors/qc-service/survey-response-download/survey-report-tasks?page=1&size=10&choiceId=876 HTTP/1.1" 200 None
2026-08-26 11:39:53,612 WARNING django.request Not Found: /styles.css
2026-08-26 11:39:53,614 WARNING django.server "GET /styles.css HTTP/1.1" 404 7688
2026-08-26 11:39:55,024 DEBUG urllib3.connectionpool Starting new HTTPS connection (1): api.axismyindia.in:443
2026-08-26 11:39:55,161 DEBUG urllib3.connectionpool https://api.axismyindia.in:443 "GET /v1/admin/surveyors/qc-service/survey-response-download/download-survey-report?taskId=6615%20 HTTP/1.1" 200 76494
2026-08-26 12:03:59,284 WARNING django.server "GET /static/js/hoverable-collapse.js HTTP/1.1" 404 1898
2026-08-26 12:03:59,390 WARNING django.server "GET /static/js/settings.js HTTP/1.1" 404 1868
2026-08-26 12:03:59,403 WARNING django.server "GET /static/js/todolist.js HTTP/1.1" 404 1868
2026-08-26 12:04:21,406 WARNING django.server "GET /static/js/hoverable-collapse.js HTTP/1.1" 404 1898
2026-08-26 12:04:21,532 WARNING django.server "GET /static/js/todolist.js HTTP/1.1" 404 1868
2026-08-26 12:04:21,540 WARNING django.server "GET /static/js/settings.js HTTP/1.1" 404 1868
2026-08-26 12:06:36,943 WARNING django.server "GET /static/js/hoverable-collapse.js HTTP/1.1" 404 1898
2026-08-26 12:06:37,013 WARNING django.server "GET /static/js/settings.js HTTP/1.1" 404 1868
2026-08-26 12:06:37,064 WARNING django.server "GET /static/js/todolist.js HTTP/1.1" 404 1868
2026-08-26 12:07:51,092 WARNING django.server "GET /static/vendors/js/bootstrap.min.js.map HTTP/1.1" 404 1919
2026-08-26 12:07:51,201 WARNING django.server "GET /static/vendors/js/jquery.contextMenu.min.js.map HTTP/1.1" 404 1946
2026-08-26 12:07:51,340 WARNING django.server "GET /static/vendors/css/jquery.contextMenu.min.css.map HTTP/1.1" 404 1952
2026-08-26 12:08:10,671 WARNING django.server "GET /static/vendors/js/bootstrap.min.js.map HTTP/1.1" 404 1919
2026-08-26 12:08:10,695 WARNING django.server "GET /static/vendors/css/jquery.contextMenu.min.css.map HTTP/1.1" 404 1952
2026-08-26 12:08:11,047 WARNING django.server "GET /static/vendors/js/jquery.contextMenu.min.js.map HTTP/1.1" 404 1946
2026-08-26 12:08:25,620 WARNING django.server "GET /static/vendors/css/jquery.contextMenu.min.css.map HTTP/1.1" 404 1952
2026-08-26 12:08:25,629 WARNING django.server "GET /static/vendors/js/bootstrap.min.js.map HTTP/1.1" 404 1919
2026-08-26 12:08:25,945 WARNING django.server "GET /static/vendors/js/jquery.contextMenu.min.js.map HTTP/1.1" 404 1946
2026-08-26 12:09:42,581 WARNING django.server "GET /static/js/hoverable-collapse.js HTTP/1.1" 404 1898
2026-08-26 12:09:42,796 WARNING django.server "GET /static/js/settings.js HTTP/1.1" 404 1868
2026-08-26 12:09:42,801 WARNING django.server "GET /static/js/todolist.js HTTP/1.1" 404 1868
2026-08-26 12:09:47,856 WARNING django.server "GET /static/js/hoverable-collapse.js HTTP/1.1" 404 1898
2026-08-26 12:09:47,866 WARNING django.server "GET /static/js/todolist.js HTTP/1.1" 404 1868
2026-08-26 12:09:47,868 WARNING django.server "GET /static/js/settings.js HTTP/1.1" 404 1868
2026-08-26 12:10:15,975 WARNING django.request Not Found: /favicon.ico
2026-08-26 12:10:15,977 WARNING django.server "GET /favicon.ico HTTP/1.1" 404 7691
2026-08-26 12:11:24,181 WARNING django.server "GET /static/js/hoverable-collapse.js HTTP/1.1" 404 1898
2026-08-26 12:11:24,189 WARNING django.server "GET /static/js/settings.js HTTP/1.1" 404 1868
2026-08-26 12:11:24,196 WARNING django.server "GET /static/js/todolist.js HTTP/1.1" 404 1868
2026-08-26 12:11:28,725 WARNING django.server "GET /static/js/settings.js HTTP/1.1" 404 1868
2026-08-26 12:11:28,726 WARNING django.server "GET /static/js/hoverable-collapse.js HTTP/1.1" 404 1898
2026-08-26 12:11:28,734 WARNING django.server "GET /static/js/todolist.js HTTP/1.1" 404 1868
2026-08-26 12:12:42,405 WARNING django.server "GET /static/js/hoverable-collapse.js HTTP/1.1" 404 1898
2026-08-26 12:12:42,510 WARNING django.server "GET /static/js/settings.js HTTP/1.1" 404 1868
2026-08-26 12:12:42,522 WARNING django.server "GET /static/js/todolist.js HTTP/1.1" 404 1868
2026-08-26 12:12:42,637 WARNING django.server "GET /static/vendors/css/jquery.contextMenu.min.css.map HTTP/1.1" 404 1952
2026-08-26 12:12:42,665 WARNING django.server "GET /static/vendors/js/bootstrap.min.js.map HTTP/1.1" 404 1919
2026-08-26 12:12:42,992 WARNING django.server "GET /static/vendors/js/jquery.contextMenu.min.js.map HTTP/1.1" 404 1946
2026-08-26 12:12:49,264 WARNING django.server "GET /static/vendors/css/jquery.contextMenu.min.css.map HTTP/1.1" 404 1952
2026-08-26 12:12:49,295 WARNING django.server "GET /static/vendors/js/bootstrap.min.js.map HTTP/1.1" 404 1919
2026-08-26 12:12:49,734 WARNING django.server "GET /static/vendors/js/jquery.contextMenu.min.js.map HTTP/1.1" 404 1946
2026-08-26 12:14:03,996 WARNING django.server "GET /static/vendors/css/jquery.contextMenu.min.css.map HTTP/1.1" 404 1952
2026-08-26 12:14:05,280 WARNING django.server "GET /static/vendors/js/bootstrap.min.js.map HTTP/1.1" 404 1919
2026-08-26 12:14:05,785 WARNING django.server "GET /static/vendors/js/jquery.contextMenu.min.js.map HTTP/1.1" 404 1946
2026-08-26 12:18:31,108 WARNING django.server "GET /static/js/hoverable-collapse.js HTTP/1.1" 404 1898
2026-08-26 12:18:31,113 WARNING django.server "GET /static/js/settings.js HTTP/1.1" 404 1868
2026-08-26 12:18:31,122 WARNING django.server "GET /static/js/todolist.js HTTP/1.1" 404 1868
2026-08-26 12:24:18,487 WARNING django.server "GET /static/vendors/js/bootstrap.min.js.map HTTP/1.1" 404 1919
2026-08-26 12:24:18,493 WARNING django.server "GET /static/vendors/js/jquery.contextMenu.min.js.map HTTP/1.1" 404 1946
2026-08-26 12:24:18,704 WARNING django.server "GET /static/vendors/css/jquery.contextMenu.min.css.map HTTP/1.1" 404 1952
2026-08-26 12:24:31,418 WARNING django.server "GET /static/vendors/js/bootstrap.min.js.map HTTP/1.1" 404 1919
2026-08-26 12:24:31,495 WARNING django.server "GET /static/vendors/css/jquery.contextMenu.min.css.map HTTP/1.1" 404 1952
2026-08-26 12:24:31,769 WARNING django.server "GET /static/vendors/js/jquery.contextMenu.min.js.map HTTP/1.1" 404 1946
2026-08-26 12:53:29,924 WARNING django.server "GET /static/js/hoverable-collapse.js HTTP/1.1" 404 1898
2026-08-26 12:53:29,933 WARNING django.server "GET /static/js/settings.js HTTP/1.1" 404 1868
2026-08-26 12:53:29,941 WARNING django.server "GET /static/js/todolist.js HTTP/1.1" 404 1868
2026-08-26 12:54:29,676 WARNING django.server "GET /static/js/hoverable-collapse.js HTTP/1.1" 404 1898
2026-08-26 12:54:29,678 WARNING django.server "GET /static/js/todolist.js HTTP/1.1" 404 1868
2026-08-26 12:54:29,678 WARNING django.server "GET /static/js/settings.js HTTP/1.1" 404 1868
2026-08-26 12:54:32,969 WARNING django.server "GET /static/js/hoverable-collapse.js HTTP/1.1" 404 1898
2026-08-26 12:54:32,980 WARNING django.server "GET /static/js/settings.js HTTP/1.1" 404 1868
2026-08-26 12:54:33,023 WARNING django.server "GET /static/js/todolist.js HTTP/1.1" 404 1868
2026-08-26 12:56:18,497 WARNING django.server "GET /static/js/hoverable-collapse.js HTTP/1.1" 404 1898
2026-08-26 12:56:18,505 WARNING django.server "GET /static/js/settings.js HTTP/1.1" 404 1868
2026-08-26 12:56:18,510 WARNING django.server "GET /static/js/todolist.js HTTP/1.1" 404 1868
2026-08-26 12:56:39,118 WARNING django.server "GET /static/js/hoverable-collapse.js HTTP/1.1" 404 1898
2026-08-26 12:56:39,125 WARNING django.server "GET /static/js/settings.js HTTP/1.1" 404 1868
2026-08-26 12:56:39,129 WARNING django.server "GET /static/js/todolist.js HTTP/1.1" 404 1868
2026-08-26 12:56:44,261 WARNING django.server "GET /static/js/hoverable-collapse.js HTTP/1.1" 404 1898
2026-08-26 12:56:44,271 WARNING django.server "GET /static/js/settings.js HTTP/1.1" 404 1868
2026-08-26 12:56:44,314 WARNING django.server "GET /static/js/todolist.js HTTP/1.1" 404 1868
2026-08-26 12:57:05,679 WARNING django.server "GET /static/js/hoverable-collapse.js HTTP/1.1" 404 1898
2026-08-26 12:57:05,687 WARNING django.server "GET /static/js/settings.js HTTP/1.1" 404 1868
2026-08-26 12:57:05,692 WARNING django.server "GET /static/js/todolist.js HTTP/1.1" 404 1868
2026-08-26 12:57:40,481 WARNING django.server "GET /static/js/hoverable-collapse.js HTTP/1.1" 404 1898
2026-08-26 12:57:40,598 WARNING django.server "GET /static/js/settings.js HTTP/1.1" 404 1868
2026-08-26 12:57:40,629 WARNING django.server "GET /static/js/todolist.js HTTP/1.1" 404 1868
2026-08-26 13:01:32,538 WARNING django.server "GET /static/js/hoverable-collapse.js HTTP/1.1" 404 1898
2026-08-26 12:59:09,621 WARNING django.security.csrf Forbidden (CSRF token from POST incorrect.): /login
2026-08-26 13:01:32,550 WARNING django.server "GET /static/js/settings.js HTTP/1.1" 404 1868
2026-08-26 13:01:32,551 WARNING django.server "GET /static/js/todolist.js HTTP/1.1" 404 1868
2026-08-26 13:02:20,475 WARNING django.security.csrf Forbidden (CSRF token from POST incorrect.): /login
2026-08-26 13:02:41,034 WARNING django.server "GET /static/js/hoverable-collapse.js HTTP/1.1" 404 1898
2026-08-26 13:02:41,170 WARNING django.server "GET /static/js/settings.js HTTP/1.1" 404 1868
2026-08-26 13:02:41,170 WARNING django.server "GET /static/js/todolist.js HTTP/1.1" 404 1868
2026-08-26 13:02:45,873 WARNING django.server "GET /static/js/hoverable-collapse.js HTTP/1.1" 404 1898
2026-08-26 13:02:45,945 WARNING django.server "GET /static/js/settings.js HTTP/1.1" 404 1868
2026-08-26 13:02:45,999 WARNING django.server "GET /static/js/todolist.js HTTP/1.1" 404 1868
2026-08-26 13:02:51,566 WARNING django.server "GET /static/js/hoverable-collapse.js HTTP/1.1" 404 1898
2026-08-26 13:02:51,685 WARNING django.server "GET /static/js/todolist.js HTTP/1.1" 404 1868
2026-08-26 13:02:51,692 WARNING django.server "GET /static/js/settings.js HTTP/1.1" 404 1868
2026-08-26 13:03:02,146 WARNING django.server "POST /login HTTP/1.1" 403 2503
2026-08-26 13:03:02,281 WARNING django.request The request's session was deleted before the request completed. The user may have logged out in a concurrent request, for example.: /login
Traceback (most recent call last):
  File "C:\Python314\Lib\site-packages\django\contrib\sessions\backends\db.py", line 127, in save
    obj.save(
    ~~~~~~~~^
        force_insert=must_create, force_update=not must_create, using=using
        ^^^^^^^^^^^^^^^^^^^^^^^^^^^^^^^^^^^^^^^^^^^^^^^^^^^^^^^^^^^^^^^^^^^
    )
    ^
  File "C:\Python314\Lib\site-packages\django\db\models\base.py", line 902, in save
    self.save_base(
    ~~~~~~~~~~~~~~^
        using=using,
        ^^^^^^^^^^^^
    ...<2 lines>...
        update_fields=update_fields,
        ^^^^^^^^^^^^^^^^^^^^^^^^^^^^
    )
    ^
  File "C:\Python314\Lib\site-packages\django\db\models\base.py", line 1008, in save_base
    updated = self._save_table(
        raw,
    ...<4 lines>...
        update_fields,
    )
  File "C:\Python314\Lib\site-packages\django\db\models\base.py", line 1142, in _save_table
    raise DatabaseError("Forced update did not affect any rows.")
django.db.utils.DatabaseError: Forced update did not affect any rows.

During handling of the above exception, another exception occurred:

Traceback (most recent call last):
  File "C:\Python314\Lib\site-packages\django\contrib\sessions\middleware.py", line 59, in process_response
    request.session.save()
    ~~~~~~~~~~~~~~~~~~~~^^
  File "C:\Python314\Lib\site-packages\django\contrib\sessions\backends\db.py", line 136, in save
    raise UpdateError
django.contrib.sessions.backends.base.UpdateError

During handling of the above exception, another exception occurred:

Traceback (most recent call last):
  File "C:\Python314\Lib\site-packages\django\core\handlers\exception.py", line 55, in inner
    response = get_response(request)
  File "C:\Python314\Lib\site-packages\django\utils\deprecation.py", line 122, in __call__
    response = self.process_response(request, response)
  File "C:\Python314\Lib\site-packages\django\contrib\sessions\middleware.py", line 61, in process_response
    raise SessionInterrupted(
    ...<3 lines>...
    )
django.contrib.sessions.exceptions.SessionInterrupted: The request's session was deleted before the request completed. The user may have logged out in a concurrent request, for example.
2026-08-26 13:03:02,302 WARNING django.server "POST /login HTTP/1.1" 400 105449
2026-08-26 13:03:45,169 WARNING django.request The request's session was deleted before the request completed. The user may have logged out in a concurrent request, for example.: /v2
Traceback (most recent call last):
  File "C:\Python314\Lib\site-packages\django\contrib\sessions\backends\db.py", line 127, in save
    obj.save(
    ~~~~~~~~^
        force_insert=must_create, force_update=not must_create, using=using
        ^^^^^^^^^^^^^^^^^^^^^^^^^^^^^^^^^^^^^^^^^^^^^^^^^^^^^^^^^^^^^^^^^^^
    )
    ^
  File "C:\Python314\Lib\site-packages\django\db\models\base.py", line 902, in save
    self.save_base(
    ~~~~~~~~~~~~~~^
        using=using,
        ^^^^^^^^^^^^
    ...<2 lines>...
        update_fields=update_fields,
        ^^^^^^^^^^^^^^^^^^^^^^^^^^^^
    )
    ^
  File "C:\Python314\Lib\site-packages\django\db\models\base.py", line 1008, in save_base
    updated = self._save_table(
        raw,
    ...<4 lines>...
        update_fields,
    )
  File "C:\Python314\Lib\site-packages\django\db\models\base.py", line 1142, in _save_table
    raise DatabaseError("Forced update did not affect any rows.")
django.db.utils.DatabaseError: Forced update did not affect any rows.

During handling of the above exception, another exception occurred:

Traceback (most recent call last):
  File "C:\Python314\Lib\site-packages\django\contrib\sessions\middleware.py", line 59, in process_response
    request.session.save()
    ~~~~~~~~~~~~~~~~~~~~^^
  File "C:\Python314\Lib\site-packages\django\contrib\sessions\backends\db.py", line 136, in save
    raise UpdateError
django.contrib.sessions.backends.base.UpdateError

During handling of the above exception, another exception occurred:

Traceback (most recent call last):
  File "C:\Python314\Lib\site-packages\django\core\handlers\exception.py", line 55, in inner
    response = get_response(request)
  File "C:\Python314\Lib\site-packages\django\utils\deprecation.py", line 122, in __call__
    response = self.process_response(request, response)
  File "C:\Python314\Lib\site-packages\django\contrib\sessions\middleware.py", line 61, in process_response
    raise SessionInterrupted(
    ...<3 lines>...
    )
django.contrib.sessions.exceptions.SessionInterrupted: The request's session was deleted before the request completed. The user may have logged out in a concurrent request, for example.
2026-08-26 13:03:45,176 WARNING django.server "GET /v2 HTTP/1.1" 400 104674
2026-08-26 13:03:49,931 WARNING django.request Not Found: /favicon.ico
2026-08-26 13:03:49,932 WARNING django.server "GET /favicon.ico HTTP/1.1" 404 7691
2026-08-26 13:03:52,115 WARNING django.request The request's session was deleted before the request completed. The user may have logged out in a concurrent request, for example.: /v2
Traceback (most recent call last):
  File "C:\Python314\Lib\site-packages\django\contrib\sessions\backends\db.py", line 127, in save
    obj.save(
    ~~~~~~~~^
        force_insert=must_create, force_update=not must_create, using=using
        ^^^^^^^^^^^^^^^^^^^^^^^^^^^^^^^^^^^^^^^^^^^^^^^^^^^^^^^^^^^^^^^^^^^
    )
    ^
  File "C:\Python314\Lib\site-packages\django\db\models\base.py", line 902, in save
    self.save_base(
    ~~~~~~~~~~~~~~^
        using=using,
        ^^^^^^^^^^^^
    ...<2 lines>...
        update_fields=update_fields,
        ^^^^^^^^^^^^^^^^^^^^^^^^^^^^
    )
    ^
  File "C:\Python314\Lib\site-packages\django\db\models\base.py", line 1008, in save_base
    updated = self._save_table(
        raw,
    ...<4 lines>...
        update_fields,
    )
  File "C:\Python314\Lib\site-packages\django\db\models\base.py", line 1142, in _save_table
    raise DatabaseError("Forced update did not affect any rows.")
django.db.utils.DatabaseError: Forced update did not affect any rows.

During handling of the above exception, another exception occurred:

Traceback (most recent call last):
  File "C:\Python314\Lib\site-packages\django\contrib\sessions\middleware.py", line 59, in process_response
    request.session.save()
    ~~~~~~~~~~~~~~~~~~~~^^
  File "C:\Python314\Lib\site-packages\django\contrib\sessions\backends\db.py", line 136, in save
    raise UpdateError
django.contrib.sessions.backends.base.UpdateError

During handling of the above exception, another exception occurred:

Traceback (most recent call last):
  File "C:\Python314\Lib\site-packages\django\core\handlers\exception.py", line 55, in inner
    response = get_response(request)
  File "C:\Python314\Lib\site-packages\django\utils\deprecation.py", line 122, in __call__
    response = self.process_response(request, response)
  File "C:\Python314\Lib\site-packages\django\contrib\sessions\middleware.py", line 61, in process_response
    raise SessionInterrupted(
    ...<3 lines>...
    )
django.contrib.sessions.exceptions.SessionInterrupted: The request's session was deleted before the request completed. The user may have logged out in a concurrent request, for example.
2026-08-26 13:03:52,123 WARNING django.server "GET /v2 HTTP/1.1" 400 104674
2026-08-26 13:03:52,343 WARNING django.request The request's session was deleted before the request completed. The user may have logged out in a concurrent request, for example.: /v2
Traceback (most recent call last):
  File "C:\Python314\Lib\site-packages\django\contrib\sessions\backends\db.py", line 127, in save
    obj.save(
    ~~~~~~~~^
        force_insert=must_create, force_update=not must_create, using=using
        ^^^^^^^^^^^^^^^^^^^^^^^^^^^^^^^^^^^^^^^^^^^^^^^^^^^^^^^^^^^^^^^^^^^
    )
    ^
  File "C:\Python314\Lib\site-packages\django\db\models\base.py", line 902, in save
    self.save_base(
    ~~~~~~~~~~~~~~^
        using=using,
        ^^^^^^^^^^^^
    ...<2 lines>...
        update_fields=update_fields,
        ^^^^^^^^^^^^^^^^^^^^^^^^^^^^
    )
    ^
  File "C:\Python314\Lib\site-packages\django\db\models\base.py", line 1008, in save_base
    updated = self._save_table(
        raw,
    ...<4 lines>...
        update_fields,
    )
  File "C:\Python314\Lib\site-packages\django\db\models\base.py", line 1142, in _save_table
    raise DatabaseError("Forced update did not affect any rows.")
django.db.utils.DatabaseError: Forced update did not affect any rows.

During handling of the above exception, another exception occurred:

Traceback (most recent call last):
  File "C:\Python314\Lib\site-packages\django\contrib\sessions\middleware.py", line 59, in process_response
    request.session.save()
    ~~~~~~~~~~~~~~~~~~~~^^
  File "C:\Python314\Lib\site-packages\django\contrib\sessions\backends\db.py", line 136, in save
    raise UpdateError
django.contrib.sessions.backends.base.UpdateError

During handling of the above exception, another exception occurred:

Traceback (most recent call last):
  File "C:\Python314\Lib\site-packages\django\core\handlers\exception.py", line 55, in inner
    response = get_response(request)
  File "C:\Python314\Lib\site-packages\django\utils\deprecation.py", line 122, in __call__
    response = self.process_response(request, response)
  File "C:\Python314\Lib\site-packages\django\contrib\sessions\middleware.py", line 61, in process_response
    raise SessionInterrupted(
    ...<3 lines>...
    )
django.contrib.sessions.exceptions.SessionInterrupted: The request's session was deleted before the request completed. The user may have logged out in a concurrent request, for example.
2026-08-26 13:03:52,352 WARNING django.server "GET /v2 HTTP/1.1" 400 104674
2026-08-26 13:03:52,806 WARNING django.security.csrf Forbidden (CSRF token from POST incorrect.): /login
2026-08-26 13:03:52,807 WARNING django.server "POST /login HTTP/1.1" 403 2503
2026-08-26 13:04:06,462 WARNING django.server "GET /static/js/hoverable-collapse.js HTTP/1.1" 404 1898
2026-08-26 13:04:06,469 WARNING django.server "GET /static/js/settings.js HTTP/1.1" 404 1868
2026-08-26 13:04:06,477 WARNING django.server "GET /static/js/todolist.js HTTP/1.1" 404 1868
2026-08-26 13:06:22,664 DEBUG tzlocal Looking up time zone info from registry
2026-08-26 13:06:44,565 WARNING django.server "GET /static/js/hoverable-collapse.js HTTP/1.1" 404 1898
2026-08-26 13:06:44,621 WARNING django.server "GET /static/js/settings.js HTTP/1.1" 404 1868
2026-08-26 13:06:44,682 WARNING django.server "GET /static/js/todolist.js HTTP/1.1" 404 1868
2026-08-26 13:22:18,043 WARNING django.server "GET /static/js/hoverable-collapse.js HTTP/1.1" 404 1898
2026-08-26 13:22:18,057 WARNING django.server "GET /static/js/settings.js HTTP/1.1" 404 1868
2026-08-26 13:22:18,168 WARNING django.server "GET /static/js/todolist.js HTTP/1.1" 404 1868
2026-08-26 13:25:37,795 WARNING django.server "GET /static/js/hoverable-collapse.js HTTP/1.1" 404 1898
2026-08-26 13:25:37,801 WARNING django.server "GET /static/js/settings.js HTTP/1.1" 404 1868
2026-08-26 13:25:37,808 WARNING django.server "GET /static/js/todolist.js HTTP/1.1" 404 1868
2026-08-26 13:25:50,504 WARNING django.request Not Found: /favicon.ico
2026-08-26 13:25:50,506 WARNING django.server "GET /favicon.ico HTTP/1.1" 404 7691
2026-08-26 13:26:05,177 WARNING django.security.csrf Forbidden (CSRF token from POST incorrect.): /login
2026-08-26 13:26:05,197 WARNING django.server "POST /login HTTP/1.1" 403 2503
2026-08-26 13:35:18,047 WARNING django.server "GET /static/js/hoverable-collapse.js HTTP/1.1" 404 1898
2026-08-26 13:35:18,071 WARNING django.server "GET /static/js/settings.js HTTP/1.1" 404 1868
2026-08-26 13:35:18,086 WARNING django.server "GET /static/js/todolist.js HTTP/1.1" 404 1868
2026-08-26 13:36:23,562 WARNING django.request Not Found: /favicon.ico
2026-08-26 13:36:23,564 WARNING django.server "GET /favicon.ico HTTP/1.1" 404 7691
2026-08-26 13:51:11,181 WARNING django.server "GET /static/js/settings.js HTTP/1.1" 404 1868
2026-08-26 13:51:11,187 WARNING django.server "GET /static/js/hoverable-collapse.js HTTP/1.1" 404 1898
2026-08-26 13:51:11,197 WARNING django.server "GET /static/js/todolist.js HTTP/1.1" 404 1868
2026-08-26 13:51:38,296 WARNING django.server "GET /static/js/hoverable-collapse.js HTTP/1.1" 404 1898
2026-08-26 13:51:38,306 WARNING django.server "GET /static/js/settings.js HTTP/1.1" 404 1868
2026-08-26 13:51:38,310 WARNING django.server "GET /static/js/todolist.js HTTP/1.1" 404 1868
2026-08-26 13:52:04,849 WARNING django.request Not Found: /favicon.ico
2026-08-26 13:52:04,851 WARNING django.server "GET /favicon.ico HTTP/1.1" 404 7691
2026-08-26 14:05:36,187 WARNING django.server "GET /static/js/settings.js HTTP/1.1" 404 1868
2026-08-26 14:05:36,195 WARNING django.server "GET /static/js/hoverable-collapse.js HTTP/1.1" 404 1898
2026-08-26 14:05:36,202 WARNING django.server "GET /static/js/todolist.js HTTP/1.1" 404 1868
2026-08-26 14:05:48,053 WARNING django.server "GET /static/js/settings.js HTTP/1.1" 404 1868
2026-08-26 14:05:48,063 WARNING django.server "GET /static/js/hoverable-collapse.js HTTP/1.1" 404 1898
2026-08-26 14:05:48,064 WARNING django.server "GET /static/js/todolist.js HTTP/1.1" 404 1868
2026-08-26 14:05:52,781 WARNING django.request Not Found: /favicon.ico
2026-08-26 14:05:52,783 WARNING django.server "GET /favicon.ico HTTP/1.1" 404 7691
2026-08-26 14:06:06,901 WARNING django.request Not Found: /favicon.ico
2026-08-26 14:06:06,903 WARNING django.server "GET /favicon.ico HTTP/1.1" 404 7691
2026-08-26 14:06:31,710 WARNING django.server "GET /static/js/hoverable-collapse.js HTTP/1.1" 404 1898
2026-08-26 14:06:31,825 WARNING django.server "GET /static/js/settings.js HTTP/1.1" 404 1868
2026-08-26 14:06:31,832 WARNING django.server "GET /static/js/todolist.js HTTP/1.1" 404 1868
2026-08-26 14:08:53,824 WARNING django.server "GET /static/js/hoverable-collapse.js HTTP/1.1" 404 1898
2026-08-26 14:08:53,830 WARNING django.server "GET /static/js/settings.js HTTP/1.1" 404 1868
2026-08-26 14:08:53,835 WARNING django.server "GET /static/js/todolist.js HTTP/1.1" 404 1868
2026-08-26 14:09:51,400 WARNING django.server "GET /static/js/todolist.js HTTP/1.1" 404 1868
2026-08-26 14:09:51,411 WARNING django.server "GET /static/js/hoverable-collapse.js HTTP/1.1" 404 1898
2026-08-26 14:09:51,412 WARNING django.server "GET /static/js/settings.js HTTP/1.1" 404 1868
2026-08-26 14:10:34,961 WARNING django.server "GET /static/js/settings.js HTTP/1.1" 404 1868
2026-08-26 14:10:34,961 WARNING django.server "GET /static/js/hoverable-collapse.js HTTP/1.1" 404 1898
2026-08-26 14:10:34,962 WARNING django.server "GET /static/js/todolist.js HTTP/1.1" 404 1868
2026-08-26 14:10:54,112 WARNING django.request Not Found: /favicon.ico
2026-08-26 14:10:54,114 WARNING django.server "GET /favicon.ico HTTP/1.1" 404 7691
2026-08-26 14:11:02,140 WARNING django.request Not Found: /favicon.ico
2026-08-26 14:11:02,142 WARNING django.server "GET /favicon.ico HTTP/1.1" 404 7691
2026-08-26 14:40:45,168 WARNING django.server "GET /static/js/hoverable-collapse.js HTTP/1.1" 404 1898
2026-08-26 14:40:45,186 WARNING django.server "GET /static/js/todolist.js HTTP/1.1" 404 1868
2026-08-26 14:40:45,187 WARNING django.server "GET /static/js/settings.js HTTP/1.1" 404 1868
2026-08-26 14:44:04,428 WARNING django.server "GET /static/js/hoverable-collapse.js HTTP/1.1" 404 1898
2026-08-26 14:44:04,549 WARNING django.server "GET /static/js/settings.js HTTP/1.1" 404 1868
2026-08-26 14:44:04,549 WARNING django.server "GET /static/js/todolist.js HTTP/1.1" 404 1868
2026-08-26 14:44:13,229 WARNING django.server "GET /static/js/hoverable-collapse.js HTTP/1.1" 404 1898
2026-08-26 14:44:13,294 WARNING django.server "GET /static/js/settings.js HTTP/1.1" 404 1868
2026-08-26 14:44:13,426 WARNING django.server "GET /static/js/todolist.js HTTP/1.1" 404 1868
2026-08-26 14:44:19,940 WARNING django.request Not Found: /favicon.ico
2026-08-26 14:44:19,941 WARNING django.server "GET /favicon.ico HTTP/1.1" 404 7691
2026-08-26 14:46:02,198 WARNING django.server "GET /static/js/hoverable-collapse.js HTTP/1.1" 404 1898
2026-08-26 14:46:02,198 WARNING django.server "GET /static/js/settings.js HTTP/1.1" 404 1868
2026-08-26 14:46:02,199 WARNING django.server "GET /static/js/todolist.js HTTP/1.1" 404 1868
2026-08-26 14:46:18,513 WARNING django.request Not Found: /favicon.ico
2026-08-26 14:46:18,515 WARNING django.server "GET /favicon.ico HTTP/1.1" 404 7691
2026-08-26 14:47:58,084 WARNING django.server "GET /static/js/settings.js HTTP/1.1" 404 1868
2026-08-26 14:47:58,095 WARNING django.server "GET /static/js/todolist.js HTTP/1.1" 404 1868
2026-08-26 14:47:58,274 WARNING django.server "GET /static/js/hoverable-collapse.js HTTP/1.1" 404 1898
2026-08-26 14:48:49,869 WARNING django.server "GET /static/js/todolist.js HTTP/1.1" 404 1868
2026-08-26 14:48:49,873 WARNING django.server "GET /static/js/hoverable-collapse.js HTTP/1.1" 404 1898
2026-08-26 14:48:49,875 WARNING django.server "GET /static/js/settings.js HTTP/1.1" 404 1868
2026-08-26 14:49:34,774 WARNING django.request Not Found: /favicon.ico
2026-08-26 14:49:34,776 WARNING django.server "GET /favicon.ico HTTP/1.1" 404 7691
2026-08-26 14:53:32,494 WARNING django.server "GET /static/js/hoverable-collapse.js HTTP/1.1" 404 1898
2026-08-26 14:53:32,596 WARNING django.server "GET /static/js/settings.js HTTP/1.1" 404 1868
2026-08-26 14:53:32,609 WARNING django.server "GET /static/js/todolist.js HTTP/1.1" 404 1868
2026-08-26 14:59:03,321 WARNING django.request Not Found: /favicon.ico
2026-08-26 14:59:03,322 WARNING django.server "GET /favicon.ico HTTP/1.1" 404 7691
2026-08-26 14:59:24,512 WARNING django.security.csrf Forbidden (CSRF token from POST incorrect.): /qualityaudit
2026-08-26 14:59:24,532 WARNING django.server "POST /qualityaudit HTTP/1.1" 403 2503
2026-08-26 14:59:43,057 WARNING django.server "GET /static/js/hoverable-collapse.js HTTP/1.1" 404 1898
2026-08-26 14:59:43,062 WARNING django.server "GET /static/js/settings.js HTTP/1.1" 404 1868
2026-08-26 14:59:43,171 WARNING django.server "GET /static/js/todolist.js HTTP/1.1" 404 1868
2026-08-26 15:09:45,734 WARNING django.server "GET /static/js/hoverable-collapse.js HTTP/1.1" 404 1898
2026-08-26 15:09:45,743 WARNING django.server "GET /static/js/settings.js HTTP/1.1" 404 1868
2026-08-26 15:09:45,744 WARNING django.server "GET /static/js/todolist.js HTTP/1.1" 404 1868
2026-08-26 15:10:34,676 WARNING django.server "GET /static/js/hoverable-collapse.js HTTP/1.1" 404 1898
2026-08-26 15:10:34,691 WARNING django.server "GET /static/js/todolist.js HTTP/1.1" 404 1868
2026-08-26 15:10:34,692 WARNING django.server "GET /static/js/settings.js HTTP/1.1" 404 1868
2026-08-26 15:10:42,953 DEBUG tzlocal Looking up time zone info from registry
2026-08-26 15:10:44,401 WARNING django.request Not Found: /favicon.ico
2026-08-26 15:10:44,402 WARNING django.server "GET /favicon.ico HTTP/1.1" 404 7691
2026-08-26 15:10:45,017 WARNING django.server "GET /static/js/hoverable-collapse.js HTTP/1.1" 404 1898
2026-08-26 15:10:45,024 WARNING django.server "GET /static/js/todolist.js HTTP/1.1" 404 1868
2026-08-26 15:10:45,030 WARNING django.server "GET /static/js/settings.js HTTP/1.1" 404 1868
2026-08-26 15:12:59,869 ERROR django.request Internal Server Error: /qcdash
Traceback (most recent call last):
  File "C:\Python314\Lib\site-packages\django\db\backends\utils.py", line 105, in _execute
    return self.cursor.execute(sql, params)
           ~~~~~~~~~~~~~~~~~~~^^^^^^^^^^^^^
  File "C:\Python314\Lib\site-packages\django\db\backends\mysql\base.py", line 76, in execute
    return self.cursor.execute(query, args)
           ~~~~~~~~~~~~~~~~~~~^^^^^^^^^^^^^
  File "C:\Python314\Lib\site-packages\MySQLdb\cursors.py", line 179, in execute
    res = self._query(mogrified_query)
  File "C:\Python314\Lib\site-packages\MySQLdb\cursors.py", line 331, in _query
    self._do_get_result(db)
    ~~~~~~~~~~~~~~~~~~~^^^^
  File "C:\Python314\Lib\site-packages\MySQLdb\cursors.py", line 136, in _do_get_result
    self._result = result = self._get_result()
                            ~~~~~~~~~~~~~~~~^^
  File "C:\Python314\Lib\site-packages\MySQLdb\cursors.py", line 363, in _get_result
    return self._get_db().store_result()
           ~~~~~~~~~~~~~~~~~~~~~~~~~~~^^
MySQLdb.OperationalError: (2013, 'Lost connection to server during query')

The above exception was the direct cause of the following exception:

Traceback (most recent call last):
  File "C:\Python314\Lib\site-packages\django\core\handlers\exception.py", line 55, in inner
    response = get_response(request)
  File "C:\Python314\Lib\site-packages\django\core\handlers\base.py", line 197, in _get_response
    response = wrapped_callback(request, *callback_args, **callback_kwargs)
  File "C:\Python314\Lib\site-packages\django\views\generic\base.py", line 105, in view
    return self.dispatch(request, *args, **kwargs)
           ~~~~~~~~~~~~~^^^^^^^^^^^^^^^^^^^^^^^^^^
  File "C:\Python314\Lib\site-packages\django\utils\decorators.py", line 48, in _wrapper
    return bound_method(*args, **kwargs)
  File "C:\Python314\Lib\site-packages\django\contrib\auth\decorators.py", line 59, in _view_wrapper
    return view_func(request, *args, **kwargs)
  File "C:\Python314\Lib\site-packages\django\views\generic\base.py", line 144, in dispatch
    return handler(request, *args, **kwargs)
  File "D:\Saurabh\New_SurveGenius\venv\qualityreview_new_api\quality\a_app\a_app_qualitydashboard.py", line 113, in get
    for resp in SurveyResponse.objects.filter(surveyor__employee_id=employee_id, project=project,response_date__range=(from_date, to_date)).select_related('verification_status').order_by('pk'):
                ~~~~~~~~~~~~~~~~~~~~~~~~~~~~~~~~~~~~~~~~~~~~~~~~~~~~~~~~~~~~~~~~~~~~~~~~~~~~~~~~~~~~~~~~~~~~~~~~~~~~~~~~~~~~~~~~~~~~~~~~~~~~~~~~~~~~~~~~~~~~~~~~~~~~~~~~~~~~~~~~~~~~~~~~~~^^^^^^
  File "C:\Python314\Lib\site-packages\django\db\models\query.py", line 384, in __iter__
    self._fetch_all()
    ~~~~~~~~~~~~~~~^^
  File "C:\Python314\Lib\site-packages\django\db\models\query.py", line 1949, in _fetch_all
    self._result_cache = list(self._iterable_class(self))
                         ~~~~^^^^^^^^^^^^^^^^^^^^^^^^^^^^
  File "C:\Python314\Lib\site-packages\django\db\models\query.py", line 91, in __iter__
    results = compiler.execute_sql(
        chunked_fetch=self.chunked_fetch, chunk_size=self.chunk_size
    )
  File "C:\Python314\Lib\site-packages\django\db\models\sql\compiler.py", line 1623, in execute_sql
    cursor.execute(sql, params)
    ~~~~~~~~~~~~~~^^^^^^^^^^^^^
  File "C:\Python314\Lib\site-packages\django\db\backends\utils.py", line 122, in execute
    return super().execute(sql, params)
           ~~~~~~~~~~~~~~~^^^^^^^^^^^^^
  File "C:\Python314\Lib\site-packages\django\db\backends\utils.py", line 79, in execute
    return self._execute_with_wrappers(
           ~~~~~~~~~~~~~~~~~~~~~~~~~~~^
        sql, params, many=False, executor=self._execute
        ^^^^^^^^^^^^^^^^^^^^^^^^^^^^^^^^^^^^^^^^^^^^^^^
    )
    ^
  File "C:\Python314\Lib\site-packages\django\db\backends\utils.py", line 92, in _execute_with_wrappers
    return executor(sql, params, many, context)
  File "C:\Python314\Lib\site-packages\django\db\backends\utils.py", line 100, in _execute
    with self.db.wrap_database_errors:
         ^^^^^^^^^^^^^^^^^^^^^^^^^^^^
  File "C:\Python314\Lib\site-packages\django\db\utils.py", line 91, in __exit__
    raise dj_exc_value.with_traceback(traceback) from exc_value
  File "C:\Python314\Lib\site-packages\django\db\backends\utils.py", line 105, in _execute
    return self.cursor.execute(sql, params)
           ~~~~~~~~~~~~~~~~~~~^^^^^^^^^^^^^
  File "C:\Python314\Lib\site-packages\django\db\backends\mysql\base.py", line 76, in execute
    return self.cursor.execute(query, args)
           ~~~~~~~~~~~~~~~~~~~^^^^^^^^^^^^^
  File "C:\Python314\Lib\site-packages\MySQLdb\cursors.py", line 179, in execute
    res = self._query(mogrified_query)
  File "C:\Python314\Lib\site-packages\MySQLdb\cursors.py", line 331, in _query
    self._do_get_result(db)
    ~~~~~~~~~~~~~~~~~~~^^^^
  File "C:\Python314\Lib\site-packages\MySQLdb\cursors.py", line 136, in _do_get_result
    self._result = result = self._get_result()
                            ~~~~~~~~~~~~~~~~^^
  File "C:\Python314\Lib\site-packages\MySQLdb\cursors.py", line 363, in _get_result
    return self._get_db().store_result()
           ~~~~~~~~~~~~~~~~~~~~~~~~~~~^^
django.db.utils.OperationalError: (2013, 'Lost connection to server during query')
2026-08-26 15:12:59,892 ERROR django.server "GET /qcdash?project=141&from_date=2026-08-20&to_date=2026-08-26&submit=Submit HTTP/1.1" 500 220722
2026-08-26 15:13:38,934 WARNING django.server "GET /static/js/hoverable-collapse.js HTTP/1.1" 404 1898
2026-08-26 15:13:38,942 WARNING django.server "GET /static/js/settings.js HTTP/1.1" 404 1868
2026-08-26 15:13:39,045 WARNING django.server "GET /static/js/todolist.js HTTP/1.1" 404 1868
2026-08-26 15:13:50,065 DEBUG tzlocal Looking up time zone info from registry
2026-08-26 15:15:31,408 WARNING django.request Not Found: /favicon.ico
2026-08-26 15:15:31,409 WARNING django.server "GET /favicon.ico HTTP/1.1" 404 7691
2026-08-26 15:15:48,508 WARNING django.server "GET /static/js/hoverable-collapse.js HTTP/1.1" 404 1898
2026-08-26 15:15:48,641 WARNING django.server "GET /static/js/todolist.js HTTP/1.1" 404 1868
2026-08-26 15:15:48,649 WARNING django.server "GET /static/js/settings.js HTTP/1.1" 404 1868
2026-08-26 15:15:54,296 WARNING django.request Not Found: /favicon.ico
2026-08-26 15:15:54,298 WARNING django.server "GET /favicon.ico HTTP/1.1" 404 7691
2026-08-26 15:15:57,094 WARNING django.request Not Found: /favicon.ico
2026-08-26 15:15:57,095 WARNING django.server "GET /favicon.ico HTTP/1.1" 404 7691
2026-08-26 15:19:33,371 WARNING django.server "GET /static/js/hoverable-collapse.js HTTP/1.1" 404 1898
2026-08-26 15:19:33,376 WARNING django.server "GET /static/js/settings.js HTTP/1.1" 404 1868
2026-08-26 15:19:33,380 WARNING django.server "GET /static/js/todolist.js HTTP/1.1" 404 1868
2026-08-26 15:19:34,201 WARNING django.server "GET /static/js/hoverable-collapse.js HTTP/1.1" 404 1898
2026-08-26 15:19:34,244 WARNING django.server "GET /static/js/settings.js HTTP/1.1" 404 1868
2026-08-26 15:19:34,283 WARNING django.server "GET /static/js/todolist.js HTTP/1.1" 404 1868
2026-08-26 15:19:42,348 WARNING django.request Not Found: /favicon.ico
2026-08-26 15:19:42,350 WARNING django.server "GET /favicon.ico HTTP/1.1" 404 7691
2026-08-26 15:21:37,416 WARNING django.server "GET /static/js/hoverable-collapse.js HTTP/1.1" 404 1898
2026-08-26 15:21:37,421 WARNING django.server "GET /static/js/settings.js HTTP/1.1" 404 1868
2026-08-26 15:21:37,422 WARNING django.server "GET /static/js/todolist.js HTTP/1.1" 404 1868
2026-08-26 15:30:34,612 WARNING django.server "GET /static/js/todolist.js HTTP/1.1" 404 1868
2026-08-26 15:30:34,618 WARNING django.server "GET /static/js/hoverable-collapse.js HTTP/1.1" 404 1898
2026-08-26 15:30:34,620 WARNING django.server "GET /static/js/settings.js HTTP/1.1" 404 1868
2026-08-26 15:30:45,015 WARNING django.request Not Found: /favicon.ico
2026-08-26 15:30:45,017 WARNING django.server "GET /favicon.ico HTTP/1.1" 404 7691
2026-08-26 15:32:25,218 WARNING django.request Not Found: /favicon.ico
2026-08-26 15:32:25,220 WARNING django.server "GET /favicon.ico HTTP/1.1" 404 7691
2026-08-26 15:35:20,335 WARNING django.request Not Found: /favicon.ico
2026-08-26 15:35:20,336 WARNING django.server "GET /favicon.ico HTTP/1.1" 404 7691
2026-08-26 15:35:40,995 WARNING django.request Not Found: /favicon.ico
2026-08-26 15:35:40,997 WARNING django.server "GET /favicon.ico HTTP/1.1" 404 7691
2026-08-26 15:36:28,623 WARNING django.request Not Found: /favicon.ico
2026-08-26 15:36:28,640 WARNING django.server "GET /favicon.ico HTTP/1.1" 404 7691
2026-08-26 15:39:02,936 WARNING django.server "GET /static/js/hoverable-collapse.js HTTP/1.1" 404 1898
2026-08-26 15:39:02,941 WARNING django.server "GET /static/js/todolist.js HTTP/1.1" 404 1868
2026-08-26 15:39:02,941 WARNING django.server "GET /static/js/settings.js HTTP/1.1" 404 1868
2026-08-26 15:39:20,096 WARNING django.request Not Found: /favicon.ico
2026-08-26 15:39:20,098 WARNING django.server "GET /favicon.ico HTTP/1.1" 404 7691
2026-08-26 15:55:01,550 WARNING django.request Not Found: /favicon.ico
2026-08-26 15:55:01,552 WARNING django.server "GET /favicon.ico HTTP/1.1" 404 7691
2026-08-26 15:55:59,298 WARNING django.request Not Found: /favicon.ico
2026-08-26 15:55:59,300 WARNING django.server "GET /favicon.ico HTTP/1.1" 404 7691
2026-08-26 15:58:44,810 WARNING django.request Not Found: /favicon.ico
2026-08-26 15:58:44,814 WARNING django.server "GET /favicon.ico HTTP/1.1" 404 7691
2026-08-26 16:02:13,803 WARNING django.server "GET /static/js/hoverable-collapse.js HTTP/1.1" 404 1898
2026-08-26 16:02:13,874 WARNING django.server "GET /static/js/settings.js HTTP/1.1" 404 1868
2026-08-26 16:02:13,922 WARNING django.server "GET /static/js/todolist.js HTTP/1.1" 404 1868
2026-08-26 16:12:10,421 WARNING django.request Not Found: /favicon.ico
2026-08-26 16:12:10,422 WARNING django.server "GET /favicon.ico HTTP/1.1" 404 7691
2026-08-26 16:15:32,446 WARNING django.request Not Found: /media/audio/219803.wav
2026-08-26 16:15:32,448 WARNING django.server "GET /media/audio/219803.wav HTTP/1.1" 404 7970
2026-08-26 16:16:23,582 WARNING django.request Not Found: /favicon.ico
2026-08-26 16:16:23,583 WARNING django.server "GET /favicon.ico HTTP/1.1" 404 7691
2026-08-26 16:16:28,081 WARNING django.request Not Found: /media/audio/219803.wav
2026-08-26 16:16:28,083 WARNING django.server "GET /media/audio/219803.wav HTTP/1.1" 404 7970
2026-08-26 16:16:39,230 WARNING django.request Not Found: /media/audio/219756.wav
2026-08-26 16:16:39,232 WARNING django.server "GET /media/audio/219756.wav HTTP/1.1" 404 7970
2026-08-26 16:19:10,116 WARNING django.request Not Found: /favicon.ico
2026-08-26 16:19:10,117 WARNING django.server "GET /favicon.ico HTTP/1.1" 404 7691
2026-08-26 16:20:02,520 WARNING django.request Not Found: /favicon.ico
2026-08-26 16:20:02,521 WARNING django.server "GET /favicon.ico HTTP/1.1" 404 7691
2026-08-26 16:21:40,815 WARNING django.server "GET /static/js/hoverable-collapse.js HTTP/1.1" 404 1898
2026-08-26 16:21:40,840 WARNING django.server "GET /static/js/settings.js HTTP/1.1" 404 1868
2026-08-26 16:21:40,926 WARNING django.server "GET /static/js/todolist.js HTTP/1.1" 404 1868
2026-08-26 16:22:31,614 WARNING django.request Not Found: /favicon.ico
2026-08-26 16:22:31,615 WARNING django.server "GET /favicon.ico HTTP/1.1" 404 7691
2026-08-26 16:26:52,955 WARNING django.security.csrf Forbidden (CSRF token from POST incorrect.): /login
2026-08-26 16:26:52,957 WARNING django.server "POST /login HTTP/1.1" 403 2503
2026-08-26 16:26:53,017 WARNING django.request Not Found: /favicon.ico
2026-08-26 16:26:53,021 WARNING django.server "GET /favicon.ico HTTP/1.1" 404 7691
2026-08-26 16:28:02,951 WARNING django.server "GET /static/js/hoverable-collapse.js HTTP/1.1" 404 1898
2026-08-26 16:28:03,049 WARNING django.server "GET /static/js/settings.js HTTP/1.1" 404 1868
2026-08-26 16:28:03,067 WARNING django.server "GET /static/js/todolist.js HTTP/1.1" 404 1868
2026-08-26 16:30:20,363 ERROR django.request Internal Server Error: /qcdash
Traceback (most recent call last):
  File "C:\Python314\Lib\site-packages\django\db\backends\utils.py", line 105, in _execute
    return self.cursor.execute(sql, params)
           ~~~~~~~~~~~~~~~~~~~^^^^^^^^^^^^^
  File "C:\Python314\Lib\site-packages\django\db\backends\mysql\base.py", line 76, in execute
    return self.cursor.execute(query, args)
           ~~~~~~~~~~~~~~~~~~~^^^^^^^^^^^^^
  File "C:\Python314\Lib\site-packages\MySQLdb\cursors.py", line 179, in execute
    res = self._query(mogrified_query)
  File "C:\Python314\Lib\site-packages\MySQLdb\cursors.py", line 331, in _query
    self._do_get_result(db)
    ~~~~~~~~~~~~~~~~~~~^^^^
  File "C:\Python314\Lib\site-packages\MySQLdb\cursors.py", line 136, in _do_get_result
    self._result = result = self._get_result()
                            ~~~~~~~~~~~~~~~~^^
  File "C:\Python314\Lib\site-packages\MySQLdb\cursors.py", line 363, in _get_result
    return self._get_db().store_result()
           ~~~~~~~~~~~~~~~~~~~~~~~~~~~^^
MySQLdb.OperationalError: (2013, 'Lost connection to server during query')

The above exception was the direct cause of the following exception:

Traceback (most recent call last):
  File "C:\Python314\Lib\site-packages\django\core\handlers\exception.py", line 55, in inner
    response = get_response(request)
  File "C:\Python314\Lib\site-packages\django\core\handlers\base.py", line 197, in _get_response
    response = wrapped_callback(request, *callback_args, **callback_kwargs)
  File "C:\Python314\Lib\site-packages\django\views\generic\base.py", line 105, in view
    return self.dispatch(request, *args, **kwargs)
           ~~~~~~~~~~~~~^^^^^^^^^^^^^^^^^^^^^^^^^^
  File "C:\Python314\Lib\site-packages\django\utils\decorators.py", line 48, in _wrapper
    return bound_method(*args, **kwargs)
  File "C:\Python314\Lib\site-packages\django\contrib\auth\decorators.py", line 59, in _view_wrapper
    return view_func(request, *args, **kwargs)
  File "C:\Python314\Lib\site-packages\django\views\generic\base.py", line 144, in dispatch
    return handler(request, *args, **kwargs)
  File "D:\Saurabh\New_SurveGenius\venv\qualityreview_new_api\quality\a_app\a_app_qualitydashboard.py", line 113, in get
    for resp in SurveyResponse.objects.filter(surveyor__employee_id=employee_id, project=project,response_date__range=(from_date, to_date)).select_related('verification_status').order_by('pk'):
                ~~~~~~~~~~~~~~~~~~~~~~~~~~~~~~~~~~~~~~~~~~~~~~~~~~~~~~~~~~~~~~~~~~~~~~~~~~~~~~~~~~~~~~~~~~~~~~~~~~~~~~~~~~~~~~~~~~~~~~~~~~~~~~~~~~~~~~~~~~~~~~~~~~~~~~~~~~~~~~~~~~~~~~~~~~^^^^^^
  File "C:\Python314\Lib\site-packages\django\db\models\query.py", line 384, in __iter__
    self._fetch_all()
    ~~~~~~~~~~~~~~~^^
  File "C:\Python314\Lib\site-packages\django\db\models\query.py", line 1949, in _fetch_all
    self._result_cache = list(self._iterable_class(self))
                         ~~~~^^^^^^^^^^^^^^^^^^^^^^^^^^^^
  File "C:\Python314\Lib\site-packages\django\db\models\query.py", line 91, in __iter__
    results = compiler.execute_sql(
        chunked_fetch=self.chunked_fetch, chunk_size=self.chunk_size
    )
  File "C:\Python314\Lib\site-packages\django\db\models\sql\compiler.py", line 1623, in execute_sql
    cursor.execute(sql, params)
    ~~~~~~~~~~~~~~^^^^^^^^^^^^^
  File "C:\Python314\Lib\site-packages\django\db\backends\utils.py", line 122, in execute
    return super().execute(sql, params)
           ~~~~~~~~~~~~~~~^^^^^^^^^^^^^
  File "C:\Python314\Lib\site-packages\django\db\backends\utils.py", line 79, in execute
    return self._execute_with_wrappers(
           ~~~~~~~~~~~~~~~~~~~~~~~~~~~^
        sql, params, many=False, executor=self._execute
        ^^^^^^^^^^^^^^^^^^^^^^^^^^^^^^^^^^^^^^^^^^^^^^^
    )
    ^
  File "C:\Python314\Lib\site-packages\django\db\backends\utils.py", line 92, in _execute_with_wrappers
    return executor(sql, params, many, context)
  File "C:\Python314\Lib\site-packages\django\db\backends\utils.py", line 100, in _execute
    with self.db.wrap_database_errors:
         ^^^^^^^^^^^^^^^^^^^^^^^^^^^^
  File "C:\Python314\Lib\site-packages\django\db\utils.py", line 91, in __exit__
    raise dj_exc_value.with_traceback(traceback) from exc_value
  File "C:\Python314\Lib\site-packages\django\db\backends\utils.py", line 105, in _execute
    return self.cursor.execute(sql, params)
           ~~~~~~~~~~~~~~~~~~~^^^^^^^^^^^^^
  File "C:\Python314\Lib\site-packages\django\db\backends\mysql\base.py", line 76, in execute
    return self.cursor.execute(query, args)
           ~~~~~~~~~~~~~~~~~~~^^^^^^^^^^^^^
  File "C:\Python314\Lib\site-packages\MySQLdb\cursors.py", line 179, in execute
    res = self._query(mogrified_query)
  File "C:\Python314\Lib\site-packages\MySQLdb\cursors.py", line 331, in _query
    self._do_get_result(db)
    ~~~~~~~~~~~~~~~~~~~^^^^
  File "C:\Python314\Lib\site-packages\MySQLdb\cursors.py", line 136, in _do_get_result
    self._result = result = self._get_result()
                            ~~~~~~~~~~~~~~~~^^
  File "C:\Python314\Lib\site-packages\MySQLdb\cursors.py", line 363, in _get_result
    return self._get_db().store_result()
           ~~~~~~~~~~~~~~~~~~~~~~~~~~~^^
django.db.utils.OperationalError: (2013, 'Lost connection to server during query')
2026-08-26 16:30:20,397 ERROR django.server "GET /qcdash?project=141&from_date=2026-08-20&to_date=2026-08-26&submit=Submit HTTP/1.1" 500 220936
2026-08-26 16:33:39,487 WARNING django.server "GET /static/js/hoverable-collapse.js HTTP/1.1" 404 1898
2026-08-26 16:33:39,507 WARNING django.server "GET /static/js/settings.js HTTP/1.1" 404 1868
2026-08-26 16:33:39,507 WARNING django.server "GET /static/js/todolist.js HTTP/1.1" 404 1868
2026-08-26 16:33:43,404 WARNING django.server "GET /static/js/todolist.js HTTP/1.1" 404 1868
2026-08-26 16:33:43,407 WARNING django.server "GET /static/js/settings.js HTTP/1.1" 404 1868
2026-08-26 16:33:43,407 WARNING django.server "GET /static/js/hoverable-collapse.js HTTP/1.1" 404 1898
2026-08-26 16:34:06,129 WARNING django.server "GET /static/js/hoverable-collapse.js HTTP/1.1" 404 1898
2026-08-26 16:34:06,158 WARNING django.server "GET /static/js/settings.js HTTP/1.1" 404 1868
2026-08-26 16:34:06,242 WARNING django.server "GET /static/js/todolist.js HTTP/1.1" 404 1868
2026-08-26 16:41:33,834 WARNING django.request Not Found: /favicon.ico
2026-08-26 16:41:33,835 WARNING django.server "GET /favicon.ico HTTP/1.1" 404 7691
2026-08-26 16:42:05,926 WARNING django.request Not Found: /favicon.ico
2026-08-26 16:42:05,927 WARNING django.server "GET /favicon.ico HTTP/1.1" 404 7691
2026-08-26 16:42:06,339 WARNING django.server "GET /static/js/hoverable-collapse.js HTTP/1.1" 404 1898
2026-08-26 16:42:06,348 WARNING django.server "GET /static/js/todolist.js HTTP/1.1" 404 1868
2026-08-26 16:42:06,551 WARNING django.server "GET /static/js/settings.js HTTP/1.1" 404 1868
2026-08-26 16:44:45,488 WARNING django.request Not Found: /favicon.ico
2026-08-26 16:44:45,490 WARNING django.server "GET /favicon.ico HTTP/1.1" 404 7691
2026-08-26 16:47:47,901 WARNING django.server "GET /static/js/settings.js HTTP/1.1" 404 1868
2026-08-26 16:47:47,902 WARNING django.server "GET /static/js/hoverable-collapse.js HTTP/1.1" 404 1898
2026-08-26 16:47:47,909 WARNING django.server "GET /static/js/todolist.js HTTP/1.1" 404 1868
2026-08-26 16:59:53,885 WARNING django.request Not Found: /favicon.ico
2026-08-26 17:00:20,235 WARNING django.request Not Found: /favicon.ico
2026-08-26 17:00:33,958 WARNING django.request Not Found: /favicon.ico
2026-08-26 17:01:47,006 WARNING django.request Not Found: /favicon.ico
2026-08-26 17:03:32,784 WARNING django.request Not Found: /favicon.ico
2026-08-26 17:05:28,057 WARNING django.server "GET /static/js/hoverable-collapse.js HTTP/1.1" 404 1898
2026-08-26 17:05:28,116 WARNING django.server "GET /static/js/settings.js HTTP/1.1" 404 1868
2026-08-26 17:05:28,170 WARNING django.server "GET /static/js/todolist.js HTTP/1.1" 404 1868
2026-08-26 17:10:59,786 WARNING django.server "GET /static/js/hoverable-collapse.js HTTP/1.1" 404 1898
2026-08-26 17:10:59,850 WARNING django.server "GET /static/js/settings.js HTTP/1.1" 404 1868
2026-08-26 17:10:59,899 WARNING django.server "GET /static/js/todolist.js HTTP/1.1" 404 1868
2026-08-26 17:12:09,916 WARNING django.server "GET /favicon.ico HTTP/1.1" 404 7691
2026-08-26 17:16:48,837 WARNING django.server "GET /static/js/hoverable-collapse.js HTTP/1.1" 404 1898
2026-08-26 17:16:49,415 WARNING django.server "GET /static/js/todolist.js HTTP/1.1" 404 1868
2026-08-26 17:16:49,516 WARNING django.server "GET /static/js/settings.js HTTP/1.1" 404 1868
2026-08-26 17:18:13,807 WARNING django.server "GET /static/js/hoverable-collapse.js HTTP/1.1" 404 1898
2026-08-26 17:18:13,902 WARNING django.server "GET /static/js/settings.js HTTP/1.1" 404 1868
2026-08-26 17:18:13,919 WARNING django.server "GET /static/js/todolist.js HTTP/1.1" 404 1868
2026-08-26 17:28:11,216 WARNING django.server "GET /static/js/hoverable-collapse.js HTTP/1.1" 404 1898
2026-08-26 17:28:11,348 WARNING django.server "GET /static/js/settings.js HTTP/1.1" 404 1868
2026-08-26 17:28:11,356 WARNING django.server "GET /static/js/todolist.js HTTP/1.1" 404 1868
2026-08-26 17:28:19,234 WARNING django.request Not Found: /favicon.ico
2026-08-26 17:28:19,235 WARNING django.server "GET /favicon.ico HTTP/1.1" 404 7691
2026-08-26 17:28:37,536 WARNING django.request Not Found: /favicon.ico
2026-08-26 17:28:37,538 WARNING django.server "GET /favicon.ico HTTP/1.1" 404 7691
2026-08-26 17:29:53,593 WARNING django.request Not Found: /favicon.ico
2026-08-26 17:29:53,594 WARNING django.server "GET /favicon.ico HTTP/1.1" 404 7691
2026-08-26 17:33:33,864 WARNING django.server "GET /static/js/hoverable-collapse.js HTTP/1.1" 404 1898
2026-08-26 17:33:33,985 WARNING django.server "GET /static/js/settings.js HTTP/1.1" 404 1868
2026-08-26 17:33:33,991 WARNING django.server "GET /static/js/todolist.js HTTP/1.1" 404 1868
2026-08-26 17:34:05,513 WARNING django.server "GET /static/js/hoverable-collapse.js HTTP/1.1" 404 1898
2026-08-26 17:34:05,627 WARNING django.server "GET /static/js/settings.js HTTP/1.1" 404 1868
2026-08-26 17:34:05,631 WARNING django.server "GET /static/js/todolist.js HTTP/1.1" 404 1868
2026-08-26 17:34:12,538 WARNING django.server "GET /static/js/hoverable-collapse.js HTTP/1.1" 404 1898
2026-08-26 17:34:12,661 WARNING django.server "GET /static/js/settings.js HTTP/1.1" 404 1868
2026-08-26 17:34:12,666 WARNING django.server "GET /static/js/todolist.js HTTP/1.1" 404 1868
2026-08-26 17:34:14,739 WARNING django.server "GET /static/js/hoverable-collapse.js HTTP/1.1" 404 1898
2026-08-26 17:34:14,859 WARNING django.server "GET /static/js/settings.js HTTP/1.1" 404 1868
2026-08-26 17:34:14,866 WARNING django.server "GET /static/js/todolist.js HTTP/1.1" 404 1868
2026-08-26 17:38:52,079 WARNING django.server "GET /static/js/hoverable-collapse.js HTTP/1.1" 404 1898
2026-08-26 17:38:52,130 WARNING django.server "GET /static/js/settings.js HTTP/1.1" 404 1868
2026-08-26 17:38:52,195 WARNING django.server "GET /static/js/todolist.js HTTP/1.1" 404 1868
2026-08-26 17:44:47,091 ERROR django.request Internal Server Error: /qcdash
Traceback (most recent call last):
  File "C:\Python314\Lib\site-packages\django\db\backends\utils.py", line 105, in _execute
    return self.cursor.execute(sql, params)
           ~~~~~~~~~~~~~~~~~~~^^^^^^^^^^^^^
  File "C:\Python314\Lib\site-packages\django\db\backends\mysql\base.py", line 76, in execute
    return self.cursor.execute(query, args)
           ~~~~~~~~~~~~~~~~~~~^^^^^^^^^^^^^
  File "C:\Python314\Lib\site-packages\MySQLdb\cursors.py", line 179, in execute
    res = self._query(mogrified_query)
  File "C:\Python314\Lib\site-packages\MySQLdb\cursors.py", line 331, in _query
    self._do_get_result(db)
    ~~~~~~~~~~~~~~~~~~~^^^^
  File "C:\Python314\Lib\site-packages\MySQLdb\cursors.py", line 136, in _do_get_result
    self._result = result = self._get_result()
                            ~~~~~~~~~~~~~~~~^^
  File "C:\Python314\Lib\site-packages\MySQLdb\cursors.py", line 363, in _get_result
    return self._get_db().store_result()
           ~~~~~~~~~~~~~~~~~~~~~~~~~~~^^
MySQLdb.OperationalError: (2013, 'Lost connection to server during query')

The above exception was the direct cause of the following exception:

Traceback (most recent call last):
  File "C:\Python314\Lib\site-packages\django\core\handlers\exception.py", line 55, in inner
    response = get_response(request)
  File "C:\Python314\Lib\site-packages\django\core\handlers\base.py", line 197, in _get_response
    response = wrapped_callback(request, *callback_args, **callback_kwargs)
  File "C:\Python314\Lib\site-packages\django\views\generic\base.py", line 105, in view
    return self.dispatch(request, *args, **kwargs)
           ~~~~~~~~~~~~~^^^^^^^^^^^^^^^^^^^^^^^^^^
  File "C:\Python314\Lib\site-packages\django\utils\decorators.py", line 48, in _wrapper
    return bound_method(*args, **kwargs)
  File "C:\Python314\Lib\site-packages\django\contrib\auth\decorators.py", line 59, in _view_wrapper
    return view_func(request, *args, **kwargs)
  File "C:\Python314\Lib\site-packages\django\views\generic\base.py", line 144, in dispatch
    return handler(request, *args, **kwargs)
  File "D:\Saurabh\New_SurveGenius\venv\qualityreview_new_api\quality\a_app\a_app_qualitydashboard.py", line 113, in get
    for resp in SurveyResponse.objects.filter(surveyor__employee_id=employee_id, project=project,response_date__range=(from_date, to_date)).select_related('verification_status').order_by('pk'):
                ~~~~~~~~~~~~~~~~~~~~~~~~~~~~~~~~~~~~~~~~~~~~~~~~~~~~~~~~~~~~~~~~~~~~~~~~~~~~~~~~~~~~~~~~~~~~~~~~~~~~~~~~~~~~~~~~~~~~~~~~~~~~~~~~~~~~~~~~~~~~~~~~~~~~~~~~~~~~~~~~~~~~~~~~~~^^^^^^
  File "C:\Python314\Lib\site-packages\django\db\models\query.py", line 384, in __iter__
    self._fetch_all()
    ~~~~~~~~~~~~~~~^^
  File "C:\Python314\Lib\site-packages\django\db\models\query.py", line 1949, in _fetch_all
    self._result_cache = list(self._iterable_class(self))
                         ~~~~^^^^^^^^^^^^^^^^^^^^^^^^^^^^
  File "C:\Python314\Lib\site-packages\django\db\models\query.py", line 91, in __iter__
    results = compiler.execute_sql(
        chunked_fetch=self.chunked_fetch, chunk_size=self.chunk_size
    )
  File "C:\Python314\Lib\site-packages\django\db\models\sql\compiler.py", line 1623, in execute_sql
    cursor.execute(sql, params)
    ~~~~~~~~~~~~~~^^^^^^^^^^^^^
  File "C:\Python314\Lib\site-packages\django\db\backends\utils.py", line 122, in execute
    return super().execute(sql, params)
           ~~~~~~~~~~~~~~~^^^^^^^^^^^^^
  File "C:\Python314\Lib\site-packages\django\db\backends\utils.py", line 79, in execute
    return self._execute_with_wrappers(
           ~~~~~~~~~~~~~~~~~~~~~~~~~~~^
        sql, params, many=False, executor=self._execute
        ^^^^^^^^^^^^^^^^^^^^^^^^^^^^^^^^^^^^^^^^^^^^^^^
    )
    ^
  File "C:\Python314\Lib\site-packages\django\db\backends\utils.py", line 92, in _execute_with_wrappers
    return executor(sql, params, many, context)
  File "C:\Python314\Lib\site-packages\django\db\backends\utils.py", line 100, in _execute
    with self.db.wrap_database_errors:
         ^^^^^^^^^^^^^^^^^^^^^^^^^^^^
  File "C:\Python314\Lib\site-packages\django\db\utils.py", line 91, in __exit__
    raise dj_exc_value.with_traceback(traceback) from exc_value
  File "C:\Python314\Lib\site-packages\django\db\backends\utils.py", line 105, in _execute
    return self.cursor.execute(sql, params)
           ~~~~~~~~~~~~~~~~~~~^^^^^^^^^^^^^
  File "C:\Python314\Lib\site-packages\django\db\backends\mysql\base.py", line 76, in execute
    return self.cursor.execute(query, args)
           ~~~~~~~~~~~~~~~~~~~^^^^^^^^^^^^^
  File "C:\Python314\Lib\site-packages\MySQLdb\cursors.py", line 179, in execute
    res = self._query(mogrified_query)
  File "C:\Python314\Lib\site-packages\MySQLdb\cursors.py", line 331, in _query
    self._do_get_result(db)
    ~~~~~~~~~~~~~~~~~~~^^^^
  File "C:\Python314\Lib\site-packages\MySQLdb\cursors.py", line 136, in _do_get_result
    self._result = result = self._get_result()
                            ~~~~~~~~~~~~~~~~^^
  File "C:\Python314\Lib\site-packages\MySQLdb\cursors.py", line 363, in _get_result
    return self._get_db().store_result()
           ~~~~~~~~~~~~~~~~~~~~~~~~~~~^^
django.db.utils.OperationalError: (2013, 'Lost connection to server during query')
2026-08-26 17:44:47,104 ERROR django.server "GET /qcdash?project=141&from_date=2026-08-26&to_date=2026-08-26&submit=Submit HTTP/1.1" 500 220974
2026-08-26 17:45:40,220 WARNING django.request Not Found: /favicon.ico
2026-08-26 17:45:40,221 WARNING django.server "GET /favicon.ico HTTP/1.1" 404 7691
2026-08-26 17:45:50,192 WARNING django.request Not Found: /favicon.ico
2026-08-26 17:45:50,193 WARNING django.server "GET /favicon.ico HTTP/1.1" 404 7691
2026-08-26 17:46:53,253 ERROR django.request Internal Server Error: /qcdash
Traceback (most recent call last):
  File "C:\Python314\Lib\site-packages\django\db\backends\utils.py", line 105, in _execute
    return self.cursor.execute(sql, params)
           ~~~~~~~~~~~~~~~~~~~^^^^^^^^^^^^^
  File "C:\Python314\Lib\site-packages\django\db\backends\mysql\base.py", line 76, in execute
    return self.cursor.execute(query, args)
           ~~~~~~~~~~~~~~~~~~~^^^^^^^^^^^^^
  File "C:\Python314\Lib\site-packages\MySQLdb\cursors.py", line 179, in execute
    res = self._query(mogrified_query)
  File "C:\Python314\Lib\site-packages\MySQLdb\cursors.py", line 331, in _query
    self._do_get_result(db)
    ~~~~~~~~~~~~~~~~~~~^^^^
  File "C:\Python314\Lib\site-packages\MySQLdb\cursors.py", line 136, in _do_get_result
    self._result = result = self._get_result()
                            ~~~~~~~~~~~~~~~~^^
  File "C:\Python314\Lib\site-packages\MySQLdb\cursors.py", line 363, in _get_result
    return self._get_db().store_result()
           ~~~~~~~~~~~~~~~~~~~~~~~~~~~^^
MySQLdb.OperationalError: (2013, 'Lost connection to server during query')

The above exception was the direct cause of the following exception:

Traceback (most recent call last):
  File "C:\Python314\Lib\site-packages\django\core\handlers\exception.py", line 55, in inner
    response = get_response(request)
  File "C:\Python314\Lib\site-packages\django\core\handlers\base.py", line 197, in _get_response
    response = wrapped_callback(request, *callback_args, **callback_kwargs)
  File "C:\Python314\Lib\site-packages\django\views\generic\base.py", line 105, in view
    return self.dispatch(request, *args, **kwargs)
           ~~~~~~~~~~~~~^^^^^^^^^^^^^^^^^^^^^^^^^^
  File "C:\Python314\Lib\site-packages\django\utils\decorators.py", line 48, in _wrapper
    return bound_method(*args, **kwargs)
  File "C:\Python314\Lib\site-packages\django\contrib\auth\decorators.py", line 59, in _view_wrapper
    return view_func(request, *args, **kwargs)
  File "C:\Python314\Lib\site-packages\django\views\generic\base.py", line 144, in dispatch
    return handler(request, *args, **kwargs)
  File "D:\Saurabh\New_SurveGenius\venv\qualityreview_new_api\quality\a_app\a_app_qualitydashboard.py", line 113, in get
    for resp in SurveyResponse.objects.filter(surveyor__employee_id=employee_id, project=project,response_date__range=(from_date, to_date)).select_related('verification_status').order_by('pk'):
                ~~~~~~~~~~~~~~~~~~~~~~~~~~~~~~~~~~~~~~~~~~~~~~~~~~~~~~~~~~~~~~~~~~~~~~~~~~~~~~~~~~~~~~~~~~~~~~~~~~~~~~~~~~~~~~~~~~~~~~~~~~~~~~~~~~~~~~~~~~~~~~~~~~~~~~~~~~~~~~~~~~~~~~~~~~^^^^^^
  File "C:\Python314\Lib\site-packages\django\db\models\query.py", line 384, in __iter__
    self._fetch_all()
    ~~~~~~~~~~~~~~~^^
  File "C:\Python314\Lib\site-packages\django\db\models\query.py", line 1949, in _fetch_all
    self._result_cache = list(self._iterable_class(self))
                         ~~~~^^^^^^^^^^^^^^^^^^^^^^^^^^^^
  File "C:\Python314\Lib\site-packages\django\db\models\query.py", line 91, in __iter__
    results = compiler.execute_sql(
        chunked_fetch=self.chunked_fetch, chunk_size=self.chunk_size
    )
  File "C:\Python314\Lib\site-packages\django\db\models\sql\compiler.py", line 1623, in execute_sql
    cursor.execute(sql, params)
    ~~~~~~~~~~~~~~^^^^^^^^^^^^^
  File "C:\Python314\Lib\site-packages\django\db\backends\utils.py", line 122, in execute
    return super().execute(sql, params)
           ~~~~~~~~~~~~~~~^^^^^^^^^^^^^
  File "C:\Python314\Lib\site-packages\django\db\backends\utils.py", line 79, in execute
    return self._execute_with_wrappers(
           ~~~~~~~~~~~~~~~~~~~~~~~~~~~^
        sql, params, many=False, executor=self._execute
        ^^^^^^^^^^^^^^^^^^^^^^^^^^^^^^^^^^^^^^^^^^^^^^^
    )
    ^
  File "C:\Python314\Lib\site-packages\django\db\backends\utils.py", line 92, in _execute_with_wrappers
    return executor(sql, params, many, context)
  File "C:\Python314\Lib\site-packages\django\db\backends\utils.py", line 100, in _execute
    with self.db.wrap_database_errors:
         ^^^^^^^^^^^^^^^^^^^^^^^^^^^^
  File "C:\Python314\Lib\site-packages\django\db\utils.py", line 91, in __exit__
    raise dj_exc_value.with_traceback(traceback) from exc_value
  File "C:\Python314\Lib\site-packages\django\db\backends\utils.py", line 105, in _execute
    return self.cursor.execute(sql, params)
           ~~~~~~~~~~~~~~~~~~~^^^^^^^^^^^^^
  File "C:\Python314\Lib\site-packages\django\db\backends\mysql\base.py", line 76, in execute
    return self.cursor.execute(query, args)
           ~~~~~~~~~~~~~~~~~~~^^^^^^^^^^^^^
  File "C:\Python314\Lib\site-packages\MySQLdb\cursors.py", line 179, in execute
    res = self._query(mogrified_query)
  File "C:\Python314\Lib\site-packages\MySQLdb\cursors.py", line 331, in _query
    self._do_get_result(db)
    ~~~~~~~~~~~~~~~~~~~^^^^
  File "C:\Python314\Lib\site-packages\MySQLdb\cursors.py", line 136, in _do_get_result
    self._result = result = self._get_result()
                            ~~~~~~~~~~~~~~~~^^
  File "C:\Python314\Lib\site-packages\MySQLdb\cursors.py", line 363, in _get_result
    return self._get_db().store_result()
           ~~~~~~~~~~~~~~~~~~~~~~~~~~~^^
django.db.utils.OperationalError: (2013, 'Lost connection to server during query')
2026-08-26 17:46:53,274 ERROR django.server "GET /qcdash?project=141&from_date=2026-08-01&to_date=2026-08-26&submit=Submit HTTP/1.1" 500 220705
2026-08-26 17:47:06,609 WARNING django.server "GET /static/js/hoverable-collapse.js HTTP/1.1" 404 1898
2026-08-26 17:47:06,616 WARNING django.server "GET /static/js/settings.js HTTP/1.1" 404 1868
2026-08-26 17:47:06,617 WARNING django.server "GET /static/js/todolist.js HTTP/1.1" 404 1868
2026-08-26 17:47:33,311 WARNING django.request Not Found: /favicon.ico
2026-08-26 17:47:33,312 WARNING django.server "GET /favicon.ico HTTP/1.1" 404 7691
2026-08-26 17:50:23,242 WARNING django.server "GET /static/js/hoverable-collapse.js HTTP/1.1" 404 1898
2026-08-26 17:50:23,338 WARNING django.server "GET /static/js/settings.js HTTP/1.1" 404 1868
2026-08-26 17:50:23,354 WARNING django.server "GET /static/js/todolist.js HTTP/1.1" 404 1868
2026-08-26 17:50:32,738 WARNING django.server "GET /static/js/hoverable-collapse.js HTTP/1.1" 404 1898
2026-08-26 17:50:32,849 WARNING django.server "GET /static/js/settings.js HTTP/1.1" 404 1868
2026-08-26 17:50:32,869 WARNING django.server "GET /static/js/todolist.js HTTP/1.1" 404 1868
2026-08-26 17:52:31,433 WARNING django.server "GET /static/js/hoverable-collapse.js HTTP/1.1" 404 1898
2026-08-26 17:52:31,436 WARNING django.server "GET /static/js/settings.js HTTP/1.1" 404 1868
2026-08-26 17:52:31,442 WARNING django.server "GET /static/js/todolist.js HTTP/1.1" 404 1868
2026-08-26 17:52:33,450 WARNING django.server "GET /static/js/settings.js HTTP/1.1" 404 1868
2026-08-26 17:52:33,454 WARNING django.server "GET /static/js/hoverable-collapse.js HTTP/1.1" 404 1898
2026-08-26 17:52:33,454 WARNING django.server "GET /static/js/todolist.js HTTP/1.1" 404 1868
2026-08-26 17:52:35,785 WARNING django.server "GET /static/js/hoverable-collapse.js HTTP/1.1" 404 1898
2026-08-26 17:52:35,799 WARNING django.server "GET /static/js/settings.js HTTP/1.1" 404 1868
2026-08-26 17:52:35,800 WARNING django.server "GET /static/js/todolist.js HTTP/1.1" 404 1868
2026-08-26 17:58:58,496 WARNING django.request Not Found: /favicon.ico
2026-08-26 17:58:58,497 WARNING django.server "GET /favicon.ico HTTP/1.1" 404 7691
2026-08-26 17:59:11,635 WARNING django.request Not Found: /favicon.ico
2026-08-26 17:59:11,637 WARNING django.server "GET /favicon.ico HTTP/1.1" 404 7691
2026-08-26 18:00:48,223 WARNING django.request Not Found: /favicon.ico
2026-08-26 18:00:48,225 WARNING django.server "GET /favicon.ico HTTP/1.1" 404 7691
2026-08-26 18:09:09,429 WARNING django.server "GET /static/js/hoverable-collapse.js HTTP/1.1" 404 1898
2026-08-26 18:09:09,542 WARNING django.server "GET /static/js/todolist.js HTTP/1.1" 404 1868
2026-08-26 18:09:09,546 WARNING django.server "GET /static/js/settings.js HTTP/1.1" 404 1868
2026-08-26 18:29:20,622 WARNING django.security.csrf Forbidden (CSRF token from POST incorrect.): /geomismatch
2026-08-26 18:29:20,640 WARNING django.server "POST /geomismatch?csrfmiddlewaretoken=piGrFuWD6b3yLxMgOILJDQLwBk8QPl2y0exx2NF6Hs7DHTiGlYKGE93vyJ1AdzRG&project=141&surveyor_req=000000&fordate=2026-08-26&submit=Quality+Reports HTTP/1.1" 403 2503
2026-08-26 18:33:14,205 WARNING django.server "GET /static/js/hoverable-collapse.js HTTP/1.1" 404 1898
2026-08-26 18:33:14,264 WARNING django.server "GET /static/js/settings.js HTTP/1.1" 404 1868
2026-08-26 18:33:14,313 WARNING django.server "GET /static/js/todolist.js HTTP/1.1" 404 1868
2026-08-26 18:37:49,169 WARNING django.server "GET /static/js/hoverable-collapse.js HTTP/1.1" 404 1898
2026-08-26 18:37:49,247 WARNING django.server "GET /static/js/settings.js HTTP/1.1" 404 1868
2026-08-26 18:37:49,278 WARNING django.server "GET /static/js/todolist.js HTTP/1.1" 404 1868
2026-08-26 18:45:07,579 WARNING django.server "GET /static/js/todolist.js HTTP/1.1" 404 1868
2026-08-26 18:45:07,580 WARNING django.server "GET /static/js/hoverable-collapse.js HTTP/1.1" 404 1898
2026-08-26 18:45:07,581 WARNING django.server "GET /static/js/settings.js HTTP/1.1" 404 1868
2026-08-26 18:45:08,481 WARNING django.server "GET /static/js/hoverable-collapse.js HTTP/1.1" 404 1898
2026-08-26 18:45:08,515 WARNING django.server "GET /static/js/settings.js HTTP/1.1" 404 1868
2026-08-26 18:45:08,550 WARNING django.server "GET /static/js/todolist.js HTTP/1.1" 404 1868
2026-08-26 18:45:13,266 WARNING django.server "GET /static/js/hoverable-collapse.js HTTP/1.1" 404 1898
2026-08-26 18:45:13,266 WARNING django.server "GET /static/js/todolist.js HTTP/1.1" 404 1868
2026-08-26 18:45:13,268 WARNING django.server "GET /static/js/settings.js HTTP/1.1" 404 1868
2026-08-26 18:45:13,625 WARNING django.server "GET /static/js/hoverable-collapse.js HTTP/1.1" 404 1898
2026-08-26 18:45:13,707 WARNING django.server "GET /static/js/settings.js HTTP/1.1" 404 1868
2026-08-26 18:45:13,724 WARNING django.server "GET /static/js/todolist.js HTTP/1.1" 404 1868
2026-08-26 18:48:13,824 WARNING django.server "GET /static/js/hoverable-collapse.js HTTP/1.1" 404 1898
2026-08-26 18:48:13,833 WARNING django.server "GET /static/js/settings.js HTTP/1.1" 404 1868
2026-08-26 18:48:13,839 WARNING django.server "GET /static/js/todolist.js HTTP/1.1" 404 1868
2026-08-26 18:48:14,138 WARNING django.server "GET /static/js/hoverable-collapse.js HTTP/1.1" 404 1898
2026-08-26 18:48:14,164 WARNING django.server "GET /static/js/settings.js HTTP/1.1" 404 1868
2026-08-26 18:48:14,189 WARNING django.server "GET /static/js/todolist.js HTTP/1.1" 404 1868
2026-08-26 18:59:21,980 WARNING django.server "GET /static/js/hoverable-collapse.js HTTP/1.1" 404 1898
2026-08-26 18:59:21,982 WARNING django.server "GET /static/js/settings.js HTTP/1.1" 404 1868
2026-08-26 18:59:21,991 WARNING django.server "GET /static/js/todolist.js HTTP/1.1" 404 1868
2026-08-26 18:59:24,780 WARNING django.server "GET /static/js/settings.js HTTP/1.1" 404 1868
2026-08-26 18:59:24,782 WARNING django.server "GET /static/js/todolist.js HTTP/1.1" 404 1868
2026-08-26 18:59:24,784 WARNING django.server "GET /static/js/hoverable-collapse.js HTTP/1.1" 404 1898
2026-08-26 19:14:03,556 WARNING django.request Not Found: /favicon.ico
2026-08-26 19:14:03,557 WARNING django.server "GET /favicon.ico HTTP/1.1" 404 7691
2026-08-26 19:14:08,747 WARNING django.request Not Found: /favicon.ico
2026-08-26 19:14:08,748 WARNING django.server "GET /favicon.ico HTTP/1.1" 404 7691
2026-08-26 19:14:57,954 WARNING django.request Not Found: /favicon.ico
2026-08-26 19:14:57,956 WARNING django.server "GET /favicon.ico HTTP/1.1" 404 7691
2026-08-26 19:15:59,083 WARNING django.server "GET /static/js/hoverable-collapse.js HTTP/1.1" 404 1898
2026-08-26 19:15:59,124 WARNING django.server "GET /static/js/settings.js HTTP/1.1" 404 1868
2026-08-26 19:15:59,233 WARNING django.server "GET /static/js/todolist.js HTTP/1.1" 404 1868
2026-08-26 19:22:33,292 WARNING django.server "GET /static/js/hoverable-collapse.js HTTP/1.1" 404 1898
2026-08-26 19:22:33,408 WARNING django.server "GET /static/js/todolist.js HTTP/1.1" 404 1868
2026-08-26 19:22:33,408 WARNING django.server "GET /static/js/settings.js HTTP/1.1" 404 1868
2026-08-26 19:22:36,084 WARNING django.request Not Found: /favicon.ico
2026-08-26 19:22:36,085 WARNING django.server "GET /favicon.ico HTTP/1.1" 404 7691
2026-08-26 19:23:23,341 WARNING django.request Not Found: /favicon.ico
2026-08-26 19:23:23,342 WARNING django.server "GET /favicon.ico HTTP/1.1" 404 7691
2026-08-26 19:23:28,863 WARNING django.request Not Found: /favicon.ico
2026-08-26 19:23:28,864 WARNING django.server "GET /favicon.ico HTTP/1.1" 404 7691
2026-08-26 19:25:53,972 WARNING django.request Not Found: /favicon.ico
2026-08-26 19:25:53,973 WARNING django.server "GET /favicon.ico HTTP/1.1" 404 7691
2026-08-26 19:25:59,615 WARNING django.request Not Found: /favicon.ico
2026-08-26 19:25:59,616 WARNING django.server "GET /favicon.ico HTTP/1.1" 404 7691
2026-08-26 19:27:12,082 WARNING django.request Not Found: /favicon.ico
2026-08-26 19:27:12,083 WARNING django.server "GET /favicon.ico HTTP/1.1" 404 7691
2026-08-26 19:39:11,227 WARNING django.request Not Found: /favicon.ico
2026-08-26 19:39:11,228 WARNING django.server "GET /favicon.ico HTTP/1.1" 404 7691
2026-08-26 19:39:56,710 WARNING django.request Not Found: /favicon.ico
2026-08-26 19:39:56,711 WARNING django.server "GET /favicon.ico HTTP/1.1" 404 7691
2026-08-27 08:11:49,094 WARNING django.server "GET /static/js/hoverable-collapse.js HTTP/1.1" 404 1898
2026-08-27 08:11:49,207 WARNING django.server "GET /static/js/todolist.js HTTP/1.1" 404 1868
2026-08-27 08:11:49,215 WARNING django.server "GET /static/js/settings.js HTTP/1.1" 404 1868
2026-08-27 08:11:56,456 WARNING django.request Not Found: /favicon.ico
2026-08-27 08:11:56,458 WARNING django.server "GET /favicon.ico HTTP/1.1" 404 7691
2026-08-27 09:18:55,915 WARNING django.server "GET /static/js/hoverable-collapse.js HTTP/1.1" 404 1898
2026-08-27 09:18:56,019 WARNING django.server "GET /static/js/hoverable-collapse.js HTTP/1.1" 404 1898
2026-08-27 09:18:56,064 WARNING django.server "GET /static/js/settings.js HTTP/1.1" 404 1868
2026-08-27 09:18:56,069 WARNING django.server "GET /static/js/todolist.js HTTP/1.1" 404 1868
2026-08-27 09:18:56,096 WARNING django.server "GET /static/js/settings.js HTTP/1.1" 404 1868
2026-08-27 09:18:56,097 WARNING django.server "GET /static/js/todolist.js HTTP/1.1" 404 1868
2026-08-27 09:20:57,748 WARNING django.server "GET /static/js/hoverable-collapse.js HTTP/1.1" 404 1898
2026-08-27 09:20:57,760 WARNING django.server "GET /static/js/todolist.js HTTP/1.1" 404 1868
2026-08-27 09:20:57,761 WARNING django.server "GET /static/js/settings.js HTTP/1.1" 404 1868
2026-08-27 09:22:08,352 WARNING django.request Not Found: /favicon.ico
2026-08-27 09:22:08,354 WARNING django.server "GET /favicon.ico HTTP/1.1" 404 7691
2026-08-27 09:22:38,421 WARNING django.security.csrf Forbidden (CSRF token from POST incorrect.): /login
2026-08-27 09:22:38,447 WARNING django.server "POST /login HTTP/1.1" 403 2503
2026-08-27 09:22:58,465 WARNING django.server "GET /static/js/hoverable-collapse.js HTTP/1.1" 404 1898
2026-08-27 09:22:58,493 WARNING django.server "GET /static/js/settings.js HTTP/1.1" 404 1868
2026-08-27 09:22:58,493 WARNING django.server "GET /static/js/todolist.js HTTP/1.1" 404 1868
2026-08-27 09:23:20,941 WARNING django.request Not Found: /favicon.ico
2026-08-27 09:23:20,943 WARNING django.server "GET /favicon.ico HTTP/1.1" 404 7691
2026-08-27 09:53:33,787 WARNING django.server "GET /static/js/hoverable-collapse.js HTTP/1.1" 404 1898
2026-08-27 09:53:33,800 WARNING django.server "GET /static/js/todolist.js HTTP/1.1" 404 1868
2026-08-27 09:53:33,800 WARNING django.server "GET /static/js/settings.js HTTP/1.1" 404 1868
2026-08-27 09:53:48,064 WARNING django.request Not Found: /favicon.ico
2026-08-27 09:53:48,066 WARNING django.server "GET /favicon.ico HTTP/1.1" 404 7691
2026-08-27 09:54:41,761 WARNING django.server "GET /static/js/hoverable-collapse.js HTTP/1.1" 404 1898
2026-08-27 09:54:41,778 WARNING django.server "GET /static/js/todolist.js HTTP/1.1" 404 1868
2026-08-27 09:54:41,778 WARNING django.server "GET /static/js/settings.js HTTP/1.1" 404 1868
2026-08-27 10:07:02,688 WARNING django.server "GET /static/js/hoverable-collapse.js HTTP/1.1" 404 1898
2026-08-27 10:07:02,700 WARNING django.server "GET /static/js/settings.js HTTP/1.1" 404 1868
2026-08-27 10:07:02,702 WARNING django.server "GET /static/js/todolist.js HTTP/1.1" 404 1868
2026-08-27 10:07:08,118 WARNING django.request Not Found: /favicon.ico
2026-08-27 10:07:08,121 WARNING django.server "GET /favicon.ico HTTP/1.1" 404 7691
2026-08-27 10:14:08,475 WARNING django.server "GET /static/js/hoverable-collapse.js HTTP/1.1" 404 1898
2026-08-27 10:14:08,484 WARNING django.server "GET /static/js/settings.js HTTP/1.1" 404 1868
2026-08-27 10:14:08,491 WARNING django.server "GET /static/js/todolist.js HTTP/1.1" 404 1868
2026-08-27 10:14:14,959 WARNING django.request Not Found: /favicon.ico
2026-08-27 10:14:14,960 WARNING django.server "GET /favicon.ico HTTP/1.1" 404 7691
2026-08-27 10:16:24,441 WARNING django.server "GET /static/js/hoverable-collapse.js HTTP/1.1" 404 1898
2026-08-27 10:16:24,443 WARNING django.server "GET /static/js/settings.js HTTP/1.1" 404 1868
2026-08-27 10:16:24,454 WARNING django.server "GET /static/js/todolist.js HTTP/1.1" 404 1868
2026-08-27 10:16:28,792 WARNING django.request Not Found: /favicon.ico
2026-08-27 10:16:28,795 WARNING django.server "GET /favicon.ico HTTP/1.1" 404 7691
2026-08-27 10:25:13,210 WARNING django.server "GET /static/js/hoverable-collapse.js HTTP/1.1" 404 1898
2026-08-27 10:25:13,218 WARNING django.server "GET /static/js/settings.js HTTP/1.1" 404 1868
2026-08-27 10:25:13,225 WARNING django.server "GET /static/js/todolist.js HTTP/1.1" 404 1868
2026-08-27 10:25:29,716 WARNING django.server "GET /static/js/hoverable-collapse.js HTTP/1.1" 404 1898
2026-08-27 10:25:29,728 WARNING django.server "GET /static/js/todolist.js HTTP/1.1" 404 1868
2026-08-27 10:25:29,728 WARNING django.server "GET /static/js/settings.js HTTP/1.1" 404 1868
2026-08-27 10:26:15,112 WARNING django.server "GET /static/js/hoverable-collapse.js HTTP/1.1" 404 1898
2026-08-27 10:26:15,121 WARNING django.server "GET /static/js/settings.js HTTP/1.1" 404 1868
2026-08-27 10:26:15,144 WARNING django.server "GET /static/js/todolist.js HTTP/1.1" 404 1868
2026-08-27 10:26:55,318 WARNING django.request Not Found: /favicon.ico
2026-08-27 10:26:55,320 WARNING django.server "GET /favicon.ico HTTP/1.1" 404 7691
2026-08-27 10:27:20,602 WARNING django.security.csrf Forbidden (CSRF token from POST incorrect.): /login
2026-08-27 10:27:20,630 WARNING django.server "POST /login HTTP/1.1" 403 2503
2026-08-27 10:27:40,086 WARNING django.server "GET /static/js/hoverable-collapse.js HTTP/1.1" 404 1898
2026-08-27 10:27:40,092 WARNING django.server "GET /static/js/settings.js HTTP/1.1" 404 1868
2026-08-27 10:27:40,134 WARNING django.server "GET /static/js/todolist.js HTTP/1.1" 404 1868
2026-08-27 10:28:33,648 WARNING django.server "GET /static/js/hoverable-collapse.js HTTP/1.1" 404 1898
2026-08-27 10:28:33,661 WARNING django.server "GET /static/js/settings.js HTTP/1.1" 404 1868
2026-08-27 10:28:33,669 WARNING django.server "GET /static/js/todolist.js HTTP/1.1" 404 1868
2026-08-27 10:28:34,645 WARNING django.server "GET /static/js/hoverable-collapse.js HTTP/1.1" 404 1898
2026-08-27 10:28:34,755 WARNING django.server "GET /static/js/settings.js HTTP/1.1" 404 1868
2026-08-27 10:28:34,814 WARNING django.server "GET /static/js/todolist.js HTTP/1.1" 404 1868
2026-08-27 10:28:50,744 WARNING django.request Not Found: /favicon.ico
2026-08-27 10:28:50,746 WARNING django.server "GET /favicon.ico HTTP/1.1" 404 7691
2026-08-27 10:31:16,083 WARNING django.server "GET /static/js/hoverable-collapse.js HTTP/1.1" 404 1898
2026-08-27 10:31:16,114 WARNING django.server "GET /static/js/settings.js HTTP/1.1" 404 1868
2026-08-27 10:31:16,120 WARNING django.server "GET /static/js/todolist.js HTTP/1.1" 404 1868
2026-08-27 10:31:38,958 WARNING django.server "GET /static/js/hoverable-collapse.js HTTP/1.1" 404 1898
2026-08-27 10:31:38,965 WARNING django.server "GET /static/js/settings.js HTTP/1.1" 404 1868
2026-08-27 10:31:39,191 WARNING django.server "GET /static/js/todolist.js HTTP/1.1" 404 1868
2026-08-27 10:31:44,803 WARNING django.request Not Found: /favicon.ico
2026-08-27 10:31:44,805 WARNING django.server "GET /favicon.ico HTTP/1.1" 404 7691
2026-08-27 10:33:49,211 WARNING django.server "GET /static/js/hoverable-collapse.js HTTP/1.1" 404 1898
2026-08-27 10:33:49,231 WARNING django.server "GET /static/js/settings.js HTTP/1.1" 404 1868
2026-08-27 10:33:49,239 WARNING django.server "GET /static/js/todolist.js HTTP/1.1" 404 1868
2026-08-27 10:34:05,927 WARNING django.server "GET /static/js/settings.js HTTP/1.1" 404 1868
2026-08-27 10:34:05,929 WARNING django.server "GET /static/js/todolist.js HTTP/1.1" 404 1868
2026-08-27 10:34:05,934 WARNING django.server "GET /static/js/hoverable-collapse.js HTTP/1.1" 404 1898
2026-08-27 10:34:17,909 WARNING django.request Not Found: /favicon.ico
2026-08-27 10:34:17,911 WARNING django.server "GET /favicon.ico HTTP/1.1" 404 7691
2026-08-27 10:55:36,861 ERROR django.request Internal Server Error: /geomismatch
Traceback (most recent call last):
  File "C:\Python314\Lib\site-packages\django\db\backends\utils.py", line 105, in _execute
    return self.cursor.execute(sql, params)
           ~~~~~~~~~~~~~~~~~~~^^^^^^^^^^^^^
  File "C:\Python314\Lib\site-packages\django\db\backends\mysql\base.py", line 76, in execute
    return self.cursor.execute(query, args)
           ~~~~~~~~~~~~~~~~~~~^^^^^^^^^^^^^
  File "C:\Python314\Lib\site-packages\MySQLdb\cursors.py", line 179, in execute
    res = self._query(mogrified_query)
  File "C:\Python314\Lib\site-packages\MySQLdb\cursors.py", line 331, in _query
    self._do_get_result(db)
    ~~~~~~~~~~~~~~~~~~~^^^^
  File "C:\Python314\Lib\site-packages\MySQLdb\cursors.py", line 136, in _do_get_result
    self._result = result = self._get_result()
                            ~~~~~~~~~~~~~~~~^^
  File "C:\Python314\Lib\site-packages\MySQLdb\cursors.py", line 363, in _get_result
    return self._get_db().store_result()
           ~~~~~~~~~~~~~~~~~~~~~~~~~~~^^
MySQLdb.OperationalError: (2013, 'Lost connection to server during query')

The above exception was the direct cause of the following exception:

Traceback (most recent call last):
  File "C:\Python314\Lib\site-packages\django\core\handlers\exception.py", line 55, in inner
    response = get_response(request)
  File "C:\Python314\Lib\site-packages\django\core\handlers\base.py", line 197, in _get_response
    response = wrapped_callback(request, *callback_args, **callback_kwargs)
  File "C:\Python314\Lib\site-packages\django\views\generic\base.py", line 105, in view
    return self.dispatch(request, *args, **kwargs)
           ~~~~~~~~~~~~~^^^^^^^^^^^^^^^^^^^^^^^^^^
  File "C:\Python314\Lib\site-packages\django\utils\decorators.py", line 48, in _wrapper
    return bound_method(*args, **kwargs)
  File "C:\Python314\Lib\site-packages\django\contrib\auth\decorators.py", line 59, in _view_wrapper
    return view_func(request, *args, **kwargs)
  File "C:\Python314\Lib\site-packages\django\utils\decorators.py", line 48, in _wrapper
    return bound_method(*args, **kwargs)
  File "D:\Saurabh\New_SurveGenius\venv\qualityreview_new_api\quality\quality\ratelimit.py", line 86, in wrapped
    return view_func(request, *args, **kwargs)
  File "C:\Python314\Lib\site-packages\django\views\generic\base.py", line 144, in dispatch
    return handler(request, *args, **kwargs)
  File "D:\Saurabh\New_SurveGenius\venv\qualityreview_new_api\quality\a_app\a_app_quality_views.py", line 114, in get
    self.fetchdata(request, data, capi_checklist_id)
    ~~~~~~~~~~~~~~^^^^^^^^^^^^^^^^^^^^^^^^^^^^^^^^^^
  File "D:\Saurabh\New_SurveGenius\venv\qualityreview_new_api\quality\a_app\a_app_quality_views.py", line 335, in fetchdata
    for resp in filtered_surveyresponses_verified:
                ^^^^^^^^^^^^^^^^^^^^^^^^^^^^^^^^^
  File "C:\Python314\Lib\site-packages\django\db\models\query.py", line 384, in __iter__
    self._fetch_all()
    ~~~~~~~~~~~~~~~^^
  File "C:\Python314\Lib\site-packages\django\db\models\query.py", line 1949, in _fetch_all
    self._result_cache = list(self._iterable_class(self))
                         ~~~~^^^^^^^^^^^^^^^^^^^^^^^^^^^^
  File "C:\Python314\Lib\site-packages\django\db\models\query.py", line 91, in __iter__
    results = compiler.execute_sql(
        chunked_fetch=self.chunked_fetch, chunk_size=self.chunk_size
    )
  File "C:\Python314\Lib\site-packages\django\db\models\sql\compiler.py", line 1623, in execute_sql
    cursor.execute(sql, params)
    ~~~~~~~~~~~~~~^^^^^^^^^^^^^
  File "C:\Python314\Lib\site-packages\django\db\backends\utils.py", line 122, in execute
    return super().execute(sql, params)
           ~~~~~~~~~~~~~~~^^^^^^^^^^^^^
  File "C:\Python314\Lib\site-packages\django\db\backends\utils.py", line 79, in execute
    return self._execute_with_wrappers(
           ~~~~~~~~~~~~~~~~~~~~~~~~~~~^
        sql, params, many=False, executor=self._execute
        ^^^^^^^^^^^^^^^^^^^^^^^^^^^^^^^^^^^^^^^^^^^^^^^
    )
    ^
  File "C:\Python314\Lib\site-packages\django\db\backends\utils.py", line 92, in _execute_with_wrappers
    return executor(sql, params, many, context)
  File "C:\Python314\Lib\site-packages\django\db\backends\utils.py", line 100, in _execute
    with self.db.wrap_database_errors:
         ^^^^^^^^^^^^^^^^^^^^^^^^^^^^
  File "C:\Python314\Lib\site-packages\django\db\utils.py", line 91, in __exit__
    raise dj_exc_value.with_traceback(traceback) from exc_value
  File "C:\Python314\Lib\site-packages\django\db\backends\utils.py", line 105, in _execute
    return self.cursor.execute(sql, params)
           ~~~~~~~~~~~~~~~~~~~^^^^^^^^^^^^^
  File "C:\Python314\Lib\site-packages\django\db\backends\mysql\base.py", line 76, in execute
    return self.cursor.execute(query, args)
           ~~~~~~~~~~~~~~~~~~~^^^^^^^^^^^^^
  File "C:\Python314\Lib\site-packages\MySQLdb\cursors.py", line 179, in execute
    res = self._query(mogrified_query)
  File "C:\Python314\Lib\site-packages\MySQLdb\cursors.py", line 331, in _query
    self._do_get_result(db)
    ~~~~~~~~~~~~~~~~~~~^^^^
  File "C:\Python314\Lib\site-packages\MySQLdb\cursors.py", line 136, in _do_get_result
    self._result = result = self._get_result()
                            ~~~~~~~~~~~~~~~~^^
  File "C:\Python314\Lib\site-packages\MySQLdb\cursors.py", line 363, in _get_result
    return self._get_db().store_result()
           ~~~~~~~~~~~~~~~~~~~~~~~~~~~^^
django.db.utils.OperationalError: (2013, 'Lost connection to server during query')
2026-08-27 10:55:36,882 ERROR django.server "GET /geomismatch?csrfmiddlewaretoken=cboiTqjiKeov6XxQVrUUV4UI1ADVnUl6Q8jOFlqKd1v16bMp9uKLCv7YaeBWACkp&project=141&surveyor_req=116453&fordate=2026-08-26&submit=Quality+Reports HTTP/1.1" 500 226254
2026-08-27 11:07:09,065 WARNING django.server "GET /static/js/hoverable-collapse.js HTTP/1.1" 404 1898
2026-08-27 11:07:09,139 WARNING django.server "GET /static/js/settings.js HTTP/1.1" 404 1868
2026-08-27 11:07:09,423 WARNING django.server "GET /static/js/todolist.js HTTP/1.1" 404 1868
2026-08-27 11:07:16,936 WARNING django.security.csrf Forbidden (CSRF token from POST incorrect.): /login
2026-08-27 11:07:16,965 WARNING django.server "POST /login HTTP/1.1" 403 2503
2026-08-27 11:07:17,128 WARNING django.request Not Found: /favicon.ico
2026-08-27 11:07:17,130 WARNING django.server "GET /favicon.ico HTTP/1.1" 404 7691
2026-08-27 11:07:20,385 WARNING django.security.csrf Forbidden (CSRF token from POST incorrect.): /login
2026-08-27 11:07:20,412 WARNING django.server "POST /login HTTP/1.1" 403 2503
2026-08-27 11:09:50,734 DEBUG urllib3.connectionpool Starting new HTTPS connection (1): api.axismyindia.in:443
2026-08-27 11:09:51,330 DEBUG urllib3.connectionpool https://api.axismyindia.in:443 "GET /v1/admin/surveyors/qc-service/survey-response-download/download-range/876?startDate=2026-08-25&endDate=2026-08-26 HTTP/1.1" 200 93
2026-08-27 11:09:54,863 DEBUG urllib3.connectionpool Starting new HTTPS connection (1): api.axismyindia.in:443
2026-08-27 11:09:55,024 DEBUG urllib3.connectionpool https://api.axismyindia.in:443 "GET /v1/admin/surveyors/qc-service/survey-response-download/survey-report-tasks?page=1&size=10&choiceId=876 HTTP/1.1" 200 None
2026-08-27 11:09:55,248 WARNING django.request Not Found: /styles.css
2026-08-27 11:09:55,249 WARNING django.server "GET /styles.css HTTP/1.1" 404 7688
2026-08-27 11:09:58,348 DEBUG urllib3.connectionpool Starting new HTTPS connection (1): api.axismyindia.in:443
2026-08-27 11:09:58,453 DEBUG urllib3.connectionpool https://api.axismyindia.in:443 "GET /v1/admin/surveyors/qc-service/survey-response-download/survey-report-tasks?page=1&size=10&choiceId=876 HTTP/1.1" 200 None
2026-08-27 11:09:58,705 WARNING django.request Not Found: /styles.css
2026-08-27 11:09:58,707 WARNING django.server "GET /styles.css HTTP/1.1" 404 7688
2026-08-27 11:10:00,454 DEBUG urllib3.connectionpool Starting new HTTPS connection (1): api.axismyindia.in:443
2026-08-27 11:10:01,674 DEBUG urllib3.connectionpool https://api.axismyindia.in:443 "GET /v1/admin/surveyors/qc-service/survey-response-download/download-survey-report?taskId=6624%20 HTTP/1.1" 200 137769
2026-08-27 11:13:18,821 WARNING django.server "GET /static/js/hoverable-collapse.js HTTP/1.1" 404 1898
2026-08-27 11:13:18,957 WARNING django.server "GET /static/js/settings.js HTTP/1.1" 404 1868
2026-08-27 11:13:20,101 WARNING django.server "GET /static/js/todolist.js HTTP/1.1" 404 1868
2026-08-27 11:13:52,434 WARNING django.request Not Found: /favicon.ico
2026-08-27 11:13:52,436 WARNING django.server "GET /favicon.ico HTTP/1.1" 404 7691
2026-08-27 11:16:34,388 WARNING django.request Not Found: /favicon.ico
2026-08-27 11:16:34,390 WARNING django.server "GET /favicon.ico HTTP/1.1" 404 7691
2026-08-27 11:27:48,148 WARNING django.server "GET /static/js/hoverable-collapse.js HTTP/1.1" 404 1898
2026-08-27 11:27:48,272 WARNING django.server "GET /static/js/todolist.js HTTP/1.1" 404 1868
2026-08-27 11:27:49,274 WARNING django.server "GET /static/js/settings.js HTTP/1.1" 404 1868
2026-08-27 11:28:51,616 WARNING django.server "GET /static/js/hoverable-collapse.js HTTP/1.1" 404 1898
2026-08-27 11:28:51,693 WARNING django.server "GET /static/js/settings.js HTTP/1.1" 404 1868
2026-08-27 11:28:51,730 WARNING django.server "GET /static/js/todolist.js HTTP/1.1" 404 1868
2026-08-27 11:28:56,736 WARNING django.request Not Found: /favicon.ico
2026-08-27 11:28:56,738 WARNING django.server "GET /favicon.ico HTTP/1.1" 404 7691
2026-08-27 11:29:27,143 WARNING django.server "GET /static/js/hoverable-collapse.js HTTP/1.1" 404 1898
2026-08-27 11:29:27,149 WARNING django.server "GET /static/js/settings.js HTTP/1.1" 404 1868
2026-08-27 11:29:27,252 WARNING django.server "GET /static/js/todolist.js HTTP/1.1" 404 1868
2026-08-27 11:29:45,201 WARNING django.server "GET /static/js/hoverable-collapse.js HTTP/1.1" 404 1898
2026-08-27 11:29:45,209 WARNING django.server "GET /static/js/settings.js HTTP/1.1" 404 1868
2026-08-27 11:29:45,317 WARNING django.server "GET /static/js/todolist.js HTTP/1.1" 404 1868
2026-08-27 11:39:41,839 WARNING django.server "GET /static/js/hoverable-collapse.js HTTP/1.1" 404 1898
2026-08-27 11:39:41,935 WARNING django.server "GET /static/js/settings.js HTTP/1.1" 404 1868
2026-08-27 11:39:41,949 WARNING django.server "GET /static/js/todolist.js HTTP/1.1" 404 1868
2026-08-27 11:39:47,325 WARNING django.request Not Found: /favicon.ico
2026-08-27 11:39:47,327 WARNING django.server "GET /favicon.ico HTTP/1.1" 404 7691
2026-08-27 11:40:48,189 WARNING django.server "GET /static/js/hoverable-collapse.js HTTP/1.1" 404 1898
2026-08-27 11:40:48,197 WARNING django.server "GET /static/js/settings.js HTTP/1.1" 404 1868
2026-08-27 11:40:48,296 WARNING django.server "GET /static/js/todolist.js HTTP/1.1" 404 1868
2026-08-27 11:46:33,444 WARNING django.request Not Found: /favicon.ico
2026-08-27 11:46:33,447 WARNING django.server "GET /favicon.ico HTTP/1.1" 404 7691
2026-08-27 11:46:36,692 WARNING django.server "GET /static/js/hoverable-collapse.js HTTP/1.1" 404 1898
2026-08-27 11:46:36,699 WARNING django.server "GET /static/js/settings.js HTTP/1.1" 404 1868
2026-08-27 11:46:37,819 WARNING django.server "GET /static/js/todolist.js HTTP/1.1" 404 1868
2026-08-27 11:47:53,847 WARNING django.request The request's session was deleted before the request completed. The user may have logged out in a concurrent request, for example.: /v2
Traceback (most recent call last):
  File "C:\Python314\Lib\site-packages\django\contrib\sessions\backends\db.py", line 127, in save
    obj.save(
    ~~~~~~~~^
        force_insert=must_create, force_update=not must_create, using=using
        ^^^^^^^^^^^^^^^^^^^^^^^^^^^^^^^^^^^^^^^^^^^^^^^^^^^^^^^^^^^^^^^^^^^
    )
    ^
  File "C:\Python314\Lib\site-packages\django\db\models\base.py", line 902, in save
    self.save_base(
    ~~~~~~~~~~~~~~^
        using=using,
        ^^^^^^^^^^^^
    ...<2 lines>...
        update_fields=update_fields,
        ^^^^^^^^^^^^^^^^^^^^^^^^^^^^
    )
    ^
  File "C:\Python314\Lib\site-packages\django\db\models\base.py", line 1008, in save_base
    updated = self._save_table(
        raw,
    ...<4 lines>...
        update_fields,
    )
  File "C:\Python314\Lib\site-packages\django\db\models\base.py", line 1142, in _save_table
    raise DatabaseError("Forced update did not affect any rows.")
django.db.utils.DatabaseError: Forced update did not affect any rows.

During handling of the above exception, another exception occurred:

Traceback (most recent call last):
  File "C:\Python314\Lib\site-packages\django\contrib\sessions\middleware.py", line 59, in process_response
    request.session.save()
    ~~~~~~~~~~~~~~~~~~~~^^
  File "C:\Python314\Lib\site-packages\django\contrib\sessions\backends\db.py", line 136, in save
    raise UpdateError
django.contrib.sessions.backends.base.UpdateError

During handling of the above exception, another exception occurred:

Traceback (most recent call last):
  File "C:\Python314\Lib\site-packages\django\core\handlers\exception.py", line 55, in inner
    response = get_response(request)
  File "C:\Python314\Lib\site-packages\django\utils\deprecation.py", line 122, in __call__
    response = self.process_response(request, response)
  File "C:\Python314\Lib\site-packages\django\contrib\sessions\middleware.py", line 61, in process_response
    raise SessionInterrupted(
    ...<3 lines>...
    )
django.contrib.sessions.exceptions.SessionInterrupted: The request's session was deleted before the request completed. The user may have logged out in a concurrent request, for example.
2026-08-27 11:47:53,868 WARNING django.server "GET /v2?csrfmiddlewaretoken=DavXKqYe5uBrEzsn9yIChegifZ1Bd1erFqdii0OwAac6YROSIiqhLEI6vf7XKzxT&auditor_project_name=default&quality_auditor_name=default&startdate=2026-08-01&enddate=2026-08-27&interview_startdate=&interview_enddate=&filter=filter&selected_form=short_summary HTTP/1.1" 400 108128
2026-08-27 11:54:41,058 WARNING django.server "GET /static/js/hoverable-collapse.js HTTP/1.1" 404 1898
2026-08-27 11:54:41,149 WARNING django.server "GET /static/js/settings.js HTTP/1.1" 404 1868
2026-08-27 11:54:41,163 WARNING django.server "GET /static/js/todolist.js HTTP/1.1" 404 1868
2026-08-27 11:56:59,424 WARNING django.server "GET /static/js/hoverable-collapse.js HTTP/1.1" 404 1898
2026-08-27 11:56:59,513 WARNING django.server "GET /static/js/settings.js HTTP/1.1" 404 1868
2026-08-27 11:56:59,534 WARNING django.server "GET /static/js/todolist.js HTTP/1.1" 404 1868
2026-08-27 11:57:24,916 WARNING django.server "GET /static/js/hoverable-collapse.js HTTP/1.1" 404 1898
2026-08-27 11:57:24,924 WARNING django.server "GET /static/js/settings.js HTTP/1.1" 404 1868
2026-08-27 11:57:25,025 WARNING django.server "GET /static/js/todolist.js HTTP/1.1" 404 1868
2026-08-27 11:59:37,026 WARNING django.server "GET /static/js/hoverable-collapse.js HTTP/1.1" 404 1898
2026-08-27 11:59:37,143 WARNING django.server "GET /static/js/settings.js HTTP/1.1" 404 1868
2026-08-27 11:59:37,149 WARNING django.server "GET /static/js/todolist.js HTTP/1.1" 404 1868
2026-08-27 12:02:34,848 WARNING django.server "GET /static/js/hoverable-collapse.js HTTP/1.1" 404 1898
2026-08-27 12:02:34,850 WARNING django.server "GET /static/js/settings.js HTTP/1.1" 404 1868
2026-08-27 12:02:34,856 WARNING django.server "GET /static/js/todolist.js HTTP/1.1" 404 1868
2026-08-27 12:03:10,228 WARNING django.server "GET /static/js/hoverable-collapse.js HTTP/1.1" 404 1898
2026-08-27 12:03:10,238 WARNING django.server "GET /static/js/settings.js HTTP/1.1" 404 1868
2026-08-27 12:03:10,244 WARNING django.server "GET /static/js/todolist.js HTTP/1.1" 404 1868
2026-08-27 12:03:50,880 WARNING django.server "GET /static/js/settings.js HTTP/1.1" 404 1868
2026-08-27 12:03:50,880 WARNING django.server "GET /static/js/hoverable-collapse.js HTTP/1.1" 404 1898
2026-08-27 12:03:50,881 WARNING django.server "GET /static/js/todolist.js HTTP/1.1" 404 1868
2026-08-27 12:03:57,217 WARNING django.request Not Found: /favicon.ico
2026-08-27 12:03:57,219 WARNING django.server "GET /favicon.ico HTTP/1.1" 404 7691
2026-08-27 12:08:01,567 WARNING django.server "GET /static/js/hoverable-collapse.js HTTP/1.1" 404 1898
2026-08-27 12:08:01,631 WARNING django.server "GET /static/js/settings.js HTTP/1.1" 404 1868
2026-08-27 12:08:01,677 WARNING django.server "GET /static/js/todolist.js HTTP/1.1" 404 1868
2026-08-27 12:09:51,707 WARNING django.server "GET /static/js/hoverable-collapse.js HTTP/1.1" 404 1898
2026-08-27 12:09:51,788 WARNING django.server "GET /static/js/settings.js HTTP/1.1" 404 1868
2026-08-27 12:09:51,816 WARNING django.server "GET /static/js/todolist.js HTTP/1.1" 404 1868
2026-08-27 12:12:37,842 WARNING django.server "GET /static/js/hoverable-collapse.js HTTP/1.1" 404 1898
2026-08-27 12:12:37,870 WARNING django.server "GET /static/js/settings.js HTTP/1.1" 404 1868
2026-08-27 12:12:37,963 WARNING django.server "GET /static/js/todolist.js HTTP/1.1" 404 1868
2026-08-27 12:20:39,492 WARNING django.request Not Found: /favicon.ico
2026-08-27 12:20:39,494 WARNING django.server "GET /favicon.ico HTTP/1.1" 404 7691
2026-08-27 12:21:41,178 WARNING django.request The request's session was deleted before the request completed. The user may have logged out in a concurrent request, for example.: /v2
Traceback (most recent call last):
  File "C:\Python314\Lib\site-packages\django\contrib\sessions\backends\db.py", line 127, in save
    obj.save(
    ~~~~~~~~^
        force_insert=must_create, force_update=not must_create, using=using
        ^^^^^^^^^^^^^^^^^^^^^^^^^^^^^^^^^^^^^^^^^^^^^^^^^^^^^^^^^^^^^^^^^^^
    )
    ^
  File "C:\Python314\Lib\site-packages\django\db\models\base.py", line 902, in save
    self.save_base(
    ~~~~~~~~~~~~~~^
        using=using,
        ^^^^^^^^^^^^
    ...<2 lines>...
        update_fields=update_fields,
        ^^^^^^^^^^^^^^^^^^^^^^^^^^^^
    )
    ^
  File "C:\Python314\Lib\site-packages\django\db\models\base.py", line 1008, in save_base
    updated = self._save_table(
        raw,
    ...<4 lines>...
        update_fields,
    )
  File "C:\Python314\Lib\site-packages\django\db\models\base.py", line 1142, in _save_table
    raise DatabaseError("Forced update did not affect any rows.")
django.db.utils.DatabaseError: Forced update did not affect any rows.

During handling of the above exception, another exception occurred:

Traceback (most recent call last):
  File "C:\Python314\Lib\site-packages\django\contrib\sessions\middleware.py", line 59, in process_response
    request.session.save()
    ~~~~~~~~~~~~~~~~~~~~^^
  File "C:\Python314\Lib\site-packages\django\contrib\sessions\backends\db.py", line 136, in save
    raise UpdateError
django.contrib.sessions.backends.base.UpdateError

During handling of the above exception, another exception occurred:

Traceback (most recent call last):
  File "C:\Python314\Lib\site-packages\django\core\handlers\exception.py", line 55, in inner
    response = get_response(request)
  File "C:\Python314\Lib\site-packages\django\utils\deprecation.py", line 122, in __call__
    response = self.process_response(request, response)
  File "C:\Python314\Lib\site-packages\django\contrib\sessions\middleware.py", line 61, in process_response
    raise SessionInterrupted(
    ...<3 lines>...
    )
django.contrib.sessions.exceptions.SessionInterrupted: The request's session was deleted before the request completed. The user may have logged out in a concurrent request, for example.
2026-08-27 12:22:24,736 WARNING django.server "GET /static/js/hoverable-collapse.js HTTP/1.1" 404 1898
2026-08-27 12:22:24,747 WARNING django.server "GET /static/js/settings.js HTTP/1.1" 404 1868
2026-08-27 12:22:24,873 WARNING django.server "GET /static/js/todolist.js HTTP/1.1" 404 1868
2026-08-27 12:22:29,489 WARNING django.request Not Found: /favicon.ico
2026-08-27 12:22:29,491 WARNING django.server "GET /favicon.ico HTTP/1.1" 404 7691
2026-08-27 12:23:08,117 WARNING django.request Not Found: /favicon.ico
2026-08-27 12:23:08,118 WARNING django.server "GET /favicon.ico HTTP/1.1" 404 7691
2026-08-27 12:27:54,641 WARNING django.request Not Found: /favicon.ico
2026-08-27 12:27:54,643 WARNING django.server "GET /favicon.ico HTTP/1.1" 404 7691
2026-08-27 12:28:50,502 WARNING django.request Not Found: /favicon.ico
2026-08-27 12:28:50,503 WARNING django.server "GET /favicon.ico HTTP/1.1" 404 7691
2026-08-27 12:31:06,743 WARNING django.server "GET /static/js/hoverable-collapse.js HTTP/1.1" 404 1898
2026-08-27 12:31:06,863 WARNING django.server "GET /static/js/settings.js HTTP/1.1" 404 1868
2026-08-27 12:31:06,876 WARNING django.server "GET /static/js/todolist.js HTTP/1.1" 404 1868
2026-08-27 12:49:20,821 WARNING django.request Not Found: /favicon.ico
2026-08-27 12:49:20,824 WARNING django.server "GET /favicon.ico HTTP/1.1" 404 7691
2026-08-27 12:49:59,142 WARNING django.request Not Found: /media/registration/220219_registration.wav
2026-08-27 12:49:59,144 WARNING django.server "GET /media/registration/220219_registration.wav HTTP/1.1" 404 8050
2026-08-27 12:50:02,876 WARNING django.request Not Found: /media/registration/220219_registration.wav
2026-08-27 12:50:02,879 WARNING django.server "GET /media/registration/220219_registration.wav HTTP/1.1" 404 8050
2026-08-27 12:50:08,198 WARNING django.request Not Found: /media/audio/220219.wav
2026-08-27 12:50:08,200 WARNING django.server "GET /media/audio/220219.wav HTTP/1.1" 404 7970
2026-08-27 12:50:28,795 WARNING django.server "GET /static/js/hoverable-collapse.js HTTP/1.1" 404 1898
2026-08-27 12:50:28,803 WARNING django.server "GET /static/js/settings.js HTTP/1.1" 404 1868
2026-08-27 12:50:28,809 WARNING django.server "GET /static/js/todolist.js HTTP/1.1" 404 1868
2026-08-27 12:50:28,988 WARNING django.server "GET /static/js/hoverable-collapse.js HTTP/1.1" 404 1898
2026-08-27 12:50:29,059 WARNING django.server "GET /static/js/settings.js HTTP/1.1" 404 1868
2026-08-27 12:50:29,073 WARNING django.server "GET /static/js/todolist.js HTTP/1.1" 404 1868
2026-08-27 12:50:31,123 WARNING django.server "GET /static/js/hoverable-collapse.js HTTP/1.1" 404 1898
2026-08-27 12:50:31,131 WARNING django.server "GET /static/js/settings.js HTTP/1.1" 404 1868
2026-08-27 12:50:31,132 WARNING django.server "GET /static/js/todolist.js HTTP/1.1" 404 1868
2026-08-27 12:50:31,442 WARNING django.server "GET /static/js/hoverable-collapse.js HTTP/1.1" 404 1898
2026-08-27 12:50:31,471 WARNING django.server "GET /static/js/settings.js HTTP/1.1" 404 1868
2026-08-27 12:50:31,492 WARNING django.server "GET /static/js/todolist.js HTTP/1.1" 404 1868
2026-08-27 12:50:33,976 WARNING django.server "GET /static/js/settings.js HTTP/1.1" 404 1868
2026-08-27 12:50:33,985 WARNING django.server "GET /static/js/hoverable-collapse.js HTTP/1.1" 404 1898
2026-08-27 12:50:33,991 WARNING django.server "GET /static/js/todolist.js HTTP/1.1" 404 1868
2026-08-27 12:50:34,330 WARNING django.server "GET /static/js/hoverable-collapse.js HTTP/1.1" 404 1898
2026-08-27 12:50:34,365 WARNING django.server "GET /static/js/settings.js HTTP/1.1" 404 1868
2026-08-27 12:50:34,423 WARNING django.server "GET /static/js/todolist.js HTTP/1.1" 404 1868
2026-08-27 12:51:12,633 WARNING django.request Not Found: /favicon.ico
2026-08-27 12:51:12,634 WARNING django.server "GET /favicon.ico HTTP/1.1" 404 7691
2026-08-27 12:54:34,073 WARNING django.request Not Found: /favicon.ico
2026-08-27 12:54:34,074 WARNING django.server "GET /favicon.ico HTTP/1.1" 404 7691
2026-08-27 13:00:52,641 WARNING django.server "GET /static/vendors/js/bootstrap.min.js.map HTTP/1.1" 404 1919
2026-08-27 13:00:52,646 WARNING django.server "GET /static/vendors/js/jquery.contextMenu.min.js.map HTTP/1.1" 404 1946
2026-08-27 13:00:52,832 WARNING django.server "GET /static/vendors/css/jquery.contextMenu.min.css.map HTTP/1.1" 404 1952
2026-08-27 13:00:57,236 WARNING django.server "GET /static/js/hoverable-collapse.js HTTP/1.1" 404 1898
2026-08-27 13:00:57,304 WARNING django.server "GET /static/js/settings.js HTTP/1.1" 404 1868
2026-08-27 13:00:57,353 WARNING django.server "GET /static/js/todolist.js HTTP/1.1" 404 1868
2026-08-27 13:00:57,413 WARNING django.server "GET /static/vendors/js/bootstrap.min.js.map HTTP/1.1" 404 1919
2026-08-27 13:00:57,463 WARNING django.server "GET /static/vendors/css/jquery.contextMenu.min.css.map HTTP/1.1" 404 1952
2026-08-27 13:00:57,660 WARNING django.server "GET /static/vendors/js/jquery.contextMenu.min.js.map HTTP/1.1" 404 1946
2026-08-27 13:01:03,748 WARNING django.server "GET /static/vendors/css/jquery.contextMenu.min.css.map HTTP/1.1" 404 1952
2026-08-27 13:01:03,756 WARNING django.server "GET /static/vendors/js/bootstrap.min.js.map HTTP/1.1" 404 1919
2026-08-27 13:01:04,049 WARNING django.server "GET /static/vendors/js/jquery.contextMenu.min.js.map HTTP/1.1" 404 1946
2026-08-27 13:08:04,928 WARNING django.request Not Found: /favicon.ico
2026-08-27 13:08:04,932 WARNING django.server "GET /favicon.ico HTTP/1.1" 404 7691
2026-08-27 13:09:54,811 WARNING django.request Not Found: /favicon.ico
2026-08-27 13:09:54,812 WARNING django.server "GET /favicon.ico HTTP/1.1" 404 7691
2026-08-27 13:22:25,067 WARNING django.server "GET /static/js/todolist.js HTTP/1.1" 404 1868
2026-08-27 13:22:25,075 WARNING django.server "GET /static/js/hoverable-collapse.js HTTP/1.1" 404 1898
2026-08-27 13:22:25,185 WARNING django.server "GET /static/js/settings.js HTTP/1.1" 404 1868
2026-08-27 13:24:17,438 WARNING django.request Not Found: /favicon.ico
2026-08-27 13:24:17,439 WARNING django.server "GET /favicon.ico HTTP/1.1" 404 7691
2026-08-27 13:24:53,223 WARNING django.request Not Found: /favicon.ico
2026-08-27 13:24:53,224 WARNING django.server "GET /favicon.ico HTTP/1.1" 404 7691
2026-08-27 13:26:20,451 WARNING django.request Not Found: /favicon.ico
2026-08-27 13:26:20,452 WARNING django.server "GET /favicon.ico HTTP/1.1" 404 7691
2026-08-27 13:38:30,798 WARNING django.request Not Found: /favicon.ico
2026-08-27 13:38:30,799 WARNING django.server "GET /favicon.ico HTTP/1.1" 404 7691
2026-08-27 13:39:09,812 WARNING django.request Not Found: /favicon.ico
2026-08-27 13:39:09,813 WARNING django.server "GET /favicon.ico HTTP/1.1" 404 7691
2026-08-27 13:41:23,614 WARNING django.request Not Found: /favicon.ico
2026-08-27 13:41:23,615 WARNING django.server "GET /favicon.ico HTTP/1.1" 404 7691
2026-08-27 13:55:11,793 WARNING django.request Not Found: /favicon.ico
2026-08-27 13:55:11,794 WARNING django.server "GET /favicon.ico HTTP/1.1" 404 7691
2026-08-27 13:55:38,333 WARNING django.request Not Found: /favicon.ico
2026-08-27 13:55:38,335 WARNING django.server "GET /favicon.ico HTTP/1.1" 404 7691
2026-08-27 13:57:22,618 WARNING django.request Not Found: /favicon.ico
2026-08-27 13:57:22,620 WARNING django.server "GET /favicon.ico HTTP/1.1" 404 7691
2026-08-27 14:21:36,929 WARNING django.server "GET /static/js/hoverable-collapse.js HTTP/1.1" 404 1898
2026-08-27 14:21:37,056 WARNING django.server "GET /static/js/settings.js HTTP/1.1" 404 1868
2026-08-27 14:21:37,212 WARNING django.server "GET /static/js/todolist.js HTTP/1.1" 404 1868
2026-08-27 14:21:49,448 WARNING django.request Not Found: /favicon.ico
2026-08-27 14:21:49,450 WARNING django.server "GET /favicon.ico HTTP/1.1" 404 7691
2026-08-27 14:22:23,094 WARNING django.request Not Found: /favicon.ico
2026-08-27 14:22:23,096 WARNING django.server "GET /favicon.ico HTTP/1.1" 404 7691
2026-08-27 14:28:46,386 WARNING django.server "GET /static/js/hoverable-collapse.js HTTP/1.1" 404 1898
2026-08-27 14:28:46,403 WARNING django.server "GET /static/js/todolist.js HTTP/1.1" 404 1868
2026-08-27 14:28:46,404 WARNING django.server "GET /static/js/settings.js HTTP/1.1" 404 1868
2026-08-27 14:28:48,200 WARNING django.server "GET /static/js/hoverable-collapse.js HTTP/1.1" 404 1898
2026-08-27 14:28:48,208 WARNING django.server "GET /static/js/settings.js HTTP/1.1" 404 1868
2026-08-27 14:28:48,212 WARNING django.server "GET /static/js/todolist.js HTTP/1.1" 404 1868
2026-08-27 14:28:59,175 WARNING django.server "GET /static/js/hoverable-collapse.js HTTP/1.1" 404 1898
2026-08-27 14:28:59,190 WARNING django.server "GET /static/js/settings.js HTTP/1.1" 404 1868
2026-08-27 14:28:59,190 WARNING django.server "GET /static/js/todolist.js HTTP/1.1" 404 1868
2026-08-27 15:13:01,926 WARNING django.request Not Found: /favicon.ico
2026-08-27 15:13:01,927 WARNING django.server "GET /favicon.ico HTTP/1.1" 404 7691
2026-08-27 15:13:05,959 WARNING django.request Not Found: /favicon.ico
2026-08-27 15:13:05,960 WARNING django.server "GET /favicon.ico HTTP/1.1" 404 7691
2026-08-27 15:13:13,639 WARNING django.request Not Found: /favicon.ico
2026-08-27 15:13:13,640 WARNING django.server "GET /favicon.ico HTTP/1.1" 404 7691
2026-08-27 15:15:43,391 WARNING django.request Not Found: /favicon.ico
2026-08-27 15:15:43,395 WARNING django.server "GET /favicon.ico HTTP/1.1" 404 7691
2026-08-27 15:40:29,565 WARNING django.server "GET /static/js/hoverable-collapse.js HTTP/1.1" 404 1898
2026-08-27 15:40:29,588 WARNING django.server "GET /static/js/settings.js HTTP/1.1" 404 1868
2026-08-27 15:40:29,694 WARNING django.server "GET /static/js/todolist.js HTTP/1.1" 404 1868
2026-08-27 15:40:36,634 WARNING django.request Not Found: /favicon.ico
2026-08-27 15:40:36,636 WARNING django.server "GET /favicon.ico HTTP/1.1" 404 7691
2026-08-27 15:41:49,332 WARNING django.server "GET /static/js/settings.js HTTP/1.1" 404 1868
2026-08-27 15:41:49,418 WARNING django.server "GET /static/js/todolist.js HTTP/1.1" 404 1868
2026-08-27 15:41:49,518 WARNING django.server "GET /static/js/hoverable-collapse.js HTTP/1.1" 404 1898
2026-08-27 15:42:23,808 WARNING django.server "GET /static/js/hoverable-collapse.js HTTP/1.1" 404 1898
2026-08-27 15:42:23,813 WARNING django.server "GET /static/js/settings.js HTTP/1.1" 404 1868
2026-08-27 15:42:23,920 WARNING django.server "GET /static/js/todolist.js HTTP/1.1" 404 1868
2026-08-27 15:48:04,517 WARNING django.request Not Found: /favicon.ico
2026-08-27 15:48:04,518 WARNING django.server "GET /favicon.ico HTTP/1.1" 404 7691
2026-08-27 15:50:58,660 WARNING django.request Not Found: /favicon.ico
2026-08-27 15:50:58,661 WARNING django.server "GET /favicon.ico HTTP/1.1" 404 7691
2026-08-27 15:51:02,780 WARNING django.server "GET /static/vendors/js/jquery.contextMenu.min.js.map HTTP/1.1" 404 1946
2026-08-27 15:51:02,787 WARNING django.server "GET /static/vendors/js/bootstrap.min.js.map HTTP/1.1" 404 1919
2026-08-27 15:51:03,188 WARNING django.server "GET /static/vendors/css/jquery.contextMenu.min.css.map HTTP/1.1" 404 1952
2026-08-27 15:51:28,128 WARNING django.request Not Found: /favicon.ico
2026-08-27 15:51:28,129 WARNING django.server "GET /favicon.ico HTTP/1.1" 404 7691
2026-08-27 15:51:30,123 WARNING django.server "GET /static/js/hoverable-collapse.js HTTP/1.1" 404 1898
2026-08-27 15:51:30,132 WARNING django.server "GET /static/js/settings.js HTTP/1.1" 404 1868
2026-08-27 15:51:30,137 WARNING django.server "GET /static/js/todolist.js HTTP/1.1" 404 1868
2026-08-27 15:52:53,021 WARNING django.request Not Found: /favicon.ico
2026-08-27 15:52:53,022 WARNING django.server "GET /favicon.ico HTTP/1.1" 404 7691
2026-08-27 16:00:02,887 WARNING django.server "GET /static/js/hoverable-collapse.js HTTP/1.1" 404 1898
2026-08-27 16:00:02,925 WARNING django.server "GET /static/js/settings.js HTTP/1.1" 404 1868
2026-08-27 16:00:02,951 WARNING django.server "GET /static/js/todolist.js HTTP/1.1" 404 1868
2026-08-27 16:12:15,381 WARNING django.request Not Found: /favicon.ico
2026-08-27 16:12:15,383 WARNING django.server "GET /favicon.ico HTTP/1.1" 404 7691
2026-08-27 16:15:30,431 WARNING django.request Not Found: /favicon.ico
2026-08-27 16:15:30,432 WARNING django.server "GET /favicon.ico HTTP/1.1" 404 7691
2026-08-27 16:15:49,091 WARNING django.request Not Found: /favicon.ico
2026-08-27 16:15:49,093 WARNING django.server "GET /favicon.ico HTTP/1.1" 404 7691
2026-08-27 16:18:34,779 WARNING django.request Not Found: /favicon.ico
2026-08-27 16:18:34,781 WARNING django.server "GET /favicon.ico HTTP/1.1" 404 7691
2026-08-27 16:19:36,758 WARNING django.server "GET /static/js/hoverable-collapse.js HTTP/1.1" 404 1898
2026-08-27 16:19:36,761 WARNING django.server "GET /static/js/settings.js HTTP/1.1" 404 1868
2026-08-27 16:19:36,767 WARNING django.server "GET /static/js/todolist.js HTTP/1.1" 404 1868
2026-08-27 16:24:30,468 WARNING django.server "GET /static/js/hoverable-collapse.js HTTP/1.1" 404 1898
2026-08-27 16:24:30,587 WARNING django.server "GET /static/js/settings.js HTTP/1.1" 404 1868
2026-08-27 16:24:30,593 WARNING django.server "GET /static/js/todolist.js HTTP/1.1" 404 1868
2026-08-27 16:24:36,308 WARNING django.request Not Found: /favicon.ico
2026-08-27 16:24:36,347 WARNING django.server "GET /favicon.ico HTTP/1.1" 404 7691
2026-08-27 16:41:04,030 WARNING django.request Not Found: /favicon.ico
2026-08-27 16:41:04,051 WARNING django.server "GET /favicon.ico HTTP/1.1" 404 7691
2026-08-27 16:42:06,007 WARNING django.request Not Found: /favicon.ico
2026-08-27 16:42:06,030 WARNING django.server "GET /favicon.ico HTTP/1.1" 404 7691
2026-08-27 16:42:31,901 WARNING django.request Not Found: /favicon.ico
2026-08-27 16:42:31,902 WARNING django.server "GET /favicon.ico HTTP/1.1" 404 7691
2026-08-27 16:42:41,071 WARNING django.request Not Found: /favicon.ico
2026-08-27 16:42:41,073 WARNING django.server "GET /favicon.ico HTTP/1.1" 404 7691
2026-08-27 16:44:12,630 WARNING django.request Not Found: /favicon.ico
2026-08-27 16:44:12,632 WARNING django.server "GET /favicon.ico HTTP/1.1" 404 7691
2026-08-27 16:44:17,229 WARNING django.server "GET /static/js/hoverable-collapse.js HTTP/1.1" 404 1898
2026-08-27 16:44:17,234 WARNING django.server "GET /static/js/settings.js HTTP/1.1" 404 1868
2026-08-27 16:44:17,238 WARNING django.server "GET /static/js/todolist.js HTTP/1.1" 404 1868
2026-08-27 17:00:45,715 WARNING django.request Not Found: /favicon.ico
2026-08-27 17:00:45,716 WARNING django.server "GET /favicon.ico HTTP/1.1" 404 7691
2026-08-27 17:01:09,541 WARNING django.request Not Found: /favicon.ico
2026-08-27 17:01:09,543 WARNING django.server "GET /favicon.ico HTTP/1.1" 404 7691
2026-08-27 17:03:09,233 WARNING django.request Not Found: /favicon.ico
2026-08-27 17:03:09,234 WARNING django.server "GET /favicon.ico HTTP/1.1" 404 7691
2026-08-27 17:30:56,639 WARNING django.server "GET /static/js/settings.js HTTP/1.1" 404 1868
2026-08-27 17:30:56,646 WARNING django.server "GET /static/js/hoverable-collapse.js HTTP/1.1" 404 1898
2026-08-27 17:30:56,753 WARNING django.server "GET /static/js/todolist.js HTTP/1.1" 404 1868
2026-08-27 17:31:08,426 WARNING django.request Not Found: /favicon.ico
2026-08-27 17:31:08,427 WARNING django.server "GET /favicon.ico HTTP/1.1" 404 7691
2026-08-27 17:31:16,168 WARNING django.request Not Found: /favicon.ico
2026-08-27 17:31:16,169 WARNING django.server "GET /favicon.ico HTTP/1.1" 404 7691
2026-08-27 17:33:13,203 WARNING django.request Not Found: /favicon.ico
2026-08-27 17:33:13,204 WARNING django.server "GET /favicon.ico HTTP/1.1" 404 7691
2026-08-27 17:36:36,629 WARNING django.server "GET /static/js/hoverable-collapse.js HTTP/1.1" 404 1898
2026-08-27 17:36:36,762 WARNING django.server "GET /static/js/todolist.js HTTP/1.1" 404 1868
2026-08-27 17:36:36,747 WARNING django.server "GET /static/js/settings.js HTTP/1.1" 404 1868
2026-08-27 17:37:01,943 WARNING django.server "GET /static/js/hoverable-collapse.js HTTP/1.1" 404 1898
2026-08-27 17:37:02,007 WARNING django.server "GET /static/js/settings.js HTTP/1.1" 404 1868
2026-08-27 17:37:02,068 WARNING django.server "GET /static/js/todolist.js HTTP/1.1" 404 1868
2026-08-27 17:37:15,166 WARNING django.server "GET /static/js/hoverable-collapse.js HTTP/1.1" 404 1898
2026-08-27 17:37:15,257 WARNING django.server "GET /static/js/settings.js HTTP/1.1" 404 1868
2026-08-27 17:37:15,275 WARNING django.server "GET /static/js/todolist.js HTTP/1.1" 404 1868
2026-08-27 17:37:37,906 DEBUG tzlocal Looking up time zone info from registry
2026-08-27 17:37:38,629 WARNING django.request The request's session was deleted before the request completed. The user may have logged out in a concurrent request, for example.: /v2
Traceback (most recent call last):
  File "C:\Python314\Lib\site-packages\django\contrib\sessions\backends\db.py", line 127, in save
    obj.save(
    ~~~~~~~~^
        force_insert=must_create, force_update=not must_create, using=using
        ^^^^^^^^^^^^^^^^^^^^^^^^^^^^^^^^^^^^^^^^^^^^^^^^^^^^^^^^^^^^^^^^^^^
    )
    ^
  File "C:\Python314\Lib\site-packages\django\db\models\base.py", line 902, in save
    self.save_base(
    ~~~~~~~~~~~~~~^
        using=using,
        ^^^^^^^^^^^^
    ...<2 lines>...
        update_fields=update_fields,
        ^^^^^^^^^^^^^^^^^^^^^^^^^^^^
    )
    ^
  File "C:\Python314\Lib\site-packages\django\db\models\base.py", line 1008, in save_base
    updated = self._save_table(
        raw,
    ...<4 lines>...
        update_fields,
    )
  File "C:\Python314\Lib\site-packages\django\db\models\base.py", line 1142, in _save_table
    raise DatabaseError("Forced update did not affect any rows.")
django.db.utils.DatabaseError: Forced update did not affect any rows.

During handling of the above exception, another exception occurred:

Traceback (most recent call last):
  File "C:\Python314\Lib\site-packages\django\contrib\sessions\middleware.py", line 59, in process_response
    request.session.save()
    ~~~~~~~~~~~~~~~~~~~~^^
  File "C:\Python314\Lib\site-packages\django\contrib\sessions\backends\db.py", line 136, in save
    raise UpdateError
django.contrib.sessions.backends.base.UpdateError

During handling of the above exception, another exception occurred:

Traceback (most recent call last):
  File "C:\Python314\Lib\site-packages\django\core\handlers\exception.py", line 55, in inner
    response = get_response(request)
  File "C:\Python314\Lib\site-packages\django\utils\deprecation.py", line 122, in __call__
    response = self.process_response(request, response)
  File "C:\Python314\Lib\site-packages\django\contrib\sessions\middleware.py", line 61, in process_response
    raise SessionInterrupted(
    ...<3 lines>...
    )
django.contrib.sessions.exceptions.SessionInterrupted: The request's session was deleted before the request completed. The user may have logged out in a concurrent request, for example.
2026-08-27 17:37:38,654 WARNING django.server "GET /v2 HTTP/1.1" 400 104669
2026-08-27 17:37:39,329 WARNING django.request Not Found: /favicon.ico
2026-08-27 17:37:39,352 WARNING django.server "GET /favicon.ico HTTP/1.1" 404 7691
2026-08-27 17:37:50,588 WARNING django.server "GET /static/js/hoverable-collapse.js HTTP/1.1" 404 1898
2026-08-27 17:37:50,795 WARNING django.server "GET /static/js/todolist.js HTTP/1.1" 404 1868
2026-08-27 17:37:50,796 WARNING django.server "GET /static/js/settings.js HTTP/1.1" 404 1868
2026-08-27 17:38:12,778 WARNING django.request The request's session was deleted before the request completed. The user may have logged out in a concurrent request, for example.: /v2
Traceback (most recent call last):
  File "C:\Python314\Lib\site-packages\django\contrib\sessions\backends\db.py", line 127, in save
    obj.save(
    ~~~~~~~~^
        force_insert=must_create, force_update=not must_create, using=using
        ^^^^^^^^^^^^^^^^^^^^^^^^^^^^^^^^^^^^^^^^^^^^^^^^^^^^^^^^^^^^^^^^^^^
    )
    ^
  File "C:\Python314\Lib\site-packages\django\db\models\base.py", line 902, in save
    self.save_base(
    ~~~~~~~~~~~~~~^
        using=using,
        ^^^^^^^^^^^^
    ...<2 lines>...
        update_fields=update_fields,
        ^^^^^^^^^^^^^^^^^^^^^^^^^^^^
    )
    ^
  File "C:\Python314\Lib\site-packages\django\db\models\base.py", line 1008, in save_base
    updated = self._save_table(
        raw,
    ...<4 lines>...
        update_fields,
    )
  File "C:\Python314\Lib\site-packages\django\db\models\base.py", line 1142, in _save_table
    raise DatabaseError("Forced update did not affect any rows.")
django.db.utils.DatabaseError: Forced update did not affect any rows.

During handling of the above exception, another exception occurred:

Traceback (most recent call last):
  File "C:\Python314\Lib\site-packages\django\contrib\sessions\middleware.py", line 59, in process_response
    request.session.save()
    ~~~~~~~~~~~~~~~~~~~~^^
  File "C:\Python314\Lib\site-packages\django\contrib\sessions\backends\db.py", line 136, in save
    raise UpdateError
django.contrib.sessions.backends.base.UpdateError

During handling of the above exception, another exception occurred:

Traceback (most recent call last):
  File "C:\Python314\Lib\site-packages\django\core\handlers\exception.py", line 55, in inner
    response = get_response(request)
  File "C:\Python314\Lib\site-packages\django\utils\deprecation.py", line 122, in __call__
    response = self.process_response(request, response)
  File "C:\Python314\Lib\site-packages\django\contrib\sessions\middleware.py", line 61, in process_response
    raise SessionInterrupted(
    ...<3 lines>...
    )
django.contrib.sessions.exceptions.SessionInterrupted: The request's session was deleted before the request completed. The user may have logged out in a concurrent request, for example.
2026-08-27 17:38:12,786 WARNING django.server "GET /v2?csrfmiddlewaretoken=wK5UMBgqlWatLNuasOFFtNS7um5UUDgSXfylBC0I9gg3bGeVQjcH2ZCTLt88V8Hs&auditor_project_name=default&quality_auditor_name=default&startdate=2026-08-27&enddate=2026-08-27&interview_startdate=&interview_enddate=&filter=filter&selected_form=short_summary HTTP/1.1" 400 108126
2026-08-27 17:38:23,182 WARNING django.server "GET /static/js/hoverable-collapse.js HTTP/1.1" 404 1898
2026-08-27 17:38:23,264 WARNING django.server "GET /static/js/settings.js HTTP/1.1" 404 1868
2026-08-27 17:38:23,319 WARNING django.server "GET /static/js/todolist.js HTTP/1.1" 404 1868
2026-08-27 17:39:18,704 WARNING django.server "GET /static/js/hoverable-collapse.js HTTP/1.1" 404 1898
2026-08-27 17:39:18,808 WARNING django.server "GET /static/js/settings.js HTTP/1.1" 404 1868
2026-08-27 17:39:18,885 WARNING django.server "GET /static/js/todolist.js HTTP/1.1" 404 1868
2026-08-27 17:40:44,638 WARNING django.server "GET /static/js/hoverable-collapse.js HTTP/1.1" 404 1898
2026-08-27 17:40:44,648 WARNING django.server "GET /static/js/settings.js HTTP/1.1" 404 1868
2026-08-27 17:40:44,652 WARNING django.server "GET /static/js/todolist.js HTTP/1.1" 404 1868
2026-08-27 17:40:49,298 WARNING django.server "GET /static/js/hoverable-collapse.js HTTP/1.1" 404 1898
2026-08-27 17:40:49,305 WARNING django.server "GET /static/js/settings.js HTTP/1.1" 404 1868
2026-08-27 17:40:49,325 WARNING django.server "GET /static/js/todolist.js HTTP/1.1" 404 1868
2026-08-27 17:41:27,158 WARNING django.server "GET /static/js/hoverable-collapse.js HTTP/1.1" 404 1898
2026-08-27 17:41:27,251 WARNING django.server "GET /static/js/settings.js HTTP/1.1" 404 1868
2026-08-27 17:41:27,332 WARNING django.server "GET /static/js/todolist.js HTTP/1.1" 404 1868
2026-08-27 17:41:31,250 WARNING django.server "GET /static/js/hoverable-collapse.js HTTP/1.1" 404 1898
2026-08-27 17:41:31,328 WARNING django.server "GET /static/js/settings.js HTTP/1.1" 404 1868
2026-08-27 17:41:31,371 WARNING django.server "GET /static/js/todolist.js HTTP/1.1" 404 1868
2026-08-27 17:41:55,694 DEBUG tzlocal Looking up time zone info from registry
2026-08-27 17:43:36,294 WARNING django.server "GET /static/js/settings.js HTTP/1.1" 404 1868
2026-08-27 17:43:36,300 WARNING django.server "GET /static/js/todolist.js HTTP/1.1" 404 1868
2026-08-27 17:43:36,302 WARNING django.server "GET /static/js/hoverable-collapse.js HTTP/1.1" 404 1898
2026-08-27 17:43:38,010 WARNING django.server "GET /static/js/hoverable-collapse.js HTTP/1.1" 404 1898
2026-08-27 17:43:38,023 WARNING django.server "GET /static/js/todolist.js HTTP/1.1" 404 1868
2026-08-27 17:43:38,023 WARNING django.server "GET /static/js/settings.js HTTP/1.1" 404 1868
2026-08-27 17:47:12,017 WARNING django.security.csrf Forbidden (CSRF token from POST incorrect.): /geomismatch
2026-08-27 17:47:12,038 WARNING django.server "POST /geomismatch?csrfmiddlewaretoken=0RjLO87xgyWLZMpUWIOf7tsAguoST3Tfx7gLpOwIzmQ7Z9hV5E0GzA4iDWvO1VbQ&project=141&surveyor_req=000000&fordate=2026-08-27&submit=Quality+Reports HTTP/1.1" 403 2503
2026-08-27 17:47:19,657 WARNING django.server "GET /static/js/hoverable-collapse.js HTTP/1.1" 404 1898
2026-08-27 17:47:19,664 WARNING django.server "GET /static/js/settings.js HTTP/1.1" 404 1868
2026-08-27 17:47:19,669 WARNING django.server "GET /static/js/todolist.js HTTP/1.1" 404 1868
2026-08-27 17:47:58,066 WARNING django.server "GET /static/js/hoverable-collapse.js HTTP/1.1" 404 1898
2026-08-27 17:47:58,075 WARNING django.server "GET /static/js/settings.js HTTP/1.1" 404 1868
2026-08-27 17:47:58,084 WARNING django.server "GET /static/js/todolist.js HTTP/1.1" 404 1868
2026-08-27 17:48:00,301 WARNING django.server "GET /static/js/hoverable-collapse.js HTTP/1.1" 404 1898
2026-08-27 17:48:00,301 WARNING django.server "GET /static/js/settings.js HTTP/1.1" 404 1868
2026-08-27 17:48:00,302 WARNING django.server "GET /static/js/todolist.js HTTP/1.1" 404 1868
2026-08-27 17:48:03,067 WARNING django.server "GET /static/js/settings.js HTTP/1.1" 404 1868
2026-08-27 17:48:03,084 WARNING django.server "GET /static/js/todolist.js HTTP/1.1" 404 1868
2026-08-27 17:48:03,084 WARNING django.server "GET /static/js/hoverable-collapse.js HTTP/1.1" 404 1898
2026-08-27 17:48:05,532 WARNING django.server "GET /static/js/hoverable-collapse.js HTTP/1.1" 404 1898
2026-08-27 17:48:05,548 WARNING django.server "GET /static/js/settings.js HTTP/1.1" 404 1868
2026-08-27 17:48:05,549 WARNING django.server "GET /static/js/todolist.js HTTP/1.1" 404 1868
2026-08-27 17:49:35,652 DEBUG tzlocal Looking up time zone info from registry
2026-08-27 17:50:17,866 WARNING django.server "GET /static/js/hoverable-collapse.js HTTP/1.1" 404 1898
2026-08-27 17:50:17,957 WARNING django.server "GET /static/js/settings.js HTTP/1.1" 404 1868
2026-08-27 17:50:17,982 WARNING django.server "GET /static/js/todolist.js HTTP/1.1" 404 1868
2026-08-27 17:50:27,205 DEBUG tzlocal Looking up time zone info from registry
2026-08-27 17:53:31,047 WARNING django.request Not Found: /favicon.ico
2026-08-27 17:53:31,049 WARNING django.server "GET /favicon.ico HTTP/1.1" 404 7691
2026-08-27 17:54:13,861 WARNING django.request Not Found: /favicon.ico
2026-08-27 17:54:13,862 WARNING django.server "GET /favicon.ico HTTP/1.1" 404 7691
2026-08-27 17:57:41,471 DEBUG tzlocal Looking up time zone info from registry
2026-08-27 17:59:03,055 WARNING django.request Not Found: /favicon.ico
2026-08-27 17:59:03,056 WARNING django.server "GET /favicon.ico HTTP/1.1" 404 7691
2026-08-27 18:00:33,762 WARNING django.request Not Found: /favicon.ico
2026-08-27 18:00:33,763 WARNING django.server "GET /favicon.ico HTTP/1.1" 404 7691
2026-08-27 18:01:42,821 WARNING django.request Not Found: /favicon.ico
2026-08-27 18:01:42,822 WARNING django.server "GET /favicon.ico HTTP/1.1" 404 7691
2026-08-27 18:02:14,988 WARNING django.request Not Found: /favicon.ico
2026-08-27 18:02:14,989 WARNING django.server "GET /favicon.ico HTTP/1.1" 404 7691
2026-08-27 18:02:20,768 WARNING django.request Not Found: /favicon.ico
2026-08-27 18:02:20,769 WARNING django.server "GET /favicon.ico HTTP/1.1" 404 7691
2026-08-27 18:04:16,806 DEBUG tzlocal Looking up time zone info from registry
2026-08-27 18:07:18,619 DEBUG tzlocal Looking up time zone info from registry
2026-08-27 18:08:53,448 WARNING django.request Not Found: /favicon.ico
2026-08-27 18:08:53,449 WARNING django.server "GET /favicon.ico HTTP/1.1" 404 7691
2026-08-27 18:09:13,363 WARNING django.request Not Found: /favicon.ico
2026-08-27 18:09:13,365 WARNING django.server "GET /favicon.ico HTTP/1.1" 404 7691
2026-08-27 18:10:34,387 WARNING django.request Not Found: /favicon.ico
2026-08-27 18:10:34,388 WARNING django.server "GET /favicon.ico HTTP/1.1" 404 7691
2026-08-27 18:16:00,504 DEBUG tzlocal Looking up time zone info from registry
2026-08-27 18:18:06,139 DEBUG tzlocal Looking up time zone info from registry
2026-08-27 18:18:28,201 WARNING django.request Not Found: /favicon.ico
2026-08-27 18:18:28,202 WARNING django.server "GET /favicon.ico HTTP/1.1" 404 7691
2026-08-27 18:18:51,059 WARNING django.request Not Found: /favicon.ico
2026-08-27 18:18:51,061 WARNING django.server "GET /favicon.ico HTTP/1.1" 404 7691
2026-08-27 18:19:24,876 WARNING django.server "GET /static/js/hoverable-collapse.js HTTP/1.1" 404 1898
2026-08-27 18:19:24,952 WARNING django.server "GET /static/js/settings.js HTTP/1.1" 404 1868
2026-08-27 18:19:24,982 WARNING django.server "GET /static/js/todolist.js HTTP/1.1" 404 1868
2026-08-27 18:26:29,724 WARNING django.request Not Found: /favicon.ico
2026-08-27 18:26:29,725 WARNING django.server "GET /favicon.ico HTTP/1.1" 404 7691
2026-08-27 18:29:21,570 DEBUG tzlocal Looking up time zone info from registry
2026-08-27 18:36:39,122 WARNING django.request Not Found: /favicon.ico
2026-08-27 18:36:39,123 WARNING django.server "GET /favicon.ico HTTP/1.1" 404 7691
2026-08-27 18:36:55,499 WARNING django.request Not Found: /favicon.ico
2026-08-27 18:36:55,500 WARNING django.server "GET /favicon.ico HTTP/1.1" 404 7691
2026-08-27 18:38:30,582 WARNING django.request Not Found: /favicon.ico
2026-08-27 18:38:30,584 WARNING django.server "GET /favicon.ico HTTP/1.1" 404 7691
2026-08-27 18:42:17,603 WARNING django.server "GET /static/js/settings.js HTTP/1.1" 404 1868
2026-08-27 18:42:17,603 WARNING django.server "GET /static/js/todolist.js HTTP/1.1" 404 1868
2026-08-27 18:42:17,604 WARNING django.server "GET /static/js/hoverable-collapse.js HTTP/1.1" 404 1898
2026-08-27 18:45:48,031 WARNING django.server "GET /static/js/settings.js HTTP/1.1" 404 1868
2026-08-27 18:45:48,038 WARNING django.server "GET /static/js/hoverable-collapse.js HTTP/1.1" 404 1898
2026-08-27 18:45:48,139 WARNING django.server "GET /static/js/todolist.js HTTP/1.1" 404 1868
2026-08-27 18:50:43,992 WARNING django.request Not Found: /favicon.ico
2026-08-27 18:50:43,994 WARNING django.server "GET /favicon.ico HTTP/1.1" 404 7691
2026-08-27 18:51:33,184 WARNING django.request Not Found: /favicon.ico
2026-08-27 18:51:33,185 WARNING django.server "GET /favicon.ico HTTP/1.1" 404 7691
2026-08-27 18:52:16,672 WARNING django.server "GET /static/js/hoverable-collapse.js HTTP/1.1" 404 1898
2026-08-27 18:52:16,679 WARNING django.server "GET /static/js/settings.js HTTP/1.1" 404 1868
2026-08-27 18:52:16,680 WARNING django.server "GET /static/js/todolist.js HTTP/1.1" 404 1868
2026-08-27 18:54:27,366 WARNING django.request Not Found: /favicon.ico
2026-08-27 18:54:27,367 WARNING django.server "GET /favicon.ico HTTP/1.1" 404 7691
2026-08-27 19:03:27,675 WARNING django.request Not Found: /favicon.ico
2026-08-27 19:03:27,676 WARNING django.server "GET /favicon.ico HTTP/1.1" 404 7691
2026-08-27 19:03:53,122 WARNING django.request Not Found: /favicon.ico
2026-08-27 19:03:53,124 WARNING django.server "GET /favicon.ico HTTP/1.1" 404 7691
2026-08-27 19:05:33,667 WARNING django.request Not Found: /favicon.ico
2026-08-27 19:05:33,668 WARNING django.server "GET /favicon.ico HTTP/1.1" 404 7691
2026-08-27 19:20:40,382 WARNING django.request Not Found: /favicon.ico
2026-08-27 19:20:40,383 WARNING django.server "GET /favicon.ico HTTP/1.1" 404 7691
2026-08-27 19:20:52,321 WARNING django.request Not Found: /favicon.ico
2026-08-27 19:20:52,322 WARNING django.server "GET /favicon.ico HTTP/1.1" 404 7691
2026-08-27 19:22:36,310 WARNING django.request Not Found: /favicon.ico
2026-08-27 19:22:36,311 WARNING django.server "GET /favicon.ico HTTP/1.1" 404 7691
2026-08-27 19:59:37,113 WARNING django.server "GET /static/js/hoverable-collapse.js HTTP/1.1" 404 1898
2026-08-27 19:59:37,379 WARNING django.server "GET /static/js/todolist.js HTTP/1.1" 404 1868
2026-08-27 19:59:37,568 WARNING django.server "GET /static/js/settings.js HTTP/1.1" 404 1868
2026-08-28 08:11:28,388 WARNING django.server "GET /static/js/settings.js HTTP/1.1" 404 1868
2026-08-28 08:11:28,388 WARNING django.server "GET /static/js/hoverable-collapse.js HTTP/1.1" 404 1898
2026-08-28 08:11:28,413 WARNING django.server "GET /static/js/todolist.js HTTP/1.1" 404 1868
2026-08-28 08:11:36,609 WARNING django.request Not Found: /favicon.ico
2026-08-28 08:11:36,611 WARNING django.server "GET /favicon.ico HTTP/1.1" 404 7691
2026-08-28 09:44:59,733 WARNING django.server "GET /static/js/hoverable-collapse.js HTTP/1.1" 404 1898
2026-08-28 09:44:59,794 WARNING django.server "GET /static/js/settings.js HTTP/1.1" 404 1868
2026-08-28 09:44:59,818 WARNING django.server "GET /static/js/todolist.js HTTP/1.1" 404 1868
2026-08-28 09:45:12,255 WARNING django.request Not Found: /favicon.ico
2026-08-28 09:45:12,257 WARNING django.server "GET /favicon.ico HTTP/1.1" 404 7691
2026-08-28 10:03:55,470 WARNING django.server "GET /static/js/hoverable-collapse.js HTTP/1.1" 404 1898
2026-08-28 10:03:55,524 WARNING django.server "GET /static/js/settings.js HTTP/1.1" 404 1868
2026-08-28 10:03:55,675 WARNING django.server "GET /static/js/todolist.js HTTP/1.1" 404 1868
2026-08-28 10:04:28,429 WARNING django.server "GET /static/js/settings.js HTTP/1.1" 404 1868
2026-08-28 10:04:28,442 WARNING django.server "GET /static/js/hoverable-collapse.js HTTP/1.1" 404 1898
2026-08-28 10:04:28,443 WARNING django.server "GET /static/js/todolist.js HTTP/1.1" 404 1868
2026-08-28 10:04:30,213 WARNING django.server "GET /static/js/hoverable-collapse.js HTTP/1.1" 404 1898
2026-08-28 10:04:30,214 WARNING django.server "GET /static/js/settings.js HTTP/1.1" 404 1868
2026-08-28 10:04:30,314 WARNING django.server "GET /static/js/todolist.js HTTP/1.1" 404 1868
2026-08-28 10:04:55,187 WARNING django.request Not Found: /favicon.ico
2026-08-28 10:04:55,189 WARNING django.server "GET /favicon.ico HTTP/1.1" 404 7691
2026-08-28 10:05:15,024 WARNING django.server "GET /static/js/settings.js HTTP/1.1" 404 1868
2026-08-28 10:05:15,102 WARNING django.server "GET /static/js/hoverable-collapse.js HTTP/1.1" 404 1898
2026-08-28 10:05:15,136 WARNING django.server "GET /static/js/todolist.js HTTP/1.1" 404 1868
2026-08-28 10:05:28,319 WARNING django.request Not Found: /favicon.ico
2026-08-28 10:05:28,321 WARNING django.server "GET /favicon.ico HTTP/1.1" 404 7691
2026-08-28 10:06:07,479 WARNING django.server "GET /static/js/hoverable-collapse.js HTTP/1.1" 404 1898
2026-08-28 10:06:07,566 WARNING django.server "GET /static/js/settings.js HTTP/1.1" 404 1868
2026-08-28 10:06:07,593 WARNING django.server "GET /static/js/todolist.js HTTP/1.1" 404 1868
2026-08-28 10:07:58,539 WARNING django.server "GET /static/js/hoverable-collapse.js HTTP/1.1" 404 1898
2026-08-28 10:07:58,995 WARNING django.server "GET /static/js/settings.js HTTP/1.1" 404 1868
2026-08-28 10:07:59,002 WARNING django.server "GET /static/js/todolist.js HTTP/1.1" 404 1868
2026-08-28 10:09:20,516 WARNING django.server "GET /static/js/settings.js HTTP/1.1" 404 1868
2026-08-28 10:09:20,525 WARNING django.server "GET /static/js/todolist.js HTTP/1.1" 404 1868
2026-08-28 10:09:20,526 WARNING django.server "GET /static/js/hoverable-collapse.js HTTP/1.1" 404 1898
2026-08-28 10:09:25,032 WARNING django.request Not Found: /favicon.ico
2026-08-28 10:09:25,035 WARNING django.server "GET /favicon.ico HTTP/1.1" 404 7691
2026-08-28 10:18:00,772 WARNING django.server "GET /static/js/settings.js HTTP/1.1" 404 1868
2026-08-28 10:18:00,787 WARNING django.server "GET /static/js/hoverable-collapse.js HTTP/1.1" 404 1898
2026-08-28 10:18:00,788 WARNING django.server "GET /static/js/todolist.js HTTP/1.1" 404 1868
2026-08-28 10:18:05,454 WARNING django.request Not Found: /favicon.ico
2026-08-28 10:18:05,456 WARNING django.server "GET /favicon.ico HTTP/1.1" 404 7691
2026-08-28 10:19:33,772 WARNING django.server "GET /static/js/hoverable-collapse.js HTTP/1.1" 404 1898
2026-08-28 10:19:33,773 WARNING django.server "GET /static/js/todolist.js HTTP/1.1" 404 1868
2026-08-28 10:19:33,781 WARNING django.server "GET /static/js/settings.js HTTP/1.1" 404 1868
2026-08-28 10:19:38,159 WARNING django.request Not Found: /favicon.ico
2026-08-28 10:19:38,161 WARNING django.server "GET /favicon.ico HTTP/1.1" 404 7691
2026-08-28 10:19:44,591 WARNING django.server "GET /static/js/hoverable-collapse.js HTTP/1.1" 404 1898
2026-08-28 10:19:44,599 WARNING django.server "GET /static/js/settings.js HTTP/1.1" 404 1868
2026-08-28 10:19:44,611 WARNING django.server "GET /static/js/todolist.js HTTP/1.1" 404 1868
2026-08-28 10:19:45,086 WARNING django.server "GET /static/js/hoverable-collapse.js HTTP/1.1" 404 1898
2026-08-28 10:19:45,167 WARNING django.server "GET /static/js/settings.js HTTP/1.1" 404 1868
2026-08-28 10:19:45,240 WARNING django.server "GET /static/js/todolist.js HTTP/1.1" 404 1868
2026-08-28 10:19:53,875 WARNING django.request Not Found: /favicon.ico
2026-08-28 10:19:53,877 WARNING django.server "GET /favicon.ico HTTP/1.1" 404 7691
2026-08-28 10:23:13,369 WARNING django.server "GET /static/js/settings.js HTTP/1.1" 404 1868
2026-08-28 10:23:13,374 WARNING django.server "GET /static/js/todolist.js HTTP/1.1" 404 1868
2026-08-28 10:23:13,374 WARNING django.server "GET /static/js/hoverable-collapse.js HTTP/1.1" 404 1898
2026-08-28 10:23:42,706 WARNING django.server "GET /static/js/settings.js HTTP/1.1" 404 1868
2026-08-28 10:23:42,707 WARNING django.server "GET /static/js/hoverable-collapse.js HTTP/1.1" 404 1898
2026-08-28 10:23:42,715 WARNING django.server "GET /static/js/todolist.js HTTP/1.1" 404 1868
2026-08-28 10:23:47,607 WARNING django.request Not Found: /favicon.ico
2026-08-28 10:23:47,608 WARNING django.server "GET /favicon.ico HTTP/1.1" 404 7691
2026-08-28 10:24:52,864 WARNING django.server "GET /static/js/hoverable-collapse.js HTTP/1.1" 404 1898
2026-08-28 10:24:52,871 WARNING django.server "GET /static/js/settings.js HTTP/1.1" 404 1868
2026-08-28 10:24:52,902 WARNING django.server "GET /static/js/todolist.js HTTP/1.1" 404 1868
2026-08-28 10:32:25,704 WARNING django.server "GET /static/js/hoverable-collapse.js HTTP/1.1" 404 1898
2026-08-28 10:32:25,875 WARNING django.server "GET /static/js/settings.js HTTP/1.1" 404 1868
2026-08-28 10:32:25,914 WARNING django.server "GET /static/js/todolist.js HTTP/1.1" 404 1868
2026-08-28 10:32:33,394 WARNING django.request Not Found: /favicon.ico
2026-08-28 10:32:33,396 WARNING django.server "GET /favicon.ico HTTP/1.1" 404 7691
2026-08-28 10:37:13,730 WARNING django.server "GET /static/js/hoverable-collapse.js HTTP/1.1" 404 1898
2026-08-28 10:37:13,745 WARNING django.server "GET /static/js/settings.js HTTP/1.1" 404 1868
2026-08-28 10:37:13,758 WARNING django.server "GET /static/js/todolist.js HTTP/1.1" 404 1868
2026-08-28 10:37:19,201 WARNING django.server "GET /static/js/hoverable-collapse.js HTTP/1.1" 404 1898
2026-08-28 10:37:19,217 WARNING django.server "GET /static/js/settings.js HTTP/1.1" 404 1868
2026-08-28 10:37:19,218 WARNING django.server "GET /static/js/todolist.js HTTP/1.1" 404 1868
2026-08-28 10:37:36,782 WARNING django.request Not Found: /favicon.ico
2026-08-28 10:37:36,785 WARNING django.server "GET /favicon.ico HTTP/1.1" 404 7691
2026-08-28 10:45:44,579 WARNING django.server "GET /static/js/hoverable-collapse.js HTTP/1.1" 404 1898
2026-08-28 10:45:44,630 WARNING django.server "GET /static/js/settings.js HTTP/1.1" 404 1868
2026-08-28 10:45:44,697 WARNING django.server "GET /static/js/todolist.js HTTP/1.1" 404 1868
2026-08-28 10:46:00,282 WARNING django.request Not Found: /favicon.ico
2026-08-28 10:46:00,284 WARNING django.server "GET /favicon.ico HTTP/1.1" 404 7691
2026-08-28 10:51:29,150 WARNING django.server "GET /static/js/hoverable-collapse.js HTTP/1.1" 404 1898
2026-08-28 10:51:29,158 WARNING django.server "GET /static/js/settings.js HTTP/1.1" 404 1868
2026-08-28 10:51:29,167 WARNING django.server "GET /static/js/todolist.js HTTP/1.1" 404 1868
2026-08-28 10:53:31,700 WARNING django.server "GET /static/js/hoverable-collapse.js HTTP/1.1" 404 1898
2026-08-28 10:53:31,758 WARNING django.server "GET /static/js/todolist.js HTTP/1.1" 404 1868
2026-08-28 10:53:31,766 WARNING django.server "GET /static/js/settings.js HTTP/1.1" 404 1868
2026-08-28 10:53:36,012 WARNING django.server "GET /static/js/hoverable-collapse.js HTTP/1.1" 404 1898
2026-08-28 10:53:36,039 WARNING django.server "GET /static/js/settings.js HTTP/1.1" 404 1868
2026-08-28 10:53:36,134 WARNING django.server "GET /static/js/todolist.js HTTP/1.1" 404 1868
2026-08-28 10:53:39,324 WARNING django.server "GET /static/js/hoverable-collapse.js HTTP/1.1" 404 1898
2026-08-28 10:53:39,338 WARNING django.server "GET /static/js/settings.js HTTP/1.1" 404 1868
2026-08-28 10:53:39,431 WARNING django.server "GET /static/js/todolist.js HTTP/1.1" 404 1868
2026-08-28 10:53:58,394 WARNING django.server "GET /static/js/hoverable-collapse.js HTTP/1.1" 404 1898
2026-08-28 10:53:58,487 WARNING django.server "GET /static/js/settings.js HTTP/1.1" 404 1868
2026-08-28 10:53:58,618 WARNING django.server "GET /static/js/todolist.js HTTP/1.1" 404 1868
2026-08-28 10:54:26,216 WARNING django.request Not Found: /favicon.ico
2026-08-28 10:54:26,218 WARNING django.server "GET /favicon.ico HTTP/1.1" 404 7691
2026-08-28 10:58:16,690 WARNING django.server "GET /static/js/settings.js HTTP/1.1" 404 1868
2026-08-28 10:58:16,694 WARNING django.server "GET /static/js/hoverable-collapse.js HTTP/1.1" 404 1898
2026-08-28 10:58:16,701 WARNING django.server "GET /static/js/todolist.js HTTP/1.1" 404 1868
2026-08-28 10:59:43,098 WARNING django.server "GET /static/js/hoverable-collapse.js HTTP/1.1" 404 1898
2026-08-28 10:59:43,125 WARNING django.server "GET /static/js/settings.js HTTP/1.1" 404 1868
2026-08-28 10:59:43,143 WARNING django.server "GET /static/js/todolist.js HTTP/1.1" 404 1868
2026-08-28 11:00:04,872 WARNING django.request Not Found: /favicon.ico
2026-08-28 11:00:04,874 WARNING django.server "GET /favicon.ico HTTP/1.1" 404 7691
2026-08-28 11:11:04,093 WARNING django.server "GET /static/js/hoverable-collapse.js HTTP/1.1" 404 1898
2026-08-28 11:11:04,093 WARNING django.server "GET /static/js/settings.js HTTP/1.1" 404 1868
2026-08-28 11:11:04,095 WARNING django.server "GET /static/js/todolist.js HTTP/1.1" 404 1868
2026-08-28 11:13:04,588 WARNING django.server "GET /static/js/hoverable-collapse.js HTTP/1.1" 404 1898
2026-08-28 11:13:04,632 WARNING django.server "GET /static/js/settings.js HTTP/1.1" 404 1868
2026-08-28 11:13:04,640 WARNING django.server "GET /static/js/todolist.js HTTP/1.1" 404 1868
2026-08-28 11:13:16,042 WARNING django.request Not Found: /favicon.ico
2026-08-28 11:13:37,894 WARNING django.request Not Found: /favicon.ico
2026-08-28 11:14:36,472 WARNING django.server "GET /static/js/hoverable-collapse.js HTTP/1.1" 404 1898
2026-08-28 11:14:36,482 WARNING django.server "GET /static/js/settings.js HTTP/1.1" 404 1868
2026-08-28 11:14:36,507 WARNING django.server "GET /static/js/todolist.js HTTP/1.1" 404 1868
2026-08-28 11:14:55,021 WARNING django.server "GET /static/js/hoverable-collapse.js HTTP/1.1" 404 1898
2026-08-28 11:14:55,369 WARNING django.server "GET /static/js/todolist.js HTTP/1.1" 404 1868
2026-08-28 11:14:55,370 WARNING django.server "GET /static/js/settings.js HTTP/1.1" 404 1868
2026-08-28 11:14:59,483 WARNING django.request Not Found: /favicon.ico
2026-08-28 11:15:52,604 WARNING django.server "GET /static/js/hoverable-collapse.js HTTP/1.1" 404 1898
2026-08-28 11:15:52,728 WARNING django.server "GET /static/js/settings.js HTTP/1.1" 404 1868
2026-08-28 11:15:52,738 WARNING django.server "GET /static/js/todolist.js HTTP/1.1" 404 1868
2026-08-28 11:16:00,598 WARNING django.security.csrf Forbidden (CSRF token from POST incorrect.): /login
2026-08-28 11:16:43,229 WARNING django.server "GET /favicon.ico HTTP/1.1" 404 7691
2026-08-28 11:16:43,251 WARNING django.server "GET /favicon.ico HTTP/1.1" 404 7691
2026-08-28 11:16:43,386 WARNING django.server "POST /login HTTP/1.1" 403 2503
2026-08-28 11:16:43,722 WARNING django.request The request's session was deleted before the request completed. The user may have logged out in a concurrent request, for example.: /
Traceback (most recent call last):
  File "C:\Python314\Lib\site-packages\django\contrib\sessions\backends\db.py", line 127, in save
    obj.save(
    ~~~~~~~~^
        force_insert=must_create, force_update=not must_create, using=using
        ^^^^^^^^^^^^^^^^^^^^^^^^^^^^^^^^^^^^^^^^^^^^^^^^^^^^^^^^^^^^^^^^^^^
    )
    ^
  File "C:\Python314\Lib\site-packages\django\db\models\base.py", line 902, in save
    self.save_base(
    ~~~~~~~~~~~~~~^
        using=using,
        ^^^^^^^^^^^^
    ...<2 lines>...
        update_fields=update_fields,
        ^^^^^^^^^^^^^^^^^^^^^^^^^^^^
    )
    ^
  File "C:\Python314\Lib\site-packages\django\db\models\base.py", line 1008, in save_base
    updated = self._save_table(
        raw,
    ...<4 lines>...
        update_fields,
    )
  File "C:\Python314\Lib\site-packages\django\db\models\base.py", line 1142, in _save_table
    raise DatabaseError("Forced update did not affect any rows.")
django.db.utils.DatabaseError: Forced update did not affect any rows.

During handling of the above exception, another exception occurred:

Traceback (most recent call last):
  File "C:\Python314\Lib\site-packages\django\contrib\sessions\middleware.py", line 59, in process_response
    request.session.save()
    ~~~~~~~~~~~~~~~~~~~~^^
  File "C:\Python314\Lib\site-packages\django\contrib\sessions\backends\db.py", line 136, in save
    raise UpdateError
django.contrib.sessions.backends.base.UpdateError

During handling of the above exception, another exception occurred:

Traceback (most recent call last):
  File "C:\Python314\Lib\site-packages\django\core\handlers\exception.py", line 55, in inner
    response = get_response(request)
  File "C:\Python314\Lib\site-packages\django\utils\deprecation.py", line 122, in __call__
    response = self.process_response(request, response)
  File "C:\Python314\Lib\site-packages\django\contrib\sessions\middleware.py", line 61, in process_response
    raise SessionInterrupted(
    ...<3 lines>...
    )
django.contrib.sessions.exceptions.SessionInterrupted: The request's session was deleted before the request completed. The user may have logged out in a concurrent request, for example.
2026-08-28 11:16:43,733 WARNING django.request The request's session was deleted before the request completed. The user may have logged out in a concurrent request, for example.: /
Traceback (most recent call last):
  File "C:\Python314\Lib\site-packages\django\contrib\sessions\backends\db.py", line 127, in save
    obj.save(
    ~~~~~~~~^
        force_insert=must_create, force_update=not must_create, using=using
        ^^^^^^^^^^^^^^^^^^^^^^^^^^^^^^^^^^^^^^^^^^^^^^^^^^^^^^^^^^^^^^^^^^^
    )
    ^
  File "C:\Python314\Lib\site-packages\django\db\models\base.py", line 902, in save
    self.save_base(
    ~~~~~~~~~~~~~~^
        using=using,
        ^^^^^^^^^^^^
    ...<2 lines>...
        update_fields=update_fields,
        ^^^^^^^^^^^^^^^^^^^^^^^^^^^^
    )
    ^
  File "C:\Python314\Lib\site-packages\django\db\models\base.py", line 1008, in save_base
    updated = self._save_table(
        raw,
    ...<4 lines>...
        update_fields,
    )
  File "C:\Python314\Lib\site-packages\django\db\models\base.py", line 1142, in _save_table
    raise DatabaseError("Forced update did not affect any rows.")
django.db.utils.DatabaseError: Forced update did not affect any rows.

During handling of the above exception, another exception occurred:

Traceback (most recent call last):
  File "C:\Python314\Lib\site-packages\django\contrib\sessions\middleware.py", line 59, in process_response
    request.session.save()
    ~~~~~~~~~~~~~~~~~~~~^^
  File "C:\Python314\Lib\site-packages\django\contrib\sessions\backends\db.py", line 136, in save
    raise UpdateError
django.contrib.sessions.backends.base.UpdateError

During handling of the above exception, another exception occurred:

Traceback (most recent call last):
  File "C:\Python314\Lib\site-packages\django\core\handlers\exception.py", line 55, in inner
    response = get_response(request)
  File "C:\Python314\Lib\site-packages\django\utils\deprecation.py", line 122, in __call__
    response = self.process_response(request, response)
  File "C:\Python314\Lib\site-packages\django\contrib\sessions\middleware.py", line 61, in process_response
    raise SessionInterrupted(
    ...<3 lines>...
    )
django.contrib.sessions.exceptions.SessionInterrupted: The request's session was deleted before the request completed. The user may have logged out in a concurrent request, for example.
2026-08-28 11:16:43,755 WARNING django.request The request's session was deleted before the request completed. The user may have logged out in a concurrent request, for example.: /
Traceback (most recent call last):
  File "C:\Python314\Lib\site-packages\django\contrib\sessions\backends\db.py", line 127, in save
    obj.save(
    ~~~~~~~~^
        force_insert=must_create, force_update=not must_create, using=using
        ^^^^^^^^^^^^^^^^^^^^^^^^^^^^^^^^^^^^^^^^^^^^^^^^^^^^^^^^^^^^^^^^^^^
    )
    ^
  File "C:\Python314\Lib\site-packages\django\db\models\base.py", line 902, in save
    self.save_base(
    ~~~~~~~~~~~~~~^
        using=using,
        ^^^^^^^^^^^^
    ...<2 lines>...
        update_fields=update_fields,
        ^^^^^^^^^^^^^^^^^^^^^^^^^^^^
    )
    ^
  File "C:\Python314\Lib\site-packages\django\db\models\base.py", line 1008, in save_base
    updated = self._save_table(
        raw,
    ...<4 lines>...
        update_fields,
    )
  File "C:\Python314\Lib\site-packages\django\db\models\base.py", line 1142, in _save_table
    raise DatabaseError("Forced update did not affect any rows.")
django.db.utils.DatabaseError: Forced update did not affect any rows.

During handling of the above exception, another exception occurred:

Traceback (most recent call last):
  File "C:\Python314\Lib\site-packages\django\contrib\sessions\middleware.py", line 59, in process_response
    request.session.save()
    ~~~~~~~~~~~~~~~~~~~~^^
  File "C:\Python314\Lib\site-packages\django\contrib\sessions\backends\db.py", line 136, in save
    raise UpdateError
django.contrib.sessions.backends.base.UpdateError

During handling of the above exception, another exception occurred:

Traceback (most recent call last):
  File "C:\Python314\Lib\site-packages\django\core\handlers\exception.py", line 55, in inner
    response = get_response(request)
  File "C:\Python314\Lib\site-packages\django\utils\deprecation.py", line 122, in __call__
    response = self.process_response(request, response)
  File "C:\Python314\Lib\site-packages\django\contrib\sessions\middleware.py", line 61, in process_response
    raise SessionInterrupted(
    ...<3 lines>...
    )
django.contrib.sessions.exceptions.SessionInterrupted: The request's session was deleted before the request completed. The user may have logged out in a concurrent request, for example.
2026-08-28 11:16:43,774 WARNING django.request The request's session was deleted before the request completed. The user may have logged out in a concurrent request, for example.: /
Traceback (most recent call last):
  File "C:\Python314\Lib\site-packages\django\contrib\sessions\backends\db.py", line 127, in save
    obj.save(
    ~~~~~~~~^
        force_insert=must_create, force_update=not must_create, using=using
        ^^^^^^^^^^^^^^^^^^^^^^^^^^^^^^^^^^^^^^^^^^^^^^^^^^^^^^^^^^^^^^^^^^^
    )
    ^
  File "C:\Python314\Lib\site-packages\django\db\models\base.py", line 902, in save
    self.save_base(
    ~~~~~~~~~~~~~~^
        using=using,
        ^^^^^^^^^^^^
    ...<2 lines>...
        update_fields=update_fields,
        ^^^^^^^^^^^^^^^^^^^^^^^^^^^^
    )
    ^
  File "C:\Python314\Lib\site-packages\django\db\models\base.py", line 1008, in save_base
    updated = self._save_table(
        raw,
    ...<4 lines>...
        update_fields,
    )
  File "C:\Python314\Lib\site-packages\django\db\models\base.py", line 1142, in _save_table
    raise DatabaseError("Forced update did not affect any rows.")
django.db.utils.DatabaseError: Forced update did not affect any rows.

During handling of the above exception, another exception occurred:

Traceback (most recent call last):
  File "C:\Python314\Lib\site-packages\django\contrib\sessions\middleware.py", line 59, in process_response
    request.session.save()
    ~~~~~~~~~~~~~~~~~~~~^^
  File "C:\Python314\Lib\site-packages\django\contrib\sessions\backends\db.py", line 136, in save
    raise UpdateError
django.contrib.sessions.backends.base.UpdateError

During handling of the above exception, another exception occurred:

Traceback (most recent call last):
  File "C:\Python314\Lib\site-packages\django\core\handlers\exception.py", line 55, in inner
    response = get_response(request)
  File "C:\Python314\Lib\site-packages\django\utils\deprecation.py", line 122, in __call__
    response = self.process_response(request, response)
  File "C:\Python314\Lib\site-packages\django\contrib\sessions\middleware.py", line 61, in process_response
    raise SessionInterrupted(
    ...<3 lines>...
    )
django.contrib.sessions.exceptions.SessionInterrupted: The request's session was deleted before the request completed. The user may have logged out in a concurrent request, for example.
2026-08-28 11:16:43,801 WARNING django.request The request's session was deleted before the request completed. The user may have logged out in a concurrent request, for example.: /
Traceback (most recent call last):
  File "C:\Python314\Lib\site-packages\django\contrib\sessions\backends\db.py", line 127, in save
    obj.save(
    ~~~~~~~~^
        force_insert=must_create, force_update=not must_create, using=using
        ^^^^^^^^^^^^^^^^^^^^^^^^^^^^^^^^^^^^^^^^^^^^^^^^^^^^^^^^^^^^^^^^^^^
    )
    ^
  File "C:\Python314\Lib\site-packages\django\db\models\base.py", line 902, in save
    self.save_base(
    ~~~~~~~~~~~~~~^
        using=using,
        ^^^^^^^^^^^^
    ...<2 lines>...
        update_fields=update_fields,
        ^^^^^^^^^^^^^^^^^^^^^^^^^^^^
    )
    ^
  File "C:\Python314\Lib\site-packages\django\db\models\base.py", line 1008, in save_base
    updated = self._save_table(
        raw,
    ...<4 lines>...
        update_fields,
    )
  File "C:\Python314\Lib\site-packages\django\db\models\base.py", line 1142, in _save_table
    raise DatabaseError("Forced update did not affect any rows.")
django.db.utils.DatabaseError: Forced update did not affect any rows.

During handling of the above exception, another exception occurred:

Traceback (most recent call last):
  File "C:\Python314\Lib\site-packages\django\contrib\sessions\middleware.py", line 59, in process_response
    request.session.save()
    ~~~~~~~~~~~~~~~~~~~~^^
  File "C:\Python314\Lib\site-packages\django\contrib\sessions\backends\db.py", line 136, in save
    raise UpdateError
django.contrib.sessions.backends.base.UpdateError

During handling of the above exception, another exception occurred:

Traceback (most recent call last):
  File "C:\Python314\Lib\site-packages\django\core\handlers\exception.py", line 55, in inner
    response = get_response(request)
  File "C:\Python314\Lib\site-packages\django\utils\deprecation.py", line 122, in __call__
    response = self.process_response(request, response)
  File "C:\Python314\Lib\site-packages\django\contrib\sessions\middleware.py", line 61, in process_response
    raise SessionInterrupted(
    ...<3 lines>...
    )
django.contrib.sessions.exceptions.SessionInterrupted: The request's session was deleted before the request completed. The user may have logged out in a concurrent request, for example.
2026-08-28 11:16:43,855 WARNING django.request The request's session was deleted before the request completed. The user may have logged out in a concurrent request, for example.: /
Traceback (most recent call last):
  File "C:\Python314\Lib\site-packages\django\contrib\sessions\backends\db.py", line 127, in save
    obj.save(
    ~~~~~~~~^
        force_insert=must_create, force_update=not must_create, using=using
        ^^^^^^^^^^^^^^^^^^^^^^^^^^^^^^^^^^^^^^^^^^^^^^^^^^^^^^^^^^^^^^^^^^^
    )
    ^
  File "C:\Python314\Lib\site-packages\django\db\models\base.py", line 902, in save
    self.save_base(
    ~~~~~~~~~~~~~~^
        using=using,
        ^^^^^^^^^^^^
    ...<2 lines>...
        update_fields=update_fields,
        ^^^^^^^^^^^^^^^^^^^^^^^^^^^^
    )
    ^
  File "C:\Python314\Lib\site-packages\django\db\models\base.py", line 1008, in save_base
    updated = self._save_table(
        raw,
    ...<4 lines>...
        update_fields,
    )
  File "C:\Python314\Lib\site-packages\django\db\models\base.py", line 1142, in _save_table
    raise DatabaseError("Forced update did not affect any rows.")
django.db.utils.DatabaseError: Forced update did not affect any rows.

During handling of the above exception, another exception occurred:

Traceback (most recent call last):
  File "C:\Python314\Lib\site-packages\django\contrib\sessions\middleware.py", line 59, in process_response
    request.session.save()
    ~~~~~~~~~~~~~~~~~~~~^^
  File "C:\Python314\Lib\site-packages\django\contrib\sessions\backends\db.py", line 136, in save
    raise UpdateError
django.contrib.sessions.backends.base.UpdateError

During handling of the above exception, another exception occurred:

Traceback (most recent call last):
  File "C:\Python314\Lib\site-packages\django\core\handlers\exception.py", line 55, in inner
    response = get_response(request)
  File "C:\Python314\Lib\site-packages\django\utils\deprecation.py", line 122, in __call__
    response = self.process_response(request, response)
  File "C:\Python314\Lib\site-packages\django\contrib\sessions\middleware.py", line 61, in process_response
    raise SessionInterrupted(
    ...<3 lines>...
    )
django.contrib.sessions.exceptions.SessionInterrupted: The request's session was deleted before the request completed. The user may have logged out in a concurrent request, for example.
2026-08-28 11:16:43,880 WARNING django.request The request's session was deleted before the request completed. The user may have logged out in a concurrent request, for example.: /
Traceback (most recent call last):
  File "C:\Python314\Lib\site-packages\django\contrib\sessions\backends\db.py", line 127, in save
    obj.save(
    ~~~~~~~~^
        force_insert=must_create, force_update=not must_create, using=using
        ^^^^^^^^^^^^^^^^^^^^^^^^^^^^^^^^^^^^^^^^^^^^^^^^^^^^^^^^^^^^^^^^^^^
    )
    ^
  File "C:\Python314\Lib\site-packages\django\db\models\base.py", line 902, in save
    self.save_base(
    ~~~~~~~~~~~~~~^
        using=using,
        ^^^^^^^^^^^^
    ...<2 lines>...
        update_fields=update_fields,
        ^^^^^^^^^^^^^^^^^^^^^^^^^^^^
    )
    ^
  File "C:\Python314\Lib\site-packages\django\db\models\base.py", line 1008, in save_base
    updated = self._save_table(
        raw,
    ...<4 lines>...
        update_fields,
    )
  File "C:\Python314\Lib\site-packages\django\db\models\base.py", line 1142, in _save_table
    raise DatabaseError("Forced update did not affect any rows.")
django.db.utils.DatabaseError: Forced update did not affect any rows.

During handling of the above exception, another exception occurred:

Traceback (most recent call last):
  File "C:\Python314\Lib\site-packages\django\contrib\sessions\middleware.py", line 59, in process_response
    request.session.save()
    ~~~~~~~~~~~~~~~~~~~~^^
  File "C:\Python314\Lib\site-packages\django\contrib\sessions\backends\db.py", line 136, in save
    raise UpdateError
django.contrib.sessions.backends.base.UpdateError

During handling of the above exception, another exception occurred:

Traceback (most recent call last):
  File "C:\Python314\Lib\site-packages\django\core\handlers\exception.py", line 55, in inner
    response = get_response(request)
  File "C:\Python314\Lib\site-packages\django\utils\deprecation.py", line 122, in __call__
    response = self.process_response(request, response)
  File "C:\Python314\Lib\site-packages\django\contrib\sessions\middleware.py", line 61, in process_response
    raise SessionInterrupted(
    ...<3 lines>...
    )
django.contrib.sessions.exceptions.SessionInterrupted: The request's session was deleted before the request completed. The user may have logged out in a concurrent request, for example.
2026-08-28 11:16:43,936 WARNING django.request The request's session was deleted before the request completed. The user may have logged out in a concurrent request, for example.: /
Traceback (most recent call last):
  File "C:\Python314\Lib\site-packages\django\contrib\sessions\backends\db.py", line 127, in save
    obj.save(
    ~~~~~~~~^
        force_insert=must_create, force_update=not must_create, using=using
        ^^^^^^^^^^^^^^^^^^^^^^^^^^^^^^^^^^^^^^^^^^^^^^^^^^^^^^^^^^^^^^^^^^^
    )
    ^
  File "C:\Python314\Lib\site-packages\django\db\models\base.py", line 902, in save
    self.save_base(
    ~~~~~~~~~~~~~~^
        using=using,
        ^^^^^^^^^^^^
    ...<2 lines>...
        update_fields=update_fields,
        ^^^^^^^^^^^^^^^^^^^^^^^^^^^^
    )
    ^
  File "C:\Python314\Lib\site-packages\django\db\models\base.py", line 1008, in save_base
    updated = self._save_table(
        raw,
    ...<4 lines>...
        update_fields,
    )
  File "C:\Python314\Lib\site-packages\django\db\models\base.py", line 1142, in _save_table
    raise DatabaseError("Forced update did not affect any rows.")
django.db.utils.DatabaseError: Forced update did not affect any rows.

During handling of the above exception, another exception occurred:

Traceback (most recent call last):
  File "C:\Python314\Lib\site-packages\django\contrib\sessions\middleware.py", line 59, in process_response
    request.session.save()
    ~~~~~~~~~~~~~~~~~~~~^^
  File "C:\Python314\Lib\site-packages\django\contrib\sessions\backends\db.py", line 136, in save
    raise UpdateError
django.contrib.sessions.backends.base.UpdateError

During handling of the above exception, another exception occurred:

Traceback (most recent call last):
  File "C:\Python314\Lib\site-packages\django\core\handlers\exception.py", line 55, in inner
    response = get_response(request)
  File "C:\Python314\Lib\site-packages\django\utils\deprecation.py", line 122, in __call__
    response = self.process_response(request, response)
  File "C:\Python314\Lib\site-packages\django\contrib\sessions\middleware.py", line 61, in process_response
    raise SessionInterrupted(
    ...<3 lines>...
    )
django.contrib.sessions.exceptions.SessionInterrupted: The request's session was deleted before the request completed. The user may have logged out in a concurrent request, for example.
2026-08-28 11:16:43,976 WARNING django.request The request's session was deleted before the request completed. The user may have logged out in a concurrent request, for example.: /
Traceback (most recent call last):
  File "C:\Python314\Lib\site-packages\django\contrib\sessions\backends\db.py", line 127, in save
    obj.save(
    ~~~~~~~~^
        force_insert=must_create, force_update=not must_create, using=using
        ^^^^^^^^^^^^^^^^^^^^^^^^^^^^^^^^^^^^^^^^^^^^^^^^^^^^^^^^^^^^^^^^^^^
    )
    ^
  File "C:\Python314\Lib\site-packages\django\db\models\base.py", line 902, in save
    self.save_base(
    ~~~~~~~~~~~~~~^
        using=using,
        ^^^^^^^^^^^^
    ...<2 lines>...
        update_fields=update_fields,
        ^^^^^^^^^^^^^^^^^^^^^^^^^^^^
    )
    ^
  File "C:\Python314\Lib\site-packages\django\db\models\base.py", line 1008, in save_base
    updated = self._save_table(
        raw,
    ...<4 lines>...
        update_fields,
    )
  File "C:\Python314\Lib\site-packages\django\db\models\base.py", line 1142, in _save_table
    raise DatabaseError("Forced update did not affect any rows.")
django.db.utils.DatabaseError: Forced update did not affect any rows.

During handling of the above exception, another exception occurred:

Traceback (most recent call last):
  File "C:\Python314\Lib\site-packages\django\contrib\sessions\middleware.py", line 59, in process_response
    request.session.save()
    ~~~~~~~~~~~~~~~~~~~~^^
  File "C:\Python314\Lib\site-packages\django\contrib\sessions\backends\db.py", line 136, in save
    raise UpdateError
django.contrib.sessions.backends.base.UpdateError

During handling of the above exception, another exception occurred:

Traceback (most recent call last):
  File "C:\Python314\Lib\site-packages\django\core\handlers\exception.py", line 55, in inner
    response = get_response(request)
  File "C:\Python314\Lib\site-packages\django\utils\deprecation.py", line 122, in __call__
    response = self.process_response(request, response)
  File "C:\Python314\Lib\site-packages\django\contrib\sessions\middleware.py", line 61, in process_response
    raise SessionInterrupted(
    ...<3 lines>...
    )
django.contrib.sessions.exceptions.SessionInterrupted: The request's session was deleted before the request completed. The user may have logged out in a concurrent request, for example.
2026-08-28 11:16:44,008 WARNING django.request The request's session was deleted before the request completed. The user may have logged out in a concurrent request, for example.: /
Traceback (most recent call last):
  File "C:\Python314\Lib\site-packages\django\contrib\sessions\backends\db.py", line 127, in save
    obj.save(
    ~~~~~~~~^
        force_insert=must_create, force_update=not must_create, using=using
        ^^^^^^^^^^^^^^^^^^^^^^^^^^^^^^^^^^^^^^^^^^^^^^^^^^^^^^^^^^^^^^^^^^^
    )
    ^
  File "C:\Python314\Lib\site-packages\django\db\models\base.py", line 902, in save
    self.save_base(
    ~~~~~~~~~~~~~~^
        using=using,
        ^^^^^^^^^^^^
    ...<2 lines>...
        update_fields=update_fields,
        ^^^^^^^^^^^^^^^^^^^^^^^^^^^^
    )
    ^
  File "C:\Python314\Lib\site-packages\django\db\models\base.py", line 1008, in save_base
    updated = self._save_table(
        raw,
    ...<4 lines>...
        update_fields,
    )
  File "C:\Python314\Lib\site-packages\django\db\models\base.py", line 1142, in _save_table
    raise DatabaseError("Forced update did not affect any rows.")
django.db.utils.DatabaseError: Forced update did not affect any rows.

During handling of the above exception, another exception occurred:

Traceback (most recent call last):
  File "C:\Python314\Lib\site-packages\django\contrib\sessions\middleware.py", line 59, in process_response
    request.session.save()
    ~~~~~~~~~~~~~~~~~~~~^^
  File "C:\Python314\Lib\site-packages\django\contrib\sessions\backends\db.py", line 136, in save
    raise UpdateError
django.contrib.sessions.backends.base.UpdateError

During handling of the above exception, another exception occurred:

Traceback (most recent call last):
  File "C:\Python314\Lib\site-packages\django\core\handlers\exception.py", line 55, in inner
    response = get_response(request)
  File "C:\Python314\Lib\site-packages\django\utils\deprecation.py", line 122, in __call__
    response = self.process_response(request, response)
  File "C:\Python314\Lib\site-packages\django\contrib\sessions\middleware.py", line 61, in process_response
    raise SessionInterrupted(
    ...<3 lines>...
    )
django.contrib.sessions.exceptions.SessionInterrupted: The request's session was deleted before the request completed. The user may have logged out in a concurrent request, for example.
2026-08-28 11:16:44,043 WARNING django.request The request's session was deleted before the request completed. The user may have logged out in a concurrent request, for example.: /
Traceback (most recent call last):
  File "C:\Python314\Lib\site-packages\django\contrib\sessions\backends\db.py", line 127, in save
    obj.save(
    ~~~~~~~~^
        force_insert=must_create, force_update=not must_create, using=using
        ^^^^^^^^^^^^^^^^^^^^^^^^^^^^^^^^^^^^^^^^^^^^^^^^^^^^^^^^^^^^^^^^^^^
    )
    ^
  File "C:\Python314\Lib\site-packages\django\db\models\base.py", line 902, in save
    self.save_base(
    ~~~~~~~~~~~~~~^
        using=using,
        ^^^^^^^^^^^^
    ...<2 lines>...
        update_fields=update_fields,
        ^^^^^^^^^^^^^^^^^^^^^^^^^^^^
    )
    ^
  File "C:\Python314\Lib\site-packages\django\db\models\base.py", line 1008, in save_base
    updated = self._save_table(
        raw,
    ...<4 lines>...
        update_fields,
    )
  File "C:\Python314\Lib\site-packages\django\db\models\base.py", line 1142, in _save_table
    raise DatabaseError("Forced update did not affect any rows.")
django.db.utils.DatabaseError: Forced update did not affect any rows.

During handling of the above exception, another exception occurred:

Traceback (most recent call last):
  File "C:\Python314\Lib\site-packages\django\contrib\sessions\middleware.py", line 59, in process_response
    request.session.save()
    ~~~~~~~~~~~~~~~~~~~~^^
  File "C:\Python314\Lib\site-packages\django\contrib\sessions\backends\db.py", line 136, in save
    raise UpdateError
django.contrib.sessions.backends.base.UpdateError

During handling of the above exception, another exception occurred:

Traceback (most recent call last):
  File "C:\Python314\Lib\site-packages\django\core\handlers\exception.py", line 55, in inner
    response = get_response(request)
  File "C:\Python314\Lib\site-packages\django\utils\deprecation.py", line 122, in __call__
    response = self.process_response(request, response)
  File "C:\Python314\Lib\site-packages\django\contrib\sessions\middleware.py", line 61, in process_response
    raise SessionInterrupted(
    ...<3 lines>...
    )
django.contrib.sessions.exceptions.SessionInterrupted: The request's session was deleted before the request completed. The user may have logged out in a concurrent request, for example.
2026-08-28 11:16:44,070 WARNING django.request The request's session was deleted before the request completed. The user may have logged out in a concurrent request, for example.: /
Traceback (most recent call last):
  File "C:\Python314\Lib\site-packages\django\contrib\sessions\backends\db.py", line 127, in save
    obj.save(
    ~~~~~~~~^
        force_insert=must_create, force_update=not must_create, using=using
        ^^^^^^^^^^^^^^^^^^^^^^^^^^^^^^^^^^^^^^^^^^^^^^^^^^^^^^^^^^^^^^^^^^^
    )
    ^
  File "C:\Python314\Lib\site-packages\django\db\models\base.py", line 902, in save
    self.save_base(
    ~~~~~~~~~~~~~~^
        using=using,
        ^^^^^^^^^^^^
    ...<2 lines>...
        update_fields=update_fields,
        ^^^^^^^^^^^^^^^^^^^^^^^^^^^^
    )
    ^
  File "C:\Python314\Lib\site-packages\django\db\models\base.py", line 1008, in save_base
    updated = self._save_table(
        raw,
    ...<4 lines>...
        update_fields,
    )
  File "C:\Python314\Lib\site-packages\django\db\models\base.py", line 1142, in _save_table
    raise DatabaseError("Forced update did not affect any rows.")
django.db.utils.DatabaseError: Forced update did not affect any rows.

During handling of the above exception, another exception occurred:

Traceback (most recent call last):
  File "C:\Python314\Lib\site-packages\django\contrib\sessions\middleware.py", line 59, in process_response
    request.session.save()
    ~~~~~~~~~~~~~~~~~~~~^^
  File "C:\Python314\Lib\site-packages\django\contrib\sessions\backends\db.py", line 136, in save
    raise UpdateError
django.contrib.sessions.backends.base.UpdateError

During handling of the above exception, another exception occurred:

Traceback (most recent call last):
  File "C:\Python314\Lib\site-packages\django\core\handlers\exception.py", line 55, in inner
    response = get_response(request)
  File "C:\Python314\Lib\site-packages\django\utils\deprecation.py", line 122, in __call__
    response = self.process_response(request, response)
  File "C:\Python314\Lib\site-packages\django\contrib\sessions\middleware.py", line 61, in process_response
    raise SessionInterrupted(
    ...<3 lines>...
    )
django.contrib.sessions.exceptions.SessionInterrupted: The request's session was deleted before the request completed. The user may have logged out in a concurrent request, for example.
2026-08-28 11:16:44,099 WARNING django.request The request's session was deleted before the request completed. The user may have logged out in a concurrent request, for example.: /
Traceback (most recent call last):
  File "C:\Python314\Lib\site-packages\django\contrib\sessions\backends\db.py", line 127, in save
    obj.save(
    ~~~~~~~~^
        force_insert=must_create, force_update=not must_create, using=using
        ^^^^^^^^^^^^^^^^^^^^^^^^^^^^^^^^^^^^^^^^^^^^^^^^^^^^^^^^^^^^^^^^^^^
    )
    ^
  File "C:\Python314\Lib\site-packages\django\db\models\base.py", line 902, in save
    self.save_base(
    ~~~~~~~~~~~~~~^
        using=using,
        ^^^^^^^^^^^^
    ...<2 lines>...
        update_fields=update_fields,
        ^^^^^^^^^^^^^^^^^^^^^^^^^^^^
    )
    ^
  File "C:\Python314\Lib\site-packages\django\db\models\base.py", line 1008, in save_base
    updated = self._save_table(
        raw,
    ...<4 lines>...
        update_fields,
    )
  File "C:\Python314\Lib\site-packages\django\db\models\base.py", line 1142, in _save_table
    raise DatabaseError("Forced update did not affect any rows.")
django.db.utils.DatabaseError: Forced update did not affect any rows.

During handling of the above exception, another exception occurred:

Traceback (most recent call last):
  File "C:\Python314\Lib\site-packages\django\contrib\sessions\middleware.py", line 59, in process_response
    request.session.save()
    ~~~~~~~~~~~~~~~~~~~~^^
  File "C:\Python314\Lib\site-packages\django\contrib\sessions\backends\db.py", line 136, in save
    raise UpdateError
django.contrib.sessions.backends.base.UpdateError

During handling of the above exception, another exception occurred:

Traceback (most recent call last):
  File "C:\Python314\Lib\site-packages\django\core\handlers\exception.py", line 55, in inner
    response = get_response(request)
  File "C:\Python314\Lib\site-packages\django\utils\deprecation.py", line 122, in __call__
    response = self.process_response(request, response)
  File "C:\Python314\Lib\site-packages\django\contrib\sessions\middleware.py", line 61, in process_response
    raise SessionInterrupted(
    ...<3 lines>...
    )
django.contrib.sessions.exceptions.SessionInterrupted: The request's session was deleted before the request completed. The user may have logged out in a concurrent request, for example.
2026-08-28 11:16:44,130 WARNING django.request The request's session was deleted before the request completed. The user may have logged out in a concurrent request, for example.: /
Traceback (most recent call last):
  File "C:\Python314\Lib\site-packages\django\contrib\sessions\backends\db.py", line 127, in save
    obj.save(
    ~~~~~~~~^
        force_insert=must_create, force_update=not must_create, using=using
        ^^^^^^^^^^^^^^^^^^^^^^^^^^^^^^^^^^^^^^^^^^^^^^^^^^^^^^^^^^^^^^^^^^^
    )
    ^
  File "C:\Python314\Lib\site-packages\django\db\models\base.py", line 902, in save
    self.save_base(
    ~~~~~~~~~~~~~~^
        using=using,
        ^^^^^^^^^^^^
    ...<2 lines>...
        update_fields=update_fields,
        ^^^^^^^^^^^^^^^^^^^^^^^^^^^^
    )
    ^
  File "C:\Python314\Lib\site-packages\django\db\models\base.py", line 1008, in save_base
    updated = self._save_table(
        raw,
    ...<4 lines>...
        update_fields,
    )
  File "C:\Python314\Lib\site-packages\django\db\models\base.py", line 1142, in _save_table
    raise DatabaseError("Forced update did not affect any rows.")
django.db.utils.DatabaseError: Forced update did not affect any rows.

During handling of the above exception, another exception occurred:

Traceback (most recent call last):
  File "C:\Python314\Lib\site-packages\django\contrib\sessions\middleware.py", line 59, in process_response
    request.session.save()
    ~~~~~~~~~~~~~~~~~~~~^^
  File "C:\Python314\Lib\site-packages\django\contrib\sessions\backends\db.py", line 136, in save
    raise UpdateError
django.contrib.sessions.backends.base.UpdateError

During handling of the above exception, another exception occurred:

Traceback (most recent call last):
  File "C:\Python314\Lib\site-packages\django\core\handlers\exception.py", line 55, in inner
    response = get_response(request)
  File "C:\Python314\Lib\site-packages\django\utils\deprecation.py", line 122, in __call__
    response = self.process_response(request, response)
  File "C:\Python314\Lib\site-packages\django\contrib\sessions\middleware.py", line 61, in process_response
    raise SessionInterrupted(
    ...<3 lines>...
    )
django.contrib.sessions.exceptions.SessionInterrupted: The request's session was deleted before the request completed. The user may have logged out in a concurrent request, for example.
2026-08-28 11:16:44,184 WARNING django.server "GET /?project=141 HTTP/1.1" 400 104905
2026-08-28 11:16:44,630 WARNING django.request The request's session was deleted before the request completed. The user may have logged out in a concurrent request, for example.: /
Traceback (most recent call last):
  File "C:\Python314\Lib\site-packages\django\contrib\sessions\backends\db.py", line 127, in save
    obj.save(
    ~~~~~~~~^
        force_insert=must_create, force_update=not must_create, using=using
        ^^^^^^^^^^^^^^^^^^^^^^^^^^^^^^^^^^^^^^^^^^^^^^^^^^^^^^^^^^^^^^^^^^^
    )
    ^
  File "C:\Python314\Lib\site-packages\django\db\models\base.py", line 902, in save
    self.save_base(
    ~~~~~~~~~~~~~~^
        using=using,
        ^^^^^^^^^^^^
    ...<2 lines>...
        update_fields=update_fields,
        ^^^^^^^^^^^^^^^^^^^^^^^^^^^^
    )
    ^
  File "C:\Python314\Lib\site-packages\django\db\models\base.py", line 1008, in save_base
    updated = self._save_table(
        raw,
    ...<4 lines>...
        update_fields,
    )
  File "C:\Python314\Lib\site-packages\django\db\models\base.py", line 1142, in _save_table
    raise DatabaseError("Forced update did not affect any rows.")
django.db.utils.DatabaseError: Forced update did not affect any rows.

During handling of the above exception, another exception occurred:

Traceback (most recent call last):
  File "C:\Python314\Lib\site-packages\django\contrib\sessions\middleware.py", line 59, in process_response
    request.session.save()
    ~~~~~~~~~~~~~~~~~~~~^^
  File "C:\Python314\Lib\site-packages\django\contrib\sessions\backends\db.py", line 136, in save
    raise UpdateError
django.contrib.sessions.backends.base.UpdateError

During handling of the above exception, another exception occurred:

Traceback (most recent call last):
  File "C:\Python314\Lib\site-packages\django\core\handlers\exception.py", line 55, in inner
    response = get_response(request)
  File "C:\Python314\Lib\site-packages\django\utils\deprecation.py", line 122, in __call__
    response = self.process_response(request, response)
  File "C:\Python314\Lib\site-packages\django\contrib\sessions\middleware.py", line 61, in process_response
    raise SessionInterrupted(
    ...<3 lines>...
    )
django.contrib.sessions.exceptions.SessionInterrupted: The request's session was deleted before the request completed. The user may have logged out in a concurrent request, for example.
2026-08-28 11:16:44,642 WARNING django.request The request's session was deleted before the request completed. The user may have logged out in a concurrent request, for example.: /
Traceback (most recent call last):
  File "C:\Python314\Lib\site-packages\django\contrib\sessions\backends\db.py", line 127, in save
    obj.save(
    ~~~~~~~~^
        force_insert=must_create, force_update=not must_create, using=using
        ^^^^^^^^^^^^^^^^^^^^^^^^^^^^^^^^^^^^^^^^^^^^^^^^^^^^^^^^^^^^^^^^^^^
    )
    ^
  File "C:\Python314\Lib\site-packages\django\db\models\base.py", line 902, in save
    self.save_base(
    ~~~~~~~~~~~~~~^
        using=using,
        ^^^^^^^^^^^^
    ...<2 lines>...
        update_fields=update_fields,
        ^^^^^^^^^^^^^^^^^^^^^^^^^^^^
    )
    ^
  File "C:\Python314\Lib\site-packages\django\db\models\base.py", line 1008, in save_base
    updated = self._save_table(
        raw,
    ...<4 lines>...
        update_fields,
    )
  File "C:\Python314\Lib\site-packages\django\db\models\base.py", line 1142, in _save_table
    raise DatabaseError("Forced update did not affect any rows.")
django.db.utils.DatabaseError: Forced update did not affect any rows.

During handling of the above exception, another exception occurred:

Traceback (most recent call last):
  File "C:\Python314\Lib\site-packages\django\contrib\sessions\middleware.py", line 59, in process_response
    request.session.save()
    ~~~~~~~~~~~~~~~~~~~~^^
  File "C:\Python314\Lib\site-packages\django\contrib\sessions\backends\db.py", line 136, in save
    raise UpdateError
django.contrib.sessions.backends.base.UpdateError

During handling of the above exception, another exception occurred:

Traceback (most recent call last):
  File "C:\Python314\Lib\site-packages\django\core\handlers\exception.py", line 55, in inner
    response = get_response(request)
  File "C:\Python314\Lib\site-packages\django\utils\deprecation.py", line 122, in __call__
    response = self.process_response(request, response)
  File "C:\Python314\Lib\site-packages\django\contrib\sessions\middleware.py", line 61, in process_response
    raise SessionInterrupted(
    ...<3 lines>...
    )
django.contrib.sessions.exceptions.SessionInterrupted: The request's session was deleted before the request completed. The user may have logged out in a concurrent request, for example.
2026-08-28 11:16:44,660 WARNING django.request The request's session was deleted before the request completed. The user may have logged out in a concurrent request, for example.: /
Traceback (most recent call last):
  File "C:\Python314\Lib\site-packages\django\contrib\sessions\backends\db.py", line 127, in save
    obj.save(
    ~~~~~~~~^
        force_insert=must_create, force_update=not must_create, using=using
        ^^^^^^^^^^^^^^^^^^^^^^^^^^^^^^^^^^^^^^^^^^^^^^^^^^^^^^^^^^^^^^^^^^^
    )
    ^
  File "C:\Python314\Lib\site-packages\django\db\models\base.py", line 902, in save
    self.save_base(
    ~~~~~~~~~~~~~~^
        using=using,
        ^^^^^^^^^^^^
    ...<2 lines>...
        update_fields=update_fields,
        ^^^^^^^^^^^^^^^^^^^^^^^^^^^^
    )
    ^
  File "C:\Python314\Lib\site-packages\django\db\models\base.py", line 1008, in save_base
    updated = self._save_table(
        raw,
    ...<4 lines>...
        update_fields,
    )
  File "C:\Python314\Lib\site-packages\django\db\models\base.py", line 1142, in _save_table
    raise DatabaseError("Forced update did not affect any rows.")
django.db.utils.DatabaseError: Forced update did not affect any rows.

During handling of the above exception, another exception occurred:

Traceback (most recent call last):
  File "C:\Python314\Lib\site-packages\django\contrib\sessions\middleware.py", line 59, in process_response
    request.session.save()
    ~~~~~~~~~~~~~~~~~~~~^^
  File "C:\Python314\Lib\site-packages\django\contrib\sessions\backends\db.py", line 136, in save
    raise UpdateError
django.contrib.sessions.backends.base.UpdateError

During handling of the above exception, another exception occurred:

Traceback (most recent call last):
  File "C:\Python314\Lib\site-packages\django\core\handlers\exception.py", line 55, in inner
    response = get_response(request)
  File "C:\Python314\Lib\site-packages\django\utils\deprecation.py", line 122, in __call__
    response = self.process_response(request, response)
  File "C:\Python314\Lib\site-packages\django\contrib\sessions\middleware.py", line 61, in process_response
    raise SessionInterrupted(
    ...<3 lines>...
    )
django.contrib.sessions.exceptions.SessionInterrupted: The request's session was deleted before the request completed. The user may have logged out in a concurrent request, for example.
2026-08-28 11:16:44,730 WARNING django.request The request's session was deleted before the request completed. The user may have logged out in a concurrent request, for example.: /
Traceback (most recent call last):
  File "C:\Python314\Lib\site-packages\django\contrib\sessions\backends\db.py", line 127, in save
    obj.save(
    ~~~~~~~~^
        force_insert=must_create, force_update=not must_create, using=using
        ^^^^^^^^^^^^^^^^^^^^^^^^^^^^^^^^^^^^^^^^^^^^^^^^^^^^^^^^^^^^^^^^^^^
    )
    ^
  File "C:\Python314\Lib\site-packages\django\db\models\base.py", line 902, in save
    self.save_base(
    ~~~~~~~~~~~~~~^
        using=using,
        ^^^^^^^^^^^^
    ...<2 lines>...
        update_fields=update_fields,
        ^^^^^^^^^^^^^^^^^^^^^^^^^^^^
    )
    ^
  File "C:\Python314\Lib\site-packages\django\db\models\base.py", line 1008, in save_base
    updated = self._save_table(
        raw,
    ...<4 lines>...
        update_fields,
    )
  File "C:\Python314\Lib\site-packages\django\db\models\base.py", line 1142, in _save_table
    raise DatabaseError("Forced update did not affect any rows.")
django.db.utils.DatabaseError: Forced update did not affect any rows.

During handling of the above exception, another exception occurred:

Traceback (most recent call last):
  File "C:\Python314\Lib\site-packages\django\contrib\sessions\middleware.py", line 59, in process_response
    request.session.save()
    ~~~~~~~~~~~~~~~~~~~~^^
  File "C:\Python314\Lib\site-packages\django\contrib\sessions\backends\db.py", line 136, in save
    raise UpdateError
django.contrib.sessions.backends.base.UpdateError

During handling of the above exception, another exception occurred:

Traceback (most recent call last):
  File "C:\Python314\Lib\site-packages\django\core\handlers\exception.py", line 55, in inner
    response = get_response(request)
  File "C:\Python314\Lib\site-packages\django\utils\deprecation.py", line 122, in __call__
    response = self.process_response(request, response)
  File "C:\Python314\Lib\site-packages\django\contrib\sessions\middleware.py", line 61, in process_response
    raise SessionInterrupted(
    ...<3 lines>...
    )
django.contrib.sessions.exceptions.SessionInterrupted: The request's session was deleted before the request completed. The user may have logged out in a concurrent request, for example.
2026-08-28 11:16:48,380 WARNING django.request The request's session was deleted before the request completed. The user may have logged out in a concurrent request, for example.: /
Traceback (most recent call last):
  File "C:\Python314\Lib\site-packages\django\contrib\sessions\backends\db.py", line 127, in save
    obj.save(
    ~~~~~~~~^
        force_insert=must_create, force_update=not must_create, using=using
        ^^^^^^^^^^^^^^^^^^^^^^^^^^^^^^^^^^^^^^^^^^^^^^^^^^^^^^^^^^^^^^^^^^^
    )
    ^
  File "C:\Python314\Lib\site-packages\django\db\models\base.py", line 902, in save
    self.save_base(
    ~~~~~~~~~~~~~~^
        using=using,
        ^^^^^^^^^^^^
    ...<2 lines>...
        update_fields=update_fields,
        ^^^^^^^^^^^^^^^^^^^^^^^^^^^^
    )
    ^
  File "C:\Python314\Lib\site-packages\django\db\models\base.py", line 1008, in save_base
    updated = self._save_table(
        raw,
    ...<4 lines>...
        update_fields,
    )
  File "C:\Python314\Lib\site-packages\django\db\models\base.py", line 1142, in _save_table
    raise DatabaseError("Forced update did not affect any rows.")
django.db.utils.DatabaseError: Forced update did not affect any rows.

During handling of the above exception, another exception occurred:

Traceback (most recent call last):
  File "C:\Python314\Lib\site-packages\django\contrib\sessions\middleware.py", line 59, in process_response
    request.session.save()
    ~~~~~~~~~~~~~~~~~~~~^^
  File "C:\Python314\Lib\site-packages\django\contrib\sessions\backends\db.py", line 136, in save
    raise UpdateError
django.contrib.sessions.backends.base.UpdateError

During handling of the above exception, another exception occurred:

Traceback (most recent call last):
  File "C:\Python314\Lib\site-packages\django\core\handlers\exception.py", line 55, in inner
    response = get_response(request)
  File "C:\Python314\Lib\site-packages\django\utils\deprecation.py", line 122, in __call__
    response = self.process_response(request, response)
  File "C:\Python314\Lib\site-packages\django\contrib\sessions\middleware.py", line 61, in process_response
    raise SessionInterrupted(
    ...<3 lines>...
    )
django.contrib.sessions.exceptions.SessionInterrupted: The request's session was deleted before the request completed. The user may have logged out in a concurrent request, for example.
2026-08-28 11:16:48,738 WARNING django.request The request's session was deleted before the request completed. The user may have logged out in a concurrent request, for example.: /geomismatch
Traceback (most recent call last):
  File "C:\Python314\Lib\site-packages\django\contrib\sessions\backends\db.py", line 127, in save
    obj.save(
    ~~~~~~~~^
        force_insert=must_create, force_update=not must_create, using=using
        ^^^^^^^^^^^^^^^^^^^^^^^^^^^^^^^^^^^^^^^^^^^^^^^^^^^^^^^^^^^^^^^^^^^
    )
    ^
  File "C:\Python314\Lib\site-packages\django\db\models\base.py", line 902, in save
    self.save_base(
    ~~~~~~~~~~~~~~^
        using=using,
        ^^^^^^^^^^^^
    ...<2 lines>...
        update_fields=update_fields,
        ^^^^^^^^^^^^^^^^^^^^^^^^^^^^
    )
    ^
  File "C:\Python314\Lib\site-packages\django\db\models\base.py", line 1008, in save_base
    updated = self._save_table(
        raw,
    ...<4 lines>...
        update_fields,
    )
  File "C:\Python314\Lib\site-packages\django\db\models\base.py", line 1142, in _save_table
    raise DatabaseError("Forced update did not affect any rows.")
django.db.utils.DatabaseError: Forced update did not affect any rows.

During handling of the above exception, another exception occurred:

Traceback (most recent call last):
  File "C:\Python314\Lib\site-packages\django\contrib\sessions\middleware.py", line 59, in process_response
    request.session.save()
    ~~~~~~~~~~~~~~~~~~~~^^
  File "C:\Python314\Lib\site-packages\django\contrib\sessions\backends\db.py", line 136, in save
    raise UpdateError
django.contrib.sessions.backends.base.UpdateError

During handling of the above exception, another exception occurred:

Traceback (most recent call last):
  File "C:\Python314\Lib\site-packages\django\core\handlers\exception.py", line 55, in inner
    response = get_response(request)
  File "C:\Python314\Lib\site-packages\django\utils\deprecation.py", line 122, in __call__
    response = self.process_response(request, response)
  File "C:\Python314\Lib\site-packages\django\contrib\sessions\middleware.py", line 61, in process_response
    raise SessionInterrupted(
    ...<3 lines>...
    )
django.contrib.sessions.exceptions.SessionInterrupted: The request's session was deleted before the request completed. The user may have logged out in a concurrent request, for example.
2026-08-28 11:16:49,618 WARNING django.request The request's session was deleted before the request completed. The user may have logged out in a concurrent request, for example.: /geomismatch
Traceback (most recent call last):
  File "C:\Python314\Lib\site-packages\django\contrib\sessions\backends\db.py", line 127, in save
    obj.save(
    ~~~~~~~~^
        force_insert=must_create, force_update=not must_create, using=using
        ^^^^^^^^^^^^^^^^^^^^^^^^^^^^^^^^^^^^^^^^^^^^^^^^^^^^^^^^^^^^^^^^^^^
    )
    ^
  File "C:\Python314\Lib\site-packages\django\db\models\base.py", line 902, in save
    self.save_base(
    ~~~~~~~~~~~~~~^
        using=using,
        ^^^^^^^^^^^^
    ...<2 lines>...
        update_fields=update_fields,
        ^^^^^^^^^^^^^^^^^^^^^^^^^^^^
    )
    ^
  File "C:\Python314\Lib\site-packages\django\db\models\base.py", line 1008, in save_base
    updated = self._save_table(
        raw,
    ...<4 lines>...
        update_fields,
    )
  File "C:\Python314\Lib\site-packages\django\db\models\base.py", line 1142, in _save_table
    raise DatabaseError("Forced update did not affect any rows.")
django.db.utils.DatabaseError: Forced update did not affect any rows.

During handling of the above exception, another exception occurred:

Traceback (most recent call last):
  File "C:\Python314\Lib\site-packages\django\contrib\sessions\middleware.py", line 59, in process_response
    request.session.save()
    ~~~~~~~~~~~~~~~~~~~~^^
  File "C:\Python314\Lib\site-packages\django\contrib\sessions\backends\db.py", line 136, in save
    raise UpdateError
django.contrib.sessions.backends.base.UpdateError

During handling of the above exception, another exception occurred:

Traceback (most recent call last):
  File "C:\Python314\Lib\site-packages\django\core\handlers\exception.py", line 55, in inner
    response = get_response(request)
  File "C:\Python314\Lib\site-packages\django\utils\deprecation.py", line 122, in __call__
    response = self.process_response(request, response)
  File "C:\Python314\Lib\site-packages\django\contrib\sessions\middleware.py", line 61, in process_response
    raise SessionInterrupted(
    ...<3 lines>...
    )
django.contrib.sessions.exceptions.SessionInterrupted: The request's session was deleted before the request completed. The user may have logged out in a concurrent request, for example.
2026-08-28 11:16:49,632 WARNING django.server "GET /geomismatch?csrfmiddlewaretoken=kBxu2xnSThTohRXaLjaQCm12zcAoKEQZMkdRVoyYhaBgI1ULiXAXcf9glT06FxIN&project=141&surveyor_req=101952&fordate=2026-08-27&submit=Quality+Reports HTTP/1.1" 400 106820
2026-08-28 11:18:15,162 DEBUG urllib3.connectionpool Starting new HTTPS connection (1): api.axismyindia.in:443
2026-08-28 11:18:16,467 DEBUG urllib3.connectionpool https://api.axismyindia.in:443 "GET /v1/admin/surveyors/qc-service/survey-response-download/download-range/876?startDate=2026-08-26&endDate=2026-08-27 HTTP/1.1" 200 93
2026-08-28 11:18:21,323 DEBUG urllib3.connectionpool Starting new HTTPS connection (1): api.axismyindia.in:443
2026-08-28 11:18:21,395 DEBUG urllib3.connectionpool https://api.axismyindia.in:443 "GET /v1/admin/surveyors/qc-service/survey-response-download/survey-report-tasks?page=1&size=10&choiceId=876 HTTP/1.1" 200 None
2026-08-28 11:18:21,597 WARNING django.request Not Found: /styles.css
2026-08-28 11:18:21,600 WARNING django.server "GET /styles.css HTTP/1.1" 404 7688
2026-08-28 11:18:26,245 DEBUG urllib3.connectionpool Starting new HTTPS connection (1): api.axismyindia.in:443
2026-08-28 11:18:26,393 DEBUG urllib3.connectionpool https://api.axismyindia.in:443 "GET /v1/admin/surveyors/qc-service/survey-response-download/download-survey-report?taskId=6637%20 HTTP/1.1" 200 139974
2026-08-28 11:19:30,178 WARNING django.server "GET /static/js/hoverable-collapse.js HTTP/1.1" 404 1898
2026-08-28 11:19:30,187 WARNING django.server "GET /static/js/settings.js HTTP/1.1" 404 1868
2026-08-28 11:19:30,192 WARNING django.server "GET /static/js/todolist.js HTTP/1.1" 404 1868
2026-08-28 11:19:37,248 WARNING django.server "GET /static/js/hoverable-collapse.js HTTP/1.1" 404 1898
2026-08-28 11:19:37,362 WARNING django.server "GET /static/js/settings.js HTTP/1.1" 404 1868
2026-08-28 11:19:37,376 WARNING django.server "GET /static/js/todolist.js HTTP/1.1" 404 1868
2026-08-28 11:19:43,162 WARNING django.request Not Found: /favicon.ico
2026-08-28 11:19:43,164 WARNING django.server "GET /favicon.ico HTTP/1.1" 404 7691
2026-08-28 11:19:49,369 WARNING django.server "GET /static/js/hoverable-collapse.js HTTP/1.1" 404 1898
2026-08-28 11:19:49,381 WARNING django.server "GET /static/js/settings.js HTTP/1.1" 404 1868
2026-08-28 11:19:49,386 WARNING django.server "GET /static/js/todolist.js HTTP/1.1" 404 1868
2026-08-28 11:21:00,554 WARNING django.server "GET /static/js/hoverable-collapse.js HTTP/1.1" 404 1898
2026-08-28 11:21:00,574 WARNING django.server "GET /static/js/settings.js HTTP/1.1" 404 1868
2026-08-28 11:21:00,574 WARNING django.server "GET /static/js/todolist.js HTTP/1.1" 404 1868
2026-08-28 11:21:13,954 WARNING django.server "GET /static/js/hoverable-collapse.js HTTP/1.1" 404 1898
2026-08-28 11:21:13,978 WARNING django.server "GET /static/js/settings.js HTTP/1.1" 404 1868
2026-08-28 11:21:13,979 WARNING django.server "GET /static/js/todolist.js HTTP/1.1" 404 1868
2026-08-28 11:22:00,446 WARNING django.server "GET /static/js/hoverable-collapse.js HTTP/1.1" 404 1898
2026-08-28 11:22:00,558 WARNING django.server "GET /static/js/settings.js HTTP/1.1" 404 1868
2026-08-28 11:22:00,573 WARNING django.server "GET /static/js/todolist.js HTTP/1.1" 404 1868
2026-08-28 11:22:20,946 WARNING django.security.csrf Forbidden (CSRF token from POST incorrect.): /login
2026-08-28 11:22:20,965 WARNING django.server "POST /login HTTP/1.1" 403 2503
2026-08-28 11:22:59,592 WARNING django.request Not Found: /favicon.ico
2026-08-28 11:22:59,594 WARNING django.server "GET /favicon.ico HTTP/1.1" 404 7691
2026-08-28 11:23:04,680 WARNING django.server "GET /static/js/hoverable-collapse.js HTTP/1.1" 404 1898
2026-08-28 11:23:04,698 WARNING django.server "GET /static/js/settings.js HTTP/1.1" 404 1868
2026-08-28 11:23:04,811 WARNING django.server "GET /static/js/todolist.js HTTP/1.1" 404 1868
2026-08-28 11:23:18,229 WARNING django.request Not Found: /favicon.ico
2026-08-28 11:23:18,231 WARNING django.server "GET /favicon.ico HTTP/1.1" 404 7691
2026-08-28 11:23:26,072 WARNING django.server "GET /static/js/hoverable-collapse.js HTTP/1.1" 404 1898
2026-08-28 11:23:26,073 WARNING django.server "GET /static/js/settings.js HTTP/1.1" 404 1868
2026-08-28 11:23:26,078 WARNING django.server "GET /static/js/todolist.js HTTP/1.1" 404 1868
2026-08-28 11:23:35,905 WARNING django.server "GET /static/js/hoverable-collapse.js HTTP/1.1" 404 1898
2026-08-28 11:23:35,905 WARNING django.server "GET /static/js/settings.js HTTP/1.1" 404 1868
2026-08-28 11:23:35,914 WARNING django.server "GET /static/js/todolist.js HTTP/1.1" 404 1868
2026-08-28 11:28:38,350 WARNING django.server "GET /static/js/hoverable-collapse.js HTTP/1.1" 404 1898
2026-08-28 11:28:38,387 WARNING django.server "GET /static/js/todolist.js HTTP/1.1" 404 1868
2026-08-28 11:28:38,505 WARNING django.server "GET /static/js/settings.js HTTP/1.1" 404 1868
2026-08-28 11:28:46,023 WARNING django.server "GET /static/js/hoverable-collapse.js HTTP/1.1" 404 1898
2026-08-28 11:28:46,094 WARNING django.server "GET /static/js/settings.js HTTP/1.1" 404 1868
2026-08-28 11:28:46,145 WARNING django.server "GET /static/js/todolist.js HTTP/1.1" 404 1868
2026-08-28 11:28:55,491 WARNING django.request Not Found: /favicon.ico
2026-08-28 11:28:55,493 WARNING django.server "GET /favicon.ico HTTP/1.1" 404 7691
2026-08-28 11:29:11,230 DEBUG urllib3.connectionpool Starting new HTTPS connection (1): api.axismyindia.in:443
2026-08-28 11:29:12,903 DEBUG urllib3.connectionpool https://api.axismyindia.in:443 "GET /v1/admin/surveyors/qc-service/survey-response-download/download-range/1028?startDate=2026-08-22&endDate=2026-08-28 HTTP/1.1" 200 93
2026-08-28 11:29:17,640 DEBUG urllib3.connectionpool Starting new HTTPS connection (1): api.axismyindia.in:443
2026-08-28 11:29:17,709 DEBUG urllib3.connectionpool https://api.axismyindia.in:443 "GET /v1/admin/surveyors/qc-service/survey-response-download/survey-report-tasks?page=1&size=10&choiceId=1028 HTTP/1.1" 200 None
2026-08-28 11:29:18,338 WARNING django.request Not Found: /styles.css
2026-08-28 11:29:18,340 WARNING django.server "GET /styles.css HTTP/1.1" 404 7688
2026-08-28 11:31:42,832 WARNING django.request Not Found: /favicon.ico
2026-08-28 11:31:42,833 WARNING django.server "GET /favicon.ico HTTP/1.1" 404 7691
2026-08-28 11:33:23,586 WARNING django.request Not Found: /favicon.ico
2026-08-28 11:33:23,587 WARNING django.server "GET /favicon.ico HTTP/1.1" 404 7691
2026-08-28 11:34:39,665 WARNING django.server "GET /static/js/hoverable-collapse.js HTTP/1.1" 404 1898
2026-08-28 11:34:39,666 WARNING django.server "GET /static/js/settings.js HTTP/1.1" 404 1868
2026-08-28 11:34:39,673 WARNING django.server "GET /static/js/todolist.js HTTP/1.1" 404 1868
2026-08-28 11:35:29,139 WARNING django.request The request's session was deleted before the request completed. The user may have logged out in a concurrent request, for example.: /qcdash
Traceback (most recent call last):
  File "C:\Python314\Lib\site-packages\django\contrib\sessions\backends\db.py", line 127, in save
    obj.save(
    ~~~~~~~~^
        force_insert=must_create, force_update=not must_create, using=using
        ^^^^^^^^^^^^^^^^^^^^^^^^^^^^^^^^^^^^^^^^^^^^^^^^^^^^^^^^^^^^^^^^^^^
    )
    ^
  File "C:\Python314\Lib\site-packages\django\db\models\base.py", line 902, in save
    self.save_base(
    ~~~~~~~~~~~~~~^
        using=using,
        ^^^^^^^^^^^^
    ...<2 lines>...
        update_fields=update_fields,
        ^^^^^^^^^^^^^^^^^^^^^^^^^^^^
    )
    ^
  File "C:\Python314\Lib\site-packages\django\db\models\base.py", line 1008, in save_base
    updated = self._save_table(
        raw,
    ...<4 lines>...
        update_fields,
    )
  File "C:\Python314\Lib\site-packages\django\db\models\base.py", line 1142, in _save_table
    raise DatabaseError("Forced update did not affect any rows.")
django.db.utils.DatabaseError: Forced update did not affect any rows.

During handling of the above exception, another exception occurred:

Traceback (most recent call last):
  File "C:\Python314\Lib\site-packages\django\contrib\sessions\middleware.py", line 59, in process_response
    request.session.save()
    ~~~~~~~~~~~~~~~~~~~~^^
  File "C:\Python314\Lib\site-packages\django\contrib\sessions\backends\db.py", line 136, in save
    raise UpdateError
django.contrib.sessions.backends.base.UpdateError

During handling of the above exception, another exception occurred:

Traceback (most recent call last):
  File "C:\Python314\Lib\site-packages\django\core\handlers\exception.py", line 55, in inner
    response = get_response(request)
  File "C:\Python314\Lib\site-packages\django\utils\deprecation.py", line 122, in __call__
    response = self.process_response(request, response)
  File "C:\Python314\Lib\site-packages\django\contrib\sessions\middleware.py", line 61, in process_response
    raise SessionInterrupted(
    ...<3 lines>...
    )
django.contrib.sessions.exceptions.SessionInterrupted: The request's session was deleted before the request completed. The user may have logged out in a concurrent request, for example.
2026-08-28 11:35:29,147 WARNING django.server "GET /qcdash?project=141&from_date=2026-08-27&to_date=2026-08-28&submit=Submit HTTP/1.1" 400 105730
2026-08-28 11:36:28,973 WARNING django.request Not Found: /favicon.ico
2026-08-28 11:36:28,974 WARNING django.server "GET /favicon.ico HTTP/1.1" 404 7691
2026-08-28 11:36:54,770 WARNING django.request Not Found: /favicon.ico
2026-08-28 11:36:54,771 WARNING django.server "GET /favicon.ico HTTP/1.1" 404 7691
2026-08-28 11:39:23,812 WARNING django.request Not Found: /favicon.ico
2026-08-28 11:39:23,813 WARNING django.server "GET /favicon.ico HTTP/1.1" 404 7691
2026-08-28 11:47:37,476 WARNING django.server "GET /static/js/hoverable-collapse.js HTTP/1.1" 404 1898
2026-08-28 11:47:37,568 WARNING django.server "GET /static/js/settings.js HTTP/1.1" 404 1868
2026-08-28 11:47:37,581 WARNING django.server "GET /static/js/todolist.js HTTP/1.1" 404 1868
2026-08-28 11:50:02,229 WARNING django.server "GET /static/js/hoverable-collapse.js HTTP/1.1" 404 1898
2026-08-28 11:50:02,241 WARNING django.server "GET /static/js/settings.js HTTP/1.1" 404 1868
2026-08-28 11:50:02,246 WARNING django.server "GET /static/js/todolist.js HTTP/1.1" 404 1868
2026-08-28 11:51:12,149 WARNING django.request Not Found: /favicon.ico
2026-08-28 11:51:12,151 WARNING django.server "GET /favicon.ico HTTP/1.1" 404 7691
2026-08-28 11:52:06,494 WARNING django.server "GET /static/js/hoverable-collapse.js HTTP/1.1" 404 1898
2026-08-28 11:52:06,507 WARNING django.server "GET /static/js/settings.js HTTP/1.1" 404 1868
2026-08-28 11:52:06,619 WARNING django.server "GET /static/js/todolist.js HTTP/1.1" 404 1868
2026-08-28 11:52:35,040 WARNING django.server "GET /static/js/hoverable-collapse.js HTTP/1.1" 404 1898
2026-08-28 11:52:35,050 WARNING django.server "GET /static/js/todolist.js HTTP/1.1" 404 1868
2026-08-28 11:52:35,050 WARNING django.server "GET /static/js/settings.js HTTP/1.1" 404 1868
2026-08-28 11:52:35,061 WARNING django.server "GET /static/js/hoverable-collapse.js HTTP/1.1" 404 1898
2026-08-28 11:52:35,154 WARNING django.server "GET /static/js/settings.js HTTP/1.1" 404 1868
2026-08-28 11:52:35,168 WARNING django.server "GET /static/js/todolist.js HTTP/1.1" 404 1868
2026-08-28 11:54:50,351 WARNING django.request Not Found: /favicon.ico
2026-08-28 11:54:50,353 WARNING django.server "GET /favicon.ico HTTP/1.1" 404 7691
2026-08-28 11:54:56,565 WARNING django.server "GET /static/js/hoverable-collapse.js HTTP/1.1" 404 1898
2026-08-28 11:54:56,574 WARNING django.server "GET /static/js/settings.js HTTP/1.1" 404 1868
2026-08-28 11:54:56,683 WARNING django.server "GET /static/js/todolist.js HTTP/1.1" 404 1868
2026-08-28 11:55:09,419 WARNING django.server "GET /static/js/settings.js HTTP/1.1" 404 1868
2026-08-28 11:55:09,425 WARNING django.server "GET /static/js/hoverable-collapse.js HTTP/1.1" 404 1898
2026-08-28 11:55:09,531 WARNING django.server "GET /static/js/todolist.js HTTP/1.1" 404 1868
2026-08-28 11:55:09,574 WARNING django.server "GET /static/js/settings.js HTTP/1.1" 404 1868
2026-08-28 11:55:09,682 WARNING django.server "GET /static/js/hoverable-collapse.js HTTP/1.1" 404 1898
2026-08-28 11:55:09,731 WARNING django.server "GET /static/js/todolist.js HTTP/1.1" 404 1868
2026-08-28 11:55:15,673 WARNING django.server "GET /static/js/hoverable-collapse.js HTTP/1.1" 404 1898
2026-08-28 11:55:15,684 WARNING django.server "GET /static/js/settings.js HTTP/1.1" 404 1868
2026-08-28 11:55:15,792 WARNING django.server "GET /static/js/todolist.js HTTP/1.1" 404 1868
2026-08-28 11:55:26,573 WARNING django.server "GET /static/js/hoverable-collapse.js HTTP/1.1" 404 1898
2026-08-28 11:55:26,674 WARNING django.server "GET /static/js/settings.js HTTP/1.1" 404 1868
2026-08-28 11:55:26,699 WARNING django.server "GET /static/js/todolist.js HTTP/1.1" 404 1868
2026-08-28 11:55:30,934 WARNING django.request Not Found: /favicon.ico
2026-08-28 11:55:30,936 WARNING django.server "GET /favicon.ico HTTP/1.1" 404 7691
2026-08-28 11:55:54,114 DEBUG urllib3.connectionpool Starting new HTTPS connection (1): api.axismyindia.in:443
2026-08-28 11:55:54,605 DEBUG urllib3.connectionpool https://api.axismyindia.in:443 "GET /v1/admin/surveyors/qc-service/survey-response-download/download-range/791?startDate=2026-08-25&endDate=2026-08-28 HTTP/1.1" 200 93
2026-08-28 11:55:58,041 DEBUG urllib3.connectionpool Starting new HTTPS connection (1): api.axismyindia.in:443
2026-08-28 11:55:58,128 DEBUG urllib3.connectionpool https://api.axismyindia.in:443 "GET /v1/admin/surveyors/qc-service/survey-response-download/survey-report-tasks?page=1&size=10&choiceId=791 HTTP/1.1" 200 None
2026-08-28 11:55:58,239 WARNING django.request Not Found: /styles.css
2026-08-28 11:55:58,241 WARNING django.server "GET /styles.css HTTP/1.1" 404 7688
2026-08-28 11:56:00,134 DEBUG urllib3.connectionpool Starting new HTTPS connection (1): api.axismyindia.in:443
2026-08-28 11:56:00,200 DEBUG urllib3.connectionpool https://api.axismyindia.in:443 "GET /v1/admin/surveyors/qc-service/survey-response-download/survey-report-tasks?page=1&size=10&choiceId=791 HTTP/1.1" 200 None
2026-08-28 11:56:00,307 WARNING django.request Not Found: /styles.css
2026-08-28 11:56:00,309 WARNING django.server "GET /styles.css HTTP/1.1" 404 7688
2026-08-28 11:56:01,268 DEBUG urllib3.connectionpool Starting new HTTPS connection (1): api.axismyindia.in:443
2026-08-28 11:56:01,340 DEBUG urllib3.connectionpool https://api.axismyindia.in:443 "GET /v1/admin/surveyors/qc-service/survey-response-download/survey-report-tasks?page=1&size=10&choiceId=791 HTTP/1.1" 200 None
2026-08-28 11:56:01,448 WARNING django.request Not Found: /styles.css
2026-08-28 11:56:01,450 WARNING django.server "GET /styles.css HTTP/1.1" 404 7688
2026-08-28 11:56:02,935 DEBUG urllib3.connectionpool Starting new HTTPS connection (1): api.axismyindia.in:443
2026-08-28 11:56:03,031 DEBUG urllib3.connectionpool https://api.axismyindia.in:443 "GET /v1/admin/surveyors/qc-service/survey-response-download/survey-report-tasks?page=1&size=10&choiceId=791 HTTP/1.1" 200 None
2026-08-28 11:56:03,357 WARNING django.request Not Found: /styles.css
2026-08-28 11:56:03,359 WARNING django.server "GET /styles.css HTTP/1.1" 404 7688
2026-08-28 11:56:06,035 DEBUG urllib3.connectionpool Starting new HTTPS connection (1): api.axismyindia.in:443
2026-08-28 11:56:06,101 DEBUG urllib3.connectionpool https://api.axismyindia.in:443 "GET /v1/admin/surveyors/qc-service/survey-response-download/survey-report-tasks?page=1&size=10&choiceId=791 HTTP/1.1" 200 None
2026-08-28 11:56:06,210 WARNING django.request Not Found: /styles.css
2026-08-28 11:56:06,212 WARNING django.server "GET /styles.css HTTP/1.1" 404 7688
2026-08-28 11:56:07,277 DEBUG urllib3.connectionpool Starting new HTTPS connection (1): api.axismyindia.in:443
2026-08-28 11:56:07,350 DEBUG urllib3.connectionpool https://api.axismyindia.in:443 "GET /v1/admin/surveyors/qc-service/survey-response-download/survey-report-tasks?page=1&size=10&choiceId=791 HTTP/1.1" 200 None
2026-08-28 11:56:07,478 WARNING django.request Not Found: /styles.css
2026-08-28 11:56:07,542 WARNING django.server "GET /styles.css HTTP/1.1" 404 7688
2026-08-28 11:56:10,253 DEBUG urllib3.connectionpool Starting new HTTPS connection (1): api.axismyindia.in:443
2026-08-28 11:56:10,313 DEBUG urllib3.connectionpool https://api.axismyindia.in:443 "GET /v1/admin/surveyors/qc-service/survey-response-download/survey-report-tasks?page=1&size=10&choiceId=791 HTTP/1.1" 200 None
2026-08-28 11:56:10,633 WARNING django.request Not Found: /styles.css
2026-08-28 11:56:10,635 WARNING django.server "GET /styles.css HTTP/1.1" 404 7688
2026-08-28 11:56:12,868 DEBUG urllib3.connectionpool Starting new HTTPS connection (1): api.axismyindia.in:443
2026-08-28 11:56:12,956 DEBUG urllib3.connectionpool https://api.axismyindia.in:443 "GET /v1/admin/surveyors/qc-service/survey-response-download/survey-report-tasks?page=1&size=10&choiceId=791 HTTP/1.1" 200 None
2026-08-28 11:56:13,408 WARNING django.request Not Found: /styles.css
2026-08-28 11:56:13,410 WARNING django.server "GET /styles.css HTTP/1.1" 404 7688
2026-08-28 11:56:20,606 DEBUG urllib3.connectionpool Starting new HTTPS connection (1): api.axismyindia.in:443
2026-08-28 11:56:20,694 DEBUG urllib3.connectionpool https://api.axismyindia.in:443 "GET /v1/admin/surveyors/qc-service/survey-response-download/survey-report-tasks?page=1&size=10&choiceId=791 HTTP/1.1" 200 None
2026-08-28 11:56:20,838 WARNING django.request Not Found: /styles.css
2026-08-28 11:56:20,840 WARNING django.server "GET /styles.css HTTP/1.1" 404 7688
2026-08-28 11:56:23,519 DEBUG urllib3.connectionpool Starting new HTTPS connection (1): api.axismyindia.in:443
2026-08-28 11:56:23,586 DEBUG urllib3.connectionpool https://api.axismyindia.in:443 "GET /v1/admin/surveyors/qc-service/survey-response-download/survey-report-tasks?page=1&size=10&choiceId=791 HTTP/1.1" 200 None
2026-08-28 11:56:23,942 WARNING django.request Not Found: /styles.css
2026-08-28 11:56:23,944 WARNING django.server "GET /styles.css HTTP/1.1" 404 7688
2026-08-28 11:56:27,199 DEBUG urllib3.connectionpool Starting new HTTPS connection (1): api.axismyindia.in:443
2026-08-28 11:56:28,388 DEBUG urllib3.connectionpool https://api.axismyindia.in:443 "GET /v1/admin/surveyors/qc-service/survey-response-download/download-survey-report?taskId=6640%20 HTTP/1.1" 200 6858024
2026-08-28 11:57:12,125 WARNING django.server "GET /static/js/hoverable-collapse.js HTTP/1.1" 404 1898
2026-08-28 11:57:12,247 WARNING django.server "GET /static/js/settings.js HTTP/1.1" 404 1868
2026-08-28 11:57:12,255 WARNING django.server "GET /static/js/todolist.js HTTP/1.1" 404 1868
2026-08-28 11:58:33,185 WARNING django.server "GET /static/js/hoverable-collapse.js HTTP/1.1" 404 1898
2026-08-28 11:58:33,325 WARNING django.server "GET /static/js/settings.js HTTP/1.1" 404 1868
2026-08-28 11:58:33,326 WARNING django.server "GET /static/js/todolist.js HTTP/1.1" 404 1868
2026-08-28 12:01:46,476 WARNING django.request The request's session was deleted before the request completed. The user may have logged out in a concurrent request, for example.: /qcdash
Traceback (most recent call last):
  File "C:\Python314\Lib\site-packages\django\contrib\sessions\backends\db.py", line 127, in save
    obj.save(
    ~~~~~~~~^
        force_insert=must_create, force_update=not must_create, using=using
        ^^^^^^^^^^^^^^^^^^^^^^^^^^^^^^^^^^^^^^^^^^^^^^^^^^^^^^^^^^^^^^^^^^^
    )
    ^
  File "C:\Python314\Lib\site-packages\django\db\models\base.py", line 902, in save
    self.save_base(
    ~~~~~~~~~~~~~~^
        using=using,
        ^^^^^^^^^^^^
    ...<2 lines>...
        update_fields=update_fields,
        ^^^^^^^^^^^^^^^^^^^^^^^^^^^^
    )
    ^
  File "C:\Python314\Lib\site-packages\django\db\models\base.py", line 1008, in save_base
    updated = self._save_table(
        raw,
    ...<4 lines>...
        update_fields,
    )
  File "C:\Python314\Lib\site-packages\django\db\models\base.py", line 1142, in _save_table
    raise DatabaseError("Forced update did not affect any rows.")
django.db.utils.DatabaseError: Forced update did not affect any rows.

During handling of the above exception, another exception occurred:

Traceback (most recent call last):
  File "C:\Python314\Lib\site-packages\django\contrib\sessions\middleware.py", line 59, in process_response
    request.session.save()
    ~~~~~~~~~~~~~~~~~~~~^^
  File "C:\Python314\Lib\site-packages\django\contrib\sessions\backends\db.py", line 136, in save
    raise UpdateError
django.contrib.sessions.backends.base.UpdateError

During handling of the above exception, another exception occurred:

Traceback (most recent call last):
  File "C:\Python314\Lib\site-packages\django\core\handlers\exception.py", line 55, in inner
    response = get_response(request)
  File "C:\Python314\Lib\site-packages\django\utils\deprecation.py", line 122, in __call__
    response = self.process_response(request, response)
  File "C:\Python314\Lib\site-packages\django\contrib\sessions\middleware.py", line 61, in process_response
    raise SessionInterrupted(
    ...<3 lines>...
    )
django.contrib.sessions.exceptions.SessionInterrupted: The request's session was deleted before the request completed. The user may have logged out in a concurrent request, for example.
2026-08-28 12:01:46,484 WARNING django.server "GET /qcdash?project=141&from_date=2026-08-01&to_date=2026-08-28&submit=Submit HTTP/1.1" 400 105729
2026-08-28 12:09:11,626 DEBUG tzlocal Looking up time zone info from registry
2026-08-28 12:15:46,884 WARNING django.server "GET /static/js/hoverable-collapse.js HTTP/1.1" 404 1898
2026-08-28 12:15:46,886 WARNING django.server "GET /static/js/settings.js HTTP/1.1" 404 1868
2026-08-28 12:15:46,892 WARNING django.server "GET /static/js/todolist.js HTTP/1.1" 404 1868
2026-08-28 12:18:51,820 WARNING django.server "GET /static/vendors/js/bootstrap.min.js.map HTTP/1.1" 404 1919
2026-08-28 12:18:51,999 WARNING django.server "GET /static/vendors/js/jquery.contextMenu.min.js.map HTTP/1.1" 404 1946
2026-08-28 12:18:52,006 WARNING django.server "GET /static/vendors/css/jquery.contextMenu.min.css.map HTTP/1.1" 404 1952
2026-08-28 12:18:54,797 WARNING django.request The request's session was deleted before the request completed. The user may have logged out in a concurrent request, for example.: /qcdash
Traceback (most recent call last):
  File "C:\Python314\Lib\site-packages\django\contrib\sessions\backends\db.py", line 127, in save
    obj.save(
    ~~~~~~~~^
        force_insert=must_create, force_update=not must_create, using=using
        ^^^^^^^^^^^^^^^^^^^^^^^^^^^^^^^^^^^^^^^^^^^^^^^^^^^^^^^^^^^^^^^^^^^
    )
    ^
  File "C:\Python314\Lib\site-packages\django\db\models\base.py", line 902, in save
    self.save_base(
    ~~~~~~~~~~~~~~^
        using=using,
        ^^^^^^^^^^^^
    ...<2 lines>...
        update_fields=update_fields,
        ^^^^^^^^^^^^^^^^^^^^^^^^^^^^
    )
    ^
  File "C:\Python314\Lib\site-packages\django\db\models\base.py", line 1008, in save_base
    updated = self._save_table(
        raw,
    ...<4 lines>...
        update_fields,
    )
  File "C:\Python314\Lib\site-packages\django\db\models\base.py", line 1142, in _save_table
    raise DatabaseError("Forced update did not affect any rows.")
django.db.utils.DatabaseError: Forced update did not affect any rows.

During handling of the above exception, another exception occurred:

Traceback (most recent call last):
  File "C:\Python314\Lib\site-packages\django\contrib\sessions\middleware.py", line 59, in process_response
    request.session.save()
    ~~~~~~~~~~~~~~~~~~~~^^
  File "C:\Python314\Lib\site-packages\django\contrib\sessions\backends\db.py", line 136, in save
    raise UpdateError
django.contrib.sessions.backends.base.UpdateError

During handling of the above exception, another exception occurred:

Traceback (most recent call last):
  File "C:\Python314\Lib\site-packages\django\core\handlers\exception.py", line 55, in inner
    response = get_response(request)
  File "C:\Python314\Lib\site-packages\django\utils\deprecation.py", line 122, in __call__
    response = self.process_response(request, response)
  File "C:\Python314\Lib\site-packages\django\contrib\sessions\middleware.py", line 61, in process_response
    raise SessionInterrupted(
    ...<3 lines>...
    )
django.contrib.sessions.exceptions.SessionInterrupted: The request's session was deleted before the request completed. The user may have logged out in a concurrent request, for example.
2026-08-28 12:18:54,815 WARNING django.server "GET /qcdash?project=141&from_date=2026-08-01&to_date=2026-08-28&submit=Submit HTTP/1.1" 400 105866
2026-08-28 12:18:55,007 WARNING django.server "GET /static/vendors/js/bootstrap.min.js.map HTTP/1.1" 404 1919
2026-08-28 12:18:55,182 WARNING django.server "GET /static/vendors/js/jquery.contextMenu.min.js.map HTTP/1.1" 404 1946
2026-08-28 12:18:55,331 WARNING django.server "GET /static/vendors/css/jquery.contextMenu.min.css.map HTTP/1.1" 404 1952
2026-08-28 12:19:40,235 WARNING django.request Not Found: /favicon.ico
2026-08-28 12:19:40,236 WARNING django.server "GET /favicon.ico HTTP/1.1" 404 7691
2026-08-28 12:19:45,395 WARNING django.server "GET /static/js/hoverable-collapse.js HTTP/1.1" 404 1898
2026-08-28 12:19:45,405 WARNING django.server "GET /static/js/settings.js HTTP/1.1" 404 1868
2026-08-28 12:19:45,405 WARNING django.server "GET /static/js/todolist.js HTTP/1.1" 404 1868
2026-08-28 12:19:54,094 WARNING django.request Not Found: /favicon.ico
2026-08-28 12:19:54,095 WARNING django.server "GET /favicon.ico HTTP/1.1" 404 7691
2026-08-28 12:20:33,351 WARNING django.server "GET /static/js/hoverable-collapse.js HTTP/1.1" 404 1898
2026-08-28 12:20:33,441 WARNING django.server "GET /static/js/settings.js HTTP/1.1" 404 1868
2026-08-28 12:20:33,454 WARNING django.server "GET /static/js/todolist.js HTTP/1.1" 404 1868
2026-08-28 12:21:32,805 WARNING django.server "GET /static/js/hoverable-collapse.js HTTP/1.1" 404 1898
2026-08-28 12:21:32,937 WARNING django.server "GET /static/js/todolist.js HTTP/1.1" 404 1868
2026-08-28 12:21:32,943 WARNING django.server "GET /static/js/settings.js HTTP/1.1" 404 1868
2026-08-28 12:21:35,128 WARNING django.server "GET /static/js/hoverable-collapse.js HTTP/1.1" 404 1898
2026-08-28 12:21:35,249 WARNING django.server "GET /static/js/settings.js HTTP/1.1" 404 1868
2026-08-28 12:21:35,258 WARNING django.server "GET /static/js/todolist.js HTTP/1.1" 404 1868
2026-08-28 12:22:45,973 WARNING django.server "GET /static/js/hoverable-collapse.js HTTP/1.1" 404 1898
2026-08-28 12:22:46,054 WARNING django.server "GET /static/js/settings.js HTTP/1.1" 404 1868
2026-08-28 12:22:46,073 WARNING django.server "GET /static/js/todolist.js HTTP/1.1" 404 1868
2026-08-28 12:23:33,819 WARNING django.request Not Found: /favicon.ico
2026-08-28 12:23:33,820 WARNING django.server "GET /favicon.ico HTTP/1.1" 404 7691
2026-08-28 12:34:46,305 WARNING django.server "GET /static/js/settings.js HTTP/1.1" 404 1868
2026-08-28 12:34:46,441 WARNING django.server "GET /static/js/hoverable-collapse.js HTTP/1.1" 404 1898
2026-08-28 12:34:46,442 WARNING django.server "GET /static/js/todolist.js HTTP/1.1" 404 1868
2026-08-28 12:36:48,417 WARNING django.request Not Found: /favicon.ico
2026-08-28 12:36:48,418 WARNING django.server "GET /favicon.ico HTTP/1.1" 404 7691
2026-08-28 12:37:42,696 WARNING django.request Not Found: /favicon.ico
2026-08-28 12:37:42,697 WARNING django.server "GET /favicon.ico HTTP/1.1" 404 7691
2026-08-28 12:39:13,572 WARNING django.request Not Found: /favicon.ico
2026-08-28 12:39:13,573 WARNING django.server "GET /favicon.ico HTTP/1.1" 404 7691
2026-08-28 12:42:04,393 WARNING django.server "GET /static/js/settings.js HTTP/1.1" 404 1868
2026-08-28 12:42:04,479 WARNING django.server "GET /static/js/hoverable-collapse.js HTTP/1.1" 404 1898
2026-08-28 12:42:04,611 WARNING django.server "GET /static/js/todolist.js HTTP/1.1" 404 1868
2026-08-28 12:42:13,149 WARNING django.server "GET /static/js/settings.js HTTP/1.1" 404 1868
2026-08-28 12:42:13,153 WARNING django.server "GET /static/js/todolist.js HTTP/1.1" 404 1868
2026-08-28 12:42:13,160 WARNING django.server "GET /static/js/hoverable-collapse.js HTTP/1.1" 404 1898
2026-08-28 12:42:22,615 WARNING django.server "GET /static/js/hoverable-collapse.js HTTP/1.1" 404 1898
2026-08-28 12:42:22,732 WARNING django.server "GET /static/js/todolist.js HTTP/1.1" 404 1868
2026-08-28 12:42:22,740 WARNING django.server "GET /static/js/settings.js HTTP/1.1" 404 1868
2026-08-28 12:42:31,384 WARNING django.server "GET /static/js/hoverable-collapse.js HTTP/1.1" 404 1898
2026-08-28 12:42:31,499 WARNING django.server "GET /static/js/settings.js HTTP/1.1" 404 1868
2026-08-28 12:42:31,505 WARNING django.server "GET /static/js/todolist.js HTTP/1.1" 404 1868
2026-08-28 12:42:39,386 WARNING django.server "GET /static/js/hoverable-collapse.js HTTP/1.1" 404 1898
2026-08-28 12:42:39,397 WARNING django.server "GET /static/js/settings.js HTTP/1.1" 404 1868
2026-08-28 12:42:39,406 WARNING django.server "GET /static/js/todolist.js HTTP/1.1" 404 1868
2026-08-28 12:42:39,855 WARNING django.server "GET /static/js/hoverable-collapse.js HTTP/1.1" 404 1898
2026-08-28 12:42:39,926 WARNING django.server "GET /static/js/settings.js HTTP/1.1" 404 1868
2026-08-28 12:42:39,970 WARNING django.server "GET /static/js/todolist.js HTTP/1.1" 404 1868
2026-08-28 12:42:40,534 WARNING django.server "GET /static/js/hoverable-collapse.js HTTP/1.1" 404 1898
2026-08-28 12:42:40,653 WARNING django.server "GET /static/js/todolist.js HTTP/1.1" 404 1868
2026-08-28 12:42:40,659 WARNING django.server "GET /static/js/settings.js HTTP/1.1" 404 1868
2026-08-28 12:42:41,884 WARNING django.server "GET /static/js/hoverable-collapse.js HTTP/1.1" 404 1898
2026-08-28 12:42:41,892 WARNING django.server "GET /static/js/settings.js HTTP/1.1" 404 1868
2026-08-28 12:42:41,901 WARNING django.server "GET /static/js/todolist.js HTTP/1.1" 404 1868
2026-08-28 12:42:42,408 WARNING django.server "GET /static/js/hoverable-collapse.js HTTP/1.1" 404 1898
2026-08-28 12:42:42,432 WARNING django.server "GET /static/js/settings.js HTTP/1.1" 404 1868
2026-08-28 12:42:42,451 WARNING django.server "GET /static/js/todolist.js HTTP/1.1" 404 1868
2026-08-28 12:42:45,612 WARNING django.server "GET /static/js/hoverable-collapse.js HTTP/1.1" 404 1898
2026-08-28 12:42:45,620 WARNING django.server "GET /static/js/settings.js HTTP/1.1" 404 1868
2026-08-28 12:42:45,629 WARNING django.server "GET /static/js/todolist.js HTTP/1.1" 404 1868
2026-08-28 12:42:45,963 WARNING django.server "GET /static/js/hoverable-collapse.js HTTP/1.1" 404 1898
2026-08-28 12:42:45,979 WARNING django.server "GET /static/js/settings.js HTTP/1.1" 404 1868
2026-08-28 12:42:45,999 WARNING django.server "GET /static/js/todolist.js HTTP/1.1" 404 1868
2026-08-28 12:42:49,661 WARNING django.server "GET /static/js/hoverable-collapse.js HTTP/1.1" 404 1898
2026-08-28 12:42:49,789 WARNING django.server "GET /static/js/settings.js HTTP/1.1" 404 1868
2026-08-28 12:42:49,792 WARNING django.server "GET /static/js/todolist.js HTTP/1.1" 404 1868
2026-08-28 12:42:57,262 WARNING django.server "GET /static/js/hoverable-collapse.js HTTP/1.1" 404 1898
2026-08-28 12:42:57,386 WARNING django.server "GET /static/js/todolist.js HTTP/1.1" 404 1868
2026-08-28 12:42:57,393 WARNING django.server "GET /static/js/settings.js HTTP/1.1" 404 1868
2026-08-28 12:43:25,620 WARNING django.server "GET /static/js/hoverable-collapse.js HTTP/1.1" 404 1898
2026-08-28 12:43:25,738 WARNING django.server "GET /static/js/settings.js HTTP/1.1" 404 1868
2026-08-28 12:43:25,742 WARNING django.server "GET /static/js/todolist.js HTTP/1.1" 404 1868
2026-08-28 12:43:40,913 WARNING django.server "GET /static/js/todolist.js HTTP/1.1" 404 1868
2026-08-28 12:43:40,913 WARNING django.server "GET /static/js/settings.js HTTP/1.1" 404 1868
2026-08-28 12:43:40,914 WARNING django.server "GET /static/js/hoverable-collapse.js HTTP/1.1" 404 1898
2026-08-28 12:43:41,254 WARNING django.server "GET /static/js/hoverable-collapse.js HTTP/1.1" 404 1898
2026-08-28 12:43:41,266 WARNING django.server "GET /static/js/settings.js HTTP/1.1" 404 1868
2026-08-28 12:43:41,288 WARNING django.server "GET /static/js/todolist.js HTTP/1.1" 404 1868
2026-08-28 12:44:05,108 WARNING django.request Not Found: /favicon.ico
2026-08-28 12:44:05,110 WARNING django.server "GET /favicon.ico HTTP/1.1" 404 7691
2026-08-28 12:48:59,608 WARNING django.server "GET /static/js/hoverable-collapse.js HTTP/1.1" 404 1898
2026-08-28 12:48:59,617 WARNING django.server "GET /static/js/settings.js HTTP/1.1" 404 1868
2026-08-28 12:48:59,625 WARNING django.server "GET /static/js/todolist.js HTTP/1.1" 404 1868
2026-08-28 12:54:51,417 DEBUG tzlocal Looking up time zone info from registry
2026-08-28 13:04:24,222 WARNING django.request Not Found: /favicon.ico
2026-08-28 13:04:24,238 WARNING django.server "GET /favicon.ico HTTP/1.1" 404 7691
2026-08-28 13:06:01,042 WARNING django.request Not Found: /favicon.ico
2026-08-28 13:06:01,045 WARNING django.server "GET /favicon.ico HTTP/1.1" 404 7691
2026-08-28 13:07:03,715 WARNING django.server "GET /static/js/hoverable-collapse.js HTTP/1.1" 404 1898
2026-08-28 13:07:03,832 WARNING django.server "GET /static/js/settings.js HTTP/1.1" 404 1868
2026-08-28 13:07:03,848 WARNING django.server "GET /static/js/todolist.js HTTP/1.1" 404 1868
2026-08-28 13:07:16,290 WARNING django.server "GET /static/js/hoverable-collapse.js HTTP/1.1" 404 1898
2026-08-28 13:07:16,386 WARNING django.server "GET /static/js/settings.js HTTP/1.1" 404 1868
2026-08-28 13:07:16,398 WARNING django.server "GET /static/js/todolist.js HTTP/1.1" 404 1868
2026-08-28 13:07:21,624 WARNING django.request Not Found: /favicon.ico
2026-08-28 13:07:21,626 WARNING django.server "GET /favicon.ico HTTP/1.1" 404 7691
2026-08-28 13:07:31,608 WARNING django.server "GET /static/js/settings.js HTTP/1.1" 404 1868
2026-08-28 13:07:31,611 WARNING django.server "GET /static/js/todolist.js HTTP/1.1" 404 1868
2026-08-28 13:07:31,617 WARNING django.server "GET /static/js/hoverable-collapse.js HTTP/1.1" 404 1898
2026-08-28 13:07:34,106 WARNING django.request Not Found: /favicon.ico
2026-08-28 13:07:34,107 WARNING django.server "GET /favicon.ico HTTP/1.1" 404 7691
2026-08-28 13:07:40,554 WARNING django.server "GET /static/js/hoverable-collapse.js HTTP/1.1" 404 1898
2026-08-28 13:07:40,560 WARNING django.server "GET /static/js/settings.js HTTP/1.1" 404 1868
2026-08-28 13:07:40,668 WARNING django.server "GET /static/js/todolist.js HTTP/1.1" 404 1868
2026-08-28 13:07:43,648 WARNING django.request The request's session was deleted before the request completed. The user may have logged out in a concurrent request, for example.: /qualityaudit
Traceback (most recent call last):
  File "C:\Python314\Lib\site-packages\django\contrib\sessions\backends\db.py", line 127, in save
    obj.save(
    ~~~~~~~~^
        force_insert=must_create, force_update=not must_create, using=using
        ^^^^^^^^^^^^^^^^^^^^^^^^^^^^^^^^^^^^^^^^^^^^^^^^^^^^^^^^^^^^^^^^^^^
    )
    ^
  File "C:\Python314\Lib\site-packages\django\db\models\base.py", line 902, in save
    self.save_base(
    ~~~~~~~~~~~~~~^
        using=using,
        ^^^^^^^^^^^^
    ...<2 lines>...
        update_fields=update_fields,
        ^^^^^^^^^^^^^^^^^^^^^^^^^^^^
    )
    ^
  File "C:\Python314\Lib\site-packages\django\db\models\base.py", line 1008, in save_base
    updated = self._save_table(
        raw,
    ...<4 lines>...
        update_fields,
    )
  File "C:\Python314\Lib\site-packages\django\db\models\base.py", line 1142, in _save_table
    raise DatabaseError("Forced update did not affect any rows.")
django.db.utils.DatabaseError: Forced update did not affect any rows.

During handling of the above exception, another exception occurred:

Traceback (most recent call last):
  File "C:\Python314\Lib\site-packages\django\contrib\sessions\middleware.py", line 59, in process_response
    request.session.save()
    ~~~~~~~~~~~~~~~~~~~~^^
  File "C:\Python314\Lib\site-packages\django\contrib\sessions\backends\db.py", line 136, in save
    raise UpdateError
django.contrib.sessions.backends.base.UpdateError

During handling of the above exception, another exception occurred:

Traceback (most recent call last):
  File "C:\Python314\Lib\site-packages\django\core\handlers\exception.py", line 55, in inner
    response = get_response(request)
  File "C:\Python314\Lib\site-packages\django\utils\deprecation.py", line 122, in __call__
    response = self.process_response(request, response)
  File "C:\Python314\Lib\site-packages\django\contrib\sessions\middleware.py", line 61, in process_response
    raise SessionInterrupted(
    ...<3 lines>...
    )
django.contrib.sessions.exceptions.SessionInterrupted: The request's session was deleted before the request completed. The user may have logged out in a concurrent request, for example.
2026-08-28 13:07:43,663 WARNING django.server "GET /qualityaudit HTTP/1.1" 400 104661
2026-08-28 13:07:49,498 WARNING django.server "GET /static/js/hoverable-collapse.js HTTP/1.1" 404 1898
2026-08-28 13:07:49,504 WARNING django.server "GET /static/js/settings.js HTTP/1.1" 404 1868
2026-08-28 13:07:49,616 WARNING django.server "GET /static/js/todolist.js HTTP/1.1" 404 1868
2026-08-28 13:12:34,036 WARNING django.server "GET /static/js/settings.js HTTP/1.1" 404 1868
2026-08-28 13:12:34,042 WARNING django.server "GET /static/js/hoverable-collapse.js HTTP/1.1" 404 1898
2026-08-28 13:12:34,048 WARNING django.server "GET /static/js/todolist.js HTTP/1.1" 404 1868
2026-08-28 13:16:31,773 WARNING django.server "GET /static/js/hoverable-collapse.js HTTP/1.1" 404 1898
2026-08-28 13:16:31,783 WARNING django.server "GET /static/js/settings.js HTTP/1.1" 404 1868
2026-08-28 13:16:31,787 WARNING django.server "GET /static/js/todolist.js HTTP/1.1" 404 1868
2026-08-28 13:17:05,117 WARNING django.server "GET /static/js/hoverable-collapse.js HTTP/1.1" 404 1898
2026-08-28 13:17:05,133 WARNING django.server "GET /static/js/settings.js HTTP/1.1" 404 1868
2026-08-28 13:17:05,140 WARNING django.server "GET /static/js/todolist.js HTTP/1.1" 404 1868
2026-08-28 13:17:38,642 WARNING django.request Not Found: /favicon.ico
2026-08-28 13:17:38,645 WARNING django.server "GET /favicon.ico HTTP/1.1" 404 7691
2026-08-28 13:19:48,883 WARNING django.server "GET /static/js/hoverable-collapse.js HTTP/1.1" 404 1898
2026-08-28 13:19:48,917 WARNING django.server "GET /static/js/settings.js HTTP/1.1" 404 1868
2026-08-28 13:19:48,995 WARNING django.server "GET /static/js/todolist.js HTTP/1.1" 404 1868
2026-08-28 13:21:42,408 WARNING django.server "GET /static/vendors/js/jquery.contextMenu.min.js.map HTTP/1.1" 404 1946
2026-08-28 13:21:42,415 WARNING django.server "GET /static/vendors/js/bootstrap.min.js.map HTTP/1.1" 404 1919
2026-08-28 13:21:42,508 WARNING django.server "GET /static/vendors/css/jquery.contextMenu.min.css.map HTTP/1.1" 404 1952
2026-08-28 13:22:38,973 WARNING django.server "GET /static/js/hoverable-collapse.js HTTP/1.1" 404 1898
2026-08-28 13:22:39,063 WARNING django.server "GET /static/js/settings.js HTTP/1.1" 404 1868
2026-08-28 13:22:39,094 WARNING django.server "GET /static/js/todolist.js HTTP/1.1" 404 1868
2026-08-28 13:22:42,155 WARNING django.request Not Found: /favicon.ico
2026-08-28 13:22:42,158 WARNING django.server "GET /favicon.ico HTTP/1.1" 404 7691
2026-08-28 13:23:16,987 WARNING django.server "GET /static/js/hoverable-collapse.js HTTP/1.1" 404 1898
2026-08-28 13:23:17,000 WARNING django.server "GET /static/js/todolist.js HTTP/1.1" 404 1868
2026-08-28 13:23:17,006 WARNING django.server "GET /static/js/settings.js HTTP/1.1" 404 1868
2026-08-28 13:25:25,338 WARNING django.request Not Found: /favicon.ico
2026-08-28 13:25:25,339 WARNING django.server "GET /favicon.ico HTTP/1.1" 404 7691
2026-08-28 13:26:04,132 WARNING django.request Not Found: /favicon.ico
2026-08-28 13:26:04,133 WARNING django.server "GET /favicon.ico HTTP/1.1" 404 7691
2026-08-28 13:28:12,251 WARNING django.server "GET /static/js/hoverable-collapse.js HTTP/1.1" 404 1898
2026-08-28 13:28:12,379 WARNING django.server "GET /static/js/settings.js HTTP/1.1" 404 1868
2026-08-28 13:28:12,379 WARNING django.server "GET /static/js/todolist.js HTTP/1.1" 404 1868
2026-08-28 13:28:24,113 WARNING django.request Not Found: /favicon.ico
2026-08-28 13:28:24,115 WARNING django.server "GET /favicon.ico HTTP/1.1" 404 7691
2026-08-28 13:28:45,608 ERROR a_app.a_app_qualitydashboard Unable to fetch requested project
Traceback (most recent call last):
  File "C:\Python314\Lib\site-packages\django\db\models\fields\__init__.py", line 2128, in get_prep_value
    return int(value)
ValueError: invalid literal for int() with base 10: ''

The above exception was the direct cause of the following exception:

Traceback (most recent call last):
  File "D:\Saurabh\New_SurveGenius\venv\qualityreview_new_api\quality\a_app\a_app_qualitydashboard.py", line 186, in get
    data['requested_project'] = Project.objects.get(
                                ~~~~~~~~~~~~~~~~~~~^
        pk=project_id
        ^^^^^^^^^^^^^
    )
    ^
  File "C:\Python314\Lib\site-packages\django\db\models\manager.py", line 87, in manager_method
    return getattr(self.get_queryset(), name)(*args, **kwargs)
           ~~~~~~~~~~~~~~~~~~~~~~~~~~~~~~~~~~^^^^^^^^^^^^^^^^^
  File "C:\Python314\Lib\site-packages\django\db\models\query.py", line 619, in get
    clone = self._chain() if self.query.combinator else self.filter(*args, **kwargs)
                                                        ~~~~~~~~~~~^^^^^^^^^^^^^^^^^
  File "C:\Python314\Lib\site-packages\django\db\models\query.py", line 1493, in filter
    return self._filter_or_exclude(False, args, kwargs)
           ~~~~~~~~~~~~~~~~~~~~~~~^^^^^^^^^^^^^^^^^^^^^
  File "C:\Python314\Lib\site-packages\django\db\models\query.py", line 1511, in _filter_or_exclude
    clone._filter_or_exclude_inplace(negate, args, kwargs)
    ~~~~~~~~~~~~~~~~~~~~~~~~~~~~~~~~^^^^^^^^^^^^^^^^^^^^^^
  File "C:\Python314\Lib\site-packages\django\db\models\query.py", line 1518, in _filter_or_exclude_inplace
    self._query.add_q(Q(*args, **kwargs))
    ~~~~~~~~~~~~~~~~~^^^^^^^^^^^^^^^^^^^^
  File "C:\Python314\Lib\site-packages\django\db\models\sql\query.py", line 1646, in add_q
    clause, _ = self._add_q(q_object, can_reuse)
                ~~~~~~~~~~~^^^^^^^^^^^^^^^^^^^^^
  File "C:\Python314\Lib\site-packages\django\db\models\sql\query.py", line 1678, in _add_q
    child_clause, needed_inner = self.build_filter(
                                 ~~~~~~~~~~~~~~~~~^
        child,
        ^^^^^^
    ...<7 lines>...
        update_join_types=update_join_types,
        ^^^^^^^^^^^^^^^^^^^^^^^^^^^^^^^^^^^^
    )
    ^
  File "C:\Python314\Lib\site-packages\django\db\models\sql\query.py", line 1588, in build_filter
    condition = self.build_lookup(lookups, col, value)
  File "C:\Python314\Lib\site-packages\django\db\models\sql\query.py", line 1415, in build_lookup
    lookup = lookup_class(lhs, rhs)
  File "C:\Python314\Lib\site-packages\django\db\models\lookups.py", line 38, in __init__
    self.rhs = self.get_prep_lookup()
               ~~~~~~~~~~~~~~~~~~~~^^
  File "C:\Python314\Lib\site-packages\django\db\models\lookups.py", line 410, in get_prep_lookup
    return super().get_prep_lookup()
           ~~~~~~~~~~~~~~~~~~~~~~~^^
  File "C:\Python314\Lib\site-packages\django\db\models\lookups.py", line 96, in get_prep_lookup
    return self.lhs.output_field.get_prep_value(self.rhs)
           ~~~~~~~~~~~~~~~~~~~~~~~~~~~~~~~~~~~~^^^^^^^^^^
  File "C:\Python314\Lib\site-packages\django\db\models\fields\__init__.py", line 2130, in get_prep_value
    raise e.__class__(
        "Field '%s' expected a number but got %r." % (self.name, value),
    ) from e
ValueError: Field 'id' expected a number but got ''.
2026-08-28 13:29:08,898 WARNING django.server "GET /static/js/hoverable-collapse.js HTTP/1.1" 404 1898
2026-08-28 13:29:08,918 WARNING django.server "GET /static/js/settings.js HTTP/1.1" 404 1868
2026-08-28 13:29:08,922 WARNING django.server "GET /static/js/todolist.js HTTP/1.1" 404 1868
2026-08-28 13:31:23,774 WARNING django.request Not Found: /favicon.ico
2026-08-28 13:31:23,777 WARNING django.server "GET /favicon.ico HTTP/1.1" 404 7691
2026-08-28 13:34:28,779 WARNING django.request Not Found: /styles.css
2026-08-28 13:34:28,781 WARNING django.server "GET /styles.css HTTP/1.1" 404 7688
2026-08-28 13:34:30,124 WARNING django.request Not Found: /styles.css
2026-08-28 13:34:30,126 WARNING django.server "GET /styles.css HTTP/1.1" 404 7688
2026-08-28 13:46:41,874 WARNING django.request Not Found: /favicon.ico
2026-08-28 13:46:41,875 WARNING django.server "GET /favicon.ico HTTP/1.1" 404 7691
2026-08-28 13:47:04,182 WARNING django.request Not Found: /favicon.ico
2026-08-28 13:47:04,185 WARNING django.server "GET /favicon.ico HTTP/1.1" 404 7691
2026-08-28 13:48:51,319 WARNING django.request Not Found: /favicon.ico
2026-08-28 13:48:51,320 WARNING django.server "GET /favicon.ico HTTP/1.1" 404 7691
2026-08-28 13:53:30,866 WARNING django.server "GET /static/js/hoverable-collapse.js HTTP/1.1" 404 1898
2026-08-28 13:53:30,914 WARNING django.server "GET /static/js/settings.js HTTP/1.1" 404 1868
2026-08-28 13:53:31,113 WARNING django.server "GET /static/js/todolist.js HTTP/1.1" 404 1868
2026-08-28 13:54:34,830 WARNING django.request The request's session was deleted before the request completed. The user may have logged out in a concurrent request, for example.: /v2
Traceback (most recent call last):
  File "C:\Python314\Lib\site-packages\django\contrib\sessions\backends\db.py", line 127, in save
    obj.save(
    ~~~~~~~~^
        force_insert=must_create, force_update=not must_create, using=using
        ^^^^^^^^^^^^^^^^^^^^^^^^^^^^^^^^^^^^^^^^^^^^^^^^^^^^^^^^^^^^^^^^^^^
    )
    ^
  File "C:\Python314\Lib\site-packages\django\db\models\base.py", line 902, in save
    self.save_base(
    ~~~~~~~~~~~~~~^
        using=using,
        ^^^^^^^^^^^^
    ...<2 lines>...
        update_fields=update_fields,
        ^^^^^^^^^^^^^^^^^^^^^^^^^^^^
    )
    ^
  File "C:\Python314\Lib\site-packages\django\db\models\base.py", line 1008, in save_base
    updated = self._save_table(
        raw,
    ...<4 lines>...
        update_fields,
    )
  File "C:\Python314\Lib\site-packages\django\db\models\base.py", line 1142, in _save_table
    raise DatabaseError("Forced update did not affect any rows.")
django.db.utils.DatabaseError: Forced update did not affect any rows.

During handling of the above exception, another exception occurred:

Traceback (most recent call last):
  File "C:\Python314\Lib\site-packages\django\contrib\sessions\middleware.py", line 59, in process_response
    request.session.save()
    ~~~~~~~~~~~~~~~~~~~~^^
  File "C:\Python314\Lib\site-packages\django\contrib\sessions\backends\db.py", line 136, in save
    raise UpdateError
django.contrib.sessions.backends.base.UpdateError

During handling of the above exception, another exception occurred:

Traceback (most recent call last):
  File "C:\Python314\Lib\site-packages\django\core\handlers\exception.py", line 55, in inner
    response = get_response(request)
  File "C:\Python314\Lib\site-packages\django\utils\deprecation.py", line 122, in __call__
    response = self.process_response(request, response)
  File "C:\Python314\Lib\site-packages\django\contrib\sessions\middleware.py", line 61, in process_response
    raise SessionInterrupted(
    ...<3 lines>...
    )
django.contrib.sessions.exceptions.SessionInterrupted: The request's session was deleted before the request completed. The user may have logged out in a concurrent request, for example.
2026-08-28 13:54:34,836 WARNING django.server "GET /v2?csrfmiddlewaretoken=zPCDLPiujdIyYomBs8GjXy7XX5fzBfIgrEnA3KcClAawIrcayus5J7rLSnIfstlh&auditor_project_name=default&quality_auditor_name=default&startdate=2026-07-01&enddate=2026-08-28&interview_startdate=&interview_enddate=&filter=filter&selected_form=short_summary HTTP/1.1" 400 108124
2026-08-28 13:54:36,497 WARNING django.server "GET /static/js/hoverable-collapse.js HTTP/1.1" 404 1898
2026-08-28 13:54:36,579 WARNING django.server "GET /static/js/settings.js HTTP/1.1" 404 1868
2026-08-28 13:54:36,615 WARNING django.server "GET /static/js/todolist.js HTTP/1.1" 404 1868
2026-08-28 13:55:31,553 WARNING django.server "GET /static/js/hoverable-collapse.js HTTP/1.1" 404 1898
2026-08-28 13:55:31,611 WARNING django.server "GET /static/js/settings.js HTTP/1.1" 404 1868
2026-08-28 13:55:31,676 WARNING django.server "GET /static/js/todolist.js HTTP/1.1" 404 1868
2026-08-28 13:57:39,379 WARNING django.request Not Found: /media/audio/220401.wav
2026-08-28 13:57:39,381 WARNING django.server "GET /media/audio/220401.wav HTTP/1.1" 404 7970
2026-08-28 13:57:46,161 WARNING django.request Not Found: /media/audio/220401.wav
2026-08-28 13:57:46,163 WARNING django.server "GET /media/audio/220401.wav HTTP/1.1" 404 7970
2026-08-28 13:57:46,618 WARNING django.request Not Found: /media/audio/220401.wav
2026-08-28 13:57:46,620 WARNING django.server "GET /media/audio/220401.wav HTTP/1.1" 404 7970
2026-08-28 13:57:47,360 WARNING django.request Not Found: /media/audio/220401.wav
2026-08-28 13:57:47,362 WARNING django.server "GET /media/audio/220401.wav HTTP/1.1" 404 7970
2026-08-28 13:58:04,564 WARNING django.server "GET /static/js/hoverable-collapse.js HTTP/1.1" 404 1898
2026-08-28 13:58:04,574 WARNING django.server "GET /static/js/settings.js HTTP/1.1" 404 1868
2026-08-28 13:58:04,579 WARNING django.server "GET /static/js/todolist.js HTTP/1.1" 404 1868
2026-08-28 13:58:07,533 WARNING django.request Not Found: /media/audio/220401.wav
2026-08-28 13:58:07,536 WARNING django.server "GET /media/audio/220401.wav HTTP/1.1" 404 7970
2026-08-28 13:58:20,341 WARNING django.server "GET /static/js/hoverable-collapse.js HTTP/1.1" 404 1898
2026-08-28 13:58:20,355 WARNING django.server "GET /static/js/todolist.js HTTP/1.1" 404 1868
2026-08-28 13:58:20,362 WARNING django.server "GET /static/js/settings.js HTTP/1.1" 404 1868
2026-08-28 13:58:24,603 WARNING django.server "GET /static/js/todolist.js HTTP/1.1" 404 1868
2026-08-28 13:58:24,604 WARNING django.server "GET /static/js/settings.js HTTP/1.1" 404 1868
2026-08-28 13:58:24,603 WARNING django.server "GET /static/js/hoverable-collapse.js HTTP/1.1" 404 1898
2026-08-28 13:58:54,949 WARNING django.server "GET /static/js/hoverable-collapse.js HTTP/1.1" 404 1898
2026-08-28 13:58:55,022 WARNING django.server "GET /static/js/settings.js HTTP/1.1" 404 1868
2026-08-28 13:58:55,076 WARNING django.server "GET /static/js/todolist.js HTTP/1.1" 404 1868
2026-08-28 13:59:10,781 WARNING django.request Not Found: /media/audio/220401.wav
2026-08-28 13:59:10,783 WARNING django.server "GET /media/audio/220401.wav HTTP/1.1" 404 7970
2026-08-28 13:59:32,135 WARNING django.request Not Found: /media/audio/220401.wav
2026-08-28 13:59:32,136 WARNING django.server "GET /media/audio/220401.wav HTTP/1.1" 404 7970
2026-08-28 14:04:50,688 WARNING django.server "GET /static/js/settings.js HTTP/1.1" 404 1868
2026-08-28 14:04:50,693 WARNING django.server "GET /static/js/hoverable-collapse.js HTTP/1.1" 404 1898
2026-08-28 14:04:50,699 WARNING django.server "GET /static/js/todolist.js HTTP/1.1" 404 1868
2026-08-28 14:05:10,918 WARNING django.request Not Found: /favicon.ico
2026-08-28 14:05:10,920 WARNING django.server "GET /favicon.ico HTTP/1.1" 404 7691
2026-08-28 14:06:48,393 WARNING django.request Not Found: /media/audio/220862.wav
2026-08-28 14:06:48,394 WARNING django.server "GET /media/audio/220862.wav HTTP/1.1" 404 7970
2026-08-28 14:07:02,580 WARNING django.request Not Found: /media/audio/220862.wav
2026-08-28 14:07:02,582 WARNING django.server "GET /media/audio/220862.wav HTTP/1.1" 404 7970
2026-08-28 14:07:32,071 WARNING django.request Not Found: /media/audio/220862.wav
2026-08-28 14:07:32,076 WARNING django.server "GET /media/audio/220862.wav HTTP/1.1" 404 7970
2026-08-28 14:07:44,754 WARNING django.request Not Found: /media/audio/220862.wav
2026-08-28 14:07:44,784 WARNING django.server "GET /media/audio/220862.wav HTTP/1.1" 404 7970
2026-08-28 14:09:00,202 WARNING django.request Not Found: /favicon.ico
2026-08-28 14:09:00,207 WARNING django.server "GET /favicon.ico HTTP/1.1" 404 7691
2026-08-28 14:09:18,919 WARNING django.request Not Found: /media/audio/220862.wav
2026-08-28 14:09:18,921 WARNING django.server "GET /media/audio/220862.wav HTTP/1.1" 404 7970
2026-08-28 14:10:23,755 WARNING django.request Not Found: /media/audio/220862.wav
2026-08-28 14:10:23,757 WARNING django.server "GET /media/audio/220862.wav HTTP/1.1" 404 7970
2026-08-28 14:12:39,816 WARNING django.request Not Found: /media/audio/220862.wav
2026-08-28 14:12:39,819 WARNING django.server "GET /media/audio/220862.wav HTTP/1.1" 404 7970
2026-08-28 14:13:54,349 WARNING django.server "GET /static/js/hoverable-collapse.js HTTP/1.1" 404 1898
2026-08-28 14:13:54,494 WARNING django.server "GET /static/js/settings.js HTTP/1.1" 404 1868
2026-08-28 14:13:54,498 WARNING django.server "GET /static/js/todolist.js HTTP/1.1" 404 1868
2026-08-28 14:14:00,672 WARNING django.security.csrf Forbidden (CSRF token from POST incorrect.): /login
2026-08-28 14:14:00,693 WARNING django.server "POST /login HTTP/1.1" 403 2503
2026-08-28 14:14:09,023 WARNING django.request Not Found: /media/audio/220862.wav
2026-08-28 14:14:09,025 WARNING django.server "GET /media/audio/220862.wav HTTP/1.1" 404 7970
2026-08-28 14:14:52,079 WARNING django.security.csrf Forbidden (CSRF token from POST incorrect.): /qualityaudit
2026-08-28 14:14:52,127 WARNING django.server "POST /qualityaudit HTTP/1.1" 403 2503
2026-08-28 14:15:03,671 WARNING django.security.csrf Forbidden (CSRF token missing.): /qualityaudit
2026-08-28 14:15:03,699 WARNING django.server "POST /qualityaudit HTTP/1.1" 403 2491
2026-08-28 14:15:09,117 WARNING django.request Not Found: /media/audio/220948.wav
2026-08-28 14:15:09,119 WARNING django.server "GET /media/audio/220948.wav HTTP/1.1" 404 7970
2026-08-28 14:15:27,032 WARNING django.security.csrf Forbidden (CSRF token from POST incorrect.): /v2
2026-08-28 14:15:27,054 WARNING django.server "POST /v2 HTTP/1.1" 403 2503
2026-08-28 14:15:31,460 WARNING django.security.csrf Forbidden (CSRF token missing.): /v2
2026-08-28 14:15:31,484 WARNING django.server "POST /v2 HTTP/1.1" 403 2491
2026-08-28 14:15:34,076 WARNING django.security.csrf Forbidden (CSRF token missing.): /v2
2026-08-28 14:15:34,102 WARNING django.server "POST /v2 HTTP/1.1" 403 2491
2026-08-28 14:19:51,029 WARNING django.server "GET /static/js/hoverable-collapse.js HTTP/1.1" 404 1898
2026-08-28 14:19:51,068 WARNING django.server "GET /static/js/settings.js HTTP/1.1" 404 1868
2026-08-28 14:19:51,141 WARNING django.server "GET /static/js/todolist.js HTTP/1.1" 404 1868
2026-08-28 14:23:22,300 WARNING django.request Not Found: /media/audio/220392.wav
2026-08-28 14:23:22,302 WARNING django.server "GET /media/audio/220392.wav HTTP/1.1" 404 7970
2026-08-28 14:23:26,828 WARNING django.request Not Found: /media/audio/220392.wav
2026-08-28 14:23:26,829 WARNING django.server "GET /media/audio/220392.wav HTTP/1.1" 404 7970
2026-08-28 14:24:14,261 WARNING django.request Not Found: /media/audio/220945.wav
2026-08-28 14:24:14,263 WARNING django.server "GET /media/audio/220945.wav HTTP/1.1" 404 7970
2026-08-28 14:24:18,714 WARNING django.request Not Found: /media/audio/220946.wav
2026-08-28 14:24:18,715 WARNING django.server "GET /media/audio/220946.wav HTTP/1.1" 404 7970
2026-08-28 14:24:24,800 WARNING django.request Not Found: /media/audio/220947.wav
2026-08-28 14:24:24,804 WARNING django.server "GET /media/audio/220947.wav HTTP/1.1" 404 7970
2026-08-28 14:24:31,552 WARNING django.request Not Found: /media/audio/220948.wav
2026-08-28 14:24:31,554 WARNING django.server "GET /media/audio/220948.wav HTTP/1.1" 404 7970
2026-08-28 14:25:17,155 WARNING django.request Not Found: /media/audio/220863.wav
2026-08-28 14:25:17,159 WARNING django.server "GET /media/audio/220863.wav HTTP/1.1" 404 7970
2026-08-28 14:25:31,768 WARNING django.request Not Found: /media/audio/220863.wav
2026-08-28 14:25:31,770 WARNING django.server "GET /media/audio/220863.wav HTTP/1.1" 404 7970
2026-08-28 14:25:34,109 WARNING django.request Not Found: /media/audio/220863.wav
2026-08-28 14:25:34,111 WARNING django.server "GET /media/audio/220863.wav HTTP/1.1" 404 7970
2026-08-28 14:25:35,207 WARNING django.request Not Found: /media/audio/220863.wav
2026-08-28 14:25:35,210 WARNING django.server "GET /media/audio/220863.wav HTTP/1.1" 404 7970
2026-08-28 14:25:35,390 WARNING django.request Not Found: /media/audio/220863.wav
2026-08-28 14:25:35,391 WARNING django.server "GET /media/audio/220863.wav HTTP/1.1" 404 7970
2026-08-28 14:25:35,619 WARNING django.request Not Found: /media/audio/220863.wav
2026-08-28 14:25:35,622 WARNING django.server "GET /media/audio/220863.wav HTTP/1.1" 404 7970
2026-08-28 14:25:35,969 WARNING django.request Not Found: /media/audio/220863.wav
2026-08-28 14:25:35,970 WARNING django.server "GET /media/audio/220863.wav HTTP/1.1" 404 7970
2026-08-28 14:25:36,262 WARNING django.request Not Found: /media/audio/220863.wav
2026-08-28 14:25:36,265 WARNING django.server "GET /media/audio/220863.wav HTTP/1.1" 404 7970
2026-08-28 14:25:57,203 WARNING django.request Not Found: /media/audio/220864.wav
2026-08-28 14:25:57,206 WARNING django.server "GET /media/audio/220864.wav HTTP/1.1" 404 7970
2026-08-28 14:26:16,019 WARNING django.request Not Found: /media/audio/220948.wav
2026-08-28 14:26:16,021 WARNING django.server "GET /media/audio/220948.wav HTTP/1.1" 404 7970
2026-08-28 14:26:31,377 WARNING django.request Not Found: /media/audio/220947.wav
2026-08-28 14:26:31,380 WARNING django.server "GET /media/audio/220947.wav HTTP/1.1" 404 7970
2026-08-28 14:26:41,505 WARNING django.request Not Found: /media/audio/220946.wav
2026-08-28 14:26:41,508 WARNING django.server "GET /media/audio/220946.wav HTTP/1.1" 404 7970
2026-08-28 14:26:52,061 WARNING django.request Not Found: /media/audio/220945.wav
2026-08-28 14:26:52,063 WARNING django.server "GET /media/audio/220945.wav HTTP/1.1" 404 7970
2026-08-28 14:26:53,219 WARNING django.request The request's session was deleted before the request completed. The user may have logged out in a concurrent request, for example.: /v2
Traceback (most recent call last):
  File "C:\Python314\Lib\site-packages\django\contrib\sessions\backends\db.py", line 127, in save
    obj.save(
    ~~~~~~~~^
        force_insert=must_create, force_update=not must_create, using=using
        ^^^^^^^^^^^^^^^^^^^^^^^^^^^^^^^^^^^^^^^^^^^^^^^^^^^^^^^^^^^^^^^^^^^
    )
    ^
  File "C:\Python314\Lib\site-packages\django\db\models\base.py", line 902, in save
    self.save_base(
    ~~~~~~~~~~~~~~^
        using=using,
        ^^^^^^^^^^^^
    ...<2 lines>...
        update_fields=update_fields,
        ^^^^^^^^^^^^^^^^^^^^^^^^^^^^
    )
    ^
  File "C:\Python314\Lib\site-packages\django\db\models\base.py", line 1008, in save_base
    updated = self._save_table(
        raw,
    ...<4 lines>...
        update_fields,
    )
  File "C:\Python314\Lib\site-packages\django\db\models\base.py", line 1142, in _save_table
    raise DatabaseError("Forced update did not affect any rows.")
django.db.utils.DatabaseError: Forced update did not affect any rows.

During handling of the above exception, another exception occurred:

Traceback (most recent call last):
  File "C:\Python314\Lib\site-packages\django\contrib\sessions\middleware.py", line 59, in process_response
    request.session.save()
    ~~~~~~~~~~~~~~~~~~~~^^
  File "C:\Python314\Lib\site-packages\django\contrib\sessions\backends\db.py", line 136, in save
    raise UpdateError
django.contrib.sessions.backends.base.UpdateError

During handling of the above exception, another exception occurred:

Traceback (most recent call last):
  File "C:\Python314\Lib\site-packages\django\core\handlers\exception.py", line 55, in inner
    response = get_response(request)
  File "C:\Python314\Lib\site-packages\django\utils\deprecation.py", line 122, in __call__
    response = self.process_response(request, response)
  File "C:\Python314\Lib\site-packages\django\contrib\sessions\middleware.py", line 61, in process_response
    raise SessionInterrupted(
    ...<3 lines>...
    )
django.contrib.sessions.exceptions.SessionInterrupted: The request's session was deleted before the request completed. The user may have logged out in a concurrent request, for example.
2026-08-28 14:26:53,226 WARNING django.server "GET /v2?csrfmiddlewaretoken=d8yCDE3IYZX39Ss8dRSRtTLiOoqcSLcCril451Xopz9lho7WKCVFtrgMWdXKAQH1&auditor_project_name=default&quality_auditor_name=default&startdate=2026-07-01&enddate=2026-08-28&interview_startdate=&interview_enddate=&filter=filter&selected_form=short_summary HTTP/1.1" 400 108112
2026-08-28 14:27:00,774 WARNING django.request Not Found: /media/audio/220392.wav
2026-08-28 14:27:00,778 WARNING django.server "GET /media/audio/220392.wav HTTP/1.1" 404 7970
2026-08-28 14:27:28,846 WARNING django.server "GET /static/js/hoverable-collapse.js HTTP/1.1" 404 1898
2026-08-28 14:27:28,855 WARNING django.server "GET /static/js/settings.js HTTP/1.1" 404 1868
2026-08-28 14:27:28,954 WARNING django.server "GET /static/js/todolist.js HTTP/1.1" 404 1868
2026-08-28 14:28:13,101 WARNING django.server "GET /static/js/hoverable-collapse.js HTTP/1.1" 404 1898
2026-08-28 14:28:13,210 WARNING django.server "GET /static/js/todolist.js HTTP/1.1" 404 1868
2026-08-28 14:28:13,333 WARNING django.server "GET /static/js/settings.js HTTP/1.1" 404 1868
2026-08-28 14:28:24,818 WARNING django.server "GET /static/js/hoverable-collapse.js HTTP/1.1" 404 1898
2026-08-28 14:28:24,834 WARNING django.server "GET /static/js/settings.js HTTP/1.1" 404 1868
2026-08-28 14:28:24,959 WARNING django.server "GET /static/js/todolist.js HTTP/1.1" 404 1868
2026-08-28 14:28:45,716 WARNING django.server "GET /static/js/hoverable-collapse.js HTTP/1.1" 404 1898
2026-08-28 14:28:45,737 WARNING django.server "GET /static/js/settings.js HTTP/1.1" 404 1868
2026-08-28 14:28:45,858 WARNING django.server "GET /static/js/todolist.js HTTP/1.1" 404 1868
2026-08-28 14:29:31,550 WARNING django.request Not Found: /media/audio/220864.wav
2026-08-28 14:29:31,552 WARNING django.server "GET /media/audio/220864.wav HTTP/1.1" 404 7970
2026-08-28 14:30:03,223 WARNING django.request The request's session was deleted before the request completed. The user may have logged out in a concurrent request, for example.: /v2
Traceback (most recent call last):
  File "C:\Python314\Lib\site-packages\django\contrib\sessions\backends\db.py", line 127, in save
    obj.save(
    ~~~~~~~~^
        force_insert=must_create, force_update=not must_create, using=using
        ^^^^^^^^^^^^^^^^^^^^^^^^^^^^^^^^^^^^^^^^^^^^^^^^^^^^^^^^^^^^^^^^^^^
    )
    ^
  File "C:\Python314\Lib\site-packages\django\db\models\base.py", line 902, in save
    self.save_base(
    ~~~~~~~~~~~~~~^
        using=using,
        ^^^^^^^^^^^^
    ...<2 lines>...
        update_fields=update_fields,
        ^^^^^^^^^^^^^^^^^^^^^^^^^^^^
    )
    ^
  File "C:\Python314\Lib\site-packages\django\db\models\base.py", line 1008, in save_base
    updated = self._save_table(
        raw,
    ...<4 lines>...
        update_fields,
    )
  File "C:\Python314\Lib\site-packages\django\db\models\base.py", line 1142, in _save_table
    raise DatabaseError("Forced update did not affect any rows.")
django.db.utils.DatabaseError: Forced update did not affect any rows.

During handling of the above exception, another exception occurred:

Traceback (most recent call last):
  File "C:\Python314\Lib\site-packages\django\contrib\sessions\middleware.py", line 59, in process_response
    request.session.save()
    ~~~~~~~~~~~~~~~~~~~~^^
  File "C:\Python314\Lib\site-packages\django\contrib\sessions\backends\db.py", line 136, in save
    raise UpdateError
django.contrib.sessions.backends.base.UpdateError

During handling of the above exception, another exception occurred:

Traceback (most recent call last):
  File "C:\Python314\Lib\site-packages\django\core\handlers\exception.py", line 55, in inner
    response = get_response(request)
  File "C:\Python314\Lib\site-packages\django\utils\deprecation.py", line 122, in __call__
    response = self.process_response(request, response)
  File "C:\Python314\Lib\site-packages\django\contrib\sessions\middleware.py", line 61, in process_response
    raise SessionInterrupted(
    ...<3 lines>...
    )
django.contrib.sessions.exceptions.SessionInterrupted: The request's session was deleted before the request completed. The user may have logged out in a concurrent request, for example.
2026-08-28 14:30:03,239 WARNING django.server "GET /v2?csrfmiddlewaretoken=9KL4JnNdS5q4CmT6INxRZh4lygmC4PUaCToLDaIkfn3eVc0XYgNXlOEHusN7z5Nk&auditor_project_name=default&quality_auditor_name=default&startdate=2026-07-01&enddate=2026-08-28&interview_startdate=&interview_enddate=&filter=filter&selected_form=short_summary HTTP/1.1" 400 108124
2026-08-28 14:30:45,941 WARNING django.server "GET /static/js/settings.js HTTP/1.1" 404 1868
2026-08-28 14:30:45,993 WARNING django.server "GET /static/js/todolist.js HTTP/1.1" 404 1868
2026-08-28 14:30:46,415 WARNING django.server "GET /static/js/hoverable-collapse.js HTTP/1.1" 404 1898
2026-08-28 14:31:42,364 WARNING django.request Not Found: /media/audio/220864.wav
2026-08-28 14:31:42,367 WARNING django.server "GET /media/audio/220864.wav HTTP/1.1" 404 7970
2026-08-28 14:31:57,000 WARNING django.server "GET /static/js/hoverable-collapse.js HTTP/1.1" 404 1898
2026-08-28 14:31:57,062 WARNING django.server "GET /static/js/settings.js HTTP/1.1" 404 1868
2026-08-28 14:31:57,101 WARNING django.server "GET /static/js/todolist.js HTTP/1.1" 404 1868
2026-08-28 14:31:58,723 WARNING django.request Not Found: /media/audio/220864.wav
2026-08-28 14:31:58,725 WARNING django.server "GET /media/audio/220864.wav HTTP/1.1" 404 7970
2026-08-28 14:32:00,899 WARNING django.request Not Found: /media/audio/220864.wav
2026-08-28 14:32:00,901 WARNING django.server "GET /media/audio/220864.wav HTTP/1.1" 404 7970
2026-08-28 14:32:07,004 WARNING django.server "GET /static/js/hoverable-collapse.js HTTP/1.1" 404 1898
2026-08-28 14:32:07,017 WARNING django.server "GET /static/js/todolist.js HTTP/1.1" 404 1868
2026-08-28 14:32:07,018 WARNING django.server "GET /static/js/settings.js HTTP/1.1" 404 1868
2026-08-28 14:32:23,228 WARNING django.server "GET /static/js/hoverable-collapse.js HTTP/1.1" 404 1898
2026-08-28 14:32:23,365 WARNING django.server "GET /static/js/todolist.js HTTP/1.1" 404 1868
2026-08-28 14:32:23,371 WARNING django.server "GET /static/js/settings.js HTTP/1.1" 404 1868
2026-08-28 14:32:31,231 WARNING django.security.csrf Forbidden (CSRF token from POST incorrect.): /login
2026-08-28 14:32:31,256 WARNING django.server "POST /login HTTP/1.1" 403 2503
2026-08-28 14:32:42,742 WARNING django.request Not Found: /media/audio/220864.wav
2026-08-28 14:32:42,744 WARNING django.server "GET /media/audio/220864.wav HTTP/1.1" 404 7970
2026-08-28 14:33:07,359 WARNING django.request Not Found: /media/audio/220869.wav
2026-08-28 14:33:07,361 WARNING django.server "GET /media/audio/220869.wav HTTP/1.1" 404 7970
2026-08-28 14:33:34,944 WARNING django.request Not Found: /media/audio/220882.wav
2026-08-28 14:33:34,946 WARNING django.server "GET /media/audio/220882.wav HTTP/1.1" 404 7970
2026-08-28 14:34:22,060 WARNING django.request Not Found: /media/audio/220877.wav
2026-08-28 14:34:22,061 WARNING django.server "GET /media/audio/220877.wav HTTP/1.1" 404 7970
2026-08-28 14:35:06,661 WARNING django.request Not Found: /media/audio/220862.wav
2026-08-28 14:35:06,662 WARNING django.server "GET /media/audio/220862.wav HTTP/1.1" 404 7970
2026-08-28 14:35:29,694 WARNING django.request Not Found: /media/audio/220401.wav
2026-08-28 14:35:29,697 WARNING django.server "GET /media/audio/220401.wav HTTP/1.1" 404 7970
2026-08-28 14:35:48,793 WARNING django.security.csrf Forbidden (CSRF token from POST incorrect.): /v2
2026-08-28 14:35:48,883 WARNING django.server "POST /v2 HTTP/1.1" 403 2503
2026-08-28 14:37:20,177 WARNING django.server "GET /static/js/hoverable-collapse.js HTTP/1.1" 404 1898
2026-08-28 14:37:20,264 WARNING django.server "GET /static/js/settings.js HTTP/1.1" 404 1868
2026-08-28 14:37:20,527 WARNING django.server "GET /static/js/todolist.js HTTP/1.1" 404 1868
2026-08-28 14:38:18,152 WARNING django.server "GET /static/js/hoverable-collapse.js HTTP/1.1" 404 1898
2026-08-28 14:38:18,163 WARNING django.server "GET /static/js/todolist.js HTTP/1.1" 404 1868
2026-08-28 14:38:18,163 WARNING django.server "GET /static/js/settings.js HTTP/1.1" 404 1868
2026-08-28 14:39:21,690 WARNING django.server "GET /static/js/hoverable-collapse.js HTTP/1.1" 404 1898
2026-08-28 14:39:21,753 WARNING django.server "GET /static/js/settings.js HTTP/1.1" 404 1868
2026-08-28 14:39:21,822 WARNING django.server "GET /static/js/todolist.js HTTP/1.1" 404 1868
2026-08-28 14:42:40,376 WARNING django.request Not Found: /media/audio/220392.wav
2026-08-28 14:42:40,378 WARNING django.server "GET /media/audio/220392.wav HTTP/1.1" 404 7970
2026-08-28 14:44:27,443 WARNING django.server "GET /static/js/hoverable-collapse.js HTTP/1.1" 404 1898
2026-08-28 14:44:27,501 WARNING django.server "GET /static/js/settings.js HTTP/1.1" 404 1868
2026-08-28 14:44:27,565 WARNING django.server "GET /static/js/todolist.js HTTP/1.1" 404 1868
2026-08-28 14:47:00,654 WARNING django.server "GET /static/js/hoverable-collapse.js HTTP/1.1" 404 1898
2026-08-28 14:47:00,667 WARNING django.server "GET /static/js/settings.js HTTP/1.1" 404 1868
2026-08-28 14:47:00,668 WARNING django.server "GET /static/js/todolist.js HTTP/1.1" 404 1868
2026-08-28 14:47:16,521 WARNING django.server "GET /static/js/hoverable-collapse.js HTTP/1.1" 404 1898
2026-08-28 14:47:16,564 WARNING django.server "GET /static/js/settings.js HTTP/1.1" 404 1868
2026-08-28 14:47:16,640 WARNING django.server "GET /static/js/todolist.js HTTP/1.1" 404 1868
2026-08-28 14:51:56,145 WARNING django.server "GET /static/js/hoverable-collapse.js HTTP/1.1" 404 1898
2026-08-28 14:51:56,256 WARNING django.server "GET /static/js/settings.js HTTP/1.1" 404 1868
2026-08-28 14:51:56,285 WARNING django.server "GET /static/js/todolist.js HTTP/1.1" 404 1868
2026-08-28 14:52:19,117 WARNING django.server "GET /static/js/hoverable-collapse.js HTTP/1.1" 404 1898
2026-08-28 14:52:19,117 WARNING django.server "GET /static/js/settings.js HTTP/1.1" 404 1868
2026-08-28 14:52:19,130 WARNING django.server "GET /static/js/todolist.js HTTP/1.1" 404 1868
2026-08-28 14:53:24,074 WARNING django.security.csrf Forbidden (CSRF token from POST incorrect.): /v2
2026-08-28 14:53:24,226 WARNING django.server "POST /v2 HTTP/1.1" 403 2503
2026-08-28 14:53:28,067 WARNING django.security.csrf Forbidden (CSRF token from POST incorrect.): /v2
2026-08-28 14:53:28,160 WARNING django.server "POST /v2 HTTP/1.1" 403 2503
2026-08-28 14:53:56,604 DEBUG tzlocal Looking up time zone info from registry
2026-08-28 15:00:48,979 WARNING django.server "GET /static/js/hoverable-collapse.js HTTP/1.1" 404 1898
2026-08-28 15:00:49,003 WARNING django.server "GET /static/js/settings.js HTTP/1.1" 404 1868
2026-08-28 15:00:49,093 WARNING django.server "GET /static/js/todolist.js HTTP/1.1" 404 1868
2026-08-28 15:01:43,555 WARNING django.server "GET /static/js/hoverable-collapse.js HTTP/1.1" 404 1898
2026-08-28 15:01:43,561 WARNING django.server "GET /static/js/settings.js HTTP/1.1" 404 1868
2026-08-28 15:01:43,570 WARNING django.server "GET /static/js/todolist.js HTTP/1.1" 404 1868
2026-08-28 15:01:59,172 WARNING django.server "GET /static/js/hoverable-collapse.js HTTP/1.1" 404 1898
2026-08-28 15:01:59,180 WARNING django.server "GET /static/js/settings.js HTTP/1.1" 404 1868
2026-08-28 15:01:59,184 WARNING django.server "GET /static/js/todolist.js HTTP/1.1" 404 1868
2026-08-28 15:02:11,227 WARNING django.server "GET /static/js/hoverable-collapse.js HTTP/1.1" 404 1898
2026-08-28 15:02:11,233 WARNING django.server "GET /static/js/settings.js HTTP/1.1" 404 1868
2026-08-28 15:02:11,250 WARNING django.server "GET /static/js/todolist.js HTTP/1.1" 404 1868
2026-08-28 15:02:12,079 WARNING django.server "GET /static/js/settings.js HTTP/1.1" 404 1868
2026-08-28 15:02:12,084 WARNING django.server "GET /static/js/hoverable-collapse.js HTTP/1.1" 404 1898
2026-08-28 15:04:45,383 WARNING django.server "GET /static/js/hoverable-collapse.js HTTP/1.1" 404 1898
2026-08-28 15:04:45,457 WARNING django.server "GET /static/js/settings.js HTTP/1.1" 404 1868
2026-08-28 15:04:45,707 WARNING django.server "GET /static/js/todolist.js HTTP/1.1" 404 1868
2026-08-28 15:06:37,139 WARNING django.server "GET /static/js/hoverable-collapse.js HTTP/1.1" 404 1898
2026-08-28 15:06:37,380 WARNING django.server "GET /static/js/todolist.js HTTP/1.1" 404 1868
2026-08-28 15:06:37,474 WARNING django.server "GET /static/js/settings.js HTTP/1.1" 404 1868
2026-08-28 15:07:26,245 WARNING django.request Not Found: /favicon.ico
2026-08-28 15:07:26,246 WARNING django.server "GET /favicon.ico HTTP/1.1" 404 7691
2026-08-28 15:07:45,953 WARNING django.request Not Found: /favicon.ico
2026-08-28 15:07:45,960 WARNING django.server "GET /favicon.ico HTTP/1.1" 404 7691
2026-08-28 15:09:06,588 WARNING django.server "GET /static/js/settings.js HTTP/1.1" 404 1868
2026-08-28 15:09:06,662 WARNING django.server "GET /static/js/todolist.js HTTP/1.1" 404 1868
2026-08-28 15:09:06,766 WARNING django.server "GET /static/js/hoverable-collapse.js HTTP/1.1" 404 1898
2026-08-28 15:09:08,141 WARNING django.request Not Found: /favicon.ico
2026-08-28 15:09:08,145 WARNING django.server "GET /favicon.ico HTTP/1.1" 404 7691
2026-08-28 15:14:17,119 WARNING django.server "GET /static/js/hoverable-collapse.js HTTP/1.1" 404 1898
2026-08-28 15:14:17,145 WARNING django.server "GET /static/js/settings.js HTTP/1.1" 404 1868
2026-08-28 15:14:17,225 WARNING django.server "GET /static/js/todolist.js HTTP/1.1" 404 1868
2026-08-28 15:15:53,692 WARNING django.request The request's session was deleted before the request completed. The user may have logged out in a concurrent request, for example.: /v2
Traceback (most recent call last):
  File "C:\Python314\Lib\site-packages\django\contrib\sessions\backends\db.py", line 127, in save
    obj.save(
    ~~~~~~~~^
        force_insert=must_create, force_update=not must_create, using=using
        ^^^^^^^^^^^^^^^^^^^^^^^^^^^^^^^^^^^^^^^^^^^^^^^^^^^^^^^^^^^^^^^^^^^
    )
    ^
  File "C:\Python314\Lib\site-packages\django\db\models\base.py", line 902, in save
    self.save_base(
    ~~~~~~~~~~~~~~^
        using=using,
        ^^^^^^^^^^^^
    ...<2 lines>...
        update_fields=update_fields,
        ^^^^^^^^^^^^^^^^^^^^^^^^^^^^
    )
    ^
  File "C:\Python314\Lib\site-packages\django\db\models\base.py", line 1008, in save_base
    updated = self._save_table(
        raw,
    ...<4 lines>...
        update_fields,
    )
  File "C:\Python314\Lib\site-packages\django\db\models\base.py", line 1142, in _save_table
    raise DatabaseError("Forced update did not affect any rows.")
django.db.utils.DatabaseError: Forced update did not affect any rows.

During handling of the above exception, another exception occurred:

Traceback (most recent call last):
  File "C:\Python314\Lib\site-packages\django\contrib\sessions\middleware.py", line 59, in process_response
    request.session.save()
    ~~~~~~~~~~~~~~~~~~~~^^
  File "C:\Python314\Lib\site-packages\django\contrib\sessions\backends\db.py", line 136, in save
    raise UpdateError
django.contrib.sessions.backends.base.UpdateError

During handling of the above exception, another exception occurred:

Traceback (most recent call last):
  File "C:\Python314\Lib\site-packages\django\core\handlers\exception.py", line 55, in inner
    response = get_response(request)
  File "C:\Python314\Lib\site-packages\django\utils\deprecation.py", line 122, in __call__
    response = self.process_response(request, response)
  File "C:\Python314\Lib\site-packages\django\contrib\sessions\middleware.py", line 61, in process_response
    raise SessionInterrupted(
    ...<3 lines>...
    )
django.contrib.sessions.exceptions.SessionInterrupted: The request's session was deleted before the request completed. The user may have logged out in a concurrent request, for example.
2026-08-28 15:16:34,968 WARNING django.request The request's session was deleted before the request completed. The user may have logged out in a concurrent request, for example.: /v2
Traceback (most recent call last):
  File "C:\Python314\Lib\site-packages\django\contrib\sessions\backends\db.py", line 127, in save
    obj.save(
    ~~~~~~~~^
        force_insert=must_create, force_update=not must_create, using=using
        ^^^^^^^^^^^^^^^^^^^^^^^^^^^^^^^^^^^^^^^^^^^^^^^^^^^^^^^^^^^^^^^^^^^
    )
    ^
  File "C:\Python314\Lib\site-packages\django\db\models\base.py", line 902, in save
    self.save_base(
    ~~~~~~~~~~~~~~^
        using=using,
        ^^^^^^^^^^^^
    ...<2 lines>...
        update_fields=update_fields,
        ^^^^^^^^^^^^^^^^^^^^^^^^^^^^
    )
    ^
  File "C:\Python314\Lib\site-packages\django\db\models\base.py", line 1008, in save_base
    updated = self._save_table(
        raw,
    ...<4 lines>...
        update_fields,
    )
  File "C:\Python314\Lib\site-packages\django\db\models\base.py", line 1142, in _save_table
    raise DatabaseError("Forced update did not affect any rows.")
django.db.utils.DatabaseError: Forced update did not affect any rows.

During handling of the above exception, another exception occurred:

Traceback (most recent call last):
  File "C:\Python314\Lib\site-packages\django\contrib\sessions\middleware.py", line 59, in process_response
    request.session.save()
    ~~~~~~~~~~~~~~~~~~~~^^
  File "C:\Python314\Lib\site-packages\django\contrib\sessions\backends\db.py", line 136, in save
    raise UpdateError
django.contrib.sessions.backends.base.UpdateError

During handling of the above exception, another exception occurred:

Traceback (most recent call last):
  File "C:\Python314\Lib\site-packages\django\core\handlers\exception.py", line 55, in inner
    response = get_response(request)
  File "C:\Python314\Lib\site-packages\django\utils\deprecation.py", line 122, in __call__
    response = self.process_response(request, response)
  File "C:\Python314\Lib\site-packages\django\contrib\sessions\middleware.py", line 61, in process_response
    raise SessionInterrupted(
    ...<3 lines>...
    )
django.contrib.sessions.exceptions.SessionInterrupted: The request's session was deleted before the request completed. The user may have logged out in a concurrent request, for example.
2026-08-28 15:22:29,907 WARNING django.request The request's session was deleted before the request completed. The user may have logged out in a concurrent request, for example.: /v2
Traceback (most recent call last):
  File "C:\Python314\Lib\site-packages\django\contrib\sessions\backends\db.py", line 127, in save
    obj.save(
    ~~~~~~~~^
        force_insert=must_create, force_update=not must_create, using=using
        ^^^^^^^^^^^^^^^^^^^^^^^^^^^^^^^^^^^^^^^^^^^^^^^^^^^^^^^^^^^^^^^^^^^
    )
    ^
  File "C:\Python314\Lib\site-packages\django\db\models\base.py", line 902, in save
    self.save_base(
    ~~~~~~~~~~~~~~^
        using=using,
        ^^^^^^^^^^^^
    ...<2 lines>...
        update_fields=update_fields,
        ^^^^^^^^^^^^^^^^^^^^^^^^^^^^
    )
    ^
  File "C:\Python314\Lib\site-packages\django\db\models\base.py", line 1008, in save_base
    updated = self._save_table(
        raw,
    ...<4 lines>...
        update_fields,
    )
  File "C:\Python314\Lib\site-packages\django\db\models\base.py", line 1142, in _save_table
    raise DatabaseError("Forced update did not affect any rows.")
django.db.utils.DatabaseError: Forced update did not affect any rows.

During handling of the above exception, another exception occurred:

Traceback (most recent call last):
  File "C:\Python314\Lib\site-packages\django\contrib\sessions\middleware.py", line 59, in process_response
    request.session.save()
    ~~~~~~~~~~~~~~~~~~~~^^
  File "C:\Python314\Lib\site-packages\django\contrib\sessions\backends\db.py", line 136, in save
    raise UpdateError
django.contrib.sessions.backends.base.UpdateError

During handling of the above exception, another exception occurred:

Traceback (most recent call last):
  File "C:\Python314\Lib\site-packages\django\core\handlers\exception.py", line 55, in inner
    response = get_response(request)
  File "C:\Python314\Lib\site-packages\django\utils\deprecation.py", line 122, in __call__
    response = self.process_response(request, response)
  File "C:\Python314\Lib\site-packages\django\contrib\sessions\middleware.py", line 61, in process_response
    raise SessionInterrupted(
    ...<3 lines>...
    )
django.contrib.sessions.exceptions.SessionInterrupted: The request's session was deleted before the request completed. The user may have logged out in a concurrent request, for example.
2026-08-28 15:22:29,918 WARNING django.server "GET /v2?csrfmiddlewaretoken=f1Tds676At2R2FbLkuoOZURRoLNfygdUdGcX85fXyXXiAhTQmdnmR00X6SVfvpcU&auditor_project_name=MAHARASHTRA+HSA+SURVEY&quality_auditor_name=default&startdate=2026-07-01&enddate=2026-08-28&interview_startdate=&interview_enddate=&filter=filter&selected_form=short_summary HTTP/1.1" 400 108236
2026-08-28 15:31:52,652 WARNING django.server "GET /static/js/hoverable-collapse.js HTTP/1.1" 404 1898
2026-08-28 15:31:52,672 WARNING django.server "GET /static/js/settings.js HTTP/1.1" 404 1868
2026-08-28 15:31:52,682 WARNING django.server "GET /static/js/todolist.js HTTP/1.1" 404 1868
2026-08-28 15:36:07,098 WARNING django.server "GET /static/js/hoverable-collapse.js HTTP/1.1" 404 1898
2026-08-28 15:36:07,111 WARNING django.server "GET /static/js/settings.js HTTP/1.1" 404 1868
2026-08-28 15:36:07,112 WARNING django.server "GET /static/js/todolist.js HTTP/1.1" 404 1868
2026-08-28 15:40:10,483 WARNING django.server "GET /static/js/hoverable-collapse.js HTTP/1.1" 404 1898
2026-08-28 15:40:10,592 WARNING django.server "GET /static/js/settings.js HTTP/1.1" 404 1868
2026-08-28 15:40:10,596 WARNING django.server "GET /static/js/todolist.js HTTP/1.1" 404 1868
2026-08-28 15:40:42,585 WARNING django.server "GET /static/js/settings.js HTTP/1.1" 404 1868
2026-08-28 15:40:42,605 WARNING django.server "GET /static/js/hoverable-collapse.js HTTP/1.1" 404 1898
2026-08-28 15:40:42,606 WARNING django.server "GET /static/js/todolist.js HTTP/1.1" 404 1868
2026-08-28 15:42:20,720 WARNING django.request The request's session was deleted before the request completed. The user may have logged out in a concurrent request, for example.: /v2
Traceback (most recent call last):
  File "C:\Python314\Lib\site-packages\django\contrib\sessions\backends\db.py", line 127, in save
    obj.save(
    ~~~~~~~~^
        force_insert=must_create, force_update=not must_create, using=using
        ^^^^^^^^^^^^^^^^^^^^^^^^^^^^^^^^^^^^^^^^^^^^^^^^^^^^^^^^^^^^^^^^^^^
    )
    ^
  File "C:\Python314\Lib\site-packages\django\db\models\base.py", line 902, in save
    self.save_base(
    ~~~~~~~~~~~~~~^
        using=using,
        ^^^^^^^^^^^^
    ...<2 lines>...
        update_fields=update_fields,
        ^^^^^^^^^^^^^^^^^^^^^^^^^^^^
    )
    ^
  File "C:\Python314\Lib\site-packages\django\db\models\base.py", line 1008, in save_base
    updated = self._save_table(
        raw,
    ...<4 lines>...
        update_fields,
    )
  File "C:\Python314\Lib\site-packages\django\db\models\base.py", line 1142, in _save_table
    raise DatabaseError("Forced update did not affect any rows.")
django.db.utils.DatabaseError: Forced update did not affect any rows.

During handling of the above exception, another exception occurred:

Traceback (most recent call last):
  File "C:\Python314\Lib\site-packages\django\contrib\sessions\middleware.py", line 59, in process_response
    request.session.save()
    ~~~~~~~~~~~~~~~~~~~~^^
  File "C:\Python314\Lib\site-packages\django\contrib\sessions\backends\db.py", line 136, in save
    raise UpdateError
django.contrib.sessions.backends.base.UpdateError

During handling of the above exception, another exception occurred:

Traceback (most recent call last):
  File "C:\Python314\Lib\site-packages\django\core\handlers\exception.py", line 55, in inner
    response = get_response(request)
  File "C:\Python314\Lib\site-packages\django\utils\deprecation.py", line 122, in __call__
    response = self.process_response(request, response)
  File "C:\Python314\Lib\site-packages\django\contrib\sessions\middleware.py", line 61, in process_response
    raise SessionInterrupted(
    ...<3 lines>...
    )
django.contrib.sessions.exceptions.SessionInterrupted: The request's session was deleted before the request completed. The user may have logged out in a concurrent request, for example.
2026-08-28 15:42:20,729 WARNING django.server "GET /v2?csrfmiddlewaretoken=VlpOg8aGlc08w1mQsAomYZhCnI5JRVu4BSJkePAO10BhKhX5uOCP9e3A8yLOoDIj&auditor_project_name=default&quality_auditor_name=default&startdate=2026-07-01&enddate=2026-08-28&interview_startdate=&interview_enddate=&filter=filter&selected_form=short_summary HTTP/1.1" 400 108125
2026-08-28 15:45:20,476 WARNING django.server "GET /static/js/hoverable-collapse.js HTTP/1.1" 404 1898
2026-08-28 15:45:20,537 WARNING django.server "GET /static/js/settings.js HTTP/1.1" 404 1868
2026-08-28 15:45:20,595 WARNING django.server "GET /static/js/todolist.js HTTP/1.1" 404 1868
2026-08-28 15:46:06,462 WARNING django.request Not Found: /favicon.ico
2026-08-28 15:46:06,463 WARNING django.server "GET /favicon.ico HTTP/1.1" 404 7691
2026-08-28 15:46:42,462 WARNING django.request Not Found: /favicon.ico
2026-08-28 15:46:42,463 WARNING django.server "GET /favicon.ico HTTP/1.1" 404 7691
2026-08-28 15:47:47,015 WARNING django.request Not Found: /favicon.ico
2026-08-28 15:47:47,016 WARNING django.server "GET /favicon.ico HTTP/1.1" 404 7691
2026-08-28 15:56:18,221 ERROR django.request Internal Server Error: /v2
Traceback (most recent call last):
  File "C:\Python314\Lib\site-packages\django\db\models\fields\__init__.py", line 2128, in get_prep_value
    return int(value)
ValueError: invalid literal for int() with base 10: ''

The above exception was the direct cause of the following exception:

Traceback (most recent call last):
  File "C:\Python314\Lib\site-packages\django\core\handlers\exception.py", line 55, in inner
    response = get_response(request)
  File "C:\Python314\Lib\site-packages\django\core\handlers\base.py", line 197, in _get_response
    response = wrapped_callback(request, *callback_args, **callback_kwargs)
  File "C:\Python314\Lib\site-packages\django\views\generic\base.py", line 105, in view
    return self.dispatch(request, *args, **kwargs)
           ~~~~~~~~~~~~~^^^^^^^^^^^^^^^^^^^^^^^^^^
  File "C:\Python314\Lib\site-packages\django\utils\decorators.py", line 48, in _wrapper
    return bound_method(*args, **kwargs)
  File "C:\Python314\Lib\site-packages\django\contrib\auth\decorators.py", line 59, in _view_wrapper
    return view_func(request, *args, **kwargs)
  File "C:\Python314\Lib\site-packages\django\utils\decorators.py", line 48, in _wrapper
    return bound_method(*args, **kwargs)
  File "D:\Saurabh\New_SurveGenius\venv\qualityreview_new_api\quality\quality\ratelimit.py", line 86, in wrapped
    return view_func(request, *args, **kwargs)
  File "C:\Python314\Lib\site-packages\django\views\generic\base.py", line 144, in dispatch
    return handler(request, *args, **kwargs)
  File "D:\Saurabh\New_SurveGenius\venv\qualityreview_new_api\quality\search\search_v2.py", line 1709, in post
    submitted_uids_list = QualityReview.objects.filter(uid=request.POST["uid"])
  File "C:\Python314\Lib\site-packages\django\db\models\manager.py", line 87, in manager_method
    return getattr(self.get_queryset(), name)(*args, **kwargs)
           ~~~~~~~~~~~~~~~~~~~~~~~~~~~~~~~~~~^^^^^^^^^^^^^^^^^
  File "C:\Python314\Lib\site-packages\django\db\models\query.py", line 1493, in filter
    return self._filter_or_exclude(False, args, kwargs)
           ~~~~~~~~~~~~~~~~~~~~~~~^^^^^^^^^^^^^^^^^^^^^
  File "C:\Python314\Lib\site-packages\django\db\models\query.py", line 1511, in _filter_or_exclude
    clone._filter_or_exclude_inplace(negate, args, kwargs)
    ~~~~~~~~~~~~~~~~~~~~~~~~~~~~~~~~^^^^^^^^^^^^^^^^^^^^^^
  File "C:\Python314\Lib\site-packages\django\db\models\query.py", line 1518, in _filter_or_exclude_inplace
    self._query.add_q(Q(*args, **kwargs))
    ~~~~~~~~~~~~~~~~~^^^^^^^^^^^^^^^^^^^^
  File "C:\Python314\Lib\site-packages\django\db\models\sql\query.py", line 1646, in add_q
    clause, _ = self._add_q(q_object, can_reuse)
                ~~~~~~~~~~~^^^^^^^^^^^^^^^^^^^^^
  File "C:\Python314\Lib\site-packages\django\db\models\sql\query.py", line 1678, in _add_q
    child_clause, needed_inner = self.build_filter(
                                 ~~~~~~~~~~~~~~~~~^
        child,
        ^^^^^^
    ...<7 lines>...
        update_join_types=update_join_types,
        ^^^^^^^^^^^^^^^^^^^^^^^^^^^^^^^^^^^^
    )
    ^
  File "C:\Python314\Lib\site-packages\django\db\models\sql\query.py", line 1588, in build_filter
    condition = self.build_lookup(lookups, col, value)
  File "C:\Python314\Lib\site-packages\django\db\models\sql\query.py", line 1415, in build_lookup
    lookup = lookup_class(lhs, rhs)
  File "C:\Python314\Lib\site-packages\django\db\models\lookups.py", line 38, in __init__
    self.rhs = self.get_prep_lookup()
               ~~~~~~~~~~~~~~~~~~~~^^
  File "C:\Python314\Lib\site-packages\django\db\models\lookups.py", line 410, in get_prep_lookup
    return super().get_prep_lookup()
           ~~~~~~~~~~~~~~~~~~~~~~~^^
  File "C:\Python314\Lib\site-packages\django\db\models\lookups.py", line 96, in get_prep_lookup
    return self.lhs.output_field.get_prep_value(self.rhs)
           ~~~~~~~~~~~~~~~~~~~~~~~~~~~~~~~~~~~~^^^^^^^^^^
  File "C:\Python314\Lib\site-packages\django\db\models\fields\__init__.py", line 2130, in get_prep_value
    raise e.__class__(
        "Field '%s' expected a number but got %r." % (self.name, value),
    ) from e
ValueError: Field 'uid' expected a number but got ''.
2026-08-28 15:56:18,249 ERROR django.server "POST /v2 HTTP/1.1" 500 166046
2026-08-28 16:00:38,365 WARNING django.server "GET /static/js/settings.js HTTP/1.1" 404 1868
2026-08-28 16:00:38,368 WARNING django.server "GET /static/js/hoverable-collapse.js HTTP/1.1" 404 1898
2026-08-28 16:00:38,377 WARNING django.server "GET /static/js/todolist.js HTTP/1.1" 404 1868
2026-08-28 16:01:16,714 WARNING django.server "GET /static/js/todolist.js HTTP/1.1" 404 1868
2026-08-28 16:01:16,715 WARNING django.server "GET /static/js/hoverable-collapse.js HTTP/1.1" 404 1898
2026-08-28 16:01:16,723 WARNING django.server "GET /static/js/settings.js HTTP/1.1" 404 1868
2026-08-28 16:03:02,099 WARNING django.server "GET /static/js/hoverable-collapse.js HTTP/1.1" 404 1898
2026-08-28 16:03:02,110 WARNING django.server "GET /static/js/settings.js HTTP/1.1" 404 1868
2026-08-28 16:03:02,223 WARNING django.server "GET /static/js/todolist.js HTTP/1.1" 404 1868
2026-08-28 16:03:50,677 WARNING django.request Not Found: /favicon.ico
2026-08-28 16:03:50,678 WARNING django.server "GET /favicon.ico HTTP/1.1" 404 7691
2026-08-28 16:04:20,146 WARNING django.request Not Found: /favicon.ico
2026-08-28 16:04:20,147 WARNING django.server "GET /favicon.ico HTTP/1.1" 404 7691
2026-08-28 16:04:25,079 WARNING django.server "GET /static/js/hoverable-collapse.js HTTP/1.1" 404 1898
2026-08-28 16:04:25,088 WARNING django.server "GET /static/js/settings.js HTTP/1.1" 404 1868
2026-08-28 16:04:25,092 WARNING django.server "GET /static/js/todolist.js HTTP/1.1" 404 1868
2026-08-28 16:04:30,888 WARNING django.server "GET /static/js/hoverable-collapse.js HTTP/1.1" 404 1898
2026-08-28 16:04:30,997 WARNING django.server "GET /static/js/settings.js HTTP/1.1" 404 1868
2026-08-28 16:04:31,018 WARNING django.server "GET /static/js/todolist.js HTTP/1.1" 404 1868
2026-08-28 16:04:34,382 WARNING django.request Not Found: /favicon.ico
2026-08-28 16:04:34,383 WARNING django.server "GET /favicon.ico HTTP/1.1" 404 7691
2026-08-28 16:06:12,282 WARNING django.request Not Found: /favicon.ico
2026-08-28 16:06:12,283 WARNING django.server "GET /favicon.ico HTTP/1.1" 404 7691
2026-08-28 16:12:53,490 WARNING django.server "GET /static/js/hoverable-collapse.js HTTP/1.1" 404 1898
2026-08-28 16:12:53,509 WARNING django.server "GET /static/js/settings.js HTTP/1.1" 404 1868
2026-08-28 16:12:53,514 WARNING django.server "GET /static/js/todolist.js HTTP/1.1" 404 1868
2026-08-28 16:18:28,646 WARNING django.request The request's session was deleted before the request completed. The user may have logged out in a concurrent request, for example.: /v2
Traceback (most recent call last):
  File "C:\Python314\Lib\site-packages\django\contrib\sessions\backends\db.py", line 127, in save
    obj.save(
    ~~~~~~~~^
        force_insert=must_create, force_update=not must_create, using=using
        ^^^^^^^^^^^^^^^^^^^^^^^^^^^^^^^^^^^^^^^^^^^^^^^^^^^^^^^^^^^^^^^^^^^
    )
    ^
  File "C:\Python314\Lib\site-packages\django\db\models\base.py", line 902, in save
    self.save_base(
    ~~~~~~~~~~~~~~^
        using=using,
        ^^^^^^^^^^^^
    ...<2 lines>...
        update_fields=update_fields,
        ^^^^^^^^^^^^^^^^^^^^^^^^^^^^
    )
    ^
  File "C:\Python314\Lib\site-packages\django\db\models\base.py", line 1008, in save_base
    updated = self._save_table(
        raw,
    ...<4 lines>...
        update_fields,
    )
  File "C:\Python314\Lib\site-packages\django\db\models\base.py", line 1142, in _save_table
    raise DatabaseError("Forced update did not affect any rows.")
django.db.utils.DatabaseError: Forced update did not affect any rows.

During handling of the above exception, another exception occurred:

Traceback (most recent call last):
  File "C:\Python314\Lib\site-packages\django\contrib\sessions\middleware.py", line 59, in process_response
    request.session.save()
    ~~~~~~~~~~~~~~~~~~~~^^
  File "C:\Python314\Lib\site-packages\django\contrib\sessions\backends\db.py", line 136, in save
    raise UpdateError
django.contrib.sessions.backends.base.UpdateError

During handling of the above exception, another exception occurred:

Traceback (most recent call last):
  File "C:\Python314\Lib\site-packages\django\core\handlers\exception.py", line 55, in inner
    response = get_response(request)
  File "C:\Python314\Lib\site-packages\django\utils\deprecation.py", line 122, in __call__
    response = self.process_response(request, response)
  File "C:\Python314\Lib\site-packages\django\contrib\sessions\middleware.py", line 61, in process_response
    raise SessionInterrupted(
    ...<3 lines>...
    )
django.contrib.sessions.exceptions.SessionInterrupted: The request's session was deleted before the request completed. The user may have logged out in a concurrent request, for example.
2026-08-28 16:25:35,373 WARNING django.request Not Found: /favicon.ico
2026-08-28 16:25:35,374 WARNING django.server "GET /favicon.ico HTTP/1.1" 404 7691
2026-08-28 16:25:44,135 WARNING django.request Not Found: /favicon.ico
2026-08-28 16:25:44,136 WARNING django.server "GET /favicon.ico HTTP/1.1" 404 7691
2026-08-28 16:26:33,978 WARNING django.server "GET /static/js/hoverable-collapse.js HTTP/1.1" 404 1898
2026-08-28 16:26:34,017 WARNING django.server "GET /static/js/settings.js HTTP/1.1" 404 1868
2026-08-28 16:26:34,168 WARNING django.server "GET /static/js/todolist.js HTTP/1.1" 404 1868
2026-08-28 16:27:20,035 WARNING django.request Not Found: /favicon.ico
2026-08-28 16:27:20,036 WARNING django.server "GET /favicon.ico HTTP/1.1" 404 7691
2026-08-28 16:27:41,711 WARNING django.server "GET /static/js/hoverable-collapse.js HTTP/1.1" 404 1898
2026-08-28 16:27:41,765 WARNING django.server "GET /static/js/settings.js HTTP/1.1" 404 1868
2026-08-28 16:27:41,821 WARNING django.server "GET /static/js/todolist.js HTTP/1.1" 404 1868
2026-08-28 16:27:47,803 WARNING django.request Not Found: /favicon.ico
2026-08-28 16:27:47,804 WARNING django.server "GET /favicon.ico HTTP/1.1" 404 7691
2026-08-28 16:27:49,442 WARNING django.request The request's session was deleted before the request completed. The user may have logged out in a concurrent request, for example.: /qcdash
Traceback (most recent call last):
  File "C:\Python314\Lib\site-packages\django\contrib\sessions\backends\db.py", line 127, in save
    obj.save(
    ~~~~~~~~^
        force_insert=must_create, force_update=not must_create, using=using
        ^^^^^^^^^^^^^^^^^^^^^^^^^^^^^^^^^^^^^^^^^^^^^^^^^^^^^^^^^^^^^^^^^^^
    )
    ^
  File "C:\Python314\Lib\site-packages\django\db\models\base.py", line 902, in save
    self.save_base(
    ~~~~~~~~~~~~~~^
        using=using,
        ^^^^^^^^^^^^
    ...<2 lines>...
        update_fields=update_fields,
        ^^^^^^^^^^^^^^^^^^^^^^^^^^^^
    )
    ^
  File "C:\Python314\Lib\site-packages\django\db\models\base.py", line 1008, in save_base
    updated = self._save_table(
        raw,
    ...<4 lines>...
        update_fields,
    )
  File "C:\Python314\Lib\site-packages\django\db\models\base.py", line 1142, in _save_table
    raise DatabaseError("Forced update did not affect any rows.")
django.db.utils.DatabaseError: Forced update did not affect any rows.

During handling of the above exception, another exception occurred:

Traceback (most recent call last):
  File "C:\Python314\Lib\site-packages\django\contrib\sessions\middleware.py", line 59, in process_response
    request.session.save()
    ~~~~~~~~~~~~~~~~~~~~^^
  File "C:\Python314\Lib\site-packages\django\contrib\sessions\backends\db.py", line 136, in save
    raise UpdateError
django.contrib.sessions.backends.base.UpdateError

During handling of the above exception, another exception occurred:

Traceback (most recent call last):
  File "C:\Python314\Lib\site-packages\django\core\handlers\exception.py", line 55, in inner
    response = get_response(request)
  File "C:\Python314\Lib\site-packages\django\utils\deprecation.py", line 122, in __call__
    response = self.process_response(request, response)
  File "C:\Python314\Lib\site-packages\django\contrib\sessions\middleware.py", line 61, in process_response
    raise SessionInterrupted(
    ...<3 lines>...
    )
django.contrib.sessions.exceptions.SessionInterrupted: The request's session was deleted before the request completed. The user may have logged out in a concurrent request, for example.
2026-08-28 16:27:49,450 WARNING django.server "GET /qcdash?project=141&from_date=2026-08-26&to_date=2026-08-26&submit=Submit HTTP/1.1" 400 105731
2026-08-28 16:28:50,290 WARNING django.server "GET /static/js/settings.js HTTP/1.1" 404 1868
2026-08-28 16:28:50,296 WARNING django.server "GET /static/js/hoverable-collapse.js HTTP/1.1" 404 1898
2026-08-28 16:28:50,303 WARNING django.server "GET /static/js/todolist.js HTTP/1.1" 404 1868
2026-08-28 16:34:28,938 WARNING django.server "GET /static/js/hoverable-collapse.js HTTP/1.1" 404 1898
2026-08-28 16:34:28,946 WARNING django.server "GET /static/js/settings.js HTTP/1.1" 404 1868
2026-08-28 16:34:28,951 WARNING django.server "GET /static/js/todolist.js HTTP/1.1" 404 1868
2026-08-28 16:43:13,891 WARNING django.server "GET /static/js/hoverable-collapse.js HTTP/1.1" 404 1898
2026-08-28 16:43:13,924 WARNING django.server "GET /static/js/todolist.js HTTP/1.1" 404 1868
2026-08-28 16:43:13,925 WARNING django.server "GET /static/js/settings.js HTTP/1.1" 404 1868
2026-08-28 16:43:48,504 WARNING django.request Not Found: /favicon.ico
2026-08-28 16:43:48,506 WARNING django.server "GET /favicon.ico HTTP/1.1" 404 7691
2026-08-28 16:44:19,915 WARNING django.request Not Found: /favicon.ico
2026-08-28 16:44:19,916 WARNING django.server "GET /favicon.ico HTTP/1.1" 404 7691
2026-08-28 16:46:36,617 WARNING django.server "GET /static/js/settings.js HTTP/1.1" 404 1868
2026-08-28 16:46:36,617 WARNING django.server "GET /static/js/hoverable-collapse.js HTTP/1.1" 404 1898
2026-08-28 16:46:36,628 WARNING django.server "GET /static/js/todolist.js HTTP/1.1" 404 1868
2026-08-28 16:46:39,843 WARNING django.server "GET /static/js/hoverable-collapse.js HTTP/1.1" 404 1898
2026-08-28 16:46:39,850 WARNING django.server "GET /static/js/settings.js HTTP/1.1" 404 1868
2026-08-28 16:46:39,855 WARNING django.server "GET /static/js/todolist.js HTTP/1.1" 404 1868
2026-08-28 16:46:46,049 WARNING django.request Not Found: /favicon.ico
2026-08-28 16:46:46,050 WARNING django.server "GET /favicon.ico HTTP/1.1" 404 7691
2026-08-28 16:46:50,743 WARNING django.server "GET /static/js/hoverable-collapse.js HTTP/1.1" 404 1898
2026-08-28 16:46:50,830 WARNING django.server "GET /static/js/settings.js HTTP/1.1" 404 1868
2026-08-28 16:46:50,866 WARNING django.server "GET /static/js/todolist.js HTTP/1.1" 404 1868
2026-08-28 16:46:55,601 WARNING django.server "GET /static/js/hoverable-collapse.js HTTP/1.1" 404 1898
2026-08-28 16:46:55,601 WARNING django.server "GET /static/js/todolist.js HTTP/1.1" 404 1868
2026-08-28 16:46:55,602 WARNING django.server "GET /static/js/settings.js HTTP/1.1" 404 1868
2026-08-28 17:02:07,370 WARNING django.server "GET /static/js/hoverable-collapse.js HTTP/1.1" 404 1898
2026-08-28 17:02:07,382 WARNING django.server "GET /static/js/todolist.js HTTP/1.1" 404 1868
2026-08-28 17:02:07,383 WARNING django.server "GET /static/js/settings.js HTTP/1.1" 404 1868
2026-08-28 17:02:45,654 WARNING django.server "GET /static/js/hoverable-collapse.js HTTP/1.1" 404 1898
2026-08-28 17:02:45,674 WARNING django.server "GET /static/js/settings.js HTTP/1.1" 404 1868
2026-08-28 17:02:45,682 WARNING django.server "GET /static/js/todolist.js HTTP/1.1" 404 1868
2026-08-28 17:02:59,368 WARNING django.server "GET /static/js/hoverable-collapse.js HTTP/1.1" 404 1898
2026-08-28 17:02:59,376 WARNING django.server "GET /static/js/settings.js HTTP/1.1" 404 1868
2026-08-28 17:02:59,380 WARNING django.server "GET /static/js/todolist.js HTTP/1.1" 404 1868
2026-08-28 17:03:04,592 WARNING django.server "GET /static/js/hoverable-collapse.js HTTP/1.1" 404 1898
2026-08-28 17:03:04,608 WARNING django.server "GET /static/js/settings.js HTTP/1.1" 404 1868
2026-08-28 17:03:04,608 WARNING django.server "GET /static/js/todolist.js HTTP/1.1" 404 1868
2026-08-28 17:03:10,794 WARNING django.server "GET /static/js/hoverable-collapse.js HTTP/1.1" 404 1898
2026-08-28 17:03:10,808 WARNING django.server "GET /static/js/settings.js HTTP/1.1" 404 1868
2026-08-28 17:03:10,809 WARNING django.server "GET /static/js/todolist.js HTTP/1.1" 404 1868
2026-08-28 17:05:19,769 WARNING django.server "GET /static/js/hoverable-collapse.js HTTP/1.1" 404 1898
2026-08-28 17:05:19,853 WARNING django.server "GET /static/js/settings.js HTTP/1.1" 404 1868
2026-08-28 17:05:19,887 WARNING django.server "GET /static/js/todolist.js HTTP/1.1" 404 1868
2026-08-28 17:07:23,683 WARNING django.server "GET /static/js/hoverable-collapse.js HTTP/1.1" 404 1898
2026-08-28 17:07:23,697 WARNING django.server "GET /static/js/settings.js HTTP/1.1" 404 1868
2026-08-28 17:07:23,704 WARNING django.server "GET /static/js/todolist.js HTTP/1.1" 404 1868
2026-08-28 17:09:30,767 WARNING django.security.csrf Forbidden (CSRF token from POST incorrect.): /qualityaudit
2026-08-28 17:09:30,788 WARNING django.server "POST /qualityaudit HTTP/1.1" 403 2503
2026-08-28 17:09:39,667 WARNING django.server "GET /static/js/settings.js HTTP/1.1" 404 1868
2026-08-28 17:09:39,674 WARNING django.server "GET /static/js/hoverable-collapse.js HTTP/1.1" 404 1898
2026-08-28 17:09:39,782 WARNING django.server "GET /static/js/todolist.js HTTP/1.1" 404 1868
2026-08-28 17:09:48,624 WARNING django.request Not Found: /favicon.ico
2026-08-28 17:09:48,625 WARNING django.server "GET /favicon.ico HTTP/1.1" 404 7691
2026-08-28 17:09:56,205 WARNING django.request Not Found: /favicon.ico
2026-08-28 17:09:56,207 WARNING django.server "GET /favicon.ico HTTP/1.1" 404 7691
2026-08-28 17:11:14,076 WARNING django.request Not Found: /favicon.ico
2026-08-28 17:11:14,077 WARNING django.server "GET /favicon.ico HTTP/1.1" 404 7691
2026-08-28 17:11:36,053 WARNING django.request The request's session was deleted before the request completed. The user may have logged out in a concurrent request, for example.: /qcdash
Traceback (most recent call last):
  File "C:\Python314\Lib\site-packages\django\contrib\sessions\backends\db.py", line 127, in save
    obj.save(
    ~~~~~~~~^
        force_insert=must_create, force_update=not must_create, using=using
        ^^^^^^^^^^^^^^^^^^^^^^^^^^^^^^^^^^^^^^^^^^^^^^^^^^^^^^^^^^^^^^^^^^^
    )
    ^
  File "C:\Python314\Lib\site-packages\django\db\models\base.py", line 902, in save
    self.save_base(
    ~~~~~~~~~~~~~~^
        using=using,
        ^^^^^^^^^^^^
    ...<2 lines>...
        update_fields=update_fields,
        ^^^^^^^^^^^^^^^^^^^^^^^^^^^^
    )
    ^
  File "C:\Python314\Lib\site-packages\django\db\models\base.py", line 1008, in save_base
    updated = self._save_table(
        raw,
    ...<4 lines>...
        update_fields,
    )
  File "C:\Python314\Lib\site-packages\django\db\models\base.py", line 1142, in _save_table
    raise DatabaseError("Forced update did not affect any rows.")
django.db.utils.DatabaseError: Forced update did not affect any rows.

During handling of the above exception, another exception occurred:

Traceback (most recent call last):
  File "C:\Python314\Lib\site-packages\django\contrib\sessions\middleware.py", line 59, in process_response
    request.session.save()
    ~~~~~~~~~~~~~~~~~~~~^^
  File "C:\Python314\Lib\site-packages\django\contrib\sessions\backends\db.py", line 136, in save
    raise UpdateError
django.contrib.sessions.backends.base.UpdateError

During handling of the above exception, another exception occurred:

Traceback (most recent call last):
  File "C:\Python314\Lib\site-packages\django\core\handlers\exception.py", line 55, in inner
    response = get_response(request)
  File "C:\Python314\Lib\site-packages\django\utils\deprecation.py", line 122, in __call__
    response = self.process_response(request, response)
  File "C:\Python314\Lib\site-packages\django\contrib\sessions\middleware.py", line 61, in process_response
    raise SessionInterrupted(
    ...<3 lines>...
    )
django.contrib.sessions.exceptions.SessionInterrupted: The request's session was deleted before the request completed. The user may have logged out in a concurrent request, for example.
2026-08-28 17:11:36,061 WARNING django.server "GET /qcdash?project=141&from_date=2026-08-01&to_date=2026-08-28&submit=Submit HTTP/1.1" 400 105732
2026-08-28 17:14:53,886 WARNING quality.middleware Browser fingerprint mismatch user=117066 path=/v2
2026-08-28 17:14:54,077 WARNING django.server "GET /static/js/hoverable-collapse.js HTTP/1.1" 404 1898
2026-08-28 17:14:54,095 WARNING django.server "GET /static/js/settings.js HTTP/1.1" 404 1868
2026-08-28 17:14:54,099 WARNING django.server "GET /static/js/todolist.js HTTP/1.1" 404 1868
2026-08-28 17:14:56,557 WARNING django.server "GET /static/js/hoverable-collapse.js HTTP/1.1" 404 1898
2026-08-28 17:14:56,601 WARNING django.server "GET /static/js/settings.js HTTP/1.1" 404 1868
2026-08-28 17:14:56,606 WARNING django.server "GET /static/js/todolist.js HTTP/1.1" 404 1868
2026-08-28 17:15:03,990 WARNING django.server "GET /static/js/hoverable-collapse.js HTTP/1.1" 404 1898
2026-08-28 17:15:04,026 WARNING django.server "GET /static/js/settings.js HTTP/1.1" 404 1868
2026-08-28 17:15:04,030 WARNING django.server "GET /static/js/todolist.js HTTP/1.1" 404 1868
2026-08-28 17:15:50,713 WARNING django.server "GET /static/js/hoverable-collapse.js HTTP/1.1" 404 1898
2026-08-28 17:15:50,767 WARNING django.server "GET /static/js/settings.js HTTP/1.1" 404 1868
2026-08-28 17:15:50,826 WARNING django.server "GET /static/js/todolist.js HTTP/1.1" 404 1868
2026-08-28 17:16:07,725 WARNING quality.middleware Browser fingerprint mismatch user=112637 path=/v2
2026-08-28 17:16:07,808 WARNING django.server "GET /static/js/hoverable-collapse.js HTTP/1.1" 404 1898
2026-08-28 17:16:07,812 WARNING django.server "GET /static/js/settings.js HTTP/1.1" 404 1868
2026-08-28 17:16:07,819 WARNING django.server "GET /static/js/todolist.js HTTP/1.1" 404 1868
2026-08-28 17:16:15,230 WARNING quality.middleware Browser fingerprint mismatch user=111293 path=/v2
2026-08-28 17:16:15,441 WARNING django.server "GET /static/js/hoverable-collapse.js HTTP/1.1" 404 1898
2026-08-28 17:16:15,536 WARNING django.server "GET /static/js/settings.js HTTP/1.1" 404 1868
2026-08-28 17:16:15,609 WARNING django.server "GET /static/js/todolist.js HTTP/1.1" 404 1868
2026-08-28 17:17:36,754 WARNING quality.middleware Browser fingerprint mismatch user=114806 path=/v2
2026-08-28 17:17:36,829 WARNING django.server "GET /static/js/settings.js HTTP/1.1" 404 1868
2026-08-28 17:17:36,830 WARNING django.server "GET /static/js/hoverable-collapse.js HTTP/1.1" 404 1898
2026-08-28 17:17:36,838 WARNING django.server "GET /static/js/todolist.js HTTP/1.1" 404 1868
2026-08-28 17:17:37,129 WARNING django.server "GET /static/js/hoverable-collapse.js HTTP/1.1" 404 1898
2026-08-28 17:17:37,174 WARNING django.server "GET /static/js/settings.js HTTP/1.1" 404 1868
2026-08-28 17:17:37,205 WARNING django.server "GET /static/js/todolist.js HTTP/1.1" 404 1868
2026-08-28 17:18:49,765 WARNING django.server "GET /static/js/hoverable-collapse.js HTTP/1.1" 404 1898
2026-08-28 17:18:49,775 WARNING django.server "GET /static/js/todolist.js HTTP/1.1" 404 1868
2026-08-28 17:18:49,780 WARNING django.server "GET /static/js/settings.js HTTP/1.1" 404 1868
2026-08-28 17:19:04,976 WARNING django.security.csrf Forbidden (CSRF token from POST incorrect.): /qualityaudit
2026-08-28 17:19:05,073 WARNING django.server "POST /qualityaudit HTTP/1.1" 403 2503
2026-08-28 17:19:11,318 WARNING django.security.csrf Forbidden (CSRF token from POST incorrect.): /qualityaudit
2026-08-28 17:19:11,447 WARNING django.server "POST /qualityaudit HTTP/1.1" 403 2503
2026-08-28 17:19:44,468 WARNING django.server "GET /static/js/hoverable-collapse.js HTTP/1.1" 404 1898
2026-08-28 17:19:44,484 WARNING django.server "GET /static/js/settings.js HTTP/1.1" 404 1868
2026-08-28 17:19:44,490 WARNING django.server "GET /static/js/todolist.js HTTP/1.1" 404 1868
2026-08-28 17:21:38,803 WARNING django.security.csrf Forbidden (CSRF token from POST incorrect.): /qualityaudit
2026-08-28 17:21:38,827 WARNING django.server "POST /qualityaudit HTTP/1.1" 403 2503
2026-08-28 17:24:12,628 WARNING quality.middleware Browser fingerprint mismatch user=17395 path=/v2
2026-08-28 17:24:12,693 WARNING django.server "GET /static/js/hoverable-collapse.js HTTP/1.1" 404 1898
2026-08-28 17:24:12,700 WARNING django.server "GET /static/js/settings.js HTTP/1.1" 404 1868
2026-08-28 17:24:12,732 WARNING django.server "GET /static/js/todolist.js HTTP/1.1" 404 1868
2026-08-28 17:24:18,137 WARNING quality.middleware Browser fingerprint mismatch user=113124 path=/qualityaudit
2026-08-28 17:24:18,321 WARNING django.server "GET /static/js/settings.js HTTP/1.1" 404 1868
2026-08-28 17:24:18,336 WARNING django.server "GET /static/js/todolist.js HTTP/1.1" 404 1868
2026-08-28 17:24:18,543 WARNING django.server "GET /static/js/hoverable-collapse.js HTTP/1.1" 404 1898
2026-08-28 17:24:19,026 WARNING django.server "GET /static/js/hoverable-collapse.js HTTP/1.1" 404 1898
2026-08-28 17:24:19,034 WARNING django.server "GET /static/js/settings.js HTTP/1.1" 404 1868
2026-08-28 17:24:19,043 WARNING django.server "GET /static/js/todolist.js HTTP/1.1" 404 1868
2026-08-28 17:24:32,317 WARNING django.security.csrf Forbidden (CSRF token from POST incorrect.): /login
2026-08-28 17:24:32,338 WARNING django.server "POST /login?next=%2Fv2 HTTP/1.1" 403 2503
2026-08-28 17:25:05,543 DEBUG tzlocal Looking up time zone info from registry
2026-08-28 17:25:28,912 WARNING django.request Not Found: /favicon.ico
2026-08-28 17:25:28,913 WARNING django.server "GET /favicon.ico HTTP/1.1" 404 7691
2026-08-28 17:27:51,341 WARNING django.request Not Found: /favicon.ico
2026-08-28 17:27:51,342 WARNING django.server "GET /favicon.ico HTTP/1.1" 404 7691
2026-08-28 17:28:28,320 WARNING django.request Not Found: /favicon.ico
2026-08-28 17:28:28,382 WARNING django.server "GET /favicon.ico HTTP/1.1" 404 7691
2026-08-28 17:29:27,211 WARNING django.request Not Found: /favicon.ico
2026-08-28 17:29:27,212 WARNING django.server "GET /favicon.ico HTTP/1.1" 404 7691
2026-08-28 17:29:34,413 WARNING django.security.csrf Forbidden (CSRF token from POST incorrect.): /qualityaudit
2026-08-28 17:29:34,438 WARNING django.server "POST /qualityaudit HTTP/1.1" 403 2503
2026-08-28 17:29:45,516 WARNING quality.middleware Browser fingerprint mismatch user=116960 path=/qualityaudit
2026-08-28 17:29:45,579 WARNING django.server "GET /static/js/settings.js HTTP/1.1" 404 1868
2026-08-28 17:29:45,587 WARNING django.server "GET /static/js/hoverable-collapse.js HTTP/1.1" 404 1898
2026-08-28 17:29:45,592 WARNING django.server "GET /static/js/todolist.js HTTP/1.1" 404 1868
2026-08-28 17:31:31,257 WARNING django.security.csrf Forbidden (CSRF token from POST incorrect.): /qualityaudit
2026-08-28 17:31:31,279 WARNING django.server "POST /qualityaudit HTTP/1.1" 403 2503
2026-08-28 17:31:46,466 WARNING django.security.csrf Forbidden (CSRF token from POST incorrect.): /qualityaudit
2026-08-28 17:31:46,490 WARNING django.server "POST /qualityaudit HTTP/1.1" 403 2503
2026-08-28 17:32:09,570 WARNING django.server "GET /static/js/hoverable-collapse.js HTTP/1.1" 404 1898
2026-08-28 17:32:09,574 WARNING django.server "GET /static/js/settings.js HTTP/1.1" 404 1868
2026-08-28 17:32:09,580 WARNING django.server "GET /static/js/todolist.js HTTP/1.1" 404 1868
2026-08-28 17:40:31,396 WARNING django.server "GET /static/js/hoverable-collapse.js HTTP/1.1" 404 1898
2026-08-28 17:40:31,519 WARNING django.server "GET /static/js/todolist.js HTTP/1.1" 404 1868
2026-08-28 17:40:31,664 WARNING django.server "GET /static/js/settings.js HTTP/1.1" 404 1868
2026-08-28 17:40:35,255 WARNING django.request Not Found: /favicon.ico
2026-08-28 17:40:35,257 WARNING django.server "GET /favicon.ico HTTP/1.1" 404 7691
2026-08-28 17:41:20,162 WARNING django.request The request's session was deleted before the request completed. The user may have logged out in a concurrent request, for example.: /qcdash
Traceback (most recent call last):
  File "C:\Python314\Lib\site-packages\django\contrib\sessions\backends\db.py", line 127, in save
    obj.save(
    ~~~~~~~~^
        force_insert=must_create, force_update=not must_create, using=using
        ^^^^^^^^^^^^^^^^^^^^^^^^^^^^^^^^^^^^^^^^^^^^^^^^^^^^^^^^^^^^^^^^^^^
    )
    ^
  File "C:\Python314\Lib\site-packages\django\db\models\base.py", line 902, in save
    self.save_base(
    ~~~~~~~~~~~~~~^
        using=using,
        ^^^^^^^^^^^^
    ...<2 lines>...
        update_fields=update_fields,
        ^^^^^^^^^^^^^^^^^^^^^^^^^^^^
    )
    ^
  File "C:\Python314\Lib\site-packages\django\db\models\base.py", line 1008, in save_base
    updated = self._save_table(
        raw,
    ...<4 lines>...
        update_fields,
    )
  File "C:\Python314\Lib\site-packages\django\db\models\base.py", line 1142, in _save_table
    raise DatabaseError("Forced update did not affect any rows.")
django.db.utils.DatabaseError: Forced update did not affect any rows.

During handling of the above exception, another exception occurred:

Traceback (most recent call last):
  File "C:\Python314\Lib\site-packages\django\contrib\sessions\middleware.py", line 59, in process_response
    request.session.save()
    ~~~~~~~~~~~~~~~~~~~~^^
  File "C:\Python314\Lib\site-packages\django\contrib\sessions\backends\db.py", line 136, in save
    raise UpdateError
django.contrib.sessions.backends.base.UpdateError

During handling of the above exception, another exception occurred:

Traceback (most recent call last):
  File "C:\Python314\Lib\site-packages\django\core\handlers\exception.py", line 55, in inner
    response = get_response(request)
  File "C:\Python314\Lib\site-packages\django\utils\deprecation.py", line 122, in __call__
    response = self.process_response(request, response)
  File "C:\Python314\Lib\site-packages\django\contrib\sessions\middleware.py", line 61, in process_response
    raise SessionInterrupted(
    ...<3 lines>...
    )
django.contrib.sessions.exceptions.SessionInterrupted: The request's session was deleted before the request completed. The user may have logged out in a concurrent request, for example.
2026-08-28 17:41:20,177 WARNING django.server "GET /qcdash?project=141&from_date=2026-08-01&to_date=2026-08-28&submit=Submit HTTP/1.1" 400 105733
2026-08-28 17:48:21,316 WARNING django.security.csrf Forbidden (CSRF token from POST incorrect.): /geomismatch
2026-08-28 17:48:21,549 WARNING django.server "POST /geomismatch?csrfmiddlewaretoken=ZNLr1oR6rXh8tjDLDCxpxWw71RC44slzEhQi2oGBrHTcG9bcrQVVP19SVbd0207z&project=141&surveyor_req=000000&fordate=2026-08-28&submit=Quality+Reports HTTP/1.1" 403 2503
2026-08-28 17:48:37,992 WARNING django.server "GET /static/js/hoverable-collapse.js HTTP/1.1" 404 1898
2026-08-28 17:48:38,000 WARNING django.server "GET /static/js/settings.js HTTP/1.1" 404 1868
2026-08-28 17:48:38,005 WARNING django.server "GET /static/js/todolist.js HTTP/1.1" 404 1868
2026-08-28 17:52:14,679 WARNING django.server "GET /static/js/hoverable-collapse.js HTTP/1.1" 404 1898
2026-08-28 17:52:14,737 WARNING django.server "GET /static/js/settings.js HTTP/1.1" 404 1868
2026-08-28 17:52:14,800 WARNING django.server "GET /static/js/todolist.js HTTP/1.1" 404 1868
2026-08-28 18:08:29,293 WARNING django.server "GET /static/js/hoverable-collapse.js HTTP/1.1" 404 1898
2026-08-28 18:08:29,301 WARNING django.server "GET /static/js/settings.js HTTP/1.1" 404 1868
2026-08-28 18:08:29,312 WARNING django.server "GET /static/js/todolist.js HTTP/1.1" 404 1868
2026-08-28 18:11:55,305 WARNING django.server "GET /static/js/hoverable-collapse.js HTTP/1.1" 404 1898
2026-08-28 18:11:55,317 WARNING django.server "GET /static/js/settings.js HTTP/1.1" 404 1868
2026-08-28 18:11:55,425 WARNING django.server "GET /static/js/todolist.js HTTP/1.1" 404 1868
2026-08-28 18:12:47,649 WARNING django.request Not Found: /favicon.ico
2026-08-28 18:12:47,650 WARNING django.server "GET /favicon.ico HTTP/1.1" 404 7691
2026-08-28 18:12:58,191 WARNING django.request Not Found: /favicon.ico
2026-08-28 18:12:58,192 WARNING django.server "GET /favicon.ico HTTP/1.1" 404 7691
2026-08-28 18:13:01,251 WARNING django.request Not Found: /favicon.ico
2026-08-28 18:13:01,252 WARNING django.server "GET /favicon.ico HTTP/1.1" 404 7691
2026-08-28 18:14:59,267 WARNING django.request Not Found: /favicon.ico
2026-08-28 18:14:59,269 WARNING django.server "GET /favicon.ico HTTP/1.1" 404 7691
2026-08-28 18:21:39,583 WARNING django.server "GET /static/js/settings.js HTTP/1.1" 404 1868
2026-08-28 18:21:39,584 WARNING django.server "GET /static/js/todolist.js HTTP/1.1" 404 1868
2026-08-28 18:21:39,584 WARNING django.server "GET /static/js/hoverable-collapse.js HTTP/1.1" 404 1898
2026-08-28 18:26:09,001 WARNING django.request Not Found: /favicon.ico
2026-08-28 18:26:09,002 WARNING django.server "GET /favicon.ico HTTP/1.1" 404 7691
2026-08-28 18:26:45,321 WARNING django.request Not Found: /favicon.ico
2026-08-28 18:26:45,322 WARNING django.server "GET /favicon.ico HTTP/1.1" 404 7691
2026-08-28 18:27:35,986 WARNING django.request Not Found: /favicon.ico
2026-08-28 18:27:35,987 WARNING django.server "GET /favicon.ico HTTP/1.1" 404 7691
2026-08-28 18:34:39,137 WARNING django.request Not Found: /favicon.ico
2026-08-28 18:34:39,139 WARNING django.server "GET /favicon.ico HTTP/1.1" 404 7691
2026-08-28 18:34:49,583 WARNING django.request Not Found: /favicon.ico
2026-08-28 18:34:49,584 WARNING django.server "GET /favicon.ico HTTP/1.1" 404 7691
2026-08-28 18:35:56,641 WARNING django.request Not Found: /favicon.ico
2026-08-28 18:35:56,642 WARNING django.server "GET /favicon.ico HTTP/1.1" 404 7691
2026-08-28 18:36:50,096 WARNING quality.middleware Browser fingerprint mismatch user=17394 path=/v2
2026-08-28 18:36:50,148 WARNING django.server "GET /static/js/settings.js HTTP/1.1" 404 1868
2026-08-28 18:36:50,160 WARNING django.server "GET /static/js/hoverable-collapse.js HTTP/1.1" 404 1898
2026-08-28 18:36:50,161 WARNING django.server "GET /static/js/todolist.js HTTP/1.1" 404 1868
2026-08-28 18:36:55,404 WARNING django.server "GET /static/js/settings.js HTTP/1.1" 404 1868
2026-08-28 18:36:55,413 WARNING django.server "GET /static/js/hoverable-collapse.js HTTP/1.1" 404 1898
2026-08-28 18:36:55,420 WARNING django.server "GET /static/js/todolist.js HTTP/1.1" 404 1868
2026-08-28 18:38:29,154 WARNING django.request Not Found: /favicon.ico
2026-08-28 18:38:29,155 WARNING django.server "GET /favicon.ico HTTP/1.1" 404 7691
2026-08-28 18:38:33,488 WARNING quality.middleware Browser fingerprint mismatch user=15902 path=/qcdash
2026-08-28 18:38:33,555 WARNING django.server "GET /static/js/settings.js HTTP/1.1" 404 1868
2026-08-28 18:38:33,560 WARNING django.server "GET /static/js/hoverable-collapse.js HTTP/1.1" 404 1898
2026-08-28 18:38:33,568 WARNING django.server "GET /static/js/todolist.js HTTP/1.1" 404 1868
2026-08-28 18:38:38,004 WARNING django.request Not Found: /favicon.ico
2026-08-28 18:38:38,005 WARNING django.server "GET /favicon.ico HTTP/1.1" 404 7691
2026-08-28 18:38:47,718 WARNING django.server "GET /static/js/hoverable-collapse.js HTTP/1.1" 404 1898
2026-08-28 18:38:47,725 WARNING django.server "GET /static/js/settings.js HTTP/1.1" 404 1868
2026-08-28 18:38:47,739 WARNING django.server "GET /static/js/todolist.js HTTP/1.1" 404 1868
2026-08-28 18:38:48,245 WARNING django.server "GET /static/js/hoverable-collapse.js HTTP/1.1" 404 1898
2026-08-28 18:38:48,257 WARNING django.server "GET /static/js/settings.js HTTP/1.1" 404 1868
2026-08-28 18:38:48,263 WARNING django.server "GET /static/js/todolist.js HTTP/1.1" 404 1868
2026-08-28 18:39:55,256 WARNING django.request Not Found: /favicon.ico
2026-08-28 18:39:55,257 WARNING django.server "GET /favicon.ico HTTP/1.1" 404 7691
2026-08-28 18:41:06,043 WARNING quality.middleware Browser fingerprint mismatch user=114554 path=/logout
2026-08-28 18:41:06,114 WARNING django.server "GET /static/js/hoverable-collapse.js HTTP/1.1" 404 1898
2026-08-28 18:41:06,122 WARNING django.server "GET /static/js/settings.js HTTP/1.1" 404 1868
2026-08-28 18:41:06,127 WARNING django.server "GET /static/js/todolist.js HTTP/1.1" 404 1868
2026-08-28 18:41:13,587 WARNING django.server "GET /static/js/hoverable-collapse.js HTTP/1.1" 404 1898
2026-08-28 18:41:13,588 WARNING django.server "GET /static/js/todolist.js HTTP/1.1" 404 1868
2026-08-28 18:41:13,592 WARNING django.server "GET /static/js/settings.js HTTP/1.1" 404 1868
2026-08-28 18:41:28,952 WARNING django.server "GET /static/js/hoverable-collapse.js HTTP/1.1" 404 1898
2026-08-28 18:41:28,966 WARNING django.server "GET /static/js/settings.js HTTP/1.1" 404 1868
2026-08-28 18:41:29,061 WARNING django.server "GET /static/js/todolist.js HTTP/1.1" 404 1868
2026-08-28 18:42:00,189 WARNING django.server "GET /static/vendors/js/jquery.contextMenu.min.js.map HTTP/1.1" 404 1946
2026-08-28 18:42:00,196 WARNING django.server "GET /static/vendors/js/bootstrap.min.js.map HTTP/1.1" 404 1919
2026-08-28 18:42:00,410 WARNING django.server "GET /static/vendors/css/jquery.contextMenu.min.css.map HTTP/1.1" 404 1952
2026-08-28 18:45:41,734 WARNING quality.middleware Browser fingerprint mismatch user=111265 path=/v2
2026-08-28 18:45:41,845 WARNING django.server "GET /static/js/hoverable-collapse.js HTTP/1.1" 404 1898
2026-08-28 18:45:41,967 WARNING django.server "GET /static/js/todolist.js HTTP/1.1" 404 1868
2026-08-28 18:45:41,967 WARNING django.server "GET /static/js/settings.js HTTP/1.1" 404 1868
2026-08-28 18:46:03,073 WARNING django.server "GET /static/js/hoverable-collapse.js HTTP/1.1" 404 1898
2026-08-28 18:46:03,158 WARNING django.server "GET /static/js/todolist.js HTTP/1.1" 404 1868
2026-08-28 18:46:03,211 WARNING django.server "GET /static/js/settings.js HTTP/1.1" 404 1868
2026-08-28 18:48:49,575 WARNING django.server "GET /static/js/hoverable-collapse.js HTTP/1.1" 404 1898
2026-08-28 18:48:49,578 WARNING django.server "GET /static/js/settings.js HTTP/1.1" 404 1868
2026-08-28 18:48:49,584 WARNING django.server "GET /static/js/todolist.js HTTP/1.1" 404 1868
2026-08-28 18:48:50,125 WARNING django.server "GET /static/js/hoverable-collapse.js HTTP/1.1" 404 1898
2026-08-28 18:48:50,205 WARNING django.server "GET /static/js/settings.js HTTP/1.1" 404 1868
2026-08-28 18:48:50,343 WARNING django.server "GET /static/js/todolist.js HTTP/1.1" 404 1868
2026-08-28 18:48:54,950 WARNING django.request Not Found: /favicon.ico
2026-08-28 18:48:54,951 WARNING django.server "GET /favicon.ico HTTP/1.1" 404 7691
2026-08-28 18:48:56,790 WARNING django.server "GET /static/js/settings.js HTTP/1.1" 404 1868
2026-08-28 18:48:56,795 WARNING django.server "GET /static/js/todolist.js HTTP/1.1" 404 1868
2026-08-28 18:48:56,796 WARNING django.server "GET /static/js/hoverable-collapse.js HTTP/1.1" 404 1898
2026-08-28 18:48:57,110 WARNING django.server "GET /static/js/hoverable-collapse.js HTTP/1.1" 404 1898
2026-08-28 18:48:57,248 WARNING django.server "GET /static/js/settings.js HTTP/1.1" 404 1868
2026-08-28 18:48:57,301 WARNING django.server "GET /static/js/todolist.js HTTP/1.1" 404 1868
2026-08-28 18:48:59,615 WARNING django.server "GET /static/js/hoverable-collapse.js HTTP/1.1" 404 1898
2026-08-28 18:48:59,631 WARNING django.server "GET /static/js/todolist.js HTTP/1.1" 404 1868
2026-08-28 18:48:59,632 WARNING django.server "GET /static/js/settings.js HTTP/1.1" 404 1868
2026-08-28 18:48:59,916 WARNING django.server "GET /static/js/hoverable-collapse.js HTTP/1.1" 404 1898
2026-08-28 18:48:59,961 WARNING django.server "GET /static/js/settings.js HTTP/1.1" 404 1868
2026-08-28 18:48:59,984 WARNING django.server "GET /static/js/todolist.js HTTP/1.1" 404 1868
2026-08-28 18:49:00,138 WARNING django.request Not Found: /favicon.ico
2026-08-28 18:49:00,139 WARNING django.server "GET /favicon.ico HTTP/1.1" 404 7691
2026-08-28 18:50:15,888 WARNING django.request Not Found: /favicon.ico
2026-08-28 18:50:15,889 WARNING django.server "GET /favicon.ico HTTP/1.1" 404 7691
2026-09-07 14:19:32,030 WARNING django.server "GET /static/js/hoverable-collapse.js HTTP/1.1" 404 1886
2026-09-07 14:19:32,050 WARNING django.server "GET /static/js/todolist.js HTTP/1.1" 404 1856
2026-09-07 14:19:32,050 WARNING django.server "GET /static/js/settings.js HTTP/1.1" 404 1856
2026-09-07 14:19:48,629 WARNING django.request Not Found: /favicon.ico
2026-09-07 14:19:48,631 WARNING django.server "GET /favicon.ico HTTP/1.1" 404 7679
2026-09-07 14:30:17,363 DEBUG tzlocal Looking up time zone info from registry
2026-09-07 17:36:52,945 WARNING django.server "GET /static/js/settings.js HTTP/1.1" 404 1856
2026-09-07 17:36:52,945 WARNING django.server "GET /static/js/todolist.js HTTP/1.1" 404 1856
2026-09-07 17:36:52,945 WARNING django.server "GET /static/js/hoverable-collapse.js HTTP/1.1" 404 1886
2026-09-07 17:36:59,086 WARNING django.server "GET /static/js/hoverable-collapse.js HTTP/1.1" 404 1886
2026-09-07 17:36:59,086 WARNING django.server "GET /static/js/todolist.js HTTP/1.1" 404 1856
2026-09-07 17:36:59,086 WARNING django.server "GET /static/js/settings.js HTTP/1.1" 404 1856
2026-09-07 17:36:59,768 WARNING django.server "GET /static/js/hoverable-collapse.js HTTP/1.1" 404 1886
2026-09-07 17:36:59,775 WARNING django.server "GET /static/js/settings.js HTTP/1.1" 404 1856
2026-09-07 17:36:59,775 WARNING django.server "GET /static/js/todolist.js HTTP/1.1" 404 1856
2026-09-07 17:37:41,271 WARNING django.server "GET /static/js/hoverable-collapse.js HTTP/1.1" 404 1886
2026-09-07 17:37:41,282 WARNING django.server "GET /static/js/settings.js HTTP/1.1" 404 1856
2026-09-07 17:37:41,283 WARNING django.server "GET /static/js/todolist.js HTTP/1.1" 404 1856
2026-09-07 18:07:46,069 WARNING django.security.csrf Forbidden (CSRF token from POST incorrect.): /login
2026-09-07 18:07:46,069 WARNING django.server "POST /login?next=%2Fqualityaudit HTTP/1.1" 403 2503
2026-09-07 18:07:47,469 WARNING django.security.csrf Forbidden (CSRF token from POST incorrect.): /login
2026-09-07 18:07:47,469 WARNING django.server "POST /login?next=%2Fqualityaudit HTTP/1.1" 403 2503
2026-09-07 18:07:47,606 WARNING django.security.csrf Forbidden (CSRF token from POST incorrect.): /login
2026-09-07 18:07:47,606 WARNING django.server "POST /login?next=%2Fqualityaudit HTTP/1.1" 403 2503
2026-09-07 18:07:47,806 WARNING django.security.csrf Forbidden (CSRF token from POST incorrect.): /login
2026-09-07 18:07:47,806 WARNING django.server "POST /login?next=%2Fqualityaudit HTTP/1.1" 403 2503
2026-09-07 18:07:47,935 WARNING django.security.csrf Forbidden (CSRF token from POST incorrect.): /login
2026-09-07 18:07:47,935 WARNING django.server "POST /login?next=%2Fqualityaudit HTTP/1.1" 403 2503
2026-09-07 18:07:48,138 WARNING django.security.csrf Forbidden (CSRF token from POST incorrect.): /login
2026-09-07 18:07:48,138 WARNING django.server "POST /login?next=%2Fqualityaudit HTTP/1.1" 403 2503
2026-09-07 18:07:48,285 WARNING django.security.csrf Forbidden (CSRF token from POST incorrect.): /login
2026-09-07 18:07:48,285 WARNING django.server "POST /login?next=%2Fqualityaudit HTTP/1.1" 403 2503
2026-09-07 18:09:07,692 WARNING django.security.csrf Forbidden (CSRF token from POST incorrect.): /login
2026-09-07 18:09:07,694 WARNING django.server "POST /login?next=%2Fqualityaudit HTTP/1.1" 403 2503
2026-09-07 18:26:40,341 ERROR quality.error_views 500 Internal Server Error on /search
Traceback (most recent call last):
  File "C:\Users\MdHaidar.Ali\AppData\Local\Programs\Python\Python311\Lib\site-packages\django\core\handlers\exception.py", line 55, in inner
    response = get_response(request)
               ^^^^^^^^^^^^^^^^^^^^^
  File "C:\Users\MdHaidar.Ali\AppData\Local\Programs\Python\Python311\Lib\site-packages\django\core\handlers\base.py", line 197, in _get_response
    response = wrapped_callback(request, *callback_args, **callback_kwargs)
               ^^^^^^^^^^^^^^^^^^^^^^^^^^^^^^^^^^^^^^^^^^^^^^^^^^^^^^^^^^^^
  File "C:\Users\MdHaidar.Ali\AppData\Local\Programs\Python\Python311\Lib\site-packages\django\views\generic\base.py", line 105, in view
    return self.dispatch(request, *args, **kwargs)
           ^^^^^^^^^^^^^^^^^^^^^^^^^^^^^^^^^^^^^^^
  File "C:\Users\MdHaidar.Ali\AppData\Local\Programs\Python\Python311\Lib\site-packages\django\views\generic\base.py", line 144, in dispatch
    return handler(request, *args, **kwargs)
           ^^^^^^^^^^^^^^^^^^^^^^^^^^^^^^^^^
  File "D:\Python Projects\New_SurveGenius\venv\qualityreview_new_api\quality\search\search.py", line 98, in get
    quality_auditor_id=request.user.user_employee.employee_id).values("project_name").annotate(Count('project_name'))
                       ^^^^^^^^^^^^^^^^^^^^^^^^^^
  File "C:\Users\MdHaidar.Ali\AppData\Local\Programs\Python\Python311\Lib\site-packages\django\utils\functional.py", line 253, in inner
    return func(_wrapped, *args)
           ^^^^^^^^^^^^^^^^^^^^^
AttributeError: 'AnonymousUser' object has no attribute 'user_employee'
2026-09-07 18:26:40,369 ERROR django.request Internal Server Error: /search
Traceback (most recent call last):
  File "C:\Users\MdHaidar.Ali\AppData\Local\Programs\Python\Python311\Lib\site-packages\django\core\handlers\exception.py", line 55, in inner
    response = get_response(request)
               ^^^^^^^^^^^^^^^^^^^^^
  File "C:\Users\MdHaidar.Ali\AppData\Local\Programs\Python\Python311\Lib\site-packages\django\core\handlers\base.py", line 197, in _get_response
    response = wrapped_callback(request, *callback_args, **callback_kwargs)
               ^^^^^^^^^^^^^^^^^^^^^^^^^^^^^^^^^^^^^^^^^^^^^^^^^^^^^^^^^^^^
  File "C:\Users\MdHaidar.Ali\AppData\Local\Programs\Python\Python311\Lib\site-packages\django\views\generic\base.py", line 105, in view
    return self.dispatch(request, *args, **kwargs)
           ^^^^^^^^^^^^^^^^^^^^^^^^^^^^^^^^^^^^^^^
  File "C:\Users\MdHaidar.Ali\AppData\Local\Programs\Python\Python311\Lib\site-packages\django\views\generic\base.py", line 144, in dispatch
    return handler(request, *args, **kwargs)
           ^^^^^^^^^^^^^^^^^^^^^^^^^^^^^^^^^
  File "D:\Python Projects\New_SurveGenius\venv\qualityreview_new_api\quality\search\search.py", line 98, in get
    quality_auditor_id=request.user.user_employee.employee_id).values("project_name").annotate(Count('project_name'))
                       ^^^^^^^^^^^^^^^^^^^^^^^^^^
  File "C:\Users\MdHaidar.Ali\AppData\Local\Programs\Python\Python311\Lib\site-packages\django\utils\functional.py", line 253, in inner
    return func(_wrapped, *args)
           ^^^^^^^^^^^^^^^^^^^^^
AttributeError: 'AnonymousUser' object has no attribute 'user_employee'
2026-09-07 18:39:28,773 WARNING django.server "GET /static/vendors/js/bootstrap.min.js.map HTTP/1.1" 404 1907
2026-09-07 18:39:28,776 WARNING django.server "GET /static/vendors/js/jquery.contextMenu.min.js.map HTTP/1.1" 404 1934
2026-09-07 18:39:28,898 WARNING django.server "GET /static/vendors/css/jquery.contextMenu.min.css.map HTTP/1.1" 404 1940
2026-09-07 18:39:29,829 WARNING django.request Not Found: /.well-known/appspecific/com.chrome.devtools.json
2026-09-07 18:39:29,830 WARNING django.server "GET /.well-known/appspecific/com.chrome.devtools.json HTTP/1.1" 404 7790
2026-09-07 18:39:33,360 WARNING django.server "GET /static/vendors/js/bootstrap.min.js.map HTTP/1.1" 404 1907
2026-09-07 18:39:33,411 WARNING django.server "GET /static/vendors/css/jquery.contextMenu.min.css.map HTTP/1.1" 404 1940
2026-09-07 18:39:33,605 WARNING django.server "GET /static/vendors/js/jquery.contextMenu.min.js.map HTTP/1.1" 404 1934
2026-09-07 18:39:34,557 WARNING django.request Not Found: /.well-known/appspecific/com.chrome.devtools.json
2026-09-07 18:39:34,557 WARNING django.server "GET /.well-known/appspecific/com.chrome.devtools.json HTTP/1.1" 404 7790
2026-09-07 18:59:22,554 WARNING django.server "GET /static/vendors/js/jquery.contextMenu.min.js.map HTTP/1.1" 404 1934
2026-09-07 18:59:22,554 WARNING django.server "GET /static/vendors/js/bootstrap.min.js.map HTTP/1.1" 404 1907
2026-09-07 18:59:22,609 WARNING django.server "GET /static/vendors/css/jquery.contextMenu.min.css.map HTTP/1.1" 404 1940
2026-09-07 18:59:23,452 WARNING django.request Not Found: /.well-known/appspecific/com.chrome.devtools.json
2026-09-07 18:59:23,452 WARNING django.server "GET /.well-known/appspecific/com.chrome.devtools.json HTTP/1.1" 404 7790
2026-09-07 18:59:27,934 WARNING django.server "GET /static/vendors/js/bootstrap.min.js.map HTTP/1.1" 404 1907
2026-09-07 18:59:27,946 WARNING django.server "GET /static/vendors/css/jquery.contextMenu.min.css.map HTTP/1.1" 404 1940
2026-09-07 18:59:28,145 WARNING django.server "GET /static/vendors/js/jquery.contextMenu.min.js.map HTTP/1.1" 404 1934
2026-09-07 18:59:28,969 WARNING django.request Not Found: /.well-known/appspecific/com.chrome.devtools.json
2026-09-07 18:59:28,969 WARNING django.server "GET /.well-known/appspecific/com.chrome.devtools.json HTTP/1.1" 404 7790
2026-09-07 18:59:32,041 WARNING django.server "GET /static/vendors/js/bootstrap.min.js.map HTTP/1.1" 404 1907
2026-09-07 18:59:32,071 WARNING django.server "GET /static/vendors/css/jquery.contextMenu.min.css.map HTTP/1.1" 404 1940
2026-09-07 18:59:32,253 WARNING django.server "GET /static/vendors/js/jquery.contextMenu.min.js.map HTTP/1.1" 404 1934
2026-09-07 18:59:33,090 WARNING django.request Not Found: /.well-known/appspecific/com.chrome.devtools.json
2026-09-07 18:59:33,090 WARNING django.server "GET /.well-known/appspecific/com.chrome.devtools.json HTTP/1.1" 404 7790
2026-09-07 18:59:35,398 WARNING django.server "GET /static/vendors/js/bootstrap.min.js.map HTTP/1.1" 404 1907
2026-09-07 18:59:35,446 WARNING django.server "GET /static/vendors/css/jquery.contextMenu.min.css.map HTTP/1.1" 404 1940
2026-09-07 18:59:35,632 WARNING django.server "GET /static/vendors/js/jquery.contextMenu.min.js.map HTTP/1.1" 404 1934
2026-09-07 18:59:36,455 WARNING django.request Not Found: /.well-known/appspecific/com.chrome.devtools.json
2026-09-07 18:59:36,455 WARNING django.server "GET /.well-known/appspecific/com.chrome.devtools.json HTTP/1.1" 404 7790
2026-09-07 19:00:02,223 WARNING django.server "GET /static/vendors/js/bootstrap.min.js.map HTTP/1.1" 404 1907
2026-09-07 19:00:02,286 WARNING django.server "GET /static/vendors/css/jquery.contextMenu.min.css.map HTTP/1.1" 404 1940
2026-09-07 19:00:02,480 WARNING django.server "GET /static/vendors/js/jquery.contextMenu.min.js.map HTTP/1.1" 404 1934
2026-09-07 19:00:03,302 WARNING django.request Not Found: /.well-known/appspecific/com.chrome.devtools.json
2026-09-07 19:00:03,302 WARNING django.server "GET /.well-known/appspecific/com.chrome.devtools.json HTTP/1.1" 404 7790
2026-09-08 12:06:36,959 WARNING django.request Not Found: /favicon.ico
2026-09-08 12:06:36,965 WARNING django.server "GET /favicon.ico HTTP/1.1" 404 7679
2026-09-08 16:34:24,764 DEBUG tzlocal Looking up time zone info from registry
2026-09-08 16:35:11,298 WARNING django.request Not Found: /favicon.ico
2026-09-08 16:35:11,298 WARNING django.server "GET /favicon.ico HTTP/1.1" 404 7679
2026-09-08 20:28:40,223 WARNING django.request Not Found: /favicon.ico
2026-09-08 20:28:40,242 WARNING django.server "GET /favicon.ico HTTP/1.1" 404 7679
2026-09-09 12:14:45,580 WARNING django.request Not Found: /favicon.ico
2026-09-09 12:14:45,583 WARNING django.server "GET /favicon.ico HTTP/1.1" 404 7679
2026-09-13 09:45:31,535 WARNING django.request Not Found: /favicon.ico
2026-09-13 09:45:31,537 WARNING django.server "GET /favicon.ico HTTP/1.1" 404 7679
2026-09-13 09:57:33,416 WARNING django.server "GET /static/vendors/js/bootstrap.min.js.map HTTP/1.1" 404 1907
2026-09-13 09:57:33,416 WARNING django.server "GET /static/vendors/js/jquery.contextMenu.min.js.map HTTP/1.1" 404 1934
2026-09-13 09:57:33,522 WARNING django.server "GET /static/vendors/css/jquery.contextMenu.min.css.map HTTP/1.1" 404 1940
2026-09-13 09:57:34,339 WARNING django.request Not Found: /.well-known/appspecific/com.chrome.devtools.json
2026-09-13 09:57:34,340 WARNING django.server "GET /.well-known/appspecific/com.chrome.devtools.json HTTP/1.1" 404 7790
2026-09-13 09:57:43,343 WARNING django.server "GET /static/vendors/css/jquery.contextMenu.min.css.map HTTP/1.1" 404 1940
2026-09-13 09:57:43,349 WARNING django.server "GET /static/vendors/js/bootstrap.min.js.map HTTP/1.1" 404 1907
2026-09-13 09:57:43,526 WARNING django.server "GET /static/vendors/js/jquery.contextMenu.min.js.map HTTP/1.1" 404 1934
2026-09-13 09:57:44,403 WARNING django.request Not Found: /.well-known/appspecific/com.chrome.devtools.json
2026-09-13 09:57:44,405 WARNING django.server "GET /.well-known/appspecific/com.chrome.devtools.json HTTP/1.1" 404 7790
2026-09-13 09:59:03,484 WARNING django.server "GET /static/vendors/css/jquery.contextMenu.min.css.map HTTP/1.1" 404 1940
2026-09-13 09:59:03,493 WARNING django.server "GET /static/vendors/js/bootstrap.min.js.map HTTP/1.1" 404 1907
2026-09-13 09:59:03,787 WARNING django.server "GET /static/vendors/js/jquery.contextMenu.min.js.map HTTP/1.1" 404 1934
2026-09-13 09:59:04,558 WARNING django.request Not Found: /.well-known/appspecific/com.chrome.devtools.json
2026-09-13 09:59:04,559 WARNING django.server "GET /.well-known/appspecific/com.chrome.devtools.json HTTP/1.1" 404 7790
